task_id,choice,raw_output
1,B,B
2,A,Option A would be a more cost-effective choice for a one-night
3,B,B
4,B,B
5,B,B
6,B,B
7,B,B
8,B,B
9,B,B
10,B,B
11,B,Option B would be a better choice for those seeking more amenities and a higher
12,B,Option B would be a better choice for those who value amenities and are willing
13,B,B
14,B,B
15,A,Option A would be a more cost-effective choice for a one-night
16,B,Option B would be a better choice for most travelers due to its higher star
17,B,B
18,B,B
19,B,B
20,B,B
21,A,"Option A would be a better choice for those looking to save money, as it"
22,B,B
23,B,B
24,B,B
25,B,B
26,A,Option A would be a more cost-effective choice for a one-night
27,A,Option A would be a more suitable choice for most travelers due to its afford
28,B,B
29,B,"Option B would be a better choice due to its higher star rating, free can"
30,A,Option A would be a more cost-effective choice for a one-night
31,A,Option A would be a more cost-effective choice for a one-night
32,A,Option A would be a more cost-effective choice for a one-night
33,B,B
34,B,"Option B would be a better choice due to its higher star rating, more amen"
35,A,"Option A would be a better choice if budget is a primary concern, as it"
36,B,B
37,A,Option A would be a more cost-effective choice for a one-night
38,B,B
39,B,B
40,B,B
41,B,Option B would be a better choice due to its higher guest review score and additional
42,B,"Option B would be a better choice due to its higher guest review score, more"
43,B,B
44,B,Option B would be a better choice due to its higher guest review score and additional
45,B,B
46,B,B
47,B,B
48,B,B
49,A,Option A would be a better choice for most travelers due to its lower price
50,A,Option A would be a better choice for most travelers due to its lower price
51,A,Option A would be a better choice for most travelers due to its lower price
52,A,Option A
53,B,B
54,B,B
55,B,B
56,B,B
57,B,B
58,B,B
59,B,B
60,B,B
61,A,"Option A would be a more cost-effective choice, especially if budget is"
62,B,B
63,A,Option A
64,A,Option A would be a more cost-effective choice for a one-night
65,B,Option B would be a better choice for most travelers due to its higher star
66,B,"Option B would be a better choice due to its higher guest review score, more"
67,B,B
68,A,"Option A would be a more cost-effective choice, especially if breakfast is"
69,B,Option B would be a better choice for most travelers due to its higher star
70,B,"Option B would be a better choice for those who prioritize comfort, amen"
71,B,"Option B would be a better choice for those who prioritize comfort, amen"
72,A,Option A would be a more suitable choice for most travelers due to its afford
73,B,Option B would be a better choice for most travelers due to its higher star
74,A,Option A would be a more suitable choice for most travelers due to its significantly
75,A,Option A would be a more suitable choice for most travelers due to its significantly
76,B,B
77,B,Option B would be a better choice for most travelers due to its higher star
78,B,"Option B would be a better choice for those who prioritize comfort, amen"
79,B,B
80,B,B
81,B,"Option B would be a better choice if budget is not an issue, as it"
82,B,Option B would be a better choice for those seeking luxury and amenities despite
83,B,B
84,B,B
85,A,Option A
86,A,Option A
87,B,B
88,A,Option A
89,B,B
90,B,B
91,B,B
92,B,B
93,B,B
94,B,B
95,A,Option A would be a more cost-effective choice for a one-night
96,B,B
97,B,Option B would be a better choice for most travelers due to its higher guest
98,B,B
99,B,B
100,B,B
101,B,"Option B would be a better choice considering it has higher guest review score, offers"
102,B,B
103,B,"Option B would be a better choice due to its higher guest review score, free"
104,B,"Option B would be a better choice considering it has higher guest review score, offers"
105,A,Option A
106,B,B
107,A,"Option A would be a more cost-effective choice, but Option B offers"
108,B,B
109,A,Option A would be a better choice due to its lower price and higher guest review
110,A,Option A would be a better choice due to its lower price and higher guest review
111,A,Option A would be a better choice due to its higher guest review score and free
112,A,Option A would be a better choice for most travelers due to its lower price
113,A,Option A
114,B,Option B would be a better choice due to its higher guest review score and additional
115,B,B
116,A,Option A
117,B,B
118,A,"Option A would be a more cost-effective choice, as it is significantly"
119,B,"Based on the information provided, I would recommend choosing Option B (AC Hotel"
120,B,"Option B would be a better choice due to its higher star rating, more amen"
121,B,B
122,B,"Option B would be a better choice due to its higher star rating, more amen"
123,A,"Option A would be a more cost-effective choice, as it is significantly"
124,A,Option A would be a more cost-effective choice for a one-night
125,A,Option A would be a more cost-effective choice for a one-night
126,A,Option A would be a better choice for most travelers due to its lower price
127,A,"Option A would be a more cost-effective choice, as it offers similar"
128,B,"Option B would be a better choice due to its higher star rating, more amen"
129,A,Option A would be a more suitable choice for most travelers due to its significantly
130,B,B
131,A,Option A would be a more cost-effective choice for a one-night
132,B,B
133,B,"I would recommend choosing Option B, Hampton Inn Manhattan Times Square Central."
134,B,B
135,B,B
136,B,B
137,B,B
138,A,Option A
139,A,Option A
140,A,Option A
141,B,B
142,A,Option A
143,B,B
144,B,B
145,B,B
146,B,B
147,B,B
148,A,Option A
149,B,B
150,B,B
151,B,B
152,A,Option A would be a more cost-effective choice for a one-night
153,B,B
154,B,"Option B would be a better choice as it offers more value for money, considering"
155,B,"Option B would be a better choice as it offers free cancellation, includes breakfast"
156,A,"I would recommend choosing Option A, Hotel MOXY NYC Times Square. Although"
157,A,Option A would be a better choice for most travelers due to its lower price
158,A,Option A would be a better choice for those who are looking to save money and
159,B,"Based on the information provided, Option B seems to be a better choice as"
160,A,Option A is more suitable for a one-night stay in New York City due
161,B,B
162,B,B
163,B,B
164,B,B
165,A,Option A
166,A,Option A would be a better choice for your one-night stay in New York
167,A,Option A would be a better choice if you prioritize location and guest review
168,A,Option A would be a better choice for those who prioritize location and guest
169,A,Option A
170,A,Option A
171,A,A
172,B,B
173,A,Option A would be a better choice for most travelers due to its lower price
174,A,Option A would be a better choice for most travelers due to its lower price
175,A,Option A would be a better choice for most travelers due to its lower price
176,A,"I would recommend choosing Option A, Hotel Moxy NYC Downtown"
177,A,Option A would be a more cost-effective choice for a one-night
178,B,B
179,A,Option A
180,A,Option A
181,A,Option A
182,A,Option A would be a more suitable choice for most travelers due to its lower
183,A,Option A would be a more cost-effective choice for a one-night
184,B,B
185,A,Option A
186,A,Option A would be a better choice for most travelers due to its lower price
187,A,Option A would be a better choice for most travelers due to its lower price
188,A,Option A would be a better choice for most travelers due to its significantly lower
189,A,Option A
190,A,Option A
191,A,Option A would be a better choice for most travelers due to its lower price
192,B,B
193,B,"Based on the information provided, I would recommend Option B - The Wall Street"
194,A,Option A would be a more suitable choice for most travelers due to its lower
195,B,"Based on the information provided, I would recommend Option B - The Wall Street"
196,A,"I would recommend choosing Option A, Hotel Moxy NYC Lower East Side"
197,A,Option A would be a more suitable choice for most travelers due to its lower
198,B,Option B would be a better choice for those seeking higher quality accommodations and amen
199,B,B
200,B,B
201,A,Option A would be a better choice for most travelers due to its lower price
202,B,B
203,A,Option A
204,A,Option A would be a better choice for most travelers due to its lower price
205,B,Option B would be a better choice due to its higher guest review score and free
206,A,Option A
207,A,Option A
208,A,"Option A would be a more cost-effective choice, as it is significantly"
209,A,Option A
210,A,Option A
211,A,Option A
212,A,Option A
213,A,Option A
214,A,Option A would be a better choice for most travelers due to its lower price
215,B,B
216,A,Option A would be a better choice for most travelers due to its lower price
217,A,Option A
218,A,Option A would be a better choice for most travelers due to its lower price
219,A,Option A would be a better choice for most travelers due to its lower price
220,A,Option A
221,A,Option A would be a better choice for most travelers due to its lower price
222,A,Option A would be a better choice if you prefer to stay in the East Village
223,B,"Based on the information provided, I would recommend choosing Option B - Wynd"
224,A,Option A
225,B,B
226,A,Option A
227,A,Option A
228,A,"Option A would be a better choice if free cancellation is important to you,"
229,A,Option A
230,A,Option A
231,A,Option A
232,B,B
233,A,Option A would be a more suitable choice for most travelers due to its lower
234,A,Option A would be a more suitable choice for most travelers due to its lower
235,B,"Based on the information provided, I would recommend Option B - Baccarat"
236,A,Option A would be a more suitable choice for most travelers due to its afford
237,B,"Based on the information provided, I would recommend Option B - Holiday Inn"
238,A,Option A would be a better choice for most travelers due to its higher guest
239,A,Option A would be a better choice due to its higher guest review score and additional
240,A,Option A would be a better choice for most travelers due to its higher guest
241,A,Option A would be a more cost-effective choice for a one-night
242,A,Option A would be a more cost-effective choice for a one-night
243,A,Option A would be a more suitable choice for most travelers due to its lower
244,B,B
245,A,Option A would be a more suitable choice for most travelers due to its afford
246,B,B
247,A,"Option A would be a more suitable choice if budget is a concern, as it"
248,B,B
249,B,B
250,B,B
251,B,"Option B would be a better choice if budget is not an issue, as it"
252,A,Option A would be a more cost-effective choice for a one-night
253,A,Option A would be a better choice for most travelers due to its central location
254,B,B
255,A,Option A
256,A,A
257,B,B
258,B,B
259,B,B
260,B,B
261,A,Option A
262,B,"Based on the information provided, I would recommend Option B - Hampton Inn"
263,B,"Based on the information provided, I would recommend Option B - Hampton Inn"
264,A,Option A would be a better choice for most travelers due to its lower price
265,B,"Based on the information provided, I would recommend Option B - Sheraton Brook"
266,A,Option A would be a more cost-effective choice for a one-night
267,A,Option A would be a more suitable choice for most travelers due to its central
268,A,Option A would be a more cost-effective choice for a one-night
269,A,"Option A seems to offer more value for money, considering it includes breakfast and has"
270,A,Option A would be a better choice for most travelers due to its location in
271,A,Option A
272,A,Option A would be a better choice for most travelers due to its lower price
273,B,Option B would be a better choice due to its higher guest review score and additional
274,B,"Based on the information provided, I would recommend Option B - 1 Hotel"
275,A,Option A would be a more suitable choice for most travelers due to its afford
276,B,Option B would be a better choice due to its higher guest review score and additional
277,A,Option A would be a more suitable choice for most travelers due to its afford
278,A,Option A would be a more suitable choice for most travelers due to its significantly
279,A,Option A would be a more suitable choice for most travelers due to its significantly
280,A,Option A would be a more suitable choice for most travelers due to its afford
281,A,Option A would be a better choice for most travelers due to its higher guest
282,A,Option A would be a better choice for most travelers due to its higher guest
283,A,Option A would be a better choice for most travelers due to its lower price
284,A,Option A would be a better choice for most travelers due to its higher guest
285,A,Option A would be a more suitable choice for most travelers due to its lower
286,A,Option A would be a better choice for most travelers due to its lower price
287,A,Option A would be a more suitable choice for most travelers due to its lower
288,A,Option A would be a more cost-effective choice for a one-night
289,A,Option A
290,A,Option A
291,A,Option A
292,A,Option A would be a better choice for most travelers due to its lower price
293,B,B
294,B,B
295,B,B
296,B,B
297,A,Option A would be a more suitable choice for most travelers due to its lower
298,A,Option A would be a more cost-effective choice for a one-night
299,B,Option B would be a better choice due to its higher guest review score and additional
300,B,Option B would be a better choice due to its higher guest review score and additional
301,A,"Option A would be a more cost-effective choice, but Option B offers"
302,B,B
303,A,Option A would be a more suitable choice for most travelers due to its lower
304,A,"Option A would be a more cost-effective choice, but Option B offers"
305,B,Option B would be a better choice for those who value higher guest review scores and
306,B,Option B would be a better choice considering its higher guest review score and additional amen
307,A,Option A would be a more cost-effective choice for a one-night
308,B,B
309,A,Option A would be a better choice for most travelers due to its lower price
310,A,Option A would be a better choice for most travelers due to its lower price
311,A,Option A is more suitable for a one-night stay in New York City due
312,A,Option A would be a better choice for most travelers due to its lower price
313,A,Option A would be a better choice for most travelers due to its lower price
314,A,Option A would be a more cost-effective choice for a one-night
315,A,Option A would be a better choice for most travelers due to its lower price
316,A,"Option A would be a better choice for those looking to save money, as it"
317,A,Option A
318,A,Option A would be a better choice for most travelers due to its lower price
319,B,B
320,A,Option A would be a more cost-effective choice for a one-night
321,A,Option A
322,A,Option A would be a more cost-effective choice for a one-night
323,A,Option A
324,A,Option A
325,A,Option A would be a more suitable choice for most travelers due to its afford
326,A,Option A would be a more cost-effective choice for a one-night
327,B,B
328,A,Option A would be a more cost-effective choice for a one-night
329,B,"Based on the information provided, I would recommend Option B - Kimpton Muse"
330,A,Option A
331,A,Option A
332,B,"Based on the information provided, I would recommend choosing Option B - Kimpton"
333,A,Option A
334,B,B
335,A,Option A
336,A,Option A
337,A,Option A would be a better choice for most travelers due to its higher guest
338,A,Option A would be a better choice for most travelers due to its lower price
339,A,Option A would be a better choice for most travelers due to its lower price
340,A,Option A would be a better choice for most travelers due to its lower price
341,B,B
342,A,Option A
343,A,Option A
344,A,Option A would be a more cost-effective choice for a one-night
345,A,"Option A would be a more cost-effective choice, but Option B offers"
346,B,"Option B would be a better choice due to its higher star rating, more amen"
347,B,"Option B would be a better choice due to its higher star rating, more amen"
348,B,B
349,A,Option A
350,B,"Based on guest review scores and neighborhood, I would recommend Option B - Hotel"
351,A,Option A
352,B,Option B would be a better choice due to its higher star rating and additional amen
353,A,Option A would be a more cost-effective choice for a one-night
354,A,Option A would be a more cost-effective choice for a one-night
355,B,Option B would be a better choice due to its higher star rating and additional amen
356,A,Option A would be a more cost-effective choice for a one-night
357,B,"Based on the information provided, I would recommend Option B - Ace Hotel"
358,A,Option A
359,B,B
360,A,Option A
361,A,Option A would be a better choice if you prefer to have breakfast included and free
362,B,"Option B would be a better choice due to its higher star rating, free can"
363,A,Option A would be a better choice for those who prioritize free breakfast and
364,B,B
365,A,Option A would be a better choice for your one-night stay in New York
366,A,Option A would be a better choice if you prefer to stay in Midtown Manh
367,A,Option A
368,B,B
369,A,Option A would be a better choice for most travelers due to its higher star
370,A,A
371,A,A
372,A,Option A would be a better choice for most travelers due to its higher star
373,B,B
374,B,"Based on guest review scores, neighborhood location and key amenities offered, I"
375,B,B
376,B,B
377,A,"Option A would be a more cost-effective choice, especially if budget is"
378,B,"Based on the information provided, I would recommend Option B - Casablan"
379,B,"Based on the information provided, I would recommend choosing Option B - Casab"
380,B,B
381,B,B
382,B,B
383,B,B
384,A,Option A
385,A,Option A would be a more suitable choice for most travelers due to its afford
386,A,Option A would be a more suitable choice for most travelers due to its afford
387,A,Option A would be a more suitable choice for most travelers due to its afford
388,A,Option A would be a more suitable choice for most travelers due to its afford
389,A,Option A would be a more cost-effective choice for a one-night
390,A,Option A would be a more suitable choice for most travelers due to its afford
391,B,"Option B would be a better choice if budget is not an issue, as it"
392,A,Option A would be a more suitable choice for most travelers due to its afford
393,A,Option A would be a better choice if breakfast is important to you and you prefer
394,A,Option A
395,A,A
396,A,Option A would be a better choice for most travelers due to its higher guest
397,A,Option A would be a better choice for most travelers due to its higher guest
398,A,Option A would be a better choice for most travelers due to its higher guest
399,A,Option A would be a better choice for most travelers due to its higher guest
400,A,A
401,A,Option A would be a better choice if you prioritize location and breakfast included
402,A,Option A would be a better choice for most travelers due to its central location
403,A,Option A would be a better choice if proximity to Times Square is important for
404,A,Option A would be a better choice for most travelers due to its central location
405,A,"Option A would be a more cost-effective choice, especially if budget is"
406,A,Option A would be a more suitable choice for most travelers due to its lower
407,B,B
408,A,Option A would be a more cost-effective choice for a one-night
409,A,Option A
410,A,Option A
411,A,Option A
412,A,Option A
413,B,"Based on the information provided, I would recommend choosing Option B - EV"
414,A,"Option A would be a better choice if breakfast is important to you, as it"
415,B,B
416,A,Option A
417,B,Option B would be a better choice if budget is not an issue as it offers
418,A,Option A would be a more suitable choice for most travelers due to its afford
419,B,"Based on the information provided, I would recommend choosing Option B - Park Hy"
420,B,B
421,A,Option A
422,A,Option A would be a better choice if you prioritize location and guest review
423,B,"Based on the information provided, I would recommend Option B - Best Western Plus"
424,A,Option A would be a better choice due to its higher guest review score and location
425,A,"Option A would be a more cost-effective choice, but Option B offers"
426,B,B
427,B,B
428,A,Option A would be a more suitable choice for most travelers due to its lower
429,A,Option A
430,A,"Option A would be a more cost-effective choice, offering free cancellation"
431,A,"Option A would be a more cost-effective choice, but Option B offers"
432,A,"Option A would be a more cost-effective choice, offering free breakfast and"
433,B,B
434,B,B
435,B,Option B would be a better choice for most travelers due to its higher guest
436,A,Option A
437,B,B
438,A,Option A
439,A,Option A would be a better choice for most travelers due to its lower price
440,A,Option A
441,A,Option A would be a more cost-effective choice for a one-night
442,A,"Option A would be a better choice if budget is a concern, as it'"
443,A,Option A would be a better choice for most travelers due to its lower price
444,A,Option A
445,A,Option A would be a better choice for those who prioritize lower cost and
446,A,"Option A would be a better choice for those looking to save money, as it"
447,A,"Option A would be a better choice if budget is a concern, as it'"
448,B,"Based on the information provided, I would recommend Option B - Residence Inn"
449,A,Option A
450,A,Option A
451,A,Option A
452,B,B
453,B,B
454,B,B
455,B,B
456,B,B
457,A,Option A would be a better choice for those looking to save money and still enjoy
458,B,B
459,A,A
460,A,"Option A would be a more cost-effective choice, offering similar guest review"
461,B,B
462,A,Option A would be a better choice if breakfast is important to you and you prefer
463,B,B
464,B,B
465,A,Option A would be a better choice for most travelers due to its lower price
466,A,Option A
467,A,"Option A would be a better choice due to its higher guest review score, included"
468,A,Option A would be a better choice if breakfast is important to you and you don
469,B,B
470,A,Option A would be a more suitable choice for most travelers due to its afford
471,A,Option A would be a more suitable choice for most travelers due to its afford
472,A,Option A would be a more cost-effective choice for a one-night
473,A,A
474,A,"Based on the information provided, I would recommend Option A (Hyatt House"
475,A,"Based on the information provided, I would recommend Option A - Hyatt House"
476,A,Option A
477,A,Option A would be a more suitable choice for most travelers due to its lower
478,A,"Option A would be a more cost-effective choice, especially if breakfast is"
479,A,Option A would be a more cost-effective choice for a one-night
480,B,B
481,A,Option A
482,A,Option A
483,B,B
484,B,B
485,B,B
486,A,Option A
487,B,B
488,A,Option A
489,A,Option A
490,A,Option A would be a better choice for most travelers due to its lower price
491,A,Option A
492,B,B
493,A,Option A
494,A,Option A
495,A,Option A
496,A,Option A
497,A,Option A
498,A,Option A would be a more suitable choice for most travelers due to its lower
499,A,Option A
500,A,Option A would be a more cost-effective choice for a one-night
501,A,A
502,A,Option A would be a better choice for those who prioritize location and guest
503,B,B
504,B,B
505,A,Option A
506,A,Option A
507,B,"Based on the information provided, I would recommend Option B - CIVI"
508,A,Option A would be a better choice for those looking to save money and stay in
509,A,Option A would be a more suitable choice for most travelers due to its lower
510,A,Option A would be a more suitable choice for most travelers due to its afford
511,A,Option A
512,A,Option A
513,B,B
514,A,Option A would be a more suitable choice for most travelers due to its lower
515,A,Option A would be a more suitable choice for most travelers due to its afford
516,A,Option A would be a more suitable choice for most travelers due to its afford
517,A,Option A
518,A,Option A
519,A,Option A would be a more cost-effective choice for a one-night
520,A,Option A
521,A,Option A
522,A,Option A
523,A,Option A
524,A,"Option A would be a better choice due to its higher guest review score, lower"
525,B,B
526,A,Option A would be a better choice for most travelers due to its free can
527,A,Option A would be a better choice for most travelers due to its lower price
528,B,"Based on guest review scores and price, I would recommend Option B - Cas"
529,B,"Based on guest review scores and price, I would recommend Option B - AC"
530,A,Option A would be a better choice for most travelers due to its higher guest
531,B,"Based on guest review scores and neighborhood, I would recommend Option B - AC"
532,B,"Based on the information provided, I would recommend Option B - AC Hotel New"
533,A,Option A would be a better choice for most travelers due to its higher star
534,B,B
535,B,B
536,B,B
537,A,Option A would be a better choice if you prioritize location and higher guest
538,A,Option A would be a better choice if you prioritize location and room size
539,B,"Based on the information provided, I would recommend Option B - Best Western Plus"
540,A,Option A would be a better choice if you prioritize location and room type
541,A,"Option A would be a better choice for most travelers, as it offers free"
542,A,Option A would be a better choice for most travelers due to its lower price
543,A,Option A would be a more cost-effective choice for a one-night
544,A,"Option A is more suitable for a one-night stay in New York City,"
545,B,"Based on the information provided, I would recommend choosing Option B - Bryant"
546,A,Option A would be a better choice for most travelers due to its lower price
547,A,A
548,B,"Based on the information provided, I would recommend Option B - Bryant Park"
549,B,"Based on guest review scores and key amenities, I would recommend Option B"
550,A,Option A would be a more suitable choice for most travelers due to its lower
551,A,Option A would be a better choice for most travelers due to its lower price
552,A,Option A would be a more cost-effective choice for a one-night
553,A,Option A would be a better choice if your priority is location and guest review score
554,A,"Option A is a better choice due to its higher guest review score, lower price"
555,A,Option A would be a better choice due to its higher guest review score and location
556,A,Option A would be a better choice if you prioritize location and guest review
557,A,Option A
558,A,Option A
559,A,Option A
560,A,Option A would be a better choice for most travelers due to its higher guest
561,A,Option A
562,A,Option A would be a better choice due to its higher guest review score and location
563,A,Option A
564,A,Option A would be a better choice if you prefer to stay in Midtown and
565,A,"Option A would be a better choice due to its higher guest review score, more"
566,A,Option A
567,B,B
568,A,Option A would be a better choice for your one-night stay in New York
569,A,Option A would be a better choice due to its higher guest review score and lower
570,A,Option A
571,A,Option A is a better choice due to its higher guest review score and lower price
572,A,Option A would be a better choice due to its higher guest review score and location
573,A,Option A would be a better choice due to its higher guest review score and lower
574,A,Option A would be a better choice for those who prioritize higher guest review
575,A,Option A would be a better choice due to its higher guest review score and star
576,A,A
577,A,A
578,A,A
579,A,"Option A would be a better choice for your stay in New York City, considering"
580,A,A
581,A,Option A
582,A,Option A would be a more cost-effective choice for a one-night
583,A,Option A would be a more cost-effective choice for a one-night
584,A,Option A
585,A,Option A
586,A,Option A
587,B,B
588,B,B
589,B,"Option B would be a better choice if budget is not an issue, as it"
590,B,B
591,B,B
592,B,B
593,A,Option A would be a more suitable choice for most travelers due to its lower
594,A,Option A would be a more suitable choice for most travelers due to its lower
595,A,Option A
596,A,"Option A would be a more cost-effective choice, especially if budget is"
597,A,"Based on the information provided, I would recommend Option A - Hotel Le So"
598,B,B
599,A,"Based on the information provided, I would recommend Option A - Hotel Executive Hotel"
600,A,Option A would be a better choice for those who prioritize location and guest
601,A,Option A would be a more cost-effective choice for a one-night
602,A,Option A would be a more cost-effective choice for a one-night
603,A,Option A would be a more suitable choice for most travelers due to its lower
604,A,Option A would be a better choice for most travelers due to its higher guest
605,A,Option A would be a better choice if you prioritize location and guest review
606,A,Option A
607,A,Option A
608,A,"Option A would be a better choice due to its higher guest review score, lower"
609,A,"Option A would be a better choice due to its higher guest review score, lower"
610,A,Option A would be a better choice for those who prioritize location and guest
611,A,A
612,A,Option A
613,A,A
614,B,B
615,B,B
616,B,B
617,A,Option A would be a more cost-effective choice for a one-night
618,B,B
619,A,Option A would be a more suitable choice for most travelers due to its lower
620,A,Option A would be a more cost-effective choice for a one-night
621,A,Option A
622,A,Option A would be a better choice for most travelers due to its higher star
623,B,B
624,A,Option A would be a better choice if you prefer to stay in the Lower East
625,B,B
626,A,Option A would be a better choice for those who prioritize location and free
627,A,Option A would be a better choice for those who prioritize location and amen
628,A,Option A would be a better choice for most travelers due to its higher star
629,A,"Option A would be a better choice due to its higher guest review score, free"
630,A,Option A would be a better choice for most travelers due to its higher guest
631,A,"Option A would be a better choice due to its higher guest review score, free"
632,A,Option A would be a better choice due to its higher guest review score and more
633,B,B
634,A,Option A would be a better choice if you prioritize location and guest review
635,A,"Option A would be a better choice if free cancellation is important to you,"
636,A,Option A
637,A,Option A would be a better choice for those who prioritize location and guest
638,A,Option A would be a better choice for most travelers due to its prime location
639,A,Option A would be a better choice if you prioritize location and guest review
640,A,Option A would be a better choice for those who prefer to stay in Times Square
641,A,Option A would be a better choice for most travelers due to its prime location
642,A,Option A
643,A,Option A would be a better choice for most travelers due to its central location
644,A,Option A would be a better choice for your one-night stay in New York
645,A,Option A would be a better choice if you prefer to stay in Times Square and
646,A,Option A would be a better choice if you prioritize location and guest review
647,A,Option A would be a better choice if you prioritize location and guest review
648,A,Option A would be a better choice if you prioritize location and guest review
649,A,"I would recommend choosing Option A, LUMA Hotel Times Square. It has"
650,A,Option A
651,B,"Based on the information provided, I would recommend Option B - Walker Hotel Trib"
652,A,Option A
653,A,Option A would be a better choice if location and neighborhood are important factors for your
654,A,Option A would be a better choice for most travelers due to its higher star
655,A,Option A would be a better choice if you prioritize location and guest review
656,B,"Based on the information provided, I would recommend Option B - Even Hotel Brook"
657,A,Option A would be a more cost-effective choice for a one-night
658,B,"Based on the information provided, I would recommend Option B - Andaz"
659,A,"Option A would be a more cost-effective choice, as it is significantly"
660,A,"Option A would be a more cost-effective choice, but Option B offers"
661,B,"Based on the information provided, I would recommend Option B - Crosby"
662,A,Option A would be a more cost-effective choice for a one-night
663,B,"Based on the information provided, I would recommend Option B - Crosby"
664,A,Option A would be a more suitable choice for most travelers due to its lower
665,A,Option A would be a better choice if your priority is location and guest review score
666,B,"Based on the information provided, I would recommend Option B - Hampton Inn"
667,B,"Based on the information provided, I would recommend Option B - Hampton Inn"
668,B,"Based on the information provided, I would recommend Option B - Hampton Inn"
669,B,"Based on the information provided, I would recommend Option B - Hampton Inn"
670,B,"Based on the information provided, I would recommend Option B - Hampton Inn"
671,B,"Based on the information provided, I would recommend Option B - Hampton Inn"
672,B,"Based on the information provided, I would recommend Option B - Hampton Inn"
673,B,"Based on the information provided, I would recommend Option B - Hilton Garden"
674,A,"Option A would be a better choice for those who prefer a higher star rating,"
675,A,Option A would be a better choice if you prioritize location and guest review
676,A,Option A would be a better choice for most travelers due to its higher guest
677,A,Option A
678,A,Option A
679,A,Option A would be a better choice for those who prioritize location and guest
680,A,Option A
681,B,"Based on the information provided, I would recommend Option B - Fairfield Inn"
682,B,"Based on the information provided, I would recommend Option B - Fairfield Inn"
683,A,Option A would be a better choice if your priority is location and guest review score
684,A,Option A would be a better choice if your priority is location and guest review score
685,B,"Based on the information provided, I would recommend Option B - The St."
686,B,"Based on the information provided, I would recommend Option B - The St."
687,B,"Based on the information provided, I would recommend Option B - The St."
688,A,Option A would be a more suitable choice for most travelers due to its lower
689,B,Option B would be a better choice for most travelers due to its higher star
690,A,Option A would be a more cost-effective choice for a one-night
691,A,Option A would be a better choice for those who prioritize free cancellation
692,B,Option B would be a better choice if you are looking for more amenities and
693,A,Option A would be a better choice if you prioritize location and breakfast included
694,A,"Option A would be a better choice for several reasons. First, it has a"
695,B,B
696,A,Option A
697,A,"Based on the information provided, I would recommend Option A - NobleD"
698,A,"Based on the information provided, I would recommend Option A (NobleD"
699,A,"Based on the information provided, I would recommend Option A - NobleD"
700,A,Option A would be a better choice for those who prioritize location and guest
701,B,Option B would be a better choice for those who value amenities and are willing
702,A,Option A would be a more suitable choice for most travelers due to its afford
703,A,Option A would be a more cost-effective choice for a one-night
704,B,B
705,A,A
706,A,Option A
707,A,Option A
708,A,"Option A would be a better choice due to its higher guest review score, more"
709,A,"Option A would be a better choice if your priority is location and breakfast included,"
710,A,Option A would be a better choice if you prioritize location and guest review
711,A,Option A
712,A,A
713,A,Option A seems to be a better choice due to its higher guest review score and
714,A,Option A
715,B,B
716,A,Option A
717,B,B
718,A,Option A would be a better choice for most travelers due to its lower price
719,A,Option A would be a better choice for most travelers due to its lower price
720,B,B
721,B,"Option B would be a better choice for those who prioritize star rating,"
722,B,"Option B would be a better choice if budget is not an issue, as it"
723,B,B
724,B,B
725,A,Option A
726,A,Option A
727,A,Option A would be a better choice if you prefer to stay in a King Room
728,B,B
729,A,Option A would be a better choice for those who prioritize location and guest
730,B,"Based on the information provided, I would recommend Option B - Moxy"
731,A,"Based on the information provided, I would recommend Option A - Hard Rock Hotel"
732,A,Option A would be a better choice for those who prioritize location and guest
733,A,Option A would be a better choice for those who value breakfast and higher guest review
734,A,Option A would be a better choice for most travelers due to its higher guest
735,A,"Option A would be a better choice for most travelers, as it offers compl"
736,B,B
737,A,Option A
738,A,Option A would be a better choice if you prioritize breakfast and location over
739,A,Option A
740,B,B
741,A,Option A would be a more cost-effective choice for a one-night
742,A,Option A would be a better choice for most travelers due to its lower price
743,A,Option A
744,A,Option A would be a better choice for most travelers due to its lower price
745,A,Option A
746,A,Option A would be a better choice if you prefer to stay in the NoMad
747,A,Option A
748,B,B
749,A,Option A
750,B,B
751,A,Option A
752,A,"Based on the information provided, I would recommend Option A - Virgin Hotels"
753,B,B
754,B,B
755,A,Option A would be a more suitable choice for most travelers due to its lower
756,A,Option A would be a more cost-effective choice for a one-night
757,A,"Option A would be a more cost-effective choice, offering similar amenities"
758,A,Option A would be a more suitable choice for most travelers due to its lower
759,A,Option A
760,B,B
761,A,Option A would be a better choice if free cancellation is important to you and
762,B,B
763,A,Option A
764,A,Option A
765,A,Option A
766,A,Option A
767,A,Option A
768,A,Option A would be a better choice for those who prefer to stay in the No
769,A,Option A
770,A,Option A would be a better choice for most travelers due to its lower price
771,A,Option A
772,B,B
773,A,Option A would be a more suitable choice for most travelers due to its lower
774,A,Option A would be a more cost-effective choice for a one-night
775,A,Option A would be a better choice for those who prioritize cost and location
776,A,Option A
777,B,B
778,A,Option A would be a better choice for most travelers due to its higher guest
779,B,B
780,A,Option A would be a better choice for most travelers due to its higher guest
781,A,Option A
782,A,Option A
783,A,Option A
784,A,Option A
785,A,Option A would be a better choice for those who prioritize location and guest
786,B,B
787,A,Option A would be a better choice for those who prefer to stay in Midtown
788,B,B
789,A,Option A
790,A,Option A would be a better choice for most travelers due to its higher star
791,A,Option A would be a better choice for most travelers due to its higher star
792,A,Option A
793,A,Option A
794,A,"Option A would be a better choice due to its higher guest review score, free"
795,A,Option A
796,A,Option A would be a better choice due to its lower price and higher guest review
797,B,"Based on the information provided, I would recommend Option B - Walker Hotel Trib"
798,A,Option A
799,A,Option A
800,A,Option A
801,B,B
802,B,B
803,A,"Option A would be a better choice if you prefer a higher star rating, city"
804,B,B
805,A,Option A would be a better choice for most travelers due to its lower price
806,A,Option A would be a better choice for most travelers due to its higher guest
807,A,Option A would be a better choice for most travelers due to its lower price
808,A,Option A
809,A,"Option A would be a better choice for those who prioritize location, guest"
810,A,"Option A would be a better choice for those who prioritize location, room"
811,A,Option A would be a better choice for those who prioritize location and guest
812,A,Option A
813,B,B
814,B,B
815,A,Option A would be a better choice for most travelers due to its lower price
816,B,B
817,B,B
818,B,B
819,A,Option A would be a more suitable choice for most travelers due to its afford
820,B,Option B would be a better choice due to its higher guest review score and additional
821,A,Option A
822,A,Option A would be a better choice for most travelers due to its lower price
823,B,B
824,A,Option A is a better choice due to its lower price and higher number of guest
825,A,Option A would be a better choice for most travelers due to its central location
826,A,Option A
827,A,Option A
828,B,B
829,B,B
830,A,"Option A would be a better choice for those who value location and breakfast included,"
831,B,"Based on guest review scores and price, I would recommend Option B - Tem"
832,A,Option A would be a better choice for most travelers due to its higher star
833,A,Option A would be a better choice if you prioritize higher guest review scores
834,A,Option A would be a better choice if you prefer having two beds and breakfast
835,B,B
836,A,Option A would be a better choice if you are looking for more luxurious
837,A,"Option A would be a better choice for those who prioritize location, breakfast"
838,A,Option A would be a better choice if you prioritize location and guest review
839,A,Option A would be a better choice if you prefer to stay in Times Square and
840,A,"Option A would be a better choice if you prioritize location, room type"
841,A,Option A would be a better choice for those who value breakfast included and are looking
842,A,Option A would be a better choice for most travelers due to its higher guest
843,A,Option A would be a better choice for most travelers due to its higher guest
844,A,Option A would be a better choice for those who value breakfast included and are looking
845,B,B
846,A,Option A would be a better choice for most travelers due to its higher guest
847,A,Option A would be a better choice for those who prioritize guest review scores
848,A,Option A would be a better choice for most travelers due to its higher guest
849,A,"Option A would be a better choice for several reasons. First, it has a"
850,A,Option A would be a better choice for those who prioritize location and guest
851,A,Option A would be a better choice for most travelers due to its higher guest
852,A,Option A would be a better choice for most travelers due to its higher guest
853,A,Option A would be a better choice for most travelers due to its lower price
854,A,Option A would be a better choice for most travelers due to its lower price
855,A,Option A would be a better choice due to its lower price and higher guest review
856,A,Option A
857,B,B
858,A,Option A would be a better choice for most travelers due to its lower price
859,A,Option A would be a better choice for most travelers due to its lower price
860,A,Option A
861,A,Option A would be a better choice for those who prioritize location and guest
862,A,Option A
863,A,Option A would be a better choice for those who prefer to stay in Times Square
864,B,B
865,A,Option A
866,A,Option A
867,B,B
868,A,Option A
869,A,Option A
870,A,Option A
871,A,Option A would be a better choice for those who prioritize location and guest
872,A,Option A
873,B,B
874,A,"I would recommend choosing Option A, Hotel Kimpton Theta New York. It"
875,A,Option A would be a better choice for most travelers due to its lower price
876,A,Option A
877,B,B
878,A,Option A
879,A,Option A
880,A,Option A
881,B,B
882,A,Option A
883,A,Option A
884,A,Option A would be a better choice if you prioritize location and guest review
885,A,Option A would be a better choice for most travelers due to its higher guest
886,A,Option A would be a better choice if you prioritize location and guest review
887,A,Option A would be a better choice for most travelers due to its higher guest
888,A,"I would recommend choosing Option A, Hotel Chelsea. It has a higher"
889,A,Option A would be a better choice for most travelers due to its lower price
890,A,Option A would be a better choice for most travelers due to its free breakfast
891,B,B
892,A,Option A would be a better choice for those who prefer to stay in Chelse
893,B,"Based on the information provided, Option B (Park Hyatt New York"
894,B,B
895,A,Option A would be a more suitable choice for most travelers due to its lower
896,A,Option A would be a better choice for most travelers due to its lower price
897,B,"Option B would be a better choice if budget is not an issue, as it"
898,A,Option A would be a more suitable choice for most travelers due to its lower
899,B,Option B would be a better choice due to its higher guest review score and inclusion
900,A,Option A would be a more suitable choice for most travelers due to its lower
901,A,Option A would be a better choice if you prioritize location and guest review
902,B,B
903,A,Option A
904,A,"Based on the information provided, I would recommend Option A - The Ace"
905,A,Option A would be a better choice for most travelers due to its lower price
906,A,Option A
907,A,Option A
908,A,Option A
909,A,"Option A would be a more cost-effective choice, but Option B offers"
910,A,"Option A would be a more cost-effective choice, offering similar amenities"
911,B,"Based on the information provided, I would recommend Option B - Crosby"
912,A,Option A would be a better choice for those who prioritize cost savings
913,A,Option A would be a better choice for those who value free breakfast and spa
914,A,Option A
915,B,B
916,A,Option A would be a better choice for those who value free breakfast and are looking
917,A,Option A would be a better choice for those who prioritize location and guest
918,A,Option A would be a better choice for your one-night stay in New York
919,A,Option A would be a better choice for those seeking higher quality accommodations and are
920,A,Option A would be a better choice for your one-night stay in New York
921,A,"Option A would be a more cost-effective choice, but Option B offers"
922,B,B
923,B,B
924,A,Option A would be a more suitable choice for most travelers due to its lower
925,A,Option A
926,A,Option A
927,B,B
928,A,Option A would be a better choice if you prioritize location and guest review
929,B,B
930,A,Option A would be a better choice for those who prioritize location and guest
931,A,"Based on the information provided, I would recommend Option A - Andaz"
932,B,B
933,A,Option A would be a better choice for most travelers due to its higher guest
934,A,"Option A would be a better choice if location is important to you, as it"
935,B,B
936,B,B
937,B,B
938,A,Option A would be a better choice if you prioritize higher guest review scores
939,A,Option A would be a better choice if free cancellation is important to you and
940,B,"Based on the information provided, I would recommend Option B - Courtyard"
941,A,Option A
942,A,Option A
943,A,Option A would be a more cost-effective choice for a one-night
944,A,Option A
945,B,B
946,A,Option A would be a better choice for those who prioritize location and amen
947,B,B
948,A,Option A would be a better choice if you prioritize location and room quality
949,B,B
950,A,Option A
951,B,B
952,A,Option A would be a better choice for most travelers due to its lower price
953,A,Option A would be a better choice if you prioritize location and higher guest
954,A,Option A
955,A,Option A
956,A,Option A
957,B,B
958,B,B
959,B,B
960,B,B
961,A,"Option A would be a more cost-effective choice, offering similar amenities"
962,A,Option A would be a more cost-effective choice for a one-night
963,A,Option A
964,B,B
965,A,Option A
966,A,"Option A would be a more cost-effective choice, as it offers similar"
967,A,Option A would be a more suitable choice for most travelers due to its significantly
968,A,Option A would be a better choice for most travelers due to its lower price
969,A,Option A would be a better choice if you prioritize location and amenities
970,A,Option A would be a better choice if you prioritize location and guest review
971,A,Option A would be a better choice for those who prioritize location and higher
972,A,Option A would be a better choice for most travelers due to its higher guest
973,A,Option A
974,B,B
975,A,Option A
976,B,B
977,A,Option A would be a better choice for most travelers due to its higher guest
978,B,B
979,A,Option A would be a better choice if you prioritize luxury and location
980,B,B
981,A,"Option A would be a more cost-effective choice, as it offers similar"
982,A,Option A
983,A,"Option A would be a more cost-effective choice, offering similar amenities"
984,B,Option B would be a better choice due to its higher guest review score and additional
985,A,"Option A would be a better choice for those seeking luxury and amenities,"
986,B,B
987,A,"Option A would be a better choice for those seeking luxury and amenities,"
988,B,B
989,B,B
990,B,B
991,A,Option A would be a better choice if free cancellation and breakfast are important to
992,B,B
993,B,"Based on the information provided, I would recommend Option B - The Fifth"
994,A,"Based on guest review scores and price, I would recommend Option A - The"
995,B,"Based on guest review scores and price, I would recommend Option B - The"
996,A,Option A would be a better choice for most travelers due to its lower price
997,B,B
998,B,B
999,B,B
1000,A,Option A would be a better choice if you prioritize location and luxury
1001,B,B
1002,B,B
1003,B,B
1004,B,B
1005,A,Option A would be a better choice if you prioritize luxury and amen
1006,A,Option A would be a better choice if budget is not an issue and one pre
1007,A,A
1008,A,"Option A would be a better choice if you prioritize location, star rating"
1009,A,Option A would be a better choice if you are looking for a higher star rating
1010,A,Option A would be a better choice for those who prioritize luxury and
1011,A,Option A would be a better choice if you are looking for a more luxur
1012,A,Option A would be a better choice if your priority is luxury and high-
1013,A,Option A would be a better choice for those who prioritize luxury and
1014,A,Option A would be a better choice for those seeking luxury and convenience in So
1015,A,"Option A would be a better choice for those seeking luxury and convenience, while"
1016,A,"Option A would be a better choice for those seeking luxury and convenience, while"
1017,B,B
1018,A,Option A would be a better choice if your priority is staying in a higher
1019,A,"Option A would be a better choice if you prioritize location, room quality"
1020,A,Option A would be a better choice for those who prioritize location and higher
1021,A,"Option A would be a more cost-effective choice, offering similar amenities"
1022,A,Option A would be a better choice for most travelers due to its lower price
1023,A,Option A would be a more suitable choice for most travelers due to its lower
1024,A,Option A would be a better choice for most travelers due to its lower price
1025,A,"Option A would be a better choice if you prioritize luxury, amen"
1026,A,Option A would be a better choice if you prioritize location and amenities
1027,A,Option A would be a better choice for those who prioritize luxury and
1028,B,B
1029,A,"Option A would be a better choice for those seeking luxury and amenities,"
1030,B,B
1031,A,Option A would be a better choice if you prioritize luxury and amen
1032,A,"Option A would be a better choice for those seeking luxury and amenities,"
1033,B,B
1034,A,"Option A would be a better choice if budget is not an issue, as it"
1035,A,Option A would be a better choice if budget is not an issue and one pre
1036,B,"Based on the information provided, I would recommend choosing Option B - Walker Hotel"
1037,A,A
1038,B,B
1039,A,Option A would be a better choice if you prioritize luxury and amen
1040,A,"Option A would be a better choice if budget is not an issue, as it"
1041,B,B
1042,A,Option A would be a better choice if you prioritize luxury and amen
1043,A,"Option A would be a better choice if you prioritize location, star rating"
1044,B,B
1045,A,Option A would be a better choice if your priority is staying in a higher
1046,B,B
1047,A,Option A would be a better choice if your priority is staying in an ups
1048,A,Option A would be a better choice if budget is not an issue and one pre
1049,A,Option A would be a better choice for most travelers due to its lower price
1050,A,Option A
1051,A,Option A would be a better choice for most travelers due to its lower price
1052,B,B
1053,A,Option A would be a better choice if you are looking for a higher star rating
1054,A,Option A would be a better choice for those seeking luxury and high-end
1055,A,"Option A would be a better choice for those seeking luxury and convenience, while"
1056,A,Option A would be a better choice if budget is not an issue and preference for
1057,A,Option A
1058,A,"Option A would be a better choice if your priority is luxury and convenience,"
1059,B,B
1060,A,Option A
1061,A,Option A would be a better choice if budget is not an issue and one pre
1062,A,Option A would be a better choice if you are looking for a luxury experience
1063,A,Option A would be a better choice if you are looking for a luxurious
1064,A,"Option A would be a better choice for those seeking luxury and convenience, while"
1065,A,Option A
1066,A,Option A would be a better choice for those who prefer to stay in Downt
1067,A,Option A would be a better choice for most travelers due to its lower price
1068,B,"Based on the information provided, I would recommend Option B - The Langham"
1069,A,Option A would be a better choice for those who prioritize luxury and
1070,A,Option A would be a better choice for those seeking luxury and top-not
1071,A,"Option A would be a better choice for those seeking luxury and convenience, while"
1072,A,Option A would be a better choice for those who prioritize luxury and
1073,A,A
1074,A,Option A would be a better choice if you prioritize luxury and amen
1075,B,"Based on the information provided, I would recommend Option B - Hampton Inn"
1076,A,Option A would be a better choice if you prioritize luxury and amen
1077,A,"Option A would be a better choice if budget is not an issue, as it"
1078,A,A
1079,A,"Based on the information provided, I would recommend Option A - Baccarat"
1080,A,Option A would be a better choice if budget is not an issue and you are
1081,A,Option A would be a better choice if you prioritize location and amenities
1082,A,Option A would be a better choice if you prioritize location and amenities
1083,A,Option A would be a better choice if your priority is staying in a higher
1084,A,"Option A would be a better choice for those who prioritize location, higher"
1085,A,"Option A would be a better choice for those seeking luxury and convenience, as"
1086,A,A
1087,A,"Option A would be a better choice for those seeking luxury and convenience, while"
1088,A,Option A would be a better choice if budget is not an issue and one pre
1089,A,Option A
1090,B,B
1091,A,Option A would be a better choice for those who prioritize location and guest
1092,A,"Option A is a better choice as it has higher guest review score, free can"
1093,A,Option A
1094,A,Option A
1095,A,Option A
1096,A,Option A
1097,A,"Option A would be a better choice for those seeking luxury and unique experiences,"
1098,A,Option A would be a better choice if you are looking for a higher star rating
1099,A,"Option A would be a better choice for those who prioritize location, higher"
1100,A,"Option A would be a better choice for those seeking luxury and unique experiences,"
1101,A,A
1102,A,A
1103,A,A
1104,A,A
1105,A,Option A
1106,A,Option A
1107,A,A
1108,A,Option A would be a more suitable choice for most travelers due to its lower
1109,A,Option A
1110,A,A
1111,A,"Based on the information provided, I would recommend Option A - The William V"
1112,A,Option A
1113,A,A
1114,A,Option A would be a better choice for those who prioritize higher guest review
1115,A,Option A would be a better choice for those seeking luxury and high-end
1116,A,"Option A would be a better choice if budget is not an issue, as it"
1117,A,Option A would be a better choice if you prioritize luxury and amen
1118,A,"Option A would be a better choice if budget is not an issue, as it"
1119,A,"Option A would be a better choice if budget is not an issue, as it"
1120,B,B
1121,A,"Option A would be a better choice for those seeking luxury and convenience, while"
1122,A,"Option A would be a better choice for those seeking luxury and convenience, while"
1123,A,"Option A would be a better choice for those seeking luxury and convenience, while"
1124,A,"Option A would be a better choice for those seeking luxury and convenience, while"
1125,A,Option A would be a better choice for those who value free cancellation and breakfast
1126,B,B
1127,B,B
1128,A,"Option A would be a better choice if free cancellation is important to you,"
1129,B,B
1130,B,B
1131,B,B
1132,A,"Option A would be a better choice if budget is not an issue, as it"
1133,A,"Option A would be a better choice for those seeking luxury and convenience, as"
1134,A,Option A would be a better choice for those seeking luxury and top-not
1135,A,"Option A would be a better choice for those seeking luxury and amenities,"
1136,A,Option A would be a better choice if you prioritize location and amenities
1137,A,Option A would be a better choice if you prioritize location and amenities
1138,A,Option A would be a better choice for those who prioritize luxury and
1139,A,Option A would be a better choice if you prioritize location and amenities
1140,B,B
1141,A,Option A would be a better choice due to its lower price and similar amenities
1142,A,Option A would be a better choice if you prioritize location and amenities
1143,A,Option A would be a better choice for those who prefer to have breakfast included and
1144,B,B
1145,A,Option A
1146,B,B
1147,A,Option A
1148,A,Option A
1149,A,Option A would be a better choice for most travelers due to its higher guest
1150,A,Option A would be a better choice for most travelers due to its higher guest
1151,A,Option A would be a better choice for most travelers due to its higher guest
1152,A,"Based on the information provided, I would recommend choosing Option A - Hampton"
1153,A,"Option A would be a better choice for most travelers, as it offers free"
1154,A,Option A would be a better choice for most travelers due to its higher guest
1155,A,"Option A would be a better choice for most travelers, as it offers free"
1156,A,Option A would be a better choice for most travelers due to its higher guest
1157,A,Option A would be a better choice if you prefer to stay in Times Square and
1158,A,Option A
1159,A,"Option A seems to offer more value for money, considering it includes breakfast and has"
1160,A,Option A
1161,A,Option A would be a better choice for most travelers due to its higher guest
1162,B,"Based on the information provided, I would recommend Option B - Sheraton Brook"
1163,A,Option A would be a better choice for those who prioritize location and breakfast
1164,B,"Based on the information provided, I would recommend Option B - Sheraton Brook"
1165,A,Option A would be a better choice for most travelers due to its lower price
1166,A,Option A
1167,A,Option A
1168,A,Option A would be a better choice for those who prioritize cost and breakfast
1169,B,B
1170,B,B
1171,A,Option A
1172,B,"Based on the information provided, I would recommend Option B - The Boro"
1173,A,Option A
1174,A,Option A
1175,A,Option A
1176,A,Option A would be a more cost-effective choice for a one-night
1177,A,Option A
1178,A,Option A
1179,A,"Option A would be a better choice due to its higher guest review score, free"
1180,A,"Option A would be a better choice if free cancellation is important to you,"
1181,B,B
1182,A,Option A would be a more suitable choice for most travelers due to its afford
1183,B,"Based on the information provided, I would recommend Option B - The Greenwich"
1184,A,Option A would be a more cost-effective choice for a one-night
1185,A,Option A would be a better choice for those who prioritize breakfast and fit
1186,B,"Based on the information provided, I would recommend Option B - Arlo Mid"
1187,A,A
1188,B,"Based on the information provided, I would recommend Option B - Arlo Mid"
1189,B,B
1190,A,Option A would be a better choice due to its higher guest review score and location
1191,A,Option A
1192,A,A
1193,A,Option A would be a better choice for most travelers due to its lower price
1194,A,Option A
1195,A,Option A would be a better choice for those who prioritize free breakfast and
1196,A,Option A would be a better choice for those who prioritize free breakfast and
1197,A,Option A would be a better choice for your one-night stay in New York
1198,A,Option A is a better choice if your priority is to stay in Manhattan and
1199,A,Option A would be a better choice for most travelers due to its lower price
1200,A,Option A would be a better choice for most travelers due to its lower price
1201,A,Option A
1202,A,Option A would be a better choice if you prioritize location and breakfast included
1203,A,Option A would be a better choice for most travelers due to its central location
1204,A,Option A would be a better choice if you prefer to stay in Manhattan and
1205,B,B
1206,B,B
1207,A,Option A would be a better choice for most travelers due to its lower price
1208,A,Option A would be a better choice for most travelers due to its free can
1209,A,A
1210,A,Option A
1211,A,A
1212,A,"I would recommend choosing Option A, Hotel Hampton Inn Manhattan/Dow"
1213,B,B
1214,A,Option A would be a better choice for those looking to save money and still have
1215,A,Option A would be a better choice for most travelers due to its lower price
1216,B,B
1217,A,Option A would be a better choice for those who prefer to stay in the Fin
1218,A,Option A would be a better choice for most travelers due to its higher guest
1219,A,Option A would be a better choice due to its higher guest review score and lower
1220,A,Option A
1221,B,"Based on the information provided, I would recommend Option B - McCarren"
1222,A,Option A would be a better choice for those looking to save money and have breakfast
1223,B,"Based on the information provided, I would recommend choosing Option B - McCar"
1224,A,Option A would be a better choice for those looking to save money and stay in
1225,B,"Based on the information provided, I would recommend Option B - InterContinental"
1226,A,Option A would be a more cost-effective choice for a one-night
1227,B,B
1228,A,Option A would be a more cost-effective choice for a one-night
1229,A,Option A
1230,A,Option A
1231,A,Option A
1232,A,Option A
1233,A,"Based on the information provided, I would recommend Option A - Hampton Inn"
1234,A,Option A
1235,B,B
1236,B,B
1237,A,Option A would be a better choice if your priority is to have breakfast included and
1238,A,Option A would be a better choice for your one-night stay in New York
1239,A,Option A would be a better choice for those who prefer to stay in SoH
1240,A,Option A would be a better choice for those who prioritize breakfast and are
1241,A,Option A
1242,A,Option A
1243,A,Option A
1244,B,B
1245,A,Option A would be a more suitable choice for most travelers due to its lower
1246,A,Option A would be a more cost-effective choice for a one-night
1247,A,Option A would be a more cost-effective choice for a one-night
1248,A,Option A would be a more cost-effective choice for a one-night
1249,B,B
1250,B,B
1251,A,"Option A would be a better choice due to its higher guest review score, lower"
1252,A,Option A would be a better choice for most travelers due to its lower price
1253,A,Option A would be a better choice for most travelers due to its higher guest
1254,A,Option A would be a better choice for most travelers due to its higher guest
1255,A,Option A would be a better choice for most travelers due to its higher star
1256,A,"Option A would be a better choice for most travelers, as it offers more"
1257,A,Option A
1258,A,Option A
1259,B,"Based on the information provided, I would recommend choosing Option B - NoMo"
1260,A,Option A
1261,A,Option A would be a better choice if you prioritize having breakfast included and
1262,B,"Based on the information provided, I would recommend Option B - The Boro"
1263,B,"Based on the information provided, I would recommend Option B - The Boro"
1264,B,B
1265,A,Option A
1266,A,A
1267,B,B
1268,A,Option A
1269,B,"Option B would be a better choice due to its higher star rating, free can"
1270,B,Option B would be a better choice due to its higher guest review score and additional
1271,B,B
1272,B,Option B would be a better choice due to its higher guest review score and lower
1273,A,Option A would be a more suitable choice for most travelers due to its lower
1274,A,Option A would be a more suitable choice for most travelers due to its lower
1275,B,"Option B would be a better choice if you value higher guest review scores, breakfast"
1276,B,B
1277,A,Option A would be a better choice for most travelers due to its lower price
1278,A,Option A
1279,A,A
1280,A,Option A
1281,B,B
1282,B,B
1283,A,Option A
1284,B,B
1285,A,Option A would be a more suitable choice for most travelers due to its lower
1286,A,Option A would be a more suitable choice for most travelers due to its afford
1287,B,"Option B would be a better choice if budget is not an issue, as it"
1288,A,Option A would be a better choice for most travelers due to its lower price
1289,B,B
1290,B,Option B would be a better choice due to its higher star rating and lower price
1291,B,B
1292,B,B
1293,B,"Option B would be a better choice if budget is not an issue, as it"
1294,A,Option A would be a more suitable choice for most travelers due to its lower
1295,A,Option A
1296,A,Option A
1297,A,"Option A would be a better choice for several reasons, despite being more expensive than"
1298,A,Option A would be a better choice for most travelers due to its higher star
1299,A,"Based on the information provided, Option A seems to be a better choice due"
1300,A,Option A would be a better choice for most travelers due to its higher star
1301,A,Option A would be a more cost-effective choice for a one-night
1302,B,B
1303,B,"Based on the information provided, I would recommend Option B - Lotte New"
1304,B,B
1305,B,B
1306,A,Option A would be a better choice for most travelers due to its higher star
1307,B,B
1308,A,Option A would be a better choice for those who prefer to stay in Times Square
1309,B,"Based on guest review scores and key amenities, I would recommend Option B"
1310,B,B
1311,A,Option A would be a better choice for most travelers due to its lower price
1312,A,Option A
1313,B,"Based on the information provided, I would recommend Option B - New York Mar"
1314,A,Option A
1315,A,Option A
1316,B,"Based on the information provided, I would recommend Option B - New York Mar"
1317,A,"Option A would be a better choice for those looking to save money, as it"
1318,A,Option A would be a better choice for most travelers due to its lower price
1319,A,"I would recommend choosing Option A, Hotel DoubleTree by Hilton NYC Fin"
1320,A,Option A would be a better choice for most travelers due to its lower price
1321,A,Option A would be a more suitable choice for most travelers due to its lower
1322,A,Option A would be a more suitable choice for most travelers due to its lower
1323,A,Option A would be a more suitable choice for most travelers due to its afford
1324,A,Option A would be a more suitable choice for most travelers due to its lower
1325,B,B
1326,B,B
1327,B,B
1328,A,"Option A would be a better choice due to its higher star rating, lower price"
1329,B,B
1330,B,B
1331,A,Option A would be a better choice for most travelers due to its lower price
1332,B,B
1333,B,B
1334,B,B
1335,B,"Option B would be a better choice for those who value higher star ratings, more"
1336,A,Option A would be a more suitable choice for most travelers due to its afford
1337,A,Option A would be a more suitable choice for most travelers due to its lower
1338,B,B
1339,A,Option A would be a more suitable choice for most travelers due to its lower
1340,B,Option B would be a better choice due to its higher guest review score and additional
1341,B,"Based on guest review scores and neighborhood, I would recommend Option B - The"
1342,A,Option A would be a better choice for most travelers due to its lower price
1343,B,"Based on guest review scores and price, I would recommend Option B - The"
1344,B,B
1345,B,B
1346,A,Option A
1347,B,B
1348,B,B
1349,A,Option A would be a more cost-effective choice for a one-night
1350,B,B
1351,A,"Option A is more suitable for a one-night stay in New York City,"
1352,A,Option A would be a better choice for most travelers due to its lower price
1353,A,A
1354,B,B
1355,A,Option A would be a more cost-effective choice for a one-night
1356,A,Option A would be a better choice for most travelers due to its lower price
1357,B,B
1358,A,Option A would be a more suitable choice for most travelers due to its afford
1359,B,B
1360,B,Option B would be a better choice if budget is not an issue as it offers
1361,B,B
1362,B,"Based on the information provided, I would recommend Option B - The Rockaway"
1363,A,A
1364,B,B
1365,B,B
1366,A,Option A would be a more suitable choice for most travelers due to its afford
1367,B,B
1368,B,"Based on the information provided, I would recommend Option B - Conrad New"
1369,B,"Based on the information provided, I would recommend Option B - InterContinental"
1370,A,Option A would be a more cost-effective choice for a one-night
1371,B,B
1372,A,Option A would be a more cost-effective choice for a one-night
1373,A,Option A would be a more cost-effective choice for a one-night
1374,A,Option A would be a better choice for most travelers due to its higher guest
1375,A,Option A would be a better choice for most travelers due to its lower price
1376,A,Option A would be a better choice for most travelers due to its lower price
1377,A,Option A
1378,A,Option A would be a better choice for most travelers due to its lower price
1379,A,A
1380,A,Option A would be a better choice for most travelers due to its lower price
1381,A,"Option A would be a better choice for most travelers, as it is located"
1382,A,Option A would be a better choice if you prioritize breakfast and fitness
1383,A,Option A
1384,B,"Based on the information provided, I would recommend Option B - Hotel Le Ble"
1385,A,"Option A would be a more cost-effective choice, offering similar amenities"
1386,A,A
1387,A,Option A
1388,B,B
1389,B,B
1390,B,"Based on the information provided, I would recommend Option B (AC Hotel New"
1391,A,Option A would be a better choice for most travelers due to its lower price
1392,A,Option A would be a better choice for most travelers due to its free can
1393,A,Option A
1394,A,Option A would be a better choice due to its higher guest review score and location
1395,A,Option A would be a better choice for your one-night stay in New York
1396,A,Option A
1397,B,Option B would be a better choice for those who prioritize higher star rating
1398,B,B
1399,B,"Option B would be a better choice due to its higher star rating, free can"
1400,B,B
1401,A,Option A
1402,B,B
1403,B,B
1404,A,Option A would be a better choice for most travelers due to its lower price
1405,A,Option A would be a better choice for most travelers due to its lower price
1406,A,Option A
1407,A,Option A is more suitable for a one-night stay in New York City due
1408,B,B
1409,A,Option A would be a better choice for those who prioritize location and lux
1410,A,"Option A would be a better choice if budget is not an issue, as it"
1411,A,Option A would be a better choice if you prioritize location and luxury
1412,A,Option A would be a better choice if you prioritize location and higher guest
1413,B,"Based on the information provided, I would recommend Option B - The Bowery"
1414,B,"Based on the information provided, I would recommend Option B - The Bowery"
1415,A,Option A would be a better choice for most travelers due to its higher star
1416,A,Option A would be a better choice if you prioritize amenities and location
1417,B,"Based on the information provided, I would recommend Option B - Hotel NoMo"
1418,A,Option A would be a better choice if you prioritize location and higher guest
1419,A,A
1420,A,"Option A would be a better choice for those who prioritize location, higher"
1421,A,Option A would be a better choice if you are looking for a luxury experience
1422,A,Option A would be a better choice if you prioritize location and amenities
1423,B,"Based on the information provided, I would recommend Option B - Residence Inn"
1424,B,B
1425,A,Option A would be a better choice if you prioritize location and luxury
1426,A,Option A would be a better choice if you prioritize location and higher guest
1427,A,"Option A would be a better choice for those seeking luxury and convenience, while"
1428,A,Option A would be a better choice if you prioritize location and luxury
1429,B,B
1430,A,Option A
1431,B,B
1432,B,B
1433,A,"Option A would be a better choice if your priority is location and room type,"
1434,A,Option A
1435,A,Option A
1436,A,Option A
1437,B,"Based on the information provided, I would recommend Option B - Courtyard"
1438,B,B
1439,A,Option A would be a better choice if you prefer to stay in Times Square and
1440,A,"Option A is a better choice due to its higher guest review score, lower price"
1441,A,Option A would be a better choice for those who prioritize location and guest
1442,B,"Based on the information provided, I would recommend Option B - Wyndham"
1443,A,Option A would be a better choice for those who prioritize location and higher
1444,A,Option A would be a better choice for those who prioritize location and guest
1445,A,"Option A would be a better choice for most travelers, as it offers more"
1446,A,Option A would be a better choice for most travelers due to its higher star
1447,A,Option A would be a better choice for most travelers due to its higher star
1448,A,Option A would be a better choice for most travelers due to its higher star
1449,B,B
1450,A,Option A
1451,A,Option A
1452,A,Option A
1453,B,B
1454,A,Option A
1455,A,Option A
1456,A,Option A
1457,A,Option A would be a more suitable choice for most travelers due to its lower
1458,A,"Option A would be a more cost-effective choice, but Option B offers"
1459,B,Option B would be a better choice due to its higher guest review score and additional
1460,A,Option A would be a more suitable choice for most travelers due to its lower
1461,A,Option A
1462,B,B
1463,A,Option A would be a more suitable choice for most travelers due to its lower
1464,B,B
1465,A,Option A would be a more cost-effective choice for a one-night
1466,B,B
1467,B,B
1468,B,B
1469,B,B
1470,A,Option A would be a better choice if you prefer to stay in Downtown
1471,A,Option A would be a better choice if you prefer to stay in Downtown
1472,A,Option A would be a better choice if you prefer to stay in the Finan
1473,B,B
1474,B,"Based on the information provided, I would recommend Option B - Walker Hotel Trib"
1475,A,"Option A would be a more cost-effective choice, but Option B offers"
1476,A,Option A
1477,B,B
1478,B,"Based on the information provided, I would recommend Option B - Moxy"
1479,A,Option A seems to be a better choice due to its higher guest review score and
1480,B,"Based on the information provided, I would recommend Option B - Moxy"
1481,B,B
1482,A,Option A would be a more cost-effective choice for a one-night
1483,B,B
1484,B,B
1485,A,Option A would be a better choice for most travelers due to its lower price
1486,A,Option A
1487,B,B
1488,A,Option A
1489,A,Option A would be a better choice for most travelers due to its higher guest
1490,A,Option A would be a better choice for your one-night stay in New York
1491,A,A
1492,A,Option A would be a better choice due to its higher guest review score and location
1493,A,Option A would be a more suitable choice for most travelers due to its afford
1494,A,Option A would be a more suitable choice for most travelers due to its lower
1495,B,"Based on the information provided, I would recommend Option B - The Greenwich"
1496,B,"Option B would be a better choice for those who value higher star ratings, more"
1497,A,Option A would be a better choice for those looking to save money and have breakfast
1498,B,"Based on the information provided, I would recommend Option B - The Standard East"
1499,B,"Based on the information provided, I would recommend choosing Option B - The Standard"
1500,B,"Based on the information provided, I would recommend Option B - The Standard East"
1501,A,Option A would be a more suitable choice for most travelers due to its afford
1502,B,"Based on the information provided, I would recommend Option B - Loews"
1503,A,Option A would be a more cost-effective choice for a one-night
1504,B,"Based on the information provided, I would recommend Option B - Loews"
1505,A,Option A would be a better choice for most travelers due to its lower price
1506,A,Option A would be a better choice for most travelers due to its lower price
1507,B,"Option B would be a better choice due to its higher guest review score, more"
1508,A,Option A would be a more cost-effective choice for a one-night
1509,B,B
1510,A,A
1511,A,Option A would be a better choice for most travelers due to its lower price
1512,A,Option A would be a better choice if you prefer staying in Midtown East
1513,A,"Option A would be a more cost-effective choice, especially if breakfast is"
1514,B,"Option B would be a better choice if budget is not an issue, as it"
1515,A,"Option A would be a more cost-effective choice, especially if budget is"
1516,A,"Option A would be a more cost-effective choice, offering similar amenities"
1517,A,Option A would be a better choice for those who prioritize free breakfast and
1518,B,B
1519,B,B
1520,B,B
1521,A,Option A would be a better choice for those who prioritize value and convenience
1522,A,Option A would be a better choice for those looking to save money and have breakfast
1523,B,B
1524,A,Option A would be a better choice for most travelers due to its lower price
1525,A,Option A
1526,A,Option A would be a better choice for most travelers due to its lower price
1527,A,Option A
1528,A,Option A would be a better choice for those who prefer a queen room and value
1529,A,Option A
1530,B,B
1531,B,B
1532,A,"Option A would be a better choice due to its lower price, higher guest review"
1533,A,Option A
1534,A,Option A
1535,A,Option A would be a better choice for those who prioritize location and higher
1536,A,Option A would be a better choice for those who prioritize location and higher
1537,A,Option A
1538,A,Option A
1539,A,Option A
1540,B,B
1541,A,Option A
1542,B,B
1543,A,"Option A is more suitable for a one-night stay in New York City,"
1544,B,B
1545,A,Option A
1546,A,Option A
1547,A,Option A
1548,B,B
1549,A,Option A would be a better choice for most travelers due to its higher star
1550,A,A
1551,A,A
1552,A,A
1553,A,Option A would be a more suitable choice for most travelers due to its lower
1554,A,Option A would be a more suitable choice for most travelers due to its lower
1555,B,"Option B would be a better choice for those who value higher guest review scores,"
1556,A,Option A would be a more suitable choice for most travelers due to its lower
1557,B,B
1558,B,B
1559,B,B
1560,B,B
1561,A,Option A
1562,A,Option A
1563,B,B
1564,A,Option A
1565,A,Option A would be a better choice for most travelers due to its lower price
1566,A,Option A would be a better choice for most travelers due to its lower price
1567,A,Option A would be a more cost-effective choice for a one-night
1568,A,"Option A would be a more cost-effective choice, as it is significantly"
1569,B,B
1570,A,Option A
1571,A,Option A would be a better choice if you prioritize location and guest review
1572,A,Option A
1573,B,B
1574,A,Option A would be a better choice for most travelers due to its higher guest
1575,A,Option A would be a better choice for most travelers due to its higher guest
1576,A,Option A would be a better choice for most travelers due to its central location
1577,B,"Based on the information provided, I would recommend Option B - Hotel Le Ble"
1578,B,B
1579,A,"Option A would be a better choice for those who prioritize location, room"
1580,A,"Option A would be a better choice for several reasons. First, it is located"
1581,B,"Based on the information provided, I would recommend Option B - The Boro"
1582,B,"Based on the information provided, I would recommend choosing Option B - The B"
1583,B,B
1584,B,B
1585,B,B
1586,A,Option A would be a more suitable choice for most travelers due to its lower
1587,B,B
1588,B,"Based on the information provided, I would recommend Option B (Park Hy"
1589,A,Option A would be a better choice for most travelers due to its lower price
1590,B,"Based on the information provided, I would recommend Option B - The Marl"
1591,A,Option A
1592,B,B
1593,A,Option A
1594,A,Option A
1595,A,Option A
1596,A,Option A
1597,B,"Based on the information provided, I would recommend Option B (1 Hotel Brook"
1598,A,Option A would be a more suitable choice for most travelers due to its lower
1599,A,Option A would be a better choice for those who prioritize budget and breakfast
1600,A,Option A would be a better choice for most travelers due to its lower price
1601,B,B
1602,A,Option A would be a better choice if you prefer to stay in Midtown East
1603,B,"Based on the information provided, I would recommend Option B - The Hoxt"
1604,A,Option A
1605,A,Option A would be a more suitable choice for most travelers due to its lower
1606,B,B
1607,B,B
1608,B,"Based on the information provided, I would recommend Option B - Conrad New"
1609,A,Option A
1610,B,B
1611,B,B
1612,A,Option A
1613,A,Option A
1614,B,"Based on the information provided, I would recommend Option B - The Rockaway"
1615,A,Option A
1616,A,Option A
1617,A,Option A would be a better choice for those who prioritize location and guest
1618,A,Option A would be a better choice for those who prioritize location and higher
1619,A,Option A would be a better choice for those who prioritize location and guest
1620,B,B
1621,A,Option A
1622,A,Option A would be a better choice for most travelers due to its lower price
1623,A,Option A would be a better choice for most travelers due to its lower price
1624,A,Option A would be a better choice for most travelers due to its lower price
1625,B,B
1626,A,Option A would be a more cost-effective choice for a one-night
1627,B,B
1628,A,Option A would be a more suitable choice for most travelers due to its lower
1629,B,B
1630,A,Option A would be a better choice if you value higher guest review scores and included
1631,A,Option A
1632,A,Option A
1633,A,"Option A would be a better choice for those who prioritize luxury,"
1634,A,Option A would be a better choice if budget is not an issue and one pre
1635,B,B
1636,B,"Based on the information provided, Option B (The Marlton Hotel)"
1637,B,B
1638,B,B
1639,B,B
1640,B,"Based on the information provided, I would recommend Option B - The Greenwich"
1641,B,"Based on the information provided, both options are excellent choices as they have similar"
1642,A,Option A
1643,A,Option A
1644,A,Option A
1645,A,Option A would be a better choice for those who prioritize location and amen
1646,A,"Option A would be a better choice if you prioritize location, amenities"
1647,A,Option A would be a better choice if you prioritize location and amenities
1648,B,"Based on the information provided, I would recommend Option B - The Hoxt"
1649,A,Option A
1650,A,Option A
1651,A,Option A
1652,A,Option A
1653,A,"Option A would be a more cost-effective choice, as it offers similar"
1654,A,Option A would be a more cost-effective choice for your one-night
1655,A,Option A
1656,B,B
1657,B,B
1658,A,Option A would be a better choice if you prioritize location and room quality
1659,A,Option A would be a better choice if you prioritize location and guest review
1660,A,Option A would be a better choice for those who prioritize location and higher
1661,B,B
1662,B,B
1663,B,"Based on the information provided, I would recommend Option B - 1 Hotel"
1664,B,B
1665,B,"Option B would be a better choice due to its higher guest review score, more"
1666,B,B
1667,B,B
1668,B,B
1669,B,B
1670,B,B
1671,B,B
1672,A,Option A would be a better choice for most travelers due to its lower price
1673,A,"Option A would be a more cost-effective choice, but Option B offers"
1674,A,"Option A is more suitable for a one-night stay in New York City,"
1675,B,B
1676,B,B
1677,B,B
1678,B,B
1679,A,Option A
1680,B,B
1681,A,Option A
1682,B,B
1683,B,B
1684,B,B
1685,B,"Option B would be a better choice for those seeking luxury and amenities,"
1686,B,B
1687,B,B
1688,B,B
1689,B,"Based on the information provided, I would recommend choosing Option B - McCar"
1690,B,"Based on the information provided, I would recommend choosing Option B - McCar"
1691,B,B
1692,B,Option B would be a better choice due to its higher guest review score and additional
1693,B,B
1694,B,B
1695,B,B
1696,A,Option A would be a more cost-effective choice for a one-night
1697,B,"Based on the information provided, I would recommend Option B - Even Hotel Brook"
1698,A,Option A would be a better choice for most travelers due to its lower price
1699,A,Option A would be a better choice due to its lower price and higher guest review
1700,A,Option A
1701,A,Option A would be a more cost-effective choice for a one-night
1702,A,Option A would be a more cost-effective choice for a one-night
1703,A,Option A would be a more cost-effective choice for a one-night
1704,A,Option A would be a more cost-effective choice for a one-night
1705,A,Option A would be a more cost-effective choice for a one-night
1706,B,B
1707,A,Option A would be a more cost-effective choice for a one-night
1708,A,"Option A would be a more budget-friendly choice, while Option B offers"
1709,A,Option A
1710,A,"I would recommend choosing Option A, Hotel Pod Brooklyn in Williamsburg, Brook"
1711,B,B
1712,B,B
1713,A,Option A would be a more suitable choice for most travelers due to its lower
1714,A,Option A would be a more suitable choice for most travelers due to its lower
1715,A,Option A would be a more cost-effective choice for a one-night
1716,A,Option A would be a more suitable choice for most travelers due to its lower
1717,A,"Option A would be a more suitable choice if budget is a concern, as it"
1718,A,Option A would be a more suitable choice for most travelers due to its significantly
1719,B,B
1720,B,B
1721,A,Option A would be a better choice for most travelers due to its higher guest
1722,A,Option A would be a better choice if you prefer to stay in East Village and
1723,A,Option A
1724,A,Option A
1725,A,Option A would be a better choice if you prefer staying in the East Village
1726,A,Option A would be a better choice if you prefer staying in the East Village
1727,B,"Based on the information provided, I would recommend choosing Option B - New York"
1728,A,Option A
1729,A,Option A would be a better choice for those who prioritize location and guest
1730,B,B
1731,A,Option A would be a better choice for those who prioritize location and higher
1732,A,Option A would be a better choice for those who prioritize location and higher
1733,B,B
1734,B,"Option B would be a better choice due to its higher guest review score, free"
1735,A,Option A
1736,A,Option A
1737,A,Option A
1738,A,Option A
1739,B,"Based on the information provided, I would recommend Option B - Hotel Hugo in"
1740,B,B
1741,A,Option A would be a more suitable choice for most travelers due to its lower
1742,B,"Based on the information provided, Option B (The St. Regis New"
1743,B,B
1744,B,B
1745,A,Option A would be a better choice for those who value free cancellation and breakfast
1746,B,B
1747,B,B
1748,B,B
1749,A,Option A would be a better choice for those who prioritize luxury and
1750,A,Option A would be a better choice if you prioritize location and guest review
1751,B,B
1752,B,B
1753,A,Option A would be a better choice if you prefer to stay in Brooklyn He
1754,A,Option A would be a better choice if you prefer to stay in Brooklyn He
1755,B,"Based on the information provided, Option B (Walker Hotel Tribeca"
1756,A,Option A would be a better choice if you value having breakfast included and access to
1757,A,Option A would be a better choice if you prioritize location and higher guest
1758,A,Option A would be a better choice if your priority is staying in a higher
1759,B,"Based on the information provided, Option B (Walker Hotel Tribeca"
1760,B,B
1761,A,Option A
1762,A,Option A would be a better choice if you prioritize luxury and amen
1763,A,"Option A would be a better choice for those who prioritize luxury,"
1764,B,B
1765,B,"Based on the information provided, Option B seems to be a more cost-"
1766,B,B
1767,B,B
1768,B,B
1769,A,Option A would be a better choice if you prioritize luxury and are
1770,B,B
1771,B,B
1772,A,"Option A would be a better choice for those who prioritize location, star"
1773,B,B
1774,B,B
1775,A,"Option A would be a better choice for those who prioritize comfort, amen"
1776,A,"Option A would be a better choice for those who prioritize comfort, amen"
1777,A,Option A would be a better choice if you are looking for a higher star rating
1778,A,Option A would be a better choice if budget is not an issue and free can
1779,A,"Option A would be a better choice if you prioritize higher star rating,"
1780,A,Option A
1781,B,B
1782,A,Option A
1783,A,Option A
1784,B,B
1785,A,Option A would be a better choice due to its lower price and free cancellation
1786,A,Option A
1787,A,Option A
1788,B,B
1789,A,Option A would be a better choice for those who prioritize location and guest
1790,B,B
1791,A,Option A
1792,A,Option A
1793,A,Option A
1794,A,Option A
1795,B,B
1796,B,B
1797,B,B
1798,A,Option A would be a better choice if you prioritize location and amenities
1799,B,B
1800,B,B
1801,C,I would recommend Option C - Loews Regency Hotel New York. It
1802,A,Option A
1803,C,Option C
1804,A,"I would recommend Option A - The Pierre, a Taj Hotel. It has"
1805,A,"I would recommend Option A - The Pierre, a Taj Hotel. It has"
1806,C,I would recommend Option C - Loews Regency Hotel New York. It
1807,C,C
1808,B,"Based on the information provided, I would recommend Option B - W New York"
1809,A,I would recommend Option A - Fairfield Inn & Suites New York Manhattan
1810,B,I would recommend Option B - W New York - Times Square. Although it is
1811,B,I would recommend Option B - W New York - Times Square. Although it is
1812,B,I would recommend Option B - W New York - Times Square. It has a
1813,C,I would recommend Option C - Loews Regency Hotel New York. It
1814,B,"Based on the information provided, I would recommend Option B - The Greenwich"
1815,B,Option B is a great choice if budget isn't an issue and you want
1816,C,I would recommend Option C - Loews Regency Hotel New York. It
1817,B,"Based on the information provided and considering factors such as star rating, guest review"
1818,C,"Based on the information provided, I would recommend Option C - Loews"
1819,C,I would recommend Option C - Holiday Inn Express Manhattan Midtown West.
1820,B,Option B is a better choice as it offers more amenities and has a higher
1821,B,I would recommend Option B - Public Hotel. It has a higher star rating and
1822,B,"Based on the information provided, I would recommend Option B - Public Hotel."
1823,B,Option B is a good balance between price and amenities. It has a higher
1824,B,"Based on the information provided, I would recommend Option B - Public Hotel."
1825,B,"Based on the information provided and considering factors such as star rating, guest review"
1826,A,Option A is a good choice if you are looking for an affordable stay in
1827,B,"Based on the information provided and considering factors such as star rating, guest review"
1828,C,I would recommend Option C - The Langham New York Fifth Avenue. It
1829,B,Option B is a great choice if you're looking for luxury and convenience
1830,C,Option C
1831,B,Option B
1832,B,"Based on the information provided and considering factors such as star rating, guest review"
1833,B,"Based on the information provided and considering factors such as star rating, guest review"
1834,B,"Based on the information provided and considering factors such as star rating, guest review"
1835,A,Option A seems to be a good balance between price and amenities for your one
1836,B,"Based on the information provided and considering factors such as star rating, guest review"
1837,B,Option B
1838,A,I would recommend choosing Option A - Courtyard by Marriott Times Square
1839,B,"Based on the information provided and considering factors such as price, guest review score"
1840,A,Option A
1841,B,"Based on the information provided and considering factors such as star rating, guest review"
1842,B,Option B would be a good choice if you're looking for breakfast included and
1843,A,Option A would be a good choice if you're looking for an affordable
1844,B,Option B
1845,C,I would recommend Option C - Park Hyatt New York. Although it is more
1846,B,Option B
1847,A,Option A would be a good choice if you're looking for an affordable
1848,A,I would recommend choosing Option A - The Lucerne Hotel. It offers a good
1849,B,Option B would be a great choice if budget is not an issue and you are
1850,B,I would recommend Option B - The Greenwich Hotel. Although it is more expensive
1851,B,I would recommend Option B - The Greenwich Hotel. Despite being more expensive than
1852,B,I would recommend Option B - The Greenwich Hotel. Although it is more expensive
1853,B,I would recommend Option B - The Greenwich Hotel. Despite being more expensive than
1854,B,Option B would be a great choice if budget is not an issue as it offers
1855,A,I would recommend Option A - Hyatt Place New York/Chelsea.
1856,B,"I would recommend Option B - The Carlyle, A Rosewood Hotel."
1857,B,"I would recommend Option B - The Carlyle, A Rosewood Hotel."
1858,B,"I would recommend Option B - The Carlyle, A Rosewood Hotel."
1859,B,"I would recommend Option B - The Carlyle, A Rosewood Hotel."
1860,B,"I would recommend Option B - The Carlyle, A Rosewood Hotel."
1861,A,I would recommend Option A - Hotel Scherman. It has a higher guest review
1862,B,Option B is a more cost-effective choice while still offering good guest reviews
1863,B,"Based on the information provided and considering factors such as star rating, guest review"
1864,A,Option A would be a good choice if you prioritize location and room quality
1865,A,I would recommend Option A - Hotel Scherman. It has a higher star rating
1866,A,Option A seems to be a good balance of price and amenities for your stay
1867,A,I would recommend Option A - Equinox Hotel New York for its high guest
1868,A,Option A
1869,B,"Based on the information provided and considering factors such as star rating, guest review"
1870,B,"Based on the information provided and considering factors such as star rating, guest review"
1871,A,I would recommend Option A - Equinox Hotel New York for its higher star
1872,B,"Based on the information provided and considering factors such as star rating, guest review"
1873,C,I would recommend Option C - The Marlton Hotel in Greenwich Village for
1874,A,I would recommend Option A - Hampton Inn Manhattan-SoHo.
1875,A,I would recommend Option A - Hampton Inn Manhattan-SoHo.
1876,B,Option B
1877,C,I would recommend Option C - The Marlton Hotel in Greenwich Village for
1878,B,"Based on the information provided and considering factors such as star rating, guest review"
1879,B,"Based on the information provided and considering factors such as star rating, guest review"
1880,B,"Based on the information provided and considering factors such as star rating, guest review"
1881,B,B
1882,B,Option B
1883,B,"Based on the information provided and considering factors such as star rating, guest review"
1884,B,"Based on the information provided and considering factors such as star rating, neighborhood,"
1885,A,I would recommend choosing Option A - Courtyard by Marriott Manhattan
1886,A,Option A
1887,A,Option A
1888,B,"Based on the information provided, I would recommend Option B - The Plaza"
1889,A,Option A
1890,A,Option A
1891,A,Option A would be a good choice if you're looking for a balance between
1892,C,Option C would be a good choice as it offers a balance between price and amen
1893,B,I would recommend Option B - The Fifth Avenue Hotel. Although it is more
1894,A,Option A would be a good choice if you're looking for a balance between
1895,B,Option B would be a great choice if budget is not an issue as it offers
1896,B,Option B would be a great choice if budget is not an issue as it offers
1897,C,I would recommend Option C - Hampton Inn Manhattan/Times Square South.
1898,C,I would recommend Option C - Hampton Inn Manhattan/Times Square South.
1899,B,Option B is a great choice if you're looking for luxury and convenience
1900,B,"Based on the information provided and considering factors such as star rating, guest review"
1901,C,Option C would be a good choice as it offers a balance between price and amen
1902,C,Option C would be a good choice as it offers a balance between price and amen
1903,B,"Based on the information provided and considering factors such as price, guest review score"
1904,C,I would recommend Option C - Hotel Freehand New York. Despite being slightly more
1905,A,I would recommend Option A - Pod 51 in Midtown East. It
1906,A,I would recommend Option A - Pod 51. It has a higher guest
1907,C,I would recommend Option C - Hotel Freehand New York. It has a higher
1908,A,I would recommend Option A - Pod 51 in Midtown East. It
1909,A,I would recommend Option A - Hotel Casablanca Hotel by Library Hotel Collection
1910,A,Option A
1911,A,Option A
1912,A,Option A
1913,A,Option A
1914,A,Option A
1915,B,I would recommend Option B - Nine Orchard. Despite being slightly more
1916,B,I would recommend Option B - Nine Orchard. Although it does not
1917,B,Option B would be a good choice if you value breakfast included and are willing to
1918,B,I would recommend Option B - Nine Orchard. It has a higher
1919,B,"Based on the information provided, I would recommend Option B - Nine Or"
1920,B,"Based on guest review scores and free cancellation policy, I would recommend Option"
1921,B,"Based on the information provided, I would recommend Option B - Motto by"
1922,C,"Based on the information provided, Option C seems to be the best choice as"
1923,B,"Based on the information provided, I would recommend Option B - Motto by"
1924,B,Option B
1925,B,"Based on the information provided, I would recommend Option B - Motto by"
1926,B,Option B
1927,B,Option B
1928,C,I would recommend Option C - Kimpton Muse Hotel. It offers a good balance
1929,B,Option B
1930,B,"Based on the information provided and considering factors such as star rating, guest review"
1931,B,I would recommend Option B - The Crosby Street Hotel in SoHo
1932,B,I would recommend Option B - The Crosby Street Hotel in SoHo
1933,B,"Based on the information provided and considering factors such as star rating, guest review"
1934,B,"Based on the information provided and considering factors such as star rating, guest review"
1935,B,Option B is a great choice if you're looking for value and convenience in
1936,B,"Based on the information provided and considering factors such as star rating, guest review"
1937,B,Option B
1938,B,"Based on the information provided and considering factors such as star rating, guest review"
1939,A,Option A
1940,A,Option A
1941,A,I would recommend Option A - The Pearl Hotel New York. It offers a
1942,A,I would recommend Option A - The Pearl Hotel New York. It offers a
1943,A,Option A
1944,A,Option A
1945,C,I would recommend Option C - Sofitel New York. It has a higher star
1946,C,I would recommend Option C - Sofitel New York. It has a higher star
1947,C,I would recommend Option C - Sofitel New York. It has a higher star
1948,A,Option A would be a good choice if you're looking for a more budget
1949,B,"Based on the information provided and considering factors such as star rating, guest review"
1950,B,Option B would be a good choice if you value breakfast included and are willing to
1951,A,I would recommend Option A - Hyatt Centric Midtown 5th Avenue
1952,B,"Based on the information provided, I would recommend Option B - The Ludlow"
1953,B,"Based on the information provided, I would recommend Option B - The Ludlow"
1954,A,"Based on the information provided, I would recommend Option A - Hyatt Cent"
1955,A,Option A
1956,A,I would recommend Option A - Hyatt Centric Midtown 5th Avenue
1957,B,"Based on the information provided, I would recommend Option B - The Dominick"
1958,B,Option B would be a great choice if you're looking for a higher star
1959,A,Option A
1960,B,Option B would be a great choice if budget is not an issue as it offers
1961,B,Option B would be a great choice if budget is not an issue as it offers
1962,B,"Based on the information provided, I would recommend Option B - The Dominick"
1963,B,"Based on the information provided, I would recommend Option B - Hilton Garden"
1964,C,I would recommend Option C - Tempo by Hilton New York Times Square.
1965,A,I would recommend Option A - Moxy NYC Lower East Side. It
1966,C,I would recommend Option C - Tempo by Hilton New York Times Square.
1967,A,Option A
1968,A,Option A
1969,B,Option B would be a good choice as it offers free cancellation and has a
1970,C,Option C would be a great choice if budget is not an issue as it offers
1971,B,Option B
1972,B,Option B
1973,B,Option B
1974,B,Option B is a good balance between price and amenities. It offers free can
1975,C,Option C would be a good choice as it offers a balance between quality and price
1976,C,Option C would be a good choice as it offers a balance between quality and price
1977,C,Option C would be a good choice as it offers a balance between quality and price
1978,A,Option A
1979,A,Option A
1980,A,I would recommend Option A - The Fifth Avenue Hotel in NoMad neighborhood for
1981,A,Option A is the most suitable choice considering its high guest review score and free can
1982,B,"Based on the information provided and considering factors such as location, amenities,"
1983,B,Option B
1984,A,Option A
1985,A,Option A
1986,A,Option A
1987,B,Option B would be a good choice as it offers more amenities and is located
1988,A,Option A would be a good choice if budget is a priority as it offers a
1989,B,Option B would be a good choice as it offers more amenities and breakfast included
1990,C,Option C would be a good choice as it offers free cancellation and is located
1991,B,Option B would be a good choice as it offers more amenities and has a
1992,C,Option C would be a good choice as it offers a higher star rating and free
1993,A,"Based on the information provided, I would recommend Option A - NobleD"
1994,A,I would recommend Option A - NobleDEN Hotel in Little Italy for a
1995,A,Option A
1996,A,Option A would be a great choice for your one-night stay in New York
1997,A,"Based on the information provided, I would recommend Option A - NobleD"
1998,A,Option A
1999,C,"I would recommend Option C - Henry Norman Hotel in Greenpoint, Brooklyn."
2000,A,I would recommend Option A - W New York - Times Square. It has a
2001,B,I would recommend Option B - Thompson Central Park New York. Although it is more
2002,C,C
2003,C,C
2004,C,"I would recommend Option C - Henry Norman Hotel in Greenpoint, Brooklyn."
2005,A,I would recommend choosing Option A - Nine Orchard for a balance of
2006,A,Option A would be a good choice if you are looking for an affordable stay
2007,B,Option B
2008,A,Option A would be a good choice if you are looking for a more affordable
2009,A,Option A
2010,A,Option A
2011,B,"Based on the information provided, I would recommend Option B - Kimpton Hotel"
2012,B,Option B would be a good choice if you value breakfast included and are willing to
2013,B,"Based on the information provided, I would recommend Option B - Kimpton Hotel"
2014,B,"Based on the information provided and considering factors such as star rating, guest review"
2015,B,"Based on the information provided, I would recommend Option B - Kimpton Hotel"
2016,A,Option A would be a good choice if you are looking for a more budget-
2017,B,"Based on the information provided and considering factors such as star rating, guest review"
2018,B,Option B
2019,B,"Based on the information provided and considering factors such as star rating, guest review"
2020,B,"Based on the information provided and considering factors such as star rating, guest review"
2021,B,"Based on the information provided, I would recommend Option B - New Yorker"
2022,B,"Based on the information provided and considering factors such as star rating, guest review"
2023,A,Option A would be a good choice if you're looking for a balance between
2024,A,Option A would be a good choice if you're looking for a balance between
2025,A,Option A
2026,B,Option B would be a great choice if budget is not an issue as it offers
2027,B,Option B
2028,A,Option A
2029,A,I would recommend Option A - Courtyard by Marriott Manhattan/
2030,B,"Based on the information provided and considering factors such as star rating, guest review"
2031,B,"Based on the information provided and considering factors such as star rating, guest review"
2032,A,Option A would be a good choice if you are looking for an affordable stay
2033,A,Option A
2034,B,"Based on the information provided and considering factors such as star rating, guest review"
2035,A,I would recommend Option A - Hotel: citizenM New York Times Square.
2036,A,I would recommend Option A - citizenM New York Times Square. It has
2037,A,I would recommend Option A - citizenM New York Times Square. It has
2038,A,I would recommend Option A - citizenM New York Times Square. It has
2039,A,I would recommend Option A - Hotel: citizenM New York Times Square.
2040,A,Option A
2041,A,Option A
2042,A,Option A would be a good choice if you prefer to stay in Midtown and
2043,A,Option A
2044,A,Option A
2045,A,Option A
2046,A,Option A
2047,B,"Based on the information provided, I would recommend Option B - Hampton Inn"
2048,B,Option B
2049,B,"Based on the information provided, I would recommend Option B - Hampton Inn"
2050,B,"Based on the information provided, I would recommend Option B - Hampton Inn"
2051,B,"Based on the information provided, I would recommend Option B - Hampton Inn"
2052,B,"Based on the information provided and considering factors such as location, guest review score"
2053,A,Option A would be a good choice if you're looking for a more budget
2054,B,"Based on the information provided, I would recommend Option B - Sheraton Trib"
2055,B,"Based on the information provided, I would recommend Option B - Sheraton Trib"
2056,A,Option A is the most cost-effective choice while still offering a good guest
2057,B,"Based on the information provided, I would recommend Option B - Sheraton Trib"
2058,A,Option A would be a good choice if budget is a priority and proximity to
2059,C,I would recommend Option C - The Marlton Hotel in Greenwich Village for
2060,C,C
2061,C,I would recommend Option C - The Marlton Hotel in Greenwich Village for
2062,C,I would recommend Option C - The Marlton Hotel in Greenwich Village for
2063,C,I would recommend Option C - The Marlton Hotel in Greenwich Village for
2064,C,I would recommend Option C - The Marlton Hotel in Greenwich Village for
2065,B,"Based on the information provided, Option B seems to be a better choice due"
2066,A,Option A would be a good choice if you're looking for an affordable
2067,B,"Based on the information provided, I would recommend Option B - The Boro"
2068,B,"Based on the information provided, I would recommend Option B - The Boro"
2069,B,"Based on the information provided, I would recommend Option B - The Boro"
2070,B,"Based on the information provided, I would recommend Option B - The Boro"
2071,B,"Based on the information provided, I would recommend Option B - Embassy"
2072,B,"Based on the information provided, I would recommend Option B - Embassy"
2073,B,"Based on the information provided and considering factors such as star rating, guest review"
2074,B,"Based on the information provided, I would recommend Option B - Embassy"
2075,B,"Based on the information provided, I would recommend Option B - Embassy"
2076,B,"Based on the information provided, I would recommend Option B - Embassy"
2077,B,Option B would be a good choice if you're looking for a higher star
2078,B,"Based on the information provided, I would recommend Option B - citizenM"
2079,B,"Based on the information provided and considering factors such as star rating, guest review"
2080,B,"Based on the information provided and considering factors such as star rating, guest review"
2081,B,"Based on the information provided, I would recommend Option B - citizenM"
2082,B,"Based on the information provided and considering factors such as star rating, guest review"
2083,A,I would recommend Option A - Hilton Garden Inn New York/West 3
2084,B,Option B is a good choice as it offers a higher star rating and lower price
2085,C,I would recommend Option C - Hyatt Centric Wall Street New York. It
2086,C,I would recommend Option C - Hyatt Centric Wall Street New York. It
2087,A,I would recommend Option A - Hilton Garden Inn New York/West 3
2088,C,C
2089,B,"Based on the information provided and considering factors such as star rating, guest review"
2090,C,"Based on the information provided, I would recommend Option C - Conrad New"
2091,C,I would recommend Option C - Conrad New York Downtown. Despite being
2092,A,I would recommend Option A - Hampton Inn Manhattan-SoHo.
2093,A,Option A is a good choice if you're looking for an affordable stay
2094,A,Option A is a good choice if you're looking for an affordable stay
2095,B,I would recommend Option B - Hard Rock Hotel New York. Although it is more
2096,A,I would recommend Option A - Aloft New York Chelsea. It has
2097,B,I would recommend Option B - Hard Rock Hotel New York. It has a higher
2098,A,I would recommend Option A - Aloft New York Chelsea. It has
2099,B,I would recommend Option B - Hard Rock Hotel New York. It has a higher
2100,B,I would recommend Option B - Hard Rock Hotel New York. Although it is more
2101,B,"Based on the information provided and considering factors such as star rating, neighborhood,"
2102,B,"Based on the information provided and considering factors such as star rating, guest review"
2103,B,"Based on the information provided and considering factors such as star rating, neighborhood,"
2104,B,"Based on the information provided and considering factors such as star rating, guest review"
2105,A,Option A would be a more cost-effective choice for a one-night
2106,A,Option A would be a more cost-effective choice for a one-night
2107,B,Option B
2108,B,Option B would be a great choice if budget is not an issue as it offers
2109,B,Option B
2110,B,"Based on the information provided and considering factors such as star rating, guest review"
2111,B,"Based on the information provided, I would recommend Option B - The Whitby"
2112,B,B
2113,B,Option B
2114,A,Option A seems to be a good balance between price and amenities for your one
2115,B,"Based on the information provided and considering factors such as location, amenities,"
2116,B,"Based on the information provided and considering factors such as price, location, amen"
2117,A,I would recommend choosing Option A (MADE Hotel) for a balance of price
2118,A,"Option A seems to be a good balance between price and amenities. However,"
2119,A,I would recommend choosing Option A - Hotel voco Times Square South. It has
2120,B,Option B would be a good choice as it offers breakfast and has a higher guest
2121,B,I would recommend Option B - Courtyard by Marriott Times Square West
2122,A,I would recommend choosing Option A - voco Times Square South. It has a
2123,A,I would recommend choosing Option A - voco Times Square South. It has a
2124,A,Option A
2125,B,"I would recommend Option B - The Pierre, A Taj Hotel. Despite being"
2126,B,"I would recommend Option B - The Pierre, A Taj Hotel. Although it"
2127,B,"I would recommend Option B - The Pierre, A Taj Hotel. Although it"
2128,A,Option A
2129,A,Option A
2130,B,"I would recommend Option B - The Pierre, A Taj Hotel. Although it"
2131,A,I would recommend Option A - Hampton Inn Manhattan Times Square Central. It
2132,A,I would recommend Option A - Hampton Inn Manhattan Times Square Central. It
2133,A,I would recommend Option A - Hampton Inn Manhattan Times Square Central. It
2134,A,I would recommend Option A - Hotel Hampton Inn Manhattan Times Square Central.
2135,A,I would recommend Option A - Hotel Hampton Inn Manhattan Times Square Central.
2136,A,I would recommend Option A - Hotel Hampton Inn Manhattan Times Square Central.
2137,A,Option A would be a great choice if you're looking for a more lux
2138,A,Option A would be my recommendation for a one-night stay in New York City
2139,A,Option A would be my recommendation for a one-night stay in New York City
2140,A,Option A would be my recommendation for a one-night stay in New York City
2141,A,I would recommend Option A - The Ned NoMad. It has a higher guest
2142,A,"Option A seems to offer a good balance of quality (star rating), amenities"
2143,A,Option A would be a good choice if budget is your primary concern as it offers
2144,A,Option A would be a more cost-effective choice for a one-night
2145,B,"Based on the given information, I would recommend Option B - Kimpton Muse"
2146,B,"Based on the information provided, I would recommend Option B - Kimpton Muse"
2147,B,"Based on the information provided, I would recommend Option B - Kimpton Muse"
2148,A,Option A would be a good choice if you are looking for an affordable stay
2149,B,"Based on the information provided, I would recommend Option B - Conrad New"
2150,B,"Based on the information provided and considering factors such as star rating, guest review"
2151,B,"Based on the information provided, I would recommend Option B - Conrad New"
2152,B,"Based on the information provided and considering factors such as star rating, guest review"
2153,B,"Based on the information provided and considering factors such as star rating, guest review"
2154,B,"Based on the information provided, I would recommend Option B - Conrad New"
2155,B,"Based on the information provided and considering factors such as star rating, guest review"
2156,B,Option B would be a good choice if you're looking for a balance between
2157,B,"Based on the information provided and considering factors such as star rating, guest review"
2158,B,"Based on the information provided and considering factors such as star rating, guest review"
2159,B,"Based on the information provided and considering factors such as star rating, guest review"
2160,B,Option B
2161,A,Option A
2162,A,Option A
2163,B,"Based on the information provided and considering factors such as location, guest review score"
2164,B,"Based on the information provided and considering factors such as star rating, guest review"
2165,B,"Based on the information provided and considering factors such as star rating, guest review"
2166,A,Based on the information provided and considering a balance between cost-effectiveness and
2167,B,Option B is a more cost-effective choice while still offering key amenities
2168,A,Option A
2169,A,Option A
2170,C,I would recommend Option C - The Ludlow Hotel. It has a high guest
2171,A,Option A
2172,B,Option B is a good balance between price and amenities. It offers free can
2173,C,I would recommend Option C - The Hoxton Williamsburg. It has a
2174,A,Option A
2175,C,I would recommend Option C - The Hoxton Williamsburg. It has a
2176,A,Option A
2177,B,"Based on the information provided and considering factors such as star rating, guest review"
2178,B,"Based on the information provided and considering factors such as star rating, guest review"
2179,B,Option B
2180,C,"I would recommend Option C - The Ritz-Carlton New York,"
2181,B,Option B is a great choice if you're looking for value and convenience in
2182,C,"I would recommend Option C - The Ritz-Carlton New York,"
2183,A,I would recommend Option A - Kimpton Hotel Eventi in Chelsea neighborhood
2184,B,"Based on the information provided and considering factors such as star rating, guest review"
2185,A,Option A
2186,C,I would recommend Option C - Conrad New York Downtown. Despite being
2187,A,Option A seems to be a good balance between price and amenities for your one
2188,A,Option A
2189,A,I would recommend Option A - Motto by Hilton New York City Chelse
2190,B,Option B is a good balance between price and amenities. It offers free breakfast
2191,A,Option A would be a good choice if you are looking for an affordable stay
2192,B,Option B would be a great choice if budget is not an issue as it offers
2193,B,Option B would be a great choice if budget is not an issue and you are
2194,B,"Based on the information provided and considering factors such as star rating, guest review"
2195,C,Option C would be a good choice as it offers a balance between price and amen
2196,B,"Based on the information provided, I would recommend Option B - Park Hyatt"
2197,A,Option A would be a more cost-effective choice for a one-night
2198,A,Option A seems to be a good balance between price and amenities for your one
2199,B,Option B would be a good choice as it offers free cancellation and is located
2200,B,"Based on the information provided and considering factors such as star rating, guest review"
2201,A,Option A would be a good choice if you are looking for a more affordable
2202,B,"Based on the information provided, I would recommend Option B - DoubleTree by"
2203,A,I would recommend Option A - Fairfield Inn & Suites New York Manhattan
2204,B,Option B would be a good choice if you're looking for a higher star
2205,B,"Based on the information provided, I would recommend Option B - The James New"
2206,C,I would recommend Option C - New York Marriott Downtown. It
2207,A,Option A would be a good choice if you're looking for an affordable
2208,B,I would recommend Option B - The James New York NoMad. Although it is
2209,B,"Based on the information provided and considering factors such as star rating, guest review"
2210,C,I would recommend Option C for a balance of good guest reviews and amenities at
2211,A,Option A would be a great choice if you're looking for luxury and
2212,B,"Based on the information provided and considering factors such as location, guest review score"
2213,C,C
2214,A,Option A would be a great choice if you're looking for luxury and
2215,C,I would recommend Option C - The Peninsula New York for its high star
2216,C,C
2217,C,I would recommend Option C - The Peninsula New York. Despite being more
2218,C,I would recommend Option C - The Peninsula New York. Despite being more
2219,C,Option C would be my choice for a one-night stay in New York City
2220,C,C
2221,A,I would recommend Option A - Kimpton Hotel Eventi in Chelsea neighborhood
2222,A,I would recommend Option A - Kimpton Hotel Eventi in Chelsea neighborhood
2223,B,Option B
2224,A,I would recommend choosing Option A - Kimpton Hotel Eventi in Chelsea
2225,A,Option A would be a good choice if you prioritize location and guest review
2226,B,"Based on the information provided and considering factors such as star rating, guest review"
2227,B,Option B is a great choice if you're looking for luxury and don
2228,B,Option B is a great choice if you're looking for luxury and are
2229,A,Option A would be a good choice if you are looking for an affordable stay
2230,A,Option A would be a good choice if you're looking for an affordable
2231,A,Option A would be a good choice if you're looking for a centr
2232,A,Option A would be a good choice if budget is a concern as it offers a
2233,C,I would recommend Option C - Fairfield Inn & Suites New York Manhattan
2234,B,"Based on the information provided and considering factors such as location, guest review score"
2235,B,I would recommend Option B - DoubleTree by Hilton New York Times Square West
2236,B,"Based on the information provided, I would recommend Option B - DoubleTree by"
2237,B,"Based on the information provided, I would recommend Option B - DoubleTree by"
2238,B,Option B would be a good choice as it offers free cancellation and includes breakfast
2239,C,I would recommend Option C - Mandarin Oriental New York for its higher star rating
2240,A,I would recommend Option A (citizenM New York Bowery) as it
2241,C,C
2242,A,Option A
2243,A,I would recommend Option A (citizenM New York Bowery) for a
2244,A,Option A
2245,A,Option A would be a more budget-friendly choice while still offering good amen
2246,A,Option A would be a more cost-effective choice for a one-night
2247,A,Option A would be a more cost-effective choice for a one-night
2248,B,"Based on the information provided and considering factors such as star rating, guest review"
2249,B,Option B
2250,B,"Based on the information provided and considering factors such as star rating, guest review"
2251,B,"Based on the information provided, I would recommend Option B - Sofitel New"
2252,A,Option A seems to be a good balance of price and amenities while also offering
2253,B,"Based on the information provided and considering factors such as star rating, guest review"
2254,A,Option A would be a good choice if you're looking for a more afford
2255,A,Option A would be a good choice if budget is a concern as it offers similar
2256,B,"Based on the information provided and considering factors such as star rating, guest review"
2257,C,I would recommend choosing Option C - Hyatt Regency Times Square. It has
2258,A,Option A
2259,C,I would recommend choosing Option C (Hyatt Regency Times Square). Although it
2260,A,I would recommend choosing Option A - DoubleTree by Hilton New York Times Square
2261,A,Option A
2262,A,I would recommend choosing Option A - DoubleTree by Hilton New York Times Square
2263,A,Option A would be a good choice if you're looking for a more budget
2264,A,Option A
2265,B,Option B would be a great choice if budget is not an issue as it offers
2266,C,I would recommend Option C - Fairfield Inn & Suites New York Manhattan
2267,B,Option B would be a great choice if budget is not an issue as it offers
2268,A,Option A would be a good choice if you are looking for an affordable stay
2269,B,Option B would be a good choice if you prioritize star rating and free
2270,B,I would recommend Option B - Hotel: CIVILIAN Hotel. It
2271,B,I would recommend Option B (CIVILIAN Hotel) for its higher
2272,C,I would recommend Option C - Holiday Inn Express Manhattan Midtown West.
2273,B,Option B would be a good choice if you're looking for a higher star
2274,B,I would recommend Option B - Hotel: CIVILIAN Hotel. Although
2275,A,Option A
2276,B,"Based on the information provided and considering factors such as star rating, guest review"
2277,B,"Based on the information provided and considering factors such as price, guest review score"
2278,B,"Based on the information provided, I would recommend Option B - Freehand New"
2279,B,"Based on the information provided, I would recommend Option B - Freehand New"
2280,B,"Based on the information provided and considering factors such as star rating, guest review"
2281,A,Option A
2282,A,I would recommend Option A - Virgin Hotels New York City. It has a
2283,A,Option A
2284,A,Option A would be a great choice if you're looking for a higher star
2285,A,Option A
2286,A,I would recommend Option A - Virgin Hotels New York City. It has a
2287,A,Option A seems to be a good balance between price and amenities while also offering
2288,A,I would recommend Option A - Fairfield Inn & Suites New York Manhattan
2289,A,I would recommend Option A - Fairfield Inn & Suites New York Manhattan
2290,B,"Based on the information provided, I would recommend Option B - W New York"
2291,C,I would recommend Option C - The Westin New York at Times Square. It
2292,B,"Based on the information provided and considering factors such as star rating, guest review"
2293,B,Option B
2294,B,Option B
2295,B,"Based on the information provided and considering factors such as price, amenities,"
2296,A,I would recommend Option A (Kimpton Muse Hotel) for its higher guest
2297,A,Option A
2298,A,I would recommend Option A - Kimpton Muse Hotel in Times Square for a one
2299,C,I would recommend Option C - Residence Inn New York Downtown Manhattan
2300,B,"Based on the information provided, I would recommend Option B - Hotel: C"
2301,C,I would recommend Option C - Residence Inn New York Downtown Manhattan
2302,B,"Based on the information provided, I would recommend Option B - Hotel: C"
2303,B,"Based on the information provided, I would recommend Option B - CIVI"
2304,A,Option A
2305,A,Option A would be a good choice if budget is a priority and breakfast inclusion is
2306,A,Option A would be a more cost-effective choice for a one-night
2307,B,Option B would be a great choice if budget is not an issue as it offers
2308,B,Option B would be a great choice if budget is not an issue as it offers
2309,B,Option B would be a great choice if budget is not an issue as it offers
2310,B,Option B would be a great choice if budget is not an issue and you are
2311,A,I would recommend Option A - Hotel Nine Orchard. It has a
2312,A,"Based on the information provided, I would recommend Option A (Nine Or"
2313,A,Option A would be my recommendation for a one-night stay in New York City
2314,B,"Based on the information provided and considering factors such as star rating, guest review"
2315,A,Option A
2316,A,Option A would be a great choice if you're looking for a higher star
2317,B,"Based on the information provided, I would recommend Option B - Pod Brooklyn"
2318,B,"Based on the information provided, I would recommend Option B - Pod Brooklyn"
2319,B,"Based on the information provided and considering factors such as location, guest review score"
2320,B,"Based on the information provided, I would recommend Option B - Pod Brooklyn"
2321,B,"Based on the information provided and considering factors such as location, guest review score"
2322,B,"Based on guest review scores and price per night, I would recommend Option B"
2323,B,"Based on the information provided and considering factors such as star rating, guest review"
2324,B,"Based on the information provided and considering factors such as price, amenities,"
2325,B,"Based on the information provided and considering factors such as price, guest review score"
2326,A,Option A
2327,B,"Based on the information provided and considering factors such as star rating, guest review"
2328,B,Option B
2329,A,Option A
2330,C,I would recommend Option C (Hyatt House New York/Chelsea)
2331,C,I would recommend Option C (Hyatt House New York/Chelsea)
2332,C,I would recommend Option C - Hyatt House New York/Chelsea.
2333,C,I would recommend Option C - Hyatt House New York/Chelsea.
2334,C,"Based on the information provided, I would recommend Option C (Hyatt House"
2335,B,Option B
2336,B,"Based on the information provided, I would recommend Option B - 1 Hotel"
2337,B,"Based on the information provided, I would recommend Option B - 1 Hotel"
2338,B,I would recommend Option B - 1 Hotel Brooklyn Bridge. It has a
2339,B,"Based on the information provided, I would recommend Option B - 1 Hotel"
2340,C,"I would recommend Option C - The Boro Hotel in Long Island City, Queens"
2341,C,I would recommend Option C - Courtyard by Marriott New York Dow
2342,A,Option A
2343,B,Option B would be a good choice if you're looking for more amenities
2344,C,I would recommend Option C - Courtyard by Marriott New York Dow
2345,A,I would recommend Option A - Hotel Pod 39 in Murray Hill neighborhood for
2346,B,Option B
2347,C,I would recommend Option C - Hampton Inn Manhattan/Times Square South.
2348,C,I would recommend Option C - Hampton Inn Manhattan/Times Square South.
2349,A,Option A
2350,C,"Based on the information provided, I would recommend Option C (Hampton"
2351,C,I would recommend Option C - Hampton Inn Manhattan/Times Square South.
2352,B,"Based on the information provided and considering factors such as location, amenities,"
2353,A,"Based on the information provided, I would recommend Option A - The Wall Street"
2354,B,"Based on the information provided and considering factors such as star rating, guest review"
2355,A,I would recommend Option A - The Wall Street Hotel. It has a higher star
2356,B,"Based on the information provided and considering factors such as star rating, guest review"
2357,A,I would recommend Option A - The Wall Street Hotel. Although it is more expensive
2358,A,I would recommend Option A - The Wall Street Hotel. It has a higher star
2359,A,I would recommend Option A (Ace Hotel Brooklyn) for its higher guest
2360,A,Option A would be a good choice as it has higher guest review scores and is
2361,A,I would recommend Option A - Hotel: Ace Hotel Brooklyn. It has
2362,A,Option A would be my recommendation for a one-night stay in New York City
2363,A,Option A
2364,A,I would recommend choosing Option A - The Ace Hotel Brooklyn. It has
2365,B,I would recommend Option B as it has a higher guest review score and offers free
2366,A,I would recommend Option A - Hotel Courtyard by Marriott New York
2367,C,I would recommend Option C - Best Western Plus Hospitality House Suites. It
2368,A,"I would recommend choosing Option A as it offers a good balance of price, amen"
2369,B,I would recommend Option B as it has a higher guest review score and offers free
2370,A,I would recommend Option A - Courtyard by Marriott New York Manh
2371,B,I would recommend Option B - W New York - Union Square. It has a
2372,A,Option A would be a good choice if you are looking for an affordable stay
2373,B,Option B would be a good choice if budget is not an issue and you prefer
2374,A,Option A would be a good choice if you're looking for an affordable
2375,A,Option A
2376,A,Option A seems to be a good balance between price and amenities while also offering
2377,A,Option A would be a great choice if you're looking for luxury and
2378,B,"Based on the information provided and considering factors such as star rating, guest review"
2379,A,Option A would be a great choice if budget is not an issue and you are
2380,B,"Based on the information provided and considering factors such as star rating, guest review"
2381,B,"Based on the information provided and considering factors such as star rating, guest review"
2382,B,"Based on the information provided and considering factors such as star rating, guest review"
2383,B,Option B would be a good choice if you're looking for a higher star
2384,B,"Based on the information provided, I would recommend Option B - Hyatt Cent"
2385,A,I would recommend Option A - The Hotel at Fifth Avenue. It offers a
2386,B,"Based on the information provided, I would recommend Option B - Hyatt Cent"
2387,B,"Based on the information provided, I would recommend Option B - Hyatt Cent"
2388,B,Option B would be a good choice if you're looking for a higher star
2389,A,Option A
2390,A,Option A
2391,B,"Option B is a good balance between price and amenities. However, if budget"
2392,B,Option B would be a good balance between cost and amenities for most travelers
2393,B,Option B
2394,B,"Based on the information provided and considering factors such as star rating, guest review"
2395,A,Option A
2396,A,I would recommend Option A - Hard Rock Hotel New York. It has a good
2397,C,I would recommend Option C - The Marlton Hotel in Greenwich Village for
2398,A,I would recommend Option A - Hard Rock Hotel New York. It has a good
2399,C,C
2400,C,I would recommend Option C - The Marlton Hotel in Greenwich Village for
2401,B,"Based on the information provided and considering factors such as star rating, guest review"
2402,B,Option B
2403,B,Option B is a great choice if budget isn't an issue and you want
2404,B,"Based on the information provided and considering factors such as star rating, guest review"
2405,B,"Based on the information provided and considering factors such as star rating, guest review"
2406,B,"Based on the information provided and considering factors such as star rating, guest review"
2407,B,"Based on the information provided and considering factors such as star rating, guest review"
2408,A,I would recommend Option A - Hilton Garden Inn New York/West 3
2409,A,Option A would be a good choice if budget is a concern as it offers reasonable
2410,B,Option B
2411,B,Option B
2412,A,Option A
2413,C,"Based on the information provided, I would recommend Option C - The Mercer"
2414,C,Option C
2415,C,"Based on the information provided, I would recommend Option C - The Mercer"
2416,C,I would recommend Option C - The Mercer in SoHo neighborhood. Despite
2417,C,"Based on the information provided, I would recommend Option C - The Mercer"
2418,B,"Based on the information provided and considering factors such as star rating, guest review"
2419,B,"Based on the information provided and considering factors such as star rating, guest review"
2420,B,"Based on the information provided, I would recommend Option B - citizenM"
2421,B,"Based on the information provided and considering factors such as star rating, guest review"
2422,B,"Based on the information provided, I would recommend Option B - citizenM"
2423,B,Option B
2424,B,"Based on the information provided, I would recommend Option B - citizenM"
2425,B,"Based on the information provided, I would recommend Option B - Four Seasons"
2426,B,Option B
2427,B,Option B
2428,B,Option B
2429,B,I would recommend Option B - Four Seasons Hotel New York Downtown.
2430,B,"Based on the information provided, I would recommend Option B - Four Seasons"
2431,B,I would recommend Option B - Hyatt Grand Central New York for its higher guest
2432,B,"Based on the information provided, I would recommend Option B - Hyatt Grand"
2433,A,I would recommend Option A - Sheraton New York Times Square Hotel. It has
2434,B,"Based on the information provided, I would recommend Option B - Hyatt Grand"
2435,B,"Based on the information provided, I would recommend Option B - Hyatt Grand"
2436,B,"Based on the information provided and considering factors such as location, price, guest"
2437,B,Option B
2438,B,Option B
2439,B,Option B
2440,B,Option B
2441,B,Option B would be a good balance between cost and amenities for most travelers
2442,B,Option B
2443,A,Option A would be my recommendation for a one-night stay in New York City
2444,A,Option A would be a great choice if budget is not an issue and you are
2445,A,Option A would be a great choice if budget is not an issue and you are
2446,B,"Based on the information provided and considering factors such as star rating, guest review"
2447,A,Option A would be a great choice if budget is not an issue and you are
2448,A,Option A would be my recommendation for a one-night stay in New York City
2449,C,I would recommend Option C - The Standard High Line. It has a higher star
2450,B,Option B would be a good choice if breakfast is important to you and you'
2451,C,I would recommend Option C - The Standard High Line. Although it is more expensive
2452,C,I would recommend Option C - The Standard High Line. It has a higher star
2453,B,I would recommend Option B - Hilton Garden Inn New York/Times Square.
2454,A,Option A is the most suitable choice for a one-night stay in New York
2455,A,Option A would be a great choice if you're looking for luxury and
2456,A,Option A would be my recommendation for a one-night stay in New York City
2457,B,"Based on the information provided and considering factors such as star rating, guest review"
2458,A,Option A would be a great choice if you're looking for luxury and
2459,B,"Based on the information provided and considering factors such as star rating, guest review"
2460,B,"Based on the information provided and considering factors such as star rating, guest review"
2461,B,"Based on the information provided and considering factors such as star rating, guest review"
2462,B,"Based on the information provided and considering factors such as star rating, guest review"
2463,B,"Based on the information provided and considering factors such as star rating, guest review"
2464,C,I would recommend Option C - The Standard East Village. It has a higher guest
2465,C,I would recommend Option C - The Standard East Village. It has a higher guest
2466,B,I would recommend Option B - Hyatt Grand Central New York. Although it is
2467,B,Option B is a good choice as it offers free cancellation and breakfast included at
2468,A,I would recommend Option A - Moxy NYC Lower East Side. It
2469,A,"Based on the information provided, I would recommend Option A - Moxy"
2470,A,Option A
2471,C,"I would recommend Option C - The Boro Hotel in Long Island City, Queens"
2472,C,"I would recommend Option C - The Boro Hotel in Long Island City, Queens"
2473,B,Option B
2474,B,Option B is a good balance between price and amenities. It has a higher
2475,B,Option B would be a good choice if you're looking for a balance between
2476,C,Option C would be a great choice if budget is not an issue as it offers
2477,C,I would recommend Option C - Conrad New York Downtown. It offers
2478,C,Option C would be a great choice if budget is not an issue as it offers
2479,B,"Based on the information provided, I would recommend Option B - Kimpton Th"
2480,B,"Based on the information provided and considering factors such as location, guest review score"
2481,B,"Based on the information provided and considering factors such as price, guest review score"
2482,B,"Based on the information provided, I would recommend Option B - Kimpton Th"
2483,A,I would recommend choosing Option A - LUMA Hotel Times Square. It has
2484,A,I would recommend Option A - LUMA Hotel Times Square. It has a
2485,A,Option A seems to be a good balance between price and guest review score while offering
2486,C,I would recommend Option C - The Williamsburg Hotel. It has a higher star
2487,C,"I would recommend Option C - The Williamsburg Hotel in Williamsburg, Brooklyn"
2488,B,"Based on the information provided, I would recommend Option B - Fairfield Inn"
2489,A,I would recommend Option A (Radio Hotel) as it offers a good balance between
2490,C,"I would recommend Option C - The Williamsburg Hotel in Williamsburg, Brooklyn"
2491,A,Option A would be a good choice if you're looking for a more afford
2492,A,Option A
2493,A,Option A
2494,A,I would recommend Option A - Broadway Plaza Hotel. It has a high guest
2495,C,I would recommend Option C - DoubleTree by Hilton New York Times Square South
2496,A,I would recommend Option A - Broadway Plaza Hotel. It has a high guest
2497,A,Option A
2498,A,Option A
2499,B,Option B
2500,A,Option A
2501,A,Option A
2502,A,Option A would be a more cost-effective choice for a one-night
2503,B,"Based on the information provided and considering factors such as star rating, guest review"
2504,B,"Based on the information provided and considering factors such as star rating, guest review"
2505,B,Option B would be a good choice if you're looking for value and convenience
2506,C,I would recommend Option C - Lotte New York Palace. Despite being more expensive
2507,A,Option A
2508,C,I would recommend Option C - Lotte New York Palace. Despite being more expensive
2509,A,I would recommend Option A - Residence Inn New York Manhattan/Mid
2510,B,"Based on the information provided and considering factors such as price, location, guest"
2511,B,"Based on the information provided and considering factors such as price, guest review score"
2512,C,"Based on guest review scores and price per night, I would recommend Option C"
2513,A,I would recommend Option A - Residence Inn New York Manhattan/Mid
2514,B,"Based on the information provided and considering factors such as price, location, guest"
2515,A,Option A
2516,A,Option A
2517,B,"Based on the information provided, I would recommend Option B - Hampton Inn"
2518,B,"Based on the information provided, I would recommend Option B - Hampton Inn"
2519,A,Option A
2520,B,"Based on the information provided, I would recommend Option B - Hampton Inn"
2521,B,"Based on the information provided and considering factors such as star rating, guest review"
2522,C,Option C
2523,A,Option A
2524,B,"Based on the information provided and considering factors such as star rating, guest review"
2525,C,Option C would be a great choice if budget is not an issue as it offers
2526,C,I would recommend Option C - The Greenwich Hotel. Despite being more expensive than
2527,A,Option A would be a good choice if you prefer to stay in Midtown and
2528,A,I would recommend Option A - The Hotel at Fifth Avenue. It has a
2529,A,"Based on the information provided, I would recommend Option A - The Hotel at"
2530,B,"Based on the information provided, I would recommend Option B - Holiday Inn"
2531,A,Option A
2532,A,Option A would be a good choice if you are looking for a more affordable
2533,B,"Based on the information provided and considering factors such as star rating, guest review"
2534,B,"Based on the information provided and considering factors such as star rating, guest review"
2535,B,"Based on the information provided and considering factors such as star rating, guest review"
2536,B,"Based on the information provided and considering factors such as star rating, guest review"
2537,B,"Based on the information provided and considering factors such as star rating, guest review"
2538,A,Option A would be a great choice if budget is not an issue and you are
2539,A,I would recommend choosing Option A - Hotel: citizenM New York Bowery
2540,A,I would recommend choosing Option A - Hotel: citizenM New York Bowery
2541,A,I would recommend choosing Option A - Hotel: citizenM New York Bowery
2542,A,Option A
2543,A,Option A
2544,A,I would recommend Option A - citizenM New York Bowery. It has
2545,A,I would recommend choosing Option A - Hotel Hampton Inn Manhattan Grand Central.
2546,A,I would recommend Option A - Hotel Hampton Inn Manhattan Grand Central. It
2547,A,I would recommend choosing Option A - Hampton Inn Manhattan Grand Central. It
2548,C,I would recommend choosing Option C - The Renwick Hotel. It has a higher
2549,C,I would recommend Option C - The Renwick Hotel. It has a higher star
2550,A,I would recommend choosing Option A - Hampton Inn Manhattan Grand Central. It
2551,C,I would recommend Option C - Renaissance New York Midtown Hotel. Although it does
2552,A,I would recommend Option A - Courtyard by Marriott Times Square West
2553,B,"Based on the information provided, I would recommend Option B - Sheraton Trib"
2554,A,I would recommend Option A - Courtyard by Marriott Times Square West
2555,B,Option B is a good balance between price and amenities. It has a higher
2556,A,Option A would be a good choice if budget is a priority and breakfast included in
2557,B,"Based on the information provided and considering factors such as star rating, guest review"
2558,A,Option A seems to be a good balance of price and amenities for your one
2559,A,Option A would be a good choice as it offers free cancellation and breakfast included
2560,B,I would recommend Option B - The Fifth Avenue Hotel. Although it is more
2561,B,I would recommend Option B - The Fifth Avenue Hotel. Although it is more
2562,A,Option A would be a more cost-effective choice for a one-night
2563,B,"Based on the information provided, I would recommend Option B - DoubleTree by"
2564,C,I would recommend Option C as it offers a higher guest review score and includes breakfast
2565,B,Option B would be a good choice as it has a higher star rating and is
2566,A,Option A would be a good choice if you prioritize breakfast and free can
2567,B,"Based on the information provided, I would recommend Option B - DoubleTree by"
2568,B,Option B is a better choice as it offers more amenities including breakfast and free
2569,B,"Based on the information provided, I would recommend Option B - Ink"
2570,C,C
2571,B,Option B
2572,B,Option B would be a great choice if budget is not an issue as it offers
2573,B,Option B
2574,B,Option B would be a great choice if budget is not an issue as it offers
2575,A,I would recommend Option A - The Dominick Hotel in SoHo neighborhood.
2576,A,Option A would be my recommendation for a one-night stay in New York City
2577,B,Option B
2578,A,Option A
2579,A,Option A would be my recommendation for a one-night stay in New York City
2580,A,Option A would be my recommendation for a one-night stay in New York City
2581,A,Option A
2582,A,Option A
2583,A,I would recommend Option A - Hotel: Casablanca Hotel by Library Hotel
2584,A,I would recommend Option A - Hotel Casablanca Hotel by Library Hotel Collection
2585,A,I would recommend Option A - Hotel Casablanca Hotel by Library Hotel Collection
2586,A,I would recommend Option A - Hotel Casablanca Hotel by Library Hotel Collection
2587,B,Option B
2588,A,Option A
2589,A,Option A
2590,B,"Based on the information provided and considering factors such as star rating, guest review"
2591,B,Option B
2592,A,Option A would be a good choice if you are looking for an affordable stay
2593,A,Option A would be a good choice if budget is a priority and breakfast isn'
2594,A,I would recommend Option A - Hyatt House New York/Chelsea.
2595,C,I would recommend Option C - Renaissance New York Midtown Hotel. It offers a
2596,A,Option A
2597,A,I would recommend Option A - Hyatt House New York/Chelsea.
2598,C,I would recommend Option C - Renaissance New York Midtown Hotel. It has a
2599,A,Option A seems to be a better choice due to its higher guest review score and
2600,A,Option A
2601,A,Option A
2602,A,I would recommend Option A - Hilton Garden Inn New York/Midtown
2603,A,Option A
2604,A,Option A
2605,B,"Based on the information provided and considering factors such as star rating, guest review"
2606,B,Option B would be a great choice if budget is not an issue and you are
2607,B,I would recommend Option B - Sofitel New York. Although it is more expensive
2608,B,"Based on the information provided, I would recommend Option B - Sofitel New"
2609,B,"Based on the information provided, I would recommend Option B - Sofitel New"
2610,B,Option B would be a great choice if budget is not an issue and you are
2611,A,Option A
2612,B,"Based on the information provided and considering factors such as star rating, guest review"
2613,B,"Based on the information provided and considering factors such as star rating, guest review"
2614,A,Option A
2615,A,Option A would be a good choice if you prioritize location and higher guest
2616,B,Option B
2617,B,I would recommend Option B - The Crosby Street Hotel in SoHo
2618,B,Option B
2619,B,"Based on the information provided, I would recommend Option B - The Cros"
2620,A,Option A
2621,B,Option B would be a great choice if budget is not an issue and you are
2622,B,"Based on the information provided, I would recommend Option B - The Cros"
2623,B,"Based on the information provided and considering factors such as star rating, guest review"
2624,A,"Based on the information provided, I would recommend Option A - InterContinental"
2625,A,I would recommend Option A - InterContinental New York Times Square for its higher
2626,A,Option A would be a great choice if budget is not an issue and you prefer
2627,A,Option A would be my recommendation for a one-night stay in New York City
2628,A,Option A
2629,A,I would recommend choosing Option A - Moxy NYC Lower East Side.
2630,C,I would recommend Option C - The Ludlow Hotel. It has a higher star
2631,C,I would recommend Option C - The Ludlow Hotel. It has a higher star
2632,C,I would recommend Option C - The Ludlow Hotel. Although it is more expensive
2633,C,I would recommend Option C - The Ludlow Hotel. It has a higher star
2634,C,I would recommend Option C - The Ludlow Hotel. Although it is more expensive
2635,B,Option B
2636,B,"Based on the information provided and considering factors such as star rating, guest review"
2637,B,"Based on the information provided and considering factors such as star rating, guest review"
2638,B,"Based on the information provided and considering factors such as star rating, guest review"
2639,B,Option B
2640,B,Option B
2641,A,Option A
2642,C,C
2643,C,I would recommend Option C - Conrad New York Midtown. Although it is
2644,C,I would recommend Option C - Conrad New York Midtown. Despite being more
2645,C,I would recommend Option C - Conrad New York Midtown. Despite being more
2646,A,Option A
2647,A,Option A
2648,A,I would recommend Option A - Hotel: Embassy Suites Manhattan Times
2649,A,I would recommend Option A - Embassy Suites Manhattan Times Square.
2650,A,I would recommend Option A - Hotel: Embassy Suites Manhattan Times
2651,B,"Based on the information provided and considering factors such as location, guest review score"
2652,A,Option A
2653,C,I would recommend Option C - Arlo Midtown. It has a higher guest
2654,B,"Based on the information provided, I would recommend Option B - Kimpton Muse"
2655,B,"Based on the information provided, I would recommend Option B - Kimpton Muse"
2656,B,"Based on the information provided and considering factors such as star rating, guest review"
2657,B,"Based on the information provided and considering factors such as star rating, guest review"
2658,B,"Based on the information provided and considering factors such as star rating, guest review"
2659,A,Option A would be a good choice if you prioritize location and amenities
2660,B,"Based on the information provided and considering factors such as star rating, guest review"
2661,A,I would recommend choosing Option A - Motto by Hilton New York City Ch
2662,A,Option A would be a better choice for most travelers due to its higher star
2663,A,Option A
2664,B,"Based on the information provided and considering factors such as star rating, guest review"
2665,A,"Based on the information provided, I would recommend Option A - Hampton Inn"
2666,A,I would recommend Option A - Hampton Inn Manhattan/Times Square South.
2667,A,Option A
2668,A,Option A
2669,B,"Based on the information provided and considering factors such as location, guest review score"
2670,B,"Based on the information provided, I would recommend Option B as it offers a"
2671,B,"Based on the information provided and considering factors such as star rating, guest review"
2672,B,"Based on the information provided and considering factors such as star rating, guest review"
2673,A,Option A
2674,B,"Based on the information provided and considering factors such as star rating, guest review"
2675,A,I would recommend Option A - The New York EDITION. It has a higher
2676,B,"Based on the information provided and considering factors such as star rating, guest review"
2677,A,I would recommend Option A - MADE Hotel. It has a good guest review
2678,A,Option A
2679,A,I would recommend Option A - MADE Hotel. It has a good guest review
2680,A,Option A
2681,A,Option A
2682,A,Option A
2683,A,Option A would be a good choice if you're looking for an affordable
2684,B,Option B
2685,B,"Based on the information provided, I would recommend Option B - The Beek"
2686,B,Option B
2687,B,Option B
2688,A,Option A
2689,B,"Based on the information provided and considering factors such as star rating, guest review"
2690,B,"Based on the information provided, I would recommend Option B - citizenM"
2691,B,Option B would be a great choice for your stay in New York City. It
2692,B,"Based on the information provided, I would recommend Option B - citizenM"
2693,B,"Based on the information provided, I would recommend Option B - citizenM"
2694,B,"Based on the information provided, I would recommend Option B - citizenM"
2695,B,I would recommend Option B - The Hotel Chelsea. It has a higher
2696,B,"Based on the information provided, I would recommend Option B - The Hotel Ch"
2697,A,I would recommend Option A - Hotel New York Hilton Midtown. It has
2698,B,"Based on the information provided, I would recommend Option B - The Hotel Ch"
2699,C,I would recommend Option C - Residence Inn New York Manhattan/Times Square
2700,B,I would recommend Option B - The Hotel Chelsea. It has a higher
2701,B,B
2702,A,I would recommend choosing Option A - The Wall Street Hotel. It has a high
2703,B,"Based on the information provided, I would recommend Option B - The Beek"
2704,B,Option B would be a great choice if budget is not an issue and you are
2705,B,"Based on the information provided, I would recommend Option B - The Beek"
2706,A,Option A
2707,A,I would recommend choosing Option A - Radio Hotel in Washington Heights. It has
2708,B,Option B is a better choice as it offers more amenities and has a higher
2709,B,I would recommend Option B - Hotel Indigo NYC Financial District.
2710,A,I would recommend Option A - Radio Hotel in Washington Heights. It has a
2711,A,Option A
2712,A,Option A
2713,B,Option B would be a good choice if you're looking for a higher star
2714,B,"Based on the information provided and considering factors such as star rating, guest review"
2715,B,Option B would be a good choice if you are looking for higher star rating and
2716,B,Option B would be a good choice if you're looking for a higher star
2717,B,Option B would be a good choice as it offers a higher star rating and more
2718,B,Option B would be a good choice as it offers a higher star rating and more
2719,A,I would recommend choosing Option A - Hampton Inn Manhattan Grand Central. It
2720,A,Option A
2721,A,I would recommend Option A - Hampton Inn Manhattan Grand Central. It has
2722,A,I would recommend Option A - Hotel Hampton Inn Manhattan Grand Central. It
2723,A,I would recommend Option A - Hampton Inn Manhattan Grand Central. It has
2724,A,I would recommend Option A - Hampton Inn Manhattan Grand Central. It has
2725,C,"Based on the information provided, I would recommend Option C - Arlo Mid"
2726,B,"Based on the information provided, I would recommend Option B - Freehand New"
2727,B,"Based on the information provided, I would recommend Option B - Freehand New"
2728,B,"Based on the information provided, I would recommend Option B - Freehand New"
2729,B,"Based on the information provided, I would recommend Option B - Freehand New"
2730,B,"Based on the information provided, I would recommend Option B - Freehand New"
2731,A,Option A
2732,B,Option B would be a great choice if budget is not an issue as it offers
2733,B,Option B
2734,B,Option B
2735,A,Option A
2736,B,Option B
2737,B,"Based on the information provided and considering factors such as star rating, guest review"
2738,A,Option A
2739,B,"Based on the information provided and considering factors such as star rating, guest review"
2740,C,"Based on the information provided, I would recommend Option C - Conrad New"
2741,B,"Based on the information provided and considering factors such as star rating, guest review"
2742,B,"Based on the information provided, I would recommend Option B - The Standard East"
2743,B,"Based on the information provided and considering factors such as location, guest review score"
2744,B,I would recommend Option B - Hampton Inn Manhattan Grand Central. Although it
2745,B,"Based on the information provided, I would recommend Option B - Hampton Inn"
2746,A,Option A would be a good choice if budget is a priority and free cancellation
2747,B,"Based on guest review scores and price considerations, I would recommend Option B"
2748,B,"Based on the information provided, I would recommend Option B - Hampton Inn"
2749,B,"Based on guest review scores and price per night, I would recommend Option B"
2750,B,"Based on guest review scores and price per night, I would recommend Option B"
2751,B,"Based on guest review scores and price per night, I would recommend Option B"
2752,B,"Based on guest review scores and price per night, I would recommend Option B"
2753,B,"Based on guest review scores and price per night, I would recommend Option B"
2754,B,"Based on guest review scores and price per night, I would recommend Option B"
2755,A,I would recommend choosing Option A - Hampton Inn Manhattan Grand Central. It
2756,A,I would recommend choosing Option A - Hampton Inn Manhattan Grand Central. It
2757,B,"Based on the information provided, I would recommend Option B - Hilton Garden"
2758,A,I would recommend choosing Option A - Hotel Hampton Inn Manhattan Grand Central.
2759,A,I would recommend choosing Option A - Hampton Inn Manhattan Grand Central. It
2760,A,I would recommend choosing Option A - Hampton Inn Manhattan Grand Central. It
2761,B,I would recommend Option B - AC Hotel New York Downtown. It has
2762,B,"Based on the information provided, I would recommend Option B - AC Hotel New"
2763,B,Option B would be a good choice as it has a higher star rating and guest
2764,B,"Based on the information provided, I would recommend Option B - AC Hotel New"
2765,B,"Based on the information provided, I would recommend Option B - AC Hotel New"
2766,B,Option B would be a good choice if budget is not an issue and you prefer
2767,A,I would recommend Option A - Arlo NoMad. It has a higher star
2768,A,I would recommend Option A - Arlo NoMad. It has a higher star
2769,C,I would recommend Option C (Tempo by Hilton New York Times Square)
2770,A,I would recommend choosing Option A - Arlo NoMad. It has a higher
2771,C,"Based on the information provided, I would recommend Option C (Tempo by"
2772,A,I would recommend Option A (Arlo NoMad) for its higher guest review
2773,A,Option A
2774,B,"Based on the information provided and considering factors such as star rating, guest review"
2775,B,Option B
2776,B,Option B
2777,B,Option B
2778,B,Option B
2779,B,Option B
2780,A,Option A seems to be a good balance between price and amenities for your one
2781,C,C
2782,C,I would recommend Option C - The Peninsula New York. Despite being more
2783,C,I would recommend Option C - The Peninsula New York. Despite being more
2784,C,"Based on the information provided, I would recommend Option C - The Penins"
2785,B,Option B would be a good choice if you're looking for a higher star
2786,A,I would recommend Option A (Holiday Inn Manhattan-Chelsea
2787,B,"Based on the information provided and considering factors such as star rating, guest review"
2788,B,Option B would be a good choice if you're looking for more amenities
2789,A,Option A would be a good choice if budget is a primary concern as it offers
2790,B,Option B would be a good choice as it offers more amenities and is located
2791,A,Option A
2792,A,I would recommend Option A - InterContinental New York Barclay. It
2793,B,"Based on the information provided and considering factors such as star rating, guest review"
2794,A,I would recommend Option A - InterContinental New York Barclay. It
2795,A,Option A
2796,A,I would recommend Option A - InterContinental New York Barclay. It
2797,A,I would recommend choosing Option A - MADE Hotel. It has a higher guest
2798,A,Option A seems to be a better choice considering its higher guest review score and amen
2799,A,I would recommend Option A - MADE Hotel in Midtown for a one-
2800,A,Option A
2801,A,Option A
2802,A,Option A seems to be a good balance between price and amenities. It has
2803,B,"Based on the information provided and considering factors such as star rating, guest review"
2804,B,"Based on the information provided and considering factors such as star rating, guest review"
2805,B,"Based on the information provided, I would recommend Option B - Virgin Hotels"
2806,B,"Based on the information provided, I would recommend Option B - Virgin Hotels"
2807,B,Option B
2808,A,Option A
2809,A,Option A
2810,A,Option A
2811,B,"Based on the information provided and considering factors such as star rating, guest review"
2812,A,Option A
2813,B,Option B would be a great choice if budget is not an issue as it offers
2814,B,"Based on the information provided and considering factors such as star rating, guest review"
2815,C,I would recommend Option C - Loews Regency Hotel New York. It
2816,A,Option A seems to be a good balance between price and amenities while also offering
2817,C,C
2818,C,"Based on guest review scores and amenities offered, I would recommend Option C"
2819,C,I would recommend Option C - Loews Regency Hotel New York. Despite
2820,C,I would recommend Option C - Loews Regency Hotel New York. It
2821,A,"Based on the information provided, I would recommend Option A - Kimpton Hotel"
2822,A,I would recommend choosing Option A - Kimpton Hotel Eventi in Chelsea
2823,A,I would recommend choosing Option A - Kimpton Hotel Eventi in Chelsea
2824,A,I would recommend choosing Option A - Kimpton Hotel Eventi in Chelsea
2825,A,I would recommend Option A - Kimpton Hotel Eventi in Chelsea neighborhood
2826,A,I would recommend choosing Option A - Kimpton Hotel Eventi in Chelsea
2827,A,Option A would be my recommendation for a one-night stay in New York City
2828,A,Option A would be my recommendation for a one-night stay in New York City
2829,A,Option A would be my recommendation for a one-night stay in New York City
2830,A,Option A would be my recommendation for a one-night stay in New York City
2831,A,I would recommend choosing Option A - Hotel Casablanca Hotel by Library Hotel
2832,A,I would recommend Option A - Hotel Casablanca Hotel by Library Hotel Collection
2833,A,Option A
2834,B,"Based on the information provided and considering factors such as star rating, guest review"
2835,A,Option A would be a good choice if you are looking for a higher star rating
2836,A,Option A
2837,B,"Based on the information provided and considering factors such as star rating, neighborhood,"
2838,B,"Based on the information provided and considering factors such as star rating, guest review"
2839,A,Option A would be a more cost-effective choice for a one-night
2840,B,Option B is a good balance between price and quality. It has a higher star
2841,A,Option A would be a more cost-effective choice for a one-night
2842,A,Option A would be a more cost-effective choice for a one-night
2843,B,Option B would be a good choice if you're looking for a higher star
2844,A,Option A would be a more cost-effective choice for a one-night
2845,A,Option A
2846,A,Option A
2847,A,I would recommend Option A - Hilton Garden Inn New York/West 3
2848,B,"Based on the information provided, I would recommend Option B - DoubleTree by"
2849,A,Option A
2850,B,"Based on the information provided, I would recommend Option B - DoubleTree by"
2851,A,"Based on the information provided, I would recommend Option A - Hotel: A"
2852,A,Option A would be a good choice if you prefer staying in Brooklyn and
2853,A,I would recommend Option A - Hotel: Ace Hotel Brooklyn. It has
2854,A,I would recommend Option A - Hotel: Ace Hotel Brooklyn. It has
2855,A,I would recommend Option A - Hotel: Ace Hotel Brooklyn. It has
2856,A,"Based on the information provided, I would recommend Option A - The Ace"
2857,B,I would recommend Option B - Renaissance New York Midtown Hotel. Although it is
2858,B,"Based on the information provided, I would recommend Option B - Renaissance New York"
2859,B,I would recommend Option B - Renaissance New York Midtown Hotel. Although it is
2860,B,"Based on the information provided, I would recommend Option B - Renaissance New York"
2861,B,"Based on the information provided and considering factors such as price, guest review score"
2862,B,"Based on the information provided, I would recommend Option B - Renaissance New York"
2863,A,Option A would be my recommendation for a one-night stay in New York City
2864,A,Option A would be my recommendation for a one-night stay in New York City
2865,A,Option A would be my recommendation for a one-night stay in New York City
2866,A,Option A would be my recommendation for a one-night stay in New York City
2867,A,Option A would be my recommendation for a one-night stay in New York City
2868,A,Option A would be my recommendation for a one-night stay in New York City
2869,B,"Based on guest review scores and price per night, I would recommend Option B"
2870,B,"Based on guest review scores and price considerations, I would recommend Option B"
2871,A,I would recommend Option A - DoubleTree by Hilton New York Times Square South
2872,C,I would recommend Option C - New York Marriott Downtown. It
2873,B,"Based on guest review scores and price considerations, I would recommend Option B"
2874,B,I would recommend Option B - The Hoxton Williamsburg. Although it is
2875,A,I would recommend Option A - Hampton Inn Manhattan-Chelsea.
2876,A,I would recommend Option A - Hampton Inn Manhattan-Chelsea.
2877,A,I would recommend Option A - Hampton Inn Manhattan-Chelsea.
2878,A,Option A seems to be a good balance between price and amenities. It has
2879,A,I would recommend Option A - Hampton Inn Manhattan-Chelsea.
2880,A,I would recommend choosing Option A - Hampton Inn Manhattan-Chelsea
2881,B,I would recommend Option B - New Yorker by Lotte Hotels. It
2882,B,"Based on the information provided, I would recommend Option B - New Yorker"
2883,B,B
2884,B,"Based on the information provided, I would recommend Option B - New Yorker"
2885,B,"Based on the information provided, I would recommend Option B - New Yorker"
2886,B,"Based on the information provided, I would recommend Option B - New Yorker"
2887,C,I would recommend Option C - Fairfield Inn & Suites New York Manhattan
2888,C,I would recommend choosing Option C - Fairfield Inn & Suites New York Manh
2889,C,"I would recommend Option C as it offers a good balance of price, amenities"
2890,A,"Based on the information provided, I would recommend Option A - Moxy"
2891,A,Option A
2892,A,I would recommend Option A - Hotel Moxy NYC Lower East Side.
2893,C,I would recommend Option C - Kimpton Muse Hotel. It has a higher star
2894,C,I would recommend Option C - Kimpton Muse Hotel. It has a higher star
2895,B,"Based on the information provided and considering factors such as price, amenities,"
2896,C,I would recommend Option C (Kimpton Muse Hotel) for its higher star
2897,B,"Based on the information provided, I would recommend Option B - Holiday Inn"
2898,B,"Based on the information provided, I would recommend Option B - Holiday Inn"
2899,A,Option A would be a great choice if you're looking for a luxur
2900,C,"I would recommend Option C - The Ritz-Carlton New York,"
2901,A,Option A
2902,A,Option A
2903,A,Option A
2904,A,Option A
2905,B,"Based on the information provided and considering factors such as guest review score, amen"
2906,C,I would recommend Option C - Freehand New York. It has a higher guest
2907,B,Option B
2908,A,I would recommend Option A - Hotel voco Times Square South. It has a
2909,B,I would recommend choosing Option B - Moxy NYC East Village. It
2910,C,I would recommend choosing Option C - Hotel: Freehand New York. It has
2911,A,I would recommend choosing Option A - Hampton Inn Manhattan/Downt
2912,A,Option A
2913,B,"Based on the information provided, I would recommend Option B - Holiday Inn"
2914,B,"Based on the information provided, I would recommend Option B - Holiday Inn"
2915,B,"Based on the information provided, I would recommend Option B - Holiday Inn"
2916,B,"Based on the information provided and considering factors such as price, location, amen"
2917,B,"Based on the information provided and considering factors such as star rating, guest review"
2918,C,I would recommend Option C - Conrad New York Midtown. It offers a
2919,C,I would recommend Option C - Conrad New York Midtown. It offers a
2920,C,I would recommend Option C - Conrad New York Midtown. It offers a
2921,C,I would recommend Option C - Conrad New York Midtown. It offers a
2922,C,I would recommend Option C - Conrad New York Midtown. It offers a
2923,B,"Based on the information provided and considering factors such as star rating, guest review"
2924,B,"Based on the information provided and considering factors such as star rating, guest review"
2925,B,"Based on the information provided and considering factors such as star rating, guest review"
2926,B,Option B would be a good balance between cost and amenities for most travelers
2927,B,Option B
2928,B,Option B would be a good balance between cost and amenities for most travelers
2929,A,Option A would be my recommendation for a one-night stay in New York City
2930,A,Option A would be a great choice if you're looking for a luxur
2931,A,Option A would be my recommendation for a one-night stay in New York City
2932,A,Option A would be a great choice if you're looking for luxury and
2933,A,Option A would be my recommendation for a one-night stay in New York City
2934,A,Option A would be a great choice if you're looking for luxury and
2935,A,Option A would be my recommendation for a one-night stay in New York City
2936,A,Option A would be my recommendation for a one-night stay in New York City
2937,A,Option A would be my recommendation for a one-night stay in New York City
2938,B,"Based on the information provided and considering factors such as star rating, guest review"
2939,B,"Based on the information provided and considering factors such as star rating, guest review"
2940,A,Option A
2941,C,I would recommend Option C (W New York - Union Square) as it offers
2942,B,"Based on the information provided, I would recommend Option B - Hard Rock Hotel"
2943,B,"Based on the information provided, I would recommend Option B - Hard Rock Hotel"
2944,B,Option B
2945,A,Option A is the most suitable choice considering its affordability and amenities offered such
2946,B,"Based on the information provided, I would recommend Option B - Hard Rock Hotel"
2947,A,I would recommend Option A - Hyatt Centric Wall Street New York. It
2948,A,I would recommend Option A - Hyatt Centric Wall Street New York. It
2949,A,I would recommend Option A - Hyatt Centric Wall Street New York. It
2950,A,I would recommend choosing Option A - Hyatt Centric Wall Street New York.
2951,A,I would recommend Option A - Hyatt Centric Wall Street New York. It
2952,A,I would recommend choosing Option A - Hyatt Centric Wall Street New York.
2953,B,"Based on the information provided and considering factors such as location, guest review score"
2954,A,I would recommend Option A - Hilton Garden Inn New York/Central Park
2955,A,Option A
2956,A,I would recommend Option A - Hilton Garden Inn New York/Central Park
2957,C,I would recommend Option C - Residence Inn New York Manhattan/Mid
2958,A,I would recommend Option A - Hilton Garden Inn New York/Central Park
2959,A,I would recommend Option A - Courtyard by Marriott Manhattan/
2960,A,Option A would be my recommendation for a stay in New York City. It offers
2961,A,I would recommend Option A - Courtyard by Marriott Manhattan/
2962,A,I would recommend choosing Option A - Courtyard by Marriott Manhattan
2963,A,I would recommend Option A - Hotel Courtyard by Marriott Manhattan
2964,A,I would recommend Option A - Courtyard by Marriott Manhattan/
2965,A,I would recommend Option A - Hotel Hampton Inn Manhattan Grand Central. It
2966,A,I would recommend choosing Option A - Hampton Inn Manhattan Grand Central. It
2967,A,I would recommend Option A - Hotel Hampton Inn Manhattan Grand Central. It
2968,A,I would recommend Option A - Hampton Inn Manhattan Grand Central. It has
2969,A,I would recommend Option A - Hotel Hampton Inn Manhattan Grand Central. It
2970,A,I would recommend Option A - Hampton Inn Manhattan Grand Central. It has
2971,C,I would recommend Option C (Smyth Tribeca) for its higher star
2972,A,Option A
2973,A,I would recommend Option A - Hampton Inn Manhattan/Times Square South.
2974,A,I would recommend Option A - Hampton Inn Manhattan/Times Square South.
2975,A,Option A
2976,A,I would recommend Option A - Hampton Inn Manhattan/Times Square South.
2977,B,"Based on the information provided and considering factors such as star rating, guest review"
2978,B,"Based on the information provided and considering factors such as star rating, guest review"
2979,C,I would recommend Option C - Sofitel New York. It has a higher star
2980,B,Option B
2981,B,"Based on the information provided, I would recommend Option B - Aloft New"
2982,B,"Based on the information provided, I would recommend Option B - Aloft New"
2983,A,Option A seems to be a good balance between price and amenities for your one
2984,A,Option A
2985,B,"Based on the information provided and considering factors such as location, guest review score"
2986,A,Option A
2987,A,Option A
2988,A,Option A
2989,C,I would recommend Option C - The Bowery Hotel. It has a higher guest
2990,A,I would recommend Option A - Hotel: CIVILIAN Hotel. It
2991,A,I would recommend Option A - Hotel: CIVILIAN Hotel. It
2992,A,I would recommend Option A - Hotel: CIVILIAN Hotel. It
2993,A,I would recommend Option A - Hotel: CIVILIAN Hotel. It
2994,A,I would recommend Option A - Hotel: CIVILIAN Hotel. It
2995,B,"Based on the information provided and considering factors such as star rating, guest review"
2996,B,"Based on the information provided and considering factors such as star rating, guest review"
2997,A,Option A would be a great choice if budget is not an issue and you are
2998,B,"Based on the information provided and considering factors such as star rating, guest review"
2999,A,Option A would be a great choice if budget is not an issue and you are
3000,A,Option A would be my recommendation for a one-night stay in New York City
3001,A,Option A would be my recommendation for a one-night stay in New York City
3002,A,Option A would be a great choice if budget is not an issue and you are
3003,A,Option A would be my recommendation for a one-night stay in New York City
3004,A,I would recommend Option A - The William Vale for its higher guest review score
3005,A,Option A would be my recommendation for a one-night stay in New York City
3006,A,Option A would be my recommendation for a one-night stay in New York City
3007,B,"Based on the information provided and considering factors such as star rating, guest review"
3008,B,Option B
3009,A,Option A is a good balance between price and amenities while also offering free can
3010,C,I would recommend Option C - Conrad New York Downtown. It has
3011,C,I would recommend Option C - Conrad New York Downtown. It has
3012,C,"Based on the information provided, I would recommend Option C - Conrad New"
3013,B,"Based on the information provided, I would recommend Option B - The Fifth"
3014,A,Option A would be a good choice if you're looking for a balance between
3015,A,Option A
3016,A,Option A would be a good choice if you're looking for a balance between
3017,A,I would recommend Option A - Hotel Andaz 5th Avenue. It offers
3018,A,I would recommend choosing Option A - Hotel Andaz 5th Avenue. It
3019,B,"Based on the information provided and considering factors such as star rating, guest review"
3020,B,"Based on the information provided and considering factors such as star rating, guest review"
3021,B,"Based on the information provided and considering factors such as star rating, guest review"
3022,B,"Based on guest review scores and price considerations, I would recommend Option B"
3023,B,"Based on the information provided, I would recommend Option B - Hyatt Place"
3024,C,I would recommend Option C - Walker Hotel Greenwich Village. It has a higher
3025,B,"Based on the information provided and considering factors such as star rating, guest review"
3026,B,"Based on the information provided and considering factors such as star rating, guest review"
3027,B,"Based on the information provided and considering factors such as star rating, guest review"
3028,B,"Based on the information provided, I would recommend Option B - Public Hotel."
3029,B,"Based on the information provided, I would recommend Option B - Public Hotel."
3030,B,"Based on the information provided and considering factors such as star rating, guest review"
3031,A,Option A
3032,A,Option A would be a good choice if you're looking for value and convenience
3033,A,Option A
3034,A,Option A
3035,A,I would recommend Option A - Residence Inn New York Manhattan/Mid
3036,B,Option B
3037,A,"Based on the information provided, I would recommend Option A - The Ned No"
3038,A,Option A
3039,B,"Based on the information provided, I would recommend Option B - Ink"
3040,A,Option A
3041,A,"Based on the information provided, I would recommend Option A - The Ned No"
3042,A,Option A
3043,A,I would recommend Option A - Hampton Inn Manhattan-Chelsea.
3044,A,Option A would be a better choice for most travelers due to its higher guest
3045,A,I would recommend Option A - Hampton Inn Manhattan-Chelsea.
3046,A,Option A would be a better choice for your one-night stay in New York
3047,A,I would recommend Option A - Hampton Inn Manhattan-Chelsea.
3048,A,Option A would be a better choice for most travelers due to its higher guest
3049,B,"Based on guest review scores and price considerations, I would recommend Option B"
3050,B,"Based on the information provided, I would recommend Option B - Arlo No"
3051,B,"Based on the information provided, I would recommend Option B - Arlo No"
3052,B,I would recommend Option B - Arlo NoMad. Despite being more expensive than
3053,B,"Based on the information provided, I would recommend Option B - Arlo No"
3054,B,"Based on the information provided, I would recommend Option B - Arlo No"
3055,B,I would recommend Option B - Virgin Hotels New York City. It has a
3056,B,"Based on the information provided, I would recommend Option B - Virgin Hotels"
3057,B,Option B
3058,B,Option B would be a good choice as it offers more amenities and is located
3059,B,I would recommend Option B - Virgin Hotels New York City. Although it is
3060,B,"Based on the information provided, I would recommend Option B - Virgin Hotels"
3061,B,I would recommend Option B - Virgin Hotels New York City. Although it is
3062,B,I would recommend Option B - Virgin Hotels New York City. It has a
3063,B,I would recommend Option B - Virgin Hotels New York City. It has a
3064,C,Option C would be a good choice if you're looking for value and convenience
3065,B,I would recommend Option B - Virgin Hotels New York City. Although it is
3066,B,I would recommend Option B - Virgin Hotels New York City. It has a
3067,C,"Based on the information provided, Option C (The Langham New York Fif"
3068,B,"Based on the information provided and considering factors such as star rating, guest review"
3069,C,Option C would be a great choice if budget is not an issue as it offers
3070,C,C
3071,C,Option C would be a great choice if budget is not an issue as it offers
3072,C,C
3073,A,I would recommend Option A - Virgin Hotels New York City in NoMad neighborhood
3074,A,I would recommend Option A - Virgin Hotels New York City in NoMad neighborhood
3075,A,I would recommend Option A - Virgin Hotels New York City. It has a
3076,A,I would recommend Option A - Virgin Hotels New York City. It has a
3077,A,I would recommend Option A - Virgin Hotels New York City. It has a
3078,A,I would recommend Option A - Virgin Hotels New York City in NoMad neighborhood
3079,B,Option B
3080,A,Option A
3081,A,I would recommend Option A - AC Hotel New York Times Square. It has a
3082,A,I would recommend Option A - AC Hotel New York Times Square. It has a
3083,A,I would recommend Option A - AC Hotel New York Times Square. It has a
3084,A,I would recommend Option A - AC Hotel New York Times Square. It has a
3085,A,I would recommend Option A - Radio Hotel. It offers a good balance of price
3086,C,I would recommend Option C - The Bowery Hotel in East Village. It has
3087,B,Option B would be a good choice as it offers a balance between price and amen
3088,C,I would recommend Option C - The Bowery Hotel in East Village. Despite being
3089,C,I would recommend Option C - The Bowery Hotel in East Village. It has
3090,B,Option B would be a good choice as it offers free cancellation and has a
3091,B,I would recommend Option B - The Langham New York Fifth Avenue. Despite
3092,A,I would recommend Option A - Hampton Inn Manhattan-Chelsea for
3093,A,I would recommend Option A - Hampton Inn Manhattan-Chelsea.
3094,A,Option A
3095,A,I would recommend Option A - Hampton Inn Manhattan-Chelsea.
3096,B,I would recommend Option B - The Langham New York Fifth Avenue. Although
3097,B,"Based on the information provided and considering factors such as star rating, guest review"
3098,A,"I would recommend Option A - The William Vale in Williamsburg, Brooklyn"
3099,B,"Based on the information provided and considering factors such as star rating, guest review"
3100,B,"Based on the information provided and considering factors such as star rating, guest review"
3101,A,Option A seems to be a good balance of price and amenities for your one
3102,B,Option B is a more cost-effective choice while still offering good amenities
3103,B,Option B
3104,A,I would recommend Option A - Radio Hotel in Washington Heights for a one-
3105,A,I would recommend Option A - Radio Hotel in Washington Heights for a one-
3106,C,I would recommend Option C - Hyatt Place New York Midtown South. It
3107,B,"Based on the information provided, I would recommend Option B - voco Times"
3108,C,I would recommend Option C (Hyatt Place New York Midtown South) for
3109,A,Option A
3110,B,I would recommend Option B - The Fifth Avenue Hotel. Despite being more expensive
3111,B,I would recommend choosing Option B - The Fifth Avenue Hotel. Although it is
3112,A,Option A
3113,B,I would recommend choosing Option B - The Fifth Avenue Hotel. Although it is
3114,A,Option A
3115,B,"Based on the information provided, I would recommend Option B - InterContinental"
3116,B,Option B would be a great choice if budget is not an issue as it offers
3117,B,Option B would be a great choice if budget is not an issue as it offers
3118,B,Option B would be a great choice if budget is not an issue as it offers
3119,A,Option A
3120,B,Option B would be a great choice if budget is not an issue as it offers
3121,B,"Based on the information provided and considering factors such as star rating, guest review"
3122,B,"Based on the information provided and considering factors such as star rating, guest review"
3123,B,I would recommend Option B - Andaz 5th Avenue. It has a
3124,C,I would recommend Option C - The Ned NoMad. It has a higher guest
3125,B,I would recommend Option B - Andaz 5th Avenue. It has a
3126,B,"Based on the information provided and considering factors such as star rating, guest review"
3127,A,I would recommend Option A - citizenM New York Times Square. It has
3128,A,Option A
3129,A,I would recommend Option A - citizenM New York Times Square. It has
3130,B,"Based on the information provided and considering factors such as location, guest review score"
3131,A,I would recommend Option A - citizenM New York Times Square. It has
3132,A,I would recommend Option A - citizenM New York Times Square. It has
3133,C,I would recommend Option C - Lotte New York Palace. It offers a good
3134,A,I would recommend Option A - The Whitby Hotel. It has a high guest
3135,A,I would recommend Option A - The Whitby Hotel. It has a high guest
3136,A,Option A
3137,A,Option A
3138,C,Option C
3139,A,I would recommend Option A - Moxy NYC East Village. It offers
3140,B,I would recommend Option B - Bryant Park Hotel. It has a higher star
3141,A,Option A would be a good choice if budget is a priority and proximity to
3142,A,I would recommend Option A - Moxy NYC East Village for its afford
3143,B,"Based on the information provided and considering factors such as star rating, guest review"
3144,B,I would recommend Option B - Bryant Park Hotel. It has a higher star
3145,A,Option A
3146,B,Option B would be a great choice if budget is not an issue as it offers
3147,A,Option A would be a more cost-effective choice for a one-night
3148,B,Option B would be a great choice if budget is not an issue as it offers
3149,A,Option A would be a more cost-effective choice for a one-night
3150,B,Option B would be a great choice if budget is not an issue as it offers
3151,C,I would recommend Option C - Conrad New York Downtown. Despite being
3152,A,I would recommend Option A - Hotel: citizenM New York Times Square.
3153,C,I would recommend Option C - Conrad New York Downtown. It has
3154,C,Option C
3155,A,Option A
3156,A,Option A
3157,B,"Option B seems to offer a good balance of price and amenities, including breakfast"
3158,B,"Based on the information provided and considering factors such as star rating, guest review"
3159,B,"Based on the information provided, I would recommend Option B - NobleD"
3160,B,"Based on the information provided and considering factors such as price, guest review score"
3161,B,"Based on the information provided and considering factors such as price, guest review score"
3162,B,I would recommend Option B - The NobleDEN Hotel. Despite being slightly
3163,B,B
3164,A,Option A
3165,A,Option A
3166,A,Option A
3167,B,B
3168,B,B
3169,B,I would recommend Option B - W New York - Times Square. Although it is
3170,A,Option A
3171,A,I would recommend Option A - Hilton Garden Inn New York/Midtown
3172,A,I would recommend Option A - Hilton Garden Inn New York/Midtown
3173,A,I would recommend Option A - Hilton Garden Inn New York/Midtown
3174,A,I would recommend Option A - Hilton Garden Inn New York/Midtown
3175,A,I would recommend Option A - Hotel Hampton Inn Manhattan-35th
3176,A,I would recommend Option A - Hampton Inn Manhattan-35th St
3177,C,I would recommend Option C - Freehand New York. It has a slightly higher
3178,A,Option A seems to be a good choice as it offers breakfast included and has a
3179,A,I would recommend Option A - Hotel: Hampton Inn Manhattan-35
3180,A,I would recommend Option A - Hotel Hampton Inn Manhattan-35th
3181,A,I would recommend Option A - Hampton Inn Manhattan-35th St
3182,A,I would recommend Option A - Hampton Inn Manhattan-35th St
3183,A,I would recommend choosing Option A - Hampton Inn Manhattan-35th
3184,B,"Based on the information provided, I would recommend Option B - Hyatt Grand"
3185,B,"Based on the information provided, I would recommend Option B - Hyatt Grand"
3186,C,C
3187,A,Option A
3188,A,Option A
3189,A,Option A
3190,A,Option A
3191,B,"Based on the information provided and considering factors such as star rating, guest review"
3192,A,Option A
3193,B,"Based on the information provided and considering factors such as star rating, guest review"
3194,B,"Based on the information provided and considering factors such as star rating, guest review"
3195,B,Option B
3196,B,Option B would be a good choice as it offers a balance between price and quality
3197,B,"Based on the information provided and considering factors such as location, guest review score"
3198,A,Option A
3199,B,Option B would be a great choice if budget is not an issue as it offers
3200,A,I would recommend Option A - Fairfield Inn & Suites New York Brooklyn
3201,A,Option A
3202,B,Option B would be a great choice if budget is not an issue as it offers
3203,B,Option B would be a great choice if budget is not an issue as it offers
3204,A,Option A would be a more cost-effective choice for a one-night
3205,B,"Based on the information provided, I would recommend Option B - Virgin Hotels"
3206,B,"Based on the information provided, I would recommend Option B - Virgin Hotels"
3207,B,"Based on the information provided, I would recommend Option B - Virgin Hotels"
3208,B,"Based on the information provided, I would recommend Option B - Virgin Hotels"
3209,B,"Based on the information provided, I would recommend Option B - Virgin Hotels"
3210,B,"Based on the information provided, Option B seems to be the best choice as"
3211,A,Option A
3212,A,Option A
3213,A,Option A
3214,A,Option A
3215,A,Option A would be a good choice if you're looking for an affordable
3216,C,I would recommend Option C - The St. Regis New York for a more
3217,A,Option A
3218,C,C
3219,C,I would recommend Option C - The St. Regis New York. Despite being
3220,A,Option A
3221,C,C
3222,A,Option A
3223,A,I would recommend Option A - Virgin Hotels New York City. It has a
3224,A,Option A
3225,A,I would recommend Option A - Virgin Hotels New York City. It has a
3226,B,"Based on the information provided, I would recommend Option B - Andaz"
3227,B,I would recommend Option B - Andaz 5th Avenue. Although it is
3228,A,Option A
3229,A,"Based on the information provided, I would recommend Option A - Bryant Park"
3230,A,"Based on the information provided, I would recommend Option A - Bryant Park"
3231,B,"Based on the information provided, I would recommend Option B - DoubleTree by"
3232,A,"Based on the information provided, I would recommend Option A - Bryant Park"
3233,A,I would recommend Option A - Hotel Bryant Park Hotel. It has a higher
3234,A,"Based on the information provided, I would recommend Option A - Bryant Park"
3235,B,"Based on the information provided and considering factors such as star rating, guest review"
3236,B,I would recommend Option B - Public Hotel in Lower East Side for its higher guest
3237,B,"Based on the information provided, I would recommend Option B - Public Hotel."
3238,B,"Based on the information provided and considering factors such as location, guest review score"
3239,B,"Based on guest review scores and price considerations, I would recommend Option B"
3240,B,I would recommend Option B - Public Hotel in Lower East Side for its higher guest
3241,A,Option A would be a good choice if you are looking for an affordable stay
3242,B,"Based on the information provided, I would recommend Option B - The Langham"
3243,B,Option B would be a great choice if budget is not an issue as it offers
3244,B,I would recommend Option B - The Langham New York Fifth Avenue. Despite
3245,A,Option A would be a good choice if you're looking for an affordable
3246,B,Option B would be a great choice if budget is not an issue as it offers
3247,B,"Based on the information provided, I would recommend Option B - 1 Hotel"
3248,B,Option B
3249,B,"Based on the information provided and considering factors such as star rating, guest review"
3250,A,Option A would be a more cost-effective choice for a one-night
3251,C,I would recommend Option C - The Renwick Hotel. It offers a higher star
3252,B,Option B
3253,B,Option B is a good balance between price and amenities. It has a higher
3254,B,"Based on the information provided and considering factors such as star rating, guest review"
3255,B,"Based on the information provided and considering factors such as star rating, guest review"
3256,B,Option B is a good balance between price and amenities for your one-night
3257,B,"Based on the information provided, I would recommend Option B - The Marl"
3258,B,"Based on the information provided and considering factors such as star rating, guest review"
3259,A,"Option A seems to be a good balance of price, amenities, and location"
3260,B,"Based on the information provided, I would recommend Option B - Hotel Scherman"
3261,B,Option B is a good balance between price and amenities. It has a higher
3262,A,I would recommend Option A - Hampton Inn Manhattan Times Square Central. It
3263,B,"Based on the information provided, I would recommend Option B - Hotel Scherman"
3264,C,I would recommend Option C - Hyatt Centric Wall Street New York. It
3265,B,"Based on the information provided, I would recommend Option B - The Westin"
3266,A,I would recommend Option A - Hotel: Ace Hotel Brooklyn. It offers
3267,A,Option A
3268,B,"Based on the information provided and considering factors such as location, guest review score"
3269,B,"Based on the information provided and considering factors such as location, guest review score"
3270,C,I would recommend Option C - The Bowery Hotel in East Village. It has
3271,B,Option B
3272,B,Option B would be a great choice if budget is not an issue as it offers
3273,A,Option A
3274,B,I would recommend Option B - Sofitel New York. Although it is more expensive
3275,B,"Based on the information provided, I would recommend Option B - Sofitel New"
3276,C,Option C would be a good choice as it offers free cancellation and includes breakfast
3277,B,I would recommend Option B - Hyatt Centric Times Square New York. Despite
3278,B,I would recommend Option B - Hyatt Centric Times Square New York. It
3279,A,I would recommend Option A - DoubleTree by Hilton NYC Financial
3280,C,I would recommend Option C - The Hoxton Williamsburg. It has a
3281,B,I would recommend Option B - Hyatt Centric Times Square New York. Although
3282,B,"Based on the information provided, I would recommend Option B - Hyatt Cent"
3283,A,Option A
3284,A,Option A would be a more cost-effective choice for a one-night
3285,B,Option B is a good choice as it offers more amenities and has a higher
3286,A,Option A is the best choice for a one-night stay in New York City
3287,B,"Based on the information provided, I would recommend Option B - Hyatt Cent"
3288,A,Option A
3289,A,Option A
3290,A,Option A
3291,A,Option A
3292,A,I would recommend Option A - Hotel: CIVILIAN Hotel. It
3293,A,Option A
3294,A,I would recommend Option A - Hotel: CIVILIAN Hotel. It
3295,A,I would recommend Option A - Hilton Garden Inn New York/West 3
3296,A,Option A
3297,A,I would recommend Option A - Hilton Garden Inn New York/West 3
3298,A,I would recommend choosing Option A - Hilton Garden Inn New York/West
3299,A,Option A
3300,B,"Based on the information provided and considering factors such as price, guest review score"
3301,A,Option A
3302,B,"Based on the information provided, I would recommend Option B - Hyatt Cent"
3303,B,"Based on the information provided and considering factors such as location, guest review score"
3304,A,"Based on the information provided, I would recommend Option A - Hard Rock Hotel"
3305,B,"Based on the information provided, I would recommend Option B - Hyatt Cent"
3306,B,Option B
3307,A,I would recommend choosing Option A - Courtyard by Marriott Manhattan
3308,A,Option A is the most suitable choice considering its affordable price and good guest review
3309,B,"Based on the information provided, I would recommend Option B - The Wall Street"
3310,B,"Based on the information provided and considering factors such as location, guest review score"
3311,B,I would recommend Option B - The Wall Street Hotel. It offers a higher guest
3312,C,C
3313,C,I would recommend Option C - The Langham New York Fifth Avenue. Despite
3314,C,I would recommend Option C - The Langham New York Fifth Avenue. It
3315,C,C
3316,B,Option B
3317,A,Option A
3318,B,"Based on the information provided and considering factors such as star rating, guest review"
3319,B,"Based on the information provided and considering factors such as location, amenities,"
3320,B,"Based on the information provided, I would recommend Option B - The Hotel Ch"
3321,B,"Based on the information provided and considering factors such as location, guest review score"
3322,A,I would recommend Option A - LUMA Hotel Times Square. It has a
3323,A,Option A would be a good choice if you prefer to stay in Times Square and
3324,A,I would recommend Option A - LUMA Hotel Times Square. It has a
3325,C,I would recommend Option C - Fairfield Inn & Suites New York Manhattan
3326,C,Option C would be a good choice as it offers free breakfast and fitness center
3327,B,"Based on the information provided, I would recommend Option B - Holiday Inn"
3328,A,Option A
3329,C,C
3330,A,"Based on the information provided, I would recommend Option A - Hampton Inn"
3331,B,"Based on the information provided, I would recommend Option B - The Langham"
3332,B,Option B
3333,B,I would recommend Option B - The Langham New York Fifth Avenue. Although
3334,B,I would recommend Option B - The Langham New York Fifth Avenue. Despite
3335,B,Option B
3336,B,Option B
3337,A,Option A
3338,A,Option A
3339,A,Option A would be my recommendation for a one-night stay in New York City
3340,A,I would recommend Option A - The Ned NoMad. It has a higher star
3341,A,I would recommend Option A - The Ned NoMad. It has a higher guest
3342,A,Option A
3343,A,Option A would be a good choice if you are looking for an affordable stay
3344,B,"Based on the information provided and considering factors such as star rating, guest review"
3345,B,"Based on the information provided and considering factors such as star rating, guest review"
3346,B,Option B would be a great choice if budget is not an issue as it has
3347,B,Option B would be a great choice if budget is not an issue as it offers
3348,A,Option A
3349,A,I would recommend Option A - The Wall Street Hotel. It has a higher star
3350,A,I would recommend Option A - The Wall Street Hotel. It has a higher star
3351,A,I would recommend Option A - The Wall Street Hotel. It has a higher star
3352,A,I would recommend Option A - The Wall Street Hotel. It has a higher star
3353,A,I would recommend Option A - The Wall Street Hotel. It has a higher star
3354,A,Option A
3355,A,I would recommend Option A - The Whitby Hotel. It has a high guest
3356,A,Option A
3357,A,I would recommend Option A - The Whitby Hotel. It has a high guest
3358,A,Option A
3359,A,I would recommend Option A - The Whitby Hotel. It has a high guest
3360,C,C
3361,C,C
3362,C,I would recommend Option C - The St. Regis New York. Despite its
3363,C,I would recommend Option C - The St. Regis New York. Despite being
3364,A,I would recommend Option A - Hotel Holiday Inn Express Manhattan Midtown West
3365,A,Option A
3366,C,C
3367,C,"Based on the information provided, I would recommend Option C - Conrad New"
3368,C,"Based on the information provided, Option C seems to be the best choice as"
3369,B,"Based on guest review scores and price considerations, I would recommend Option B"
3370,C,I would recommend Option C - Conrad New York Downtown. It has
3371,A,"Option A is the most suitable choice considering its central location in Times Square, free"
3372,C,"Based on the information provided, I would recommend Option C - Conrad New"
3373,C,I would recommend Option C - The Greenwich Hotel. Although it is more expensive
3374,B,Option B would be a good balance between cost and amenities for your stay in
3375,C,I would recommend Option C - The Greenwich Hotel. It has a higher star
3376,B,Option B would be a good balance between cost and amenities for your stay in
3377,B,"Based on the information provided and considering factors such as star rating, guest review"
3378,A,Option A would be a good choice if you are looking for an affordable stay
3379,C,I would recommend Option C - The Ludlow Hotel. It has a higher star
3380,C,I would recommend Option C - The Ludlow Hotel. Despite being more expensive than
3381,C,I would recommend Option C - The Ludlow Hotel. It has a higher star
3382,C,I would recommend Option C - The Ludlow Hotel. It has a higher star
3383,C,I would recommend Option C - The Ludlow Hotel. Despite it being more expensive
3384,C,I would recommend Option C - The Ludlow Hotel. It has a higher star
3385,B,"Based on the information provided and considering factors such as star rating, guest review"
3386,A,Option A would be my recommendation for a one-night stay in New York City
3387,B,"Based on the information provided and considering factors such as star rating, guest review"
3388,B,"Based on the information provided and considering factors such as star rating, guest review"
3389,B,"Based on the information provided and considering factors such as star rating, guest review"
3390,B,"Based on the information provided and considering factors such as star rating, guest review"
3391,A,Option A would be a good choice if budget is a priority and breakfast included in
3392,B,Option B
3393,B,Option B
3394,A,Option A would be a good choice if budget is a concern and you're
3395,A,Option A would be a good choice if budget is a concern and you're
3396,A,Option A would be a good choice if budget is a primary concern as it offers
3397,B,Option B
3398,B,Option B would be a great choice if budget is not an issue as it offers
3399,B,"Based on the information provided and considering factors such as star rating, guest review"
3400,A,Option A would be a good choice if you're looking for a balance between
3401,A,I would recommend Option A - Hotel Andaz 5th Avenue. It has
3402,A,Option A
3403,B,"Based on the information provided and considering factors such as star rating, guest review"
3404,A,I would recommend Option A (Hotel: NoMo SoHo) for
3405,A,Option A
3406,B,"Based on the information provided and considering factors such as star rating, guest review"
3407,A,I would recommend Option A (Hotel: NoMo SoHo) for
3408,B,"Based on the information provided and considering factors such as star rating, guest review"
3409,B,"Based on the information provided, I would recommend Option B - The Greenwich"
3410,B,Option B
3411,B,"Based on the information provided and considering factors such as star rating, guest review"
3412,B,I would recommend Option B - The Greenwich Hotel. Despite being more expensive than
3413,B,"Based on the information provided, I would recommend Option B - The Greenwich"
3414,B,Option B is a great choice if budget isn't an issue and you prefer
3415,A,Option A would be my recommendation for a one-night stay in New York City
3416,A,Option A would be my recommendation for a one-night stay in New York City
3417,A,Option A would be a great choice if budget is not an issue and luxury
3418,A,Option A would be my recommendation for a one-night stay in New York City
3419,A,Option A would be a great choice if budget is not an issue and luxury
3420,A,Option A would be my recommendation for a one-night stay in New York City
3421,B,Option B
3422,B,Option B would be a great choice if budget is not an issue as it offers
3423,B,Option B
3424,B,Option B
3425,B,Option B
3426,B,Option B would be a great choice if budget is not an issue as it offers
3427,C,I would recommend choosing Option C - Courtyard by Marriott Manhattan
3428,C,I would recommend Option C - Courtyard by Marriott Manhattan/
3429,C,"Based on the information provided, I would recommend Option C - Courtyard"
3430,C,I would recommend Option C - Courtyard by Marriott Manhattan/
3431,C,I would recommend Option C - Courtyard by Marriott Manhattan/
3432,C,"Based on the information provided, I would recommend Option C (Courty"
3433,B,"Based on the information provided and considering factors such as star rating, neighborhood,"
3434,B,"Based on the information provided and considering factors such as star rating, guest review"
3435,A,Option A
3436,B,"Based on the information provided and considering factors such as star rating, guest review"
3437,B,Option B
3438,A,Option A
3439,A,Option A would be my recommendation for a one-night stay in New York City
3440,A,"Based on the information provided, I would recommend Option A - The Knicker"
3441,A,Option A would be my recommendation for a one-night stay in New York City
3442,A,Option A
3443,B,"Based on the information provided and considering factors such as star rating, guest review"
3444,A,Option A would be a great choice if you're looking for a luxur
3445,B,Option B would be a good balance between cost and amenities for most travelers
3446,B,"Based on the information provided and considering factors such as star rating, guest review"
3447,A,Option A would be a good choice if you are looking for an affordable stay
3448,A,Option A would be a good choice if you are looking for an affordable stay
3449,B,Option B would be a good balance between cost and amenities for most travelers
3450,A,Option A seems to be a good balance of price and amenities for your one
3451,A,Option A would be my recommendation for a one-night stay in New York City
3452,A,Option A would be my recommendation for a one-night stay in New York City
3453,A,Option A
3454,A,Option A
3455,B,"Based on the information provided and considering factors such as star rating, guest review"
3456,A,Option A would be a great choice if budget is not an issue and you are
3457,A,Option A
3458,B,Option B
3459,A,Option A
3460,B,"Based on the information provided and considering factors such as star rating, guest review"
3461,A,Option A
3462,A,Option A
3463,A,I would recommend Option A - Hampton Inn Manhattan-35th St
3464,B,"Based on the information provided and considering factors such as location, guest review score"
3465,A,I would recommend Option A - Hampton Inn Manhattan-35th St
3466,B,"Based on the information provided and considering factors such as price, amenities,"
3467,A,I would recommend Option A - Hampton Inn Manhattan-35th St
3468,C,"I would recommend Option C - The Pierre, A Taj Hotel. Despite being"
3469,A,I would recommend Option A - The Ned NoMad. It has a higher star
3470,A,I would recommend Option A - The Ned NoMad. It has a higher star
3471,A,I would recommend choosing Option A - The Ned NoMad. It has a higher
3472,A,I would recommend Option A - The Ned NoMad. It has a higher star
3473,A,I would recommend Option A - The Ned NoMad. It has a higher star
3474,A,I would recommend Option A - The Ned NoMad. It has a higher star
3475,A,I would recommend Option A - Hotel Holiday Inn Express Manhattan Midtown West
3476,A,I would recommend choosing Option A - Hotel Holiday Inn Express Manhattan Midtown
3477,A,I would recommend Option A - Holiday Inn Express Manhattan Midtown West.
3478,B,"Based on the information provided and considering factors such as location, guest review score"
3479,B,I would recommend choosing Option B - Fairfield Inn & Suites New York Manh
3480,C,I would recommend Option C - The Marlton Hotel in Greenwich Village.
3481,C,I would recommend Option C - The Greenwich Hotel. Despite being more expensive than
3482,C,I would recommend Option C - The Greenwich Hotel. Despite being more expensive than
3483,C,C
3484,C,I would recommend Option C - The Greenwich Hotel. Despite being more expensive than
3485,A,I would recommend Option A - Pod 39 for a balance of price and
3486,C,I would recommend Option C - The Greenwich Hotel. Despite being more expensive than
3487,A,Option A
3488,A,I would recommend Option A - The Wall Street Hotel. It has a higher star
3489,A,Option A would be a great choice if you prioritize location and room type
3490,A,I would recommend Option A - The Wall Street Hotel. It has a higher star
3491,A,I would recommend Option A - The Wall Street Hotel. It has a higher star
3492,A,I would recommend Option A - The Wall Street Hotel. It has a higher star
3493,A,Option A would be my recommendation for a one-night stay in New York City
3494,A,"Based on the information provided, I would recommend Option A - Four Seasons"
3495,B,"Based on the information provided and considering factors such as star rating, guest review"
3496,A,Option A would be my recommendation for a one-night stay in New York City
3497,A,I would recommend Option A - Four Seasons Hotel New York Downtown.
3498,A,Option A would be my recommendation for a one-night stay in New York City
3499,B,Option B is a more cost-effective choice for a one-night stay
3500,B,Option B is a more cost-effective choice for a one-night stay
3501,A,Option A seems to be a good balance between price and amenities for your one
3502,B,Option B is a more cost-effective choice considering its lower price and higher
3503,B,Option B
3504,C,I would recommend Option C - New York Marriott Marquis. Despite being
3505,A,I would recommend Option A - Hotel: citizenM New York Times Square.
3506,A,I would recommend Option A - Hotel: citizenM New York Times Square.
3507,A,I would recommend Option A - citizenM New York Times Square. It has
3508,A,I would recommend Option A - citizenM New York Times Square for its higher
3509,A,I would recommend Option A - citizenM New York Times Square for its higher
3510,A,I would recommend Option A - citizenM New York Times Square. It has
3511,B,Option B would be a great choice if budget is not an issue as it offers
3512,B,Option B would be a great choice if budget is not an issue as it offers
3513,B,Option B would be a great choice if budget is not an issue as it offers
3514,B,"Based on the information provided, I would recommend Option B - The Langham"
3515,B,"Based on the information provided and considering factors such as star rating, guest review"
3516,B,"Based on the information provided, I would recommend Option B - The Langham"
3517,A,Option A
3518,A,I would recommend Option A - New Yorker by Lotte Hotels in Mid
3519,A,I would recommend Option A - New Yorker by Lotte Hotels in Mid
3520,A,Option A
3521,A,I would recommend Option A - New Yorker by Lotte Hotels. It
3522,C,I would recommend Option C - The Hoxton Williamsburg. It has a
3523,C,I would recommend Option C - The Peninsula New York. Despite being more
3524,C,I would recommend Option C - The Peninsula New York. Despite being more
3525,C,Option C would be a great choice if budget is not an issue as it offers
3526,A,Option A seems to be a good balance between price and amenities for your one
3527,A,Option A
3528,B,Option B
3529,B,Option B would be a great choice if budget is not an issue as it offers
3530,A,Option A
3531,A,Option A
3532,A,Option A would be a more cost-effective choice for a one-night
3533,A,Option A
3534,A,I would recommend Option A - Motto by Hilton New York City Chelse
3535,B,B
3536,B,B
3537,A,"Based on the information provided, I would recommend Option A - The Plaza"
3538,B,B
3539,B,B
3540,B,"Based on the information provided and considering factors such as star rating, guest review"
3541,A,I would recommend Option A - Hotel Scherman. It has a good guest review
3542,A,Option A
3543,A,I would recommend Option A - Hotel Scherman. It has a high guest review
3544,B,"Based on the information provided and considering factors such as price, guest review score"
3545,B,"Based on the information provided and considering factors such as star rating, guest review"
3546,A,I would recommend Option A - Hotel Scherman. It offers a good balance of
3547,B,"Based on the information provided, I would recommend Option B - Nine Or"
3548,B,I would recommend Option B - Nine Orchard. Although it is more
3549,A,Option A
3550,C,I would recommend choosing Option C - Moxy NYC Chelsea.
3551,B,I would recommend Option B - Nine Orchard. Although it is more
3552,B,"Based on the information provided, I would recommend Option B - Nine Or"
3553,B,"Based on the information provided, I would recommend Option B - voco Times"
3554,C,"Based on the information provided, I would recommend Option C - DoubleTree by"
3555,B,"Based on the information provided, I would recommend Option B - voco Times"
3556,C,"Based on the information provided, I would recommend Option C (DoubleTree by"
3557,B,Option B
3558,C,I would recommend Option C - DoubleTree by Hilton New York Midtown Fif
3559,A,I would recommend Option A - The Ludlow Hotel in Lower East Side for its
3560,C,"I would recommend Option C - Wythe Hotel in Williamsburg, Brooklyn."
3561,C,"I would recommend Option C - Wythe Hotel in Williamsburg, Brooklyn for"
3562,C,"I would recommend Option C - Wythe Hotel in Williamsburg, Brooklyn for"
3563,B,"Based on the information provided and considering factors such as price, guest review score"
3564,A,I would recommend Option A - The Ludlow Hotel in Lower East Side for a
3565,B,"Based on the information provided, I would recommend Option B - EVEN"
3566,A,I would recommend Option A - Hilton Garden Inn New York/Manhattan
3567,B,I would recommend Option B - EVEN Hotel New York - Times Square South
3568,C,I would recommend Option C - The Rockaway Hotel & Spa in Queens.
3569,B,"Based on guest review scores and price considerations, I would recommend Option B"
3570,A,I would recommend Option A - Hilton Garden Inn New York/Manhattan
3571,B,I would recommend Option B - Ace Hotel Brooklyn. It has a higher
3572,B,Option B would be a good choice if you're looking for a higher star
3573,B,"Based on the information provided, I would recommend Option B - Ace Hotel"
3574,B,"Based on the information provided, I would recommend Option B - Ace Hotel"
3575,B,I would recommend Option B - Ace Hotel Brooklyn. Although it is more
3576,B,Option B would be a good choice as it offers more amenities and has higher
3577,A,Option A would be a more cost-effective choice for a one-night
3578,B,"Based on the information provided and considering factors such as star rating, guest review"
3579,B,Option B would be a good balance between cost and amenities for most travelers
3580,B,Option B would be a good choice if you're looking for a balance between
3581,B,"Based on the information provided and considering factors such as star rating, guest review"
3582,B,Option B
3583,C,"Based on your requirements and preferences, I would recommend Option C - Tem"
3584,B,"Based on the information provided and considering factors such as star rating, guest review"
3585,B,"Based on the information provided and considering factors such as star rating, guest review"
3586,B,"Based on the information provided and considering factors such as star rating, guest review"
3587,A,Option A would be a great choice if you're looking for a luxur
3588,A,Option A would be a great choice if you're looking for a luxur
3589,A,Option A seems to be a good balance between price and amenities while also having
3590,A,Option A seems to be a good balance between price and amenities. It has
3591,A,Option A would be a great choice for your one-night stay in New York
3592,A,"Option A seems to be a good balance between price and amenities. However,"
3593,A,I would recommend Option A - Hotel Nine Orchard. It has a
3594,A,I would recommend Option A - Hotel Nine Orchard in the Lower East
3595,C,I would recommend Option C - The Greenwich Hotel. Despite its higher price and
3596,A,Option A would be a more cost-effective choice for a one-night
3597,C,I would recommend Option C - The Greenwich Hotel. Despite being more expensive than
3598,C,I would recommend Option C - The Greenwich Hotel. It has a higher star
3599,C,I would recommend Option C - The Greenwich Hotel. Despite its higher price and
3600,C,I would recommend Option C - The Greenwich Hotel in TriBeCa neighborhood.
