task_id,choice,raw_output
1001,B,Option A.
1002,B,Option A.
1003,B,Option A.
1004,B,Option A.
1005,B,Option A.
1006,B,Option A.
1007,B,Option A.
1008,B,Option A.
1009,B,Option A.
1010,B,Option A.
1011,B,Option A.
1012,B,Option A.
1013,B,Option A.
1014,B,Option A.
1015,B,Option A.
1016,B,Option A.
1017,B,Option A.
1018,B,Option A.
1019,B,Option A.
1020,B,Option A.
1021,B,Option A.
1022,B,Option A.
1023,B,Option A.
1024,B,Option A.
1025,B,Option A.
1026,B,Option A.
1027,B,Option A.
1028,B,Option A.
1029,B,Option A.
1030,B,Option A.
1031,B,Option A.
1032,B,Option A.
1033,B,Option A.
1034,B,Option A.
1035,B,Option A.
1036,B,Option A.
1037,B,Option A.
1038,B,Option A.
1039,B,Option A.
1040,B,Option A.
1041,B,Option A.
1042,B,Option A.
1043,B,Option A.
1044,B,Option A.
1045,B,Option A.
1046,B,Option A.
1047,B,Option A.
1048,B,Option A.
1049,B,Option A.
1050,B,Option A.
1051,B,Option A.
1052,B,Option A.
1053,B,Option A.
1054,B,Option A.
1055,B,Option A.
1056,B,Option A.
1057,B,Option A.
1058,B,Option A.
1059,B,Option A.
1060,B,Option A.
1061,B,Option A.
1062,B,Option A.
1063,B,Option A.
1064,B,Option A.
1065,B,Option A.
1066,B,Option A.
1067,B,Option A.
1068,B,Option A.
1069,B,Option A.
1070,B,Option A.
1071,B,Option A.
1072,B,Option A.
1073,B,Option A.
1074,B,Option A.
1075,B,Option A.
1076,B,Option A.
1077,B,Option A.
1078,B,Option A.
1079,B,Option A.
1080,B,Option A.
1081,B,Option A.
1082,B,Option A.
1083,B,Option A.
1084,B,Option A.
1085,B,Option A.
1086,B,Option A.
1087,B,Option A.
1088,B,Option A.
1089,B,Option A.
1090,B,Option A.
1091,B,Option A.
1092,B,Option A.
1093,B,Option A.
1094,B,Option A.
1095,B,Option A.
1096,B,Option A.
1097,B,Option A.
1098,B,Option A.
1099,B,Option A.
1100,B,Option A.
1101,B,Option A.
1102,B,Option A.
1103,B,Option A.
1104,B,Option A.
1105,B,Option A.
1106,B,Option A.
1107,B,Option A.
1108,B,Option A.
1109,B,Option A.
1110,B,Option A.
1111,B,Option A.
1112,B,Option A.
1113,B,Option A.
1114,B,Option A.
1115,B,Option A.
1116,B,Option A.
1117,B,Option A.
1118,B,Option A.
1119,B,Option A.
1120,B,Option A.
1121,B,Option A.
1122,B,Option A.
1123,B,Option A.
1124,B,Option A.
1125,B,Option A.
1126,B,Option A.
1127,B,Option A.
1128,B,Option A.
1129,B,Option A.
1130,B,Option A.
1131,B,Option A.
1132,B,Option A.
1133,B,Option A.
1134,B,Option A.
1135,B,Option A.
1136,B,Option A.
1137,B,Option A.
1138,B,Option A.
1139,B,Option A.
1140,B,Option A.
1141,B,Option A.
1142,B,Option A.
1143,B,Option A.
1144,B,Option A.
1145,B,Option A.
1146,B,Option A.
1147,B,Option A.
1148,B,Option A.
1149,B,Option A.
1150,B,Option A.
1151,B,Option A.
1152,B,Option A.
1153,B,Option A.
1154,B,Option A.
1155,B,Option A.
1156,B,Option A.
1157,B,Option A.
1158,B,Option A.
1159,B,Option A.
1160,B,Option A.
1161,B,Option A.
1162,B,Option A.
1163,B,Option A.
1164,B,Option A.
1165,B,Option A.
1166,B,Option A.
1167,B,Option A.
1168,B,Option A.
1169,B,Option A.
1170,B,Option A.
1171,B,Option A.
1172,B,Option A.
1173,B,Option A.
1174,B,Option A.
1175,B,Option A.
1176,B,Option A.
1177,B,Option A.
1178,B,Option A.
1179,B,Option A.
1180,B,Option A.
1181,B,Option A.
1182,B,Option A.
1183,B,Option A.
1184,B,Option A.
1185,B,Option A.
1186,B,Option A.
1187,B,Option A.
1188,B,Option A.
1189,B,Option A.
1190,B,Option A.
1191,B,Option A.
1192,B,Option A.
1193,B,Option A.
1194,B,Option A.
1195,B,Option A.
1196,B,Option A.
1197,B,Option A.
1198,B,Option A.
1199,B,Option A.
1200,B,Option A.
1201,B,Option A.
1202,B,Option A.
1203,B,Option A.
1204,B,Option A.
1205,B,Option A.
1206,B,Option A.
1207,B,Option A.
1208,B,Option A.
1209,B,Option A.
1210,B,Option A.
1211,B,Option A.
1212,B,Option A.
1213,B,Option A.
1214,B,Option A.
1215,B,Option A.
1216,B,Option A.
1217,B,Option A.
1218,B,Option A.
1219,B,Option A.
1220,B,Option A.
1221,B,Option A.
1222,B,Option A.
1223,B,Option A.
1224,B,Option A.
1225,B,Option A.
1226,B,Option A.
1227,B,Option A.
1228,B,Option A.
1229,B,Option A.
1230,B,Option A.
1231,B,Option A.
1232,B,Option A.
1233,B,Option A.
1234,B,Option A.
1235,B,Option A.
1236,B,Option A.
1237,B,Option A.
1238,B,Option A.
1239,B,Option A.
1240,B,Option A.
1241,B,Option A.
1242,B,Option A.
1243,B,Option A.
1244,B,Option A.
1245,B,Option A.
1246,B,Option A.
1247,B,Option A.
1248,B,Option A.
1249,B,Option A.
1250,B,Option A.
1251,B,Option A.
1252,B,Option A.
1253,B,Option A.
1254,B,Option A.
1255,B,Option A.
1256,B,Option A.
1257,B,Option A.
1258,B,Option A.
1259,B,Option A.
1260,B,Option A.
1261,B,Option A.
1262,B,Option A.
1263,B,Option A.
1264,B,Option A.
1265,B,Option A.
1266,B,Option A.
1267,B,Option A.
1268,B,Option A.
1269,B,Option A.
1270,B,Option A.
1271,B,Option A.
1272,B,Option A.
1273,B,Option A.
1274,B,Option A.
1275,B,Option A.
1276,B,Option A.
1277,B,Option A.
1278,B,Option A.
1279,B,Option A.
1280,B,Option A.
1281,B,Option A.
1282,B,Option A.
1283,B,Option A.
1284,B,Option A.
1285,B,Option A.
1286,B,Option A.
1287,B,Option A.
1288,B,Option A.
1289,B,Option A.
1290,B,Option A.
1291,B,Option A.
1292,B,Option A.
1293,B,Option A.
1294,B,Option A.
1295,B,Option A.
1296,B,Option A.
1297,B,Option A.
1298,B,Option A.
1299,B,Option A.
1300,B,Option A.
1301,B,Option A.
1302,B,Option A.
1303,B,Option A.
1304,B,Option A.
1305,B,Option A.
1306,B,Option A.
1307,B,Option A.
1308,B,Option A.
1309,B,Option A.
1310,B,Option A.
1311,B,Option A.
1312,B,Option A.
1313,B,Option A.
1314,B,Option A.
1315,B,Option A.
1316,B,Option A.
1317,B,Option A.
1318,B,Option A.
1319,B,Option A.
1320,B,Option A.
1321,B,Option A.
1322,B,Option A.
1323,B,Option A.
1324,B,Option A.
1325,B,Option A.
1326,B,Option A.
1327,B,Option A.
1328,B,Option A.
1329,B,Option A.
1330,B,Option A.
1331,B,Option A.
1332,B,Option A.
1333,B,Option A.
1334,B,Option A.
1335,B,Option A.
1336,B,Option A.
1337,B,Option A.
1338,B,Option A.
1339,B,Option A.
1340,B,Option A.
1341,B,Option A.
1342,B,Option A.
1343,B,Option A.
1344,B,Option A.
1345,B,Option A.
1346,B,Option A.
1347,B,Option A.
1348,B,Option A.
1349,B,Option A.
1350,B,Option A.
1351,B,Option A.
1352,B,Option A.
1353,B,Option A.
1354,B,Option A.
1355,B,Option A.
1356,B,Option A.
1357,B,Option A.
1358,B,Option A.
1359,B,Option A.
1360,B,Option A.
1361,B,Option A.
1362,B,Option A.
1363,B,Option A.
1364,B,Option A.
1365,B,Option A.
1366,B,Option A.
1367,B,Option A.
1368,B,Option A.
1369,B,Option A.
1370,B,Option A.
1371,B,Option A.
1372,B,Option A.
1373,B,Option A.
1374,B,Option A.
1375,B,Option A.
1376,B,Option A.
1377,B,Option A.
1378,B,Option A.
1379,B,Option A.
1380,B,Option A.
1381,B,Option A.
1382,B,Option A.
1383,B,Option A.
1384,B,Option A.
1385,B,Option A.
1386,B,Option A.
1387,B,Option A.
1388,B,Option A.
1389,B,Option A.
1390,B,Option A.
1391,B,Option A.
1392,B,Option A.
1393,B,Option A.
1394,B,Option A.
1395,B,Option A.
1396,B,Option A.
1397,B,Option A.
1398,B,Option A.
1399,B,Option A.
1400,B,Option A.
1401,B,Option A.
1402,B,Option A.
1403,B,Option A.
1404,B,Option A.
1405,B,Option A.
1406,B,Option A.
1407,B,Option A.
1408,B,Option A.
1409,B,Option A.
1410,B,Option A.
1411,B,Option A.
1412,B,Option A.
1413,B,Option A.
1414,B,Option A.
1415,B,Option A.
1416,B,Option A.
1417,B,Option A.
1418,B,Option A.
1419,B,Option A.
1420,B,Option A.
1421,B,Option A.
1422,B,Option A.
1423,B,Option A.
1424,B,Option A.
1425,B,Option A.
1426,B,Option A.
1427,B,Option A.
1428,B,Option A.
1429,B,Option A.
1430,B,Option A.
1431,B,Option A.
1432,B,Option A.
1433,B,Option A.
1434,B,Option A.
1435,B,Option A.
1436,B,Option A.
1437,B,Option A.
1438,B,Option A.
1439,B,Option A.
1440,B,Option A.
1441,B,Option A.
1442,B,Option A.
1443,B,Option A.
1444,B,Option A.
1445,B,Option A.
1446,B,Option A.
1447,B,Option A.
1448,B,Option A.
1449,B,Option A.
1450,B,Option A.
1451,B,Option A.
1452,B,Option A.
1453,B,Option A.
1454,B,Option A.
1455,B,Option A.
1456,B,Option A.
1457,B,Option A.
1458,B,Option A.
1459,B,Option A.
1460,B,Option A.
1461,B,Option A.
1462,B,Option A.
1463,B,Option A.
1464,B,Option A.
1465,B,Option A.
1466,B,Option A.
1467,B,Option A.
1468,B,Option A.
1469,B,Option A.
1470,B,Option A.
1471,B,Option A.
1472,B,Option A.
1473,B,Option A.
1474,B,Option A.
1475,B,Option A.
1476,B,Option A.
1477,B,Option A.
1478,B,Option A.
1479,B,Option A.
1480,B,Option A.
1481,B,Option A.
1482,B,Option A.
1483,B,Option A.
1484,B,Option A.
1485,B,Option A.
1486,B,Option A.
1487,B,Option A.
1488,B,Option A.
1489,B,Option A.
1490,B,Option A.
1491,B,Option A.
1492,B,Option A.
1493,B,Option A.
1494,B,Option A.
1495,B,Option A.
1496,B,Option A.
1497,B,Option A.
1498,B,Option A.
1499,B,Option A.
1500,B,Option A.
1501,B,Option A.
1502,B,Option A.
1503,B,Option A.
1504,B,Option A.
1505,B,Option A.
1506,B,Option A.
1507,B,Option A.
1508,B,Option A.
1509,B,Option A.
1510,B,Option A.
1511,B,Option A.
1512,B,Option A.
1513,B,Option A.
1514,B,Option A.
1515,B,Option A.
1516,B,Option A.
1517,B,Option A.
1518,B,Option A.
1519,B,Option A.
1520,B,Option A.
1521,B,Option A.
1522,B,Option A.
1523,B,Option A.
1524,B,Option A.
1525,B,Option A.
1526,B,Option A.
1527,B,Option A.
1528,B,Option A.
1529,B,Option A.
1530,B,Option A.
1531,B,Option A.
1532,B,Option A.
1533,B,Option A.
1534,B,Option A.
1535,B,Option A.
1536,B,Option A.
1537,B,Option A.
1538,B,Option A.
1539,B,Option A.
1540,B,Option A.
1541,B,Option A.
1542,B,Option A.
1543,B,Option A.
1544,B,Option A.
1545,B,Option A.
1546,B,Option A.
1547,B,Option A.
1548,B,Option A.
1549,B,Option A.
1550,B,Option A.
1551,B,Option A.
1552,B,Option A.
1553,B,Option A.
1554,B,Option A.
1555,B,Option A.
1556,B,Option A.
1557,B,Option A.
1558,B,Option A.
1559,B,Option A.
1560,B,Option A.
1561,B,Option A.
1562,B,Option A.
1563,B,Option A.
1564,B,Option A.
1565,B,Option A.
1566,B,Option A.
1567,B,Option A.
1568,B,Option A.
1569,B,Option A.
1570,B,Option A.
1571,B,Option A.
1572,B,Option A.
1573,B,Option A.
1574,B,Option A.
1575,B,Option A.
1576,B,Option A.
1577,B,Option A.
1578,B,Option A.
1579,B,Option A.
1580,B,Option A.
1581,B,Option A.
1582,B,Option A.
1583,B,Option A.
1584,B,Option A.
1585,B,Option A.
1586,B,Option A.
1587,B,Option A.
1588,B,Option A.
1589,B,Option A.
1590,B,Option A.
1591,B,Option A.
1592,B,Option A.
1593,B,Option A.
1594,B,Option A.
1595,B,Option A.
1596,B,Option A.
1597,B,Option A.
1598,B,Option A.
1599,B,Option A.
1600,B,Option A.
1601,B,Option A.
1602,B,Option A.
1603,B,Option A.
1604,B,Option A.
1605,B,Option A.
1606,B,Option A.
1607,B,Option A.
1608,B,Option A.
1609,B,Option A.
1610,B,Option A.
1611,B,Option A.
1612,B,Option A.
1613,B,Option A.
1614,B,Option A.
1615,B,Option A.
1616,B,Option A.
1617,B,Option A.
1618,B,Option A.
1619,B,Option A.
1620,B,Option A.
1621,B,Option A.
1622,B,Option A.
1623,B,Option A.
1624,B,Option A.
1625,B,Option A.
1626,B,Option A.
1627,B,Option A.
1628,B,Option A.
1629,B,Option A.
1630,B,Option A.
1631,B,Option A.
1632,B,Option A.
1633,B,Option A.
1634,B,Option A.
1635,B,Option A.
1636,B,Option A.
1637,B,Option A.
1638,B,Option A.
1639,B,Option A.
1640,B,Option A.
1641,B,Option A.
1642,B,Option A.
1643,B,Option A.
1644,B,Option A.
1645,B,Option A.
1646,B,Option A.
1647,B,Option A.
1648,B,Option A.
1649,B,Option A.
1650,B,Option A.
1651,B,Option A.
1652,B,Option A.
1653,B,Option A.
1654,B,Option A.
1655,B,Option A.
1656,B,Option A.
1657,B,Option A.
1658,B,Option A.
1659,B,Option A.
1660,B,Option A.
1661,B,Option A.
1662,B,Option A.
1663,B,Option A.
1664,B,Option A.
1665,B,Option A.
1666,B,Option A.
1667,B,Option A.
1668,B,Option A.
1669,B,Option A.
1670,B,Option A.
1671,B,Option A.
1672,B,Option A.
1673,B,Option A.
1674,B,Option A.
1675,B,Option A.
1676,B,Option A.
1677,B,Option A.
1678,B,Option A.
1679,B,Option A.
1680,B,Option A.
1681,B,Option A.
1682,B,Option A.
1683,B,Option A.
1684,B,Option A.
1685,B,Option A.
1686,B,Option A.
1687,B,Option A.
1688,B,Option A.
1689,B,Option A.
1690,B,Option A.
1691,B,Option A.
1692,B,Option A.
1693,B,Option A.
1694,B,Option A.
1695,B,Option A.
1696,B,Option A.
1697,B,Option A.
1698,B,Option A.
1699,B,Option A.
1700,B,Option A.
1701,B,Option A.
1702,B,Option A.
1703,B,Option A.
1704,B,Option A.
1705,B,Option A.
1706,B,Option A.
1707,B,Option A.
1708,B,Option A.
1709,B,Option A.
1710,B,Option A.
1711,B,Option A.
1712,B,Option A.
1713,B,Option A.
1714,B,Option A.
1715,B,Option A.
1716,B,Option A.
1717,B,Option A.
1718,B,Option A.
1719,B,Option A.
1720,B,Option A.
1721,B,Option A.
1722,B,Option A.
1723,B,Option A.
1724,B,Option A.
1725,B,Option A.
1726,B,Option A.
1727,B,Option A.
1728,B,Option A.
1729,B,Option A.
1730,B,Option A.
1731,B,Option A.
1732,B,Option A.
1733,B,Option A.
1734,B,Option A.
1735,B,Option A.
1736,B,Option A.
1737,B,Option A.
1738,B,Option A.
1739,B,Option A.
1740,B,Option A.
1741,B,Option A.
1742,B,Option A.
1743,B,Option A.
1744,B,Option A.
1745,B,Option A.
1746,B,Option A.
1747,B,Option A.
1748,B,Option A.
1749,B,Option A.
1750,B,Option A.
1751,B,Option A.
1752,B,Option A.
1753,B,Option A.
1754,B,Option A.
1755,B,Option A.
1756,B,Option A.
1757,B,Option A.
1758,B,Option A.
1759,B,Option A.
1760,B,Option A.
1761,B,Option A.
1762,B,Option A.
1763,B,Option A.
1764,B,Option A.
1765,B,Option A.
1766,B,Option A.
1767,B,Option A.
1768,B,Option A.
1769,B,Option A.
1770,B,Option A.
1771,B,Option A.
1772,B,Option A.
1773,B,Option A.
1774,B,Option A.
1775,B,Option A.
1776,B,Option A.
1777,B,Option A.
1778,B,Option A.
1779,B,Option A.
1780,B,Option A.
1781,B,Option A.
1782,B,Option A.
1783,B,Option A.
1784,B,Option A.
1785,B,Option A.
1786,B,Option A.
1787,B,Option A.
1788,B,Option A.
1789,B,Option A.
1790,B,Option A.
1791,B,Option A.
1792,B,Option A.
1793,B,Option A.
1794,B,Option A.
1795,B,Option A.
1796,B,Option A.
1797,B,Option A.
1798,B,Option A.
1799,B,Option A.
1800,B,Option A.
1801,B,Option A.
1802,B,Option A.
1803,B,Option A.
1804,B,Option A.
1805,B,Option A.
1806,B,Option A.
1807,B,Option A.
1808,B,Option A.
1809,B,Option A.
1810,B,Option A.
1811,B,Option A.
1812,B,Option A.
1813,B,Option A.
1814,B,Option A.
1815,B,Option A.
1816,B,Option A.
1817,B,Option A.
1818,B,Option A.
1819,B,Option A.
1820,B,Option A.
1821,B,Option A.
1822,B,Option A.
1823,B,Option A.
1824,B,Option A.
1825,B,Option A.
1826,B,Option A.
1827,B,Option A.
1828,B,Option A.
1829,B,Option A.
1830,B,Option A.
1831,B,Option A.
1832,B,Option A.
1833,B,Option A.
1834,B,Option A.
1835,B,Option A.
1836,B,Option A.
1837,B,Option A.
1838,B,Option A.
1839,B,Option A.
1840,B,Option A.
1841,B,Option A.
1842,B,Option A.
1843,B,Option A.
1844,B,Option A.
1845,B,Option A.
1846,B,Option A.
1847,B,Option A.
1848,B,Option A.
1849,B,Option A.
1850,B,Option A.
1851,B,Option A.
1852,B,Option A.
1853,B,Option A.
1854,B,Option A.
1855,B,Option A.
1856,B,Option A.
1857,B,Option A.
1858,B,Option A.
1859,B,Option A.
1860,B,Option A.
1861,B,Option A.
1862,B,Option A.
1863,B,Option A.
1864,B,Option A.
1865,B,Option A.
1866,B,Option A.
1867,B,Option A.
1868,B,Option A.
1869,B,Option A.
1870,B,Option A.
1871,B,Option A.
1872,B,Option A.
1873,B,Option A.
1874,B,Option A.
1875,B,Option A.
1876,B,Option A.
1877,B,Option A.
1878,B,Option A.
1879,B,Option A.
1880,B,Option A.
1881,B,Option A.
1882,B,Option A.
1883,B,Option A.
1884,B,Option A.
1885,B,Option A.
1886,B,Option A.
1887,B,Option A.
1888,B,Option A.
1889,B,Option A.
1890,B,Option A.
1891,B,Option A.
1892,B,Option A.
1893,B,Option A.
1894,B,Option A.
1895,B,Option A.
1896,B,Option A.
1897,B,Option A.
1898,B,Option A.
1899,B,Option A.
1900,B,Option A.
1901,B,Option A.
1902,B,Option A.
1903,B,Option A.
1904,B,Option A.
1905,B,Option A.
1906,B,Option A.
1907,B,Option A.
1908,B,Option A.
1909,B,Option A.
1910,B,Option A.
1911,B,Option A.
1912,B,Option A.
1913,B,Option A.
1914,B,Option A.
1915,B,Option A.
1916,B,Option A.
1917,B,Option A.
1918,B,Option A.
1919,B,Option A.
1920,B,Option A.
1921,B,Option A.
1922,B,Option A.
1923,B,Option A.
1924,B,Option A.
1925,B,Option A.
1926,B,Option A.
1927,B,Option A.
1928,B,Option A.
1929,B,Option A.
1930,B,Option A.
1931,B,Option A.
1932,B,Option A.
1933,B,Option A.
1934,B,Option A.
1935,B,Option A.
1936,B,Option A.
1937,B,Option A.
1938,B,Option A.
1939,B,Option A.
1940,B,Option A.
1941,B,Option A.
1942,B,Option A.
1943,B,Option A.
1944,B,Option A.
1945,B,Option A.
1946,B,Option A.
1947,B,Option A.
1948,B,Option A.
1949,B,Option A.
1950,B,Option A.
1951,B,Option A.
1952,B,Option A.
1953,B,Option A.
1954,B,Option A.
1955,B,Option A.
1956,B,Option A.
1957,B,Option A.
1958,B,Option A.
1959,B,Option A.
1960,B,Option A.
1961,B,Option A.
1962,B,Option A.
1963,B,Option A.
1964,B,Option A.
1965,B,Option A.
1966,B,Option A.
1967,B,Option A.
1968,B,Option A.
1969,B,Option A.
1970,B,Option A.
1971,B,Option A.
1972,B,Option A.
1973,B,Option A.
1974,B,Option A.
1975,B,Option A.
1976,B,Option A.
1977,B,Option A.
1978,B,Option A.
1979,B,Option A.
1980,B,Option A.
1981,B,Option A.
1982,B,Option A.
1983,B,Option A.
1984,B,Option A.
1985,B,Option A.
1986,B,Option A.
1987,B,Option A.
1988,B,Option A.
1989,B,Option A.
1990,B,Option A.
1991,B,Option A.
1992,B,Option A.
1993,B,Option A.
1994,B,Option A.
1995,B,Option A.
1996,B,Option A.
1997,B,Option A.
1998,B,Option A.
1999,B,Option A.
2000,B,Option A.
2001,B,Option A.
2002,B,Option A.
2003,B,Option A.
2004,B,Option A.
2005,B,Option A.
2006,B,Option A.
2007,B,Option A.
2008,B,Option A.
2009,B,Option A.
2010,B,Option A.
2011,B,Option A.
2012,B,Option A.
2013,B,Option A.
2014,B,Option A.
2015,B,Option A.
2016,B,Option A.
2017,B,Option A.
2018,B,Option A.
2019,B,Option A.
2020,B,Option A.
2021,B,Option A.
2022,B,Option A.
2023,B,Option A.
2024,B,Option A.
2025,B,Option A.
2026,B,Option A.
2027,B,Option A.
2028,B,Option A.
2029,B,Option A.
2030,B,Option A.
2031,B,Option A.
2032,B,Option A.
2033,B,Option A.
2034,B,Option A.
2035,B,Option A.
2036,B,Option A.
2037,B,Option A.
2038,B,Option A.
2039,B,Option A.
2040,B,Option A.
2041,B,Option A.
2042,B,Option A.
2043,B,Option A.
2044,B,Option A.
2045,B,Option A.
2046,B,Option A.
2047,B,Option A.
2048,B,Option A.
2049,B,Option A.
2050,B,Option A.
2051,B,Option A.
2052,B,Option A.
2053,B,Option A.
2054,B,Option A.
2055,B,Option A.
2056,B,Option A.
2057,B,Option A.
2058,B,Option A.
2059,B,Option A.
2060,B,Option A.
2061,B,Option A.
2062,B,Option A.
2063,B,Option A.
2064,B,Option A.
2065,B,Option A.
2066,B,Option A.
2067,B,Option A.
2068,B,Option A.
2069,B,Option A.
2070,B,Option A.
2071,B,Option A.
2072,B,Option A.
2073,B,Option A.
2074,B,Option A.
2075,B,Option A.
2076,B,Option A.
2077,B,Option A.
2078,B,Option A.
2079,B,Option A.
2080,B,Option A.
2081,B,Option A.
2082,B,Option A.
2083,B,Option A.
2084,B,Option A.
2085,B,Option A.
2086,B,Option A.
2087,B,Option A.
2088,B,Option A.
2089,B,Option A.
2090,B,Option A.
2091,B,Option A.
2092,B,Option A.
2093,B,Option A.
2094,B,Option A.
2095,B,Option A.
2096,B,Option A.
2097,B,Option A.
2098,B,Option A.
2099,B,Option A.
2100,B,Option A.
2101,B,Option A.
2102,B,Option A.
2103,B,Option A.
2104,B,Option A.
2105,B,Option A.
2106,B,Option A.
2107,B,Option A.
2108,B,Option A.
2109,B,Option A.
2110,B,Option A.
2111,B,Option A.
2112,B,Option A.
2113,B,Option A.
2114,B,Option A.
2115,B,Option A.
2116,B,Option A.
2117,B,Option A.
2118,B,Option A.
2119,B,Option A.
2120,B,Option A.
2121,B,Option A.
2122,B,Option A.
2123,B,Option A.
2124,B,Option A.
2125,B,Option A.
2126,B,Option A.
2127,B,Option A.
2128,B,Option A.
2129,B,Option A.
2130,B,Option A.
2131,B,Option A.
2132,B,Option A.
2133,B,Option A.
2134,B,Option A.
2135,B,Option A.
2136,B,Option A.
2137,B,Option A.
2138,B,Option A.
2139,B,Option A.
2140,B,Option A.
2141,B,Option A.
2142,B,Option A.
2143,B,Option A.
2144,B,Option A.
2145,B,Option A.
2146,B,Option A.
2147,B,Option A.
2148,B,Option A.
2149,B,Option A.
2150,B,Option A.
2151,B,Option A.
2152,B,Option A.
2153,B,Option A.
2154,B,Option A.
2155,B,Option A.
2156,B,Option A.
2157,B,Option A.
2158,B,Option A.
2159,B,Option A.
2160,B,Option A.
2161,B,Option A.
2162,B,Option A.
2163,B,Option A.
2164,B,Option A.
2165,B,Option A.
2166,B,Option A.
2167,B,Option A.
2168,B,Option A.
2169,B,Option A.
2170,B,Option A.
2171,B,Option A.
2172,B,Option A.
2173,B,Option A.
2174,B,Option A.
2175,B,Option A.
2176,B,Option A.
2177,B,Option A.
2178,B,Option A.
2179,B,Option A.
2180,B,Option A.
2181,B,Option A.
2182,B,Option A.
2183,B,Option A.
2184,B,Option A.
2185,B,Option A.
2186,B,Option A.
2187,B,Option A.
2188,B,Option A.
2189,B,Option A.
2190,B,Option A.
2191,B,Option A.
2192,B,Option A.
2193,B,Option A.
2194,B,Option A.
2195,B,Option A.
2196,B,Option A.
2197,B,Option A.
2198,B,Option A.
2199,B,Option A.
2200,B,Option A.
2201,B,Option A.
2202,B,Option A.
2203,B,Option A.
2204,B,Option A.
2205,B,Option A.
2206,B,Option A.
2207,B,Option A.
2208,B,Option A.
2209,B,Option A.
2210,B,Option A.
2211,B,Option A.
2212,B,Option A.
2213,B,Option A.
2214,B,Option A.
2215,B,Option A.
2216,B,Option A.
2217,B,Option A.
2218,B,Option A.
2219,B,Option A.
2220,B,Option A.
2221,B,Option A.
2222,B,Option A.
2223,B,Option A.
2224,B,Option A.
2225,B,Option A.
2226,B,Option A.
2227,B,Option A.
2228,B,Option A.
2229,B,Option A.
2230,B,Option A.
2231,B,Option A.
2232,B,Option A.
2233,B,Option A.
2234,B,Option A.
2235,B,Option A.
2236,B,Option A.
2237,B,Option A.
2238,B,Option A.
2239,B,Option A.
2240,B,Option A.
2241,B,Option A.
2242,B,Option A.
2243,B,Option A.
2244,B,Option A.
2245,B,Option A.
2246,B,Option A.
2247,B,Option A.
2248,B,Option A.
2249,B,Option A.
2250,B,Option A.
2251,B,Option A.
2252,B,Option A.
2253,B,Option A.
2254,B,Option A.
2255,B,Option A.
2256,B,Option A.
2257,B,Option A.
2258,B,Option A.
2259,B,Option A.
2260,B,Option A.
2261,B,Option A.
2262,B,Option A.
2263,B,Option A.
2264,B,Option A.
2265,B,Option A.
2266,B,Option A.
2267,B,Option A.
2268,B,Option A.
2269,B,Option A.
2270,B,Option A.
2271,B,Option A.
2272,B,Option A.
2273,B,Option A.
2274,B,Option A.
2275,B,Option A.
2276,B,Option A.
2277,B,Option A.
2278,B,Option A.
2279,B,Option A.
2280,B,Option A.
2281,B,Option A.
2282,B,Option A.
2283,B,Option A.
2284,B,Option A.
2285,B,Option A.
2286,B,Option A.
2287,B,Option A.
2288,B,Option A.
2289,B,Option A.
2290,B,Option A.
2291,B,Option A.
2292,B,Option A.
2293,B,Option A.
2294,B,Option A.
2295,B,Option A.
2296,B,Option A.
2297,B,Option A.
2298,B,Option A.
2299,B,Option A.
2300,B,Option A.
2301,B,Option A.
2302,B,Option A.
2303,B,Option A.
2304,B,Option A.
2305,B,Option A.
2306,B,Option A.
2307,B,Option A.
2308,B,Option A.
2309,B,Option A.
2310,B,Option A.
2311,B,Option A.
2312,B,Option A.
2313,B,Option A.
2314,B,Option A.
2315,B,Option A.
2316,B,Option A.
2317,B,Option A.
2318,B,Option A.
2319,B,Option A.
2320,B,Option A.
2321,B,Option A.
2322,B,Option A.
2323,B,Option A.
2324,B,Option A.
2325,B,Option A.
2326,B,Option A.
2327,B,Option A.
2328,B,Option A.
2329,B,Option A.
2330,B,Option A.
2331,B,Option A.
2332,B,Option A.
2333,B,Option A.
2334,B,Option A.
2335,B,Option A.
2336,B,Option A.
2337,B,Option A.
2338,B,Option A.
2339,B,Option A.
2340,B,Option A.
2341,B,Option A.
2342,B,Option A.
2343,B,Option A.
2344,B,Option A.
2345,B,Option A.
2346,B,Option A.
2347,B,Option A.
2348,B,Option A.
2349,B,Option A.
2350,B,Option A.
2351,B,Option A.
2352,B,Option A.
2353,B,Option A.
2354,B,Option A.
2355,B,Option A.
2356,B,Option A.
2357,B,Option A.
2358,B,Option A.
2359,B,Option A.
2360,B,Option A.
2361,B,Option A.
2362,B,Option A.
2363,B,Option A.
2364,B,Option A.
2365,B,Option A.
2366,B,Option A.
2367,B,Option A.
2368,B,Option A.
2369,B,Option A.
2370,B,Option A.
2371,B,Option A.
2372,B,Option A.
2373,B,Option A.
2374,B,Option A.
2375,B,Option A.
2376,B,Option A.
2377,B,Option A.
2378,B,Option A.
2379,B,Option A.
2380,B,Option A.
2381,B,Option A.
2382,B,Option A.
2383,B,Option A.
2384,B,Option A.
2385,B,Option A.
2386,B,Option A.
2387,B,Option A.
2388,B,Option A.
2389,B,Option A.
2390,B,Option A.
2391,B,Option A.
2392,B,Option A.
2393,B,Option A.
2394,B,Option A.
2395,B,Option A.
2396,B,Option A.
2397,B,Option A.
2398,B,Option A.
2399,B,Option A.
2400,B,Option A.
2401,B,Option A.
2402,B,Option A.
2403,B,Option A.
2404,B,Option A.
2405,B,Option A.
2406,B,Option A.
2407,B,Option A.
2408,B,Option A.
2409,B,Option A.
2410,B,Option A.
2411,B,Option A.
2412,B,Option A.
2413,B,Option A.
2414,B,Option A.
2415,B,Option A.
2416,B,Option A.
2417,B,Option A.
2418,B,Option A.
2419,B,Option A.
2420,B,Option A.
2421,B,Option A.
2422,B,Option A.
2423,B,Option A.
2424,B,Option A.
2425,B,Option A.
2426,B,Option A.
2427,B,Option A.
2428,B,Option A.
2429,B,Option A.
2430,B,Option A.
2431,B,Option A.
2432,B,Option A.
2433,B,Option A.
2434,B,Option A.
2435,B,Option A.
2436,B,Option A.
2437,B,Option A.
2438,B,Option A.
2439,B,Option A.
2440,B,Option A.
2441,B,Option A.
2442,B,Option A.
2443,B,Option A.
2444,B,Option A.
2445,B,Option A.
2446,B,Option A.
2447,B,Option A.
2448,B,Option A.
2449,B,Option A.
2450,B,Option A.
2451,B,Option A.
2452,B,Option A.
2453,B,Option A.
2454,B,Option A.
2455,B,Option A.
2456,B,Option A.
2457,B,Option A.
2458,B,Option A.
2459,B,Option A.
2460,B,Option A.
2461,B,Option A.
2462,B,Option A.
2463,B,Option A.
2464,B,Option A.
2465,B,Option A.
2466,B,Option A.
2467,B,Option A.
2468,B,Option A.
2469,B,Option A.
2470,B,Option A.
2471,B,Option A.
2472,B,Option A.
2473,B,Option A.
2474,B,Option A.
2475,B,Option A.
2476,B,Option A.
2477,B,Option A.
2478,B,Option A.
2479,B,Option A.
2480,B,Option A.
2481,B,Option A.
2482,B,Option A.
2483,B,Option A.
2484,B,Option A.
2485,B,Option A.
2486,B,Option A.
2487,B,Option A.
2488,B,Option A.
2489,B,Option A.
2490,B,Option A.
2491,B,Option A.
2492,B,Option A.
2493,B,Option A.
2494,B,Option A.
2495,B,Option A.
2496,B,Option A.
2497,B,Option A.
2498,B,Option A.
2499,B,Option A.
2500,B,Option A.
2501,B,Option A.
2502,B,Option A.
2503,B,Option A.
2504,B,Option A.
2505,B,Option A.
2506,B,Option A.
2507,B,Option A.
2508,B,Option A.
2509,B,Option A.
2510,B,Option A.
2511,B,Option A.
2512,B,Option A.
2513,B,Option A.
2514,B,Option A.
2515,B,Option A.
2516,B,Option A.
2517,B,Option A.
2518,B,Option A.
2519,B,Option A.
2520,B,Option A.
2521,B,Option A.
2522,B,Option A.
2523,B,Option A.
2524,B,Option A.
2525,B,Option A.
2526,B,Option A.
2527,B,Option A.
2528,B,Option A.
2529,B,Option A.
2530,B,Option A.
2531,B,Option A.
2532,B,Option A.
2533,B,Option A.
2534,B,Option A.
2535,B,Option A.
2536,B,Option A.
2537,B,Option A.
2538,B,Option A.
2539,B,Option A.
2540,B,Option A.
2541,B,Option A.
2542,B,Option A.
2543,B,Option A.
2544,B,Option A.
2545,B,Option A.
2546,B,Option A.
2547,B,Option A.
2548,B,Option A.
2549,B,Option A.
2550,B,Option A.
2551,B,Option A.
2552,B,Option A.
2553,B,Option A.
2554,A,Option B.
2555,B,Option A.
2556,B,Option A.
2557,B,Option A.
2558,B,Option A.
2559,B,Option A.
2560,B,Option A.
2561,B,Option A.
2562,B,Option A.
2563,B,Option A.
2564,B,Option A.
2565,B,Option A.
2566,B,Option A.
2567,B,Option A.
2568,B,Option A.
2569,B,Option A.
2570,B,Option A.
2571,B,Option A.
2572,B,Option A.
2573,B,Option A.
2574,B,Option A.
2575,B,Option A.
2576,B,Option A.
2577,B,Option A.
2578,B,Option A.
2579,B,Option A.
2580,B,Option A.
2581,B,Option A.
2582,B,Option A.
2583,B,Option A.
2584,B,Option A.
2585,B,Option A.
2586,B,Option A.
2587,B,Option A.
2588,B,Option A.
2589,B,Option A.
2590,B,Option A.
2591,B,Option A.
2592,B,Option A.
2593,B,Option A.
2594,B,Option A.
2595,B,Option A.
2596,B,Option A.
2597,B,Option A.
2598,B,Option A.
2599,B,Option A.
2600,B,Option A.
2601,B,Option A.
2602,B,Option A.
2603,B,Option A.
2604,B,Option A.
2605,B,Option A.
2606,B,Option A.
2607,B,Option A.
2608,B,Option A.
2609,B,Option A.
2610,B,Option A.
2611,B,Option A.
2612,B,Option A.
2613,B,Option A.
2614,B,Option A.
2615,B,Option A.
2616,B,Option A.
2617,B,Option A.
2618,B,Option A.
2619,B,Option A.
2620,B,Option A.
2621,B,Option A.
2622,B,Option A.
2623,B,Option A.
2624,B,Option A.
2625,B,Option A.
2626,B,Option A.
2627,B,Option A.
2628,B,Option A.
2629,B,Option A.
2630,B,Option A.
2631,B,Option A.
2632,B,Option A.
2633,B,Option A.
2634,B,Option A.
2635,B,Option A.
2636,B,Option A.
2637,B,Option A.
2638,B,Option A.
2639,B,Option A.
2640,B,Option A.
2641,B,Option A.
2642,B,Option A.
2643,B,Option A.
2644,B,Option A.
2645,B,Option A.
2646,B,Option A.
2647,B,Option A.
2648,B,Option A.
2649,B,Option A.
2650,B,Option A.
2651,B,Option A.
2652,B,Option A.
2653,B,Option A.
2654,B,Option A.
2655,B,Option A.
2656,B,Option A.
2657,B,Option A.
2658,B,Option A.
2659,B,Option A.
2660,B,Option A.
2661,B,Option A.
2662,B,Option A.
2663,B,Option A.
2664,B,Option A.
2665,B,Option A.
2666,B,Option A.
2667,B,Option A.
2668,B,Option A.
2669,B,Option A.
2670,B,Option A.
2671,B,Option A.
2672,B,Option A.
2673,B,Option A.
2674,B,Option A.
2675,B,Option A.
2676,B,Option A.
2677,B,Option A.
2678,B,Option A.
2679,B,Option A.
2680,B,Option A.
2681,B,Option A.
2682,B,Option A.
2683,B,Option A.
2684,B,Option A.
2685,B,Option A.
2686,B,Option A.
2687,B,Option A.
2688,B,Option A.
2689,B,Option A.
2690,B,Option A.
2691,B,Option A.
2692,B,Option A.
2693,B,Option A.
2694,B,Option A.
2695,B,Option A.
2696,B,Option A.
2697,B,Option A.
2698,B,Option A.
2699,B,Option A.
2700,B,Option A.
2701,B,Option A.
2702,B,Option A.
2703,B,Option A.
2704,B,Option A.
2705,B,Option A.
2706,B,Option A.
2707,B,Option A.
2708,B,Option A.
2709,B,Option A.
2710,B,Option A.
2711,B,Option A.
2712,B,Option A.
2713,B,Option A.
2714,B,Option A.
2715,B,Option A.
2716,B,Option A.
2717,B,Option A.
2718,B,Option A.
2719,B,Option A.
2720,B,Option A.
2721,B,Option A.
2722,B,Option A.
2723,B,Option A.
2724,B,Option A.
2725,B,Option A.
2726,B,Option A.
2727,B,Option A.
2728,B,Option A.
2729,B,Option A.
2730,B,Option A.
2731,B,Option A.
2732,B,Option A.
2733,B,Option A.
2734,B,Option A.
2735,B,Option A.
2736,B,Option A.
2737,B,Option A.
2738,B,Option A.
2739,B,Option A.
2740,B,Option A.
2741,B,Option A.
2742,B,Option A.
2743,B,Option A.
2744,B,Option A.
2745,B,Option A.
2746,B,Option A.
2747,B,Option A.
2748,B,Option A.
2749,B,Option A.
2750,B,Option A.
2751,B,Option A.
2752,B,Option A.
2753,B,Option A.
2754,B,Option A.
2755,B,Option A.
2756,B,Option A.
2757,B,Option A.
2758,B,Option A.
2759,B,Option A.
2760,B,Option A.
2761,B,Option A.
2762,B,Option A.
2763,B,Option A.
2764,B,Option A.
2765,B,Option A.
2766,B,Option A.
2767,B,Option A.
2768,B,Option A.
2769,B,Option A.
2770,B,Option A.
2771,B,Option A.
2772,B,Option A.
2773,B,Option A.
2774,B,Option A.
2775,B,Option A.
2776,B,Option A.
2777,B,Option A.
2778,B,Option A.
2779,B,Option A.
2780,B,Option A.
2781,B,Option A.
2782,B,Option A.
2783,B,Option A.
2784,B,Option A.
2785,B,Option A.
2786,B,Option A.
2787,B,Option A.
2788,B,Option A.
2789,B,Option A.
2790,B,Option A.
2791,B,Option A.
2792,B,Option A.
2793,B,Option A.
2794,B,Option A.
2795,B,Option A.
2796,B,Option A.
2797,B,Option A.
2798,B,Option A.
2799,B,Option A.
2800,B,Option A.
2801,B,Option A.
2802,B,Option A.
2803,B,Option A.
2804,B,Option A.
2805,B,Option A.
2806,B,Option A.
2807,B,Option A.
2808,B,Option A.
2809,B,Option A.
2810,B,Option A.
2811,B,Option A.
2812,B,Option A.
2813,B,Option A.
2814,B,Option A.
2815,B,Option A.
2816,B,Option A.
2817,B,Option A.
2818,B,Option A.
2819,B,Option A.
2820,B,Option A.
2821,B,Option A.
2822,B,Option A.
2823,B,Option A.
2824,B,Option A.
2825,B,Option A.
2826,B,Option A.
2827,B,Option A.
2828,B,Option A.
2829,B,Option A.
2830,B,Option A.
2831,B,Option A.
2832,B,Option A.
2833,B,Option A.
2834,B,Option A.
2835,B,Option A.
2836,B,Option A.
2837,B,Option A.
2838,B,Option A.
2839,B,Option A.
2840,B,Option A.
2841,B,Option A.
2842,B,Option A.
2843,B,Option A.
2844,B,Option A.
2845,B,Option A.
2846,B,Option A.
2847,B,Option A.
2848,B,Option A.
2849,B,Option A.
2850,B,Option A.
2851,B,Option A.
2852,B,Option A.
2853,B,Option A.
2854,B,Option A.
2855,B,Option A.
2856,B,Option A.
2857,B,Option A.
2858,B,Option A.
2859,B,Option A.
2860,B,Option A.
2861,B,Option A.
2862,B,Option A.
2863,B,Option A.
2864,B,Option A.
2865,B,Option A.
2866,B,Option A.
2867,B,Option A.
2868,B,Option A.
2869,B,Option A.
2870,B,Option A.
2871,B,Option A.
2872,B,Option A.
2873,B,Option A.
2874,B,Option A.
2875,B,Option A.
2876,B,Option A.
2877,B,Option A.
2878,B,Option A.
2879,B,Option A.
2880,B,Option A.
2881,B,Option A.
2882,B,Option A.
2883,B,Option A.
2884,B,Option A.
2885,B,Option A.
2886,B,Option A.
2887,B,Option A.
2888,B,Option A.
2889,B,Option A.
2890,B,Option A.
2891,B,Option A.
2892,B,Option A.
2893,B,Option A.
2894,B,Option A.
2895,B,Option A.
2896,B,Option A.
2897,B,Option A.
2898,B,Option A.
2899,B,Option A.
2900,B,Option A.
2901,B,Option A.
2902,B,Option A.
2903,B,Option A.
2904,B,Option A.
2905,B,Option A.
2906,B,Option A.
2907,B,Option A.
2908,B,Option A.
2909,B,Option A.
2910,B,Option A.
2911,B,Option A.
2912,B,Option A.
2913,B,Option A.
2914,B,Option A.
2915,B,Option A.
2916,B,Option A.
2917,B,Option A.
2918,B,Option A.
2919,B,Option A.
2920,B,Option A.
2921,B,Option A.
2922,B,Option A.
2923,B,Option A.
2924,B,Option A.
2925,B,Option A.
2926,B,Option A.
2927,B,Option A.
2928,B,Option A.
2929,B,Option A.
2930,B,Option A.
2931,B,Option A.
2932,B,Option A.
2933,B,Option A.
2934,B,Option A.
2935,B,Option A.
2936,B,Option A.
2937,B,Option A.
2938,B,Option A.
2939,B,Option A.
2940,B,Option A.
2941,B,Option A.
2942,B,Option A.
2943,B,Option A.
2944,B,Option A.
2945,B,Option A.
2946,B,Option A.
2947,B,Option A.
2948,B,Option A.
2949,B,Option A.
2950,B,Option A.
2951,B,Option A.
2952,B,Option A.
2953,B,Option A.
2954,B,Option A.
2955,B,Option A.
2956,B,Option A.
2957,B,Option A.
2958,B,Option A.
2959,B,Option A.
2960,B,Option A.
2961,B,Option A.
2962,B,Option A.
2963,B,Option A.
2964,B,Option A.
2965,B,Option A.
2966,B,Option A.
2967,B,Option A.
2968,B,Option A.
2969,B,Option A.
2970,B,Option A.
2971,B,Option A.
2972,B,Option A.
2973,B,Option A.
2974,B,Option A.
2975,B,Option A.
2976,B,Option A.
2977,B,Option A.
2978,B,Option A.
2979,B,Option A.
2980,B,Option A.
2981,B,Option A.
2982,B,Option A.
2983,B,Option A.
2984,B,Option A.
2985,B,Option A.
2986,B,Option A.
2987,B,Option A.
2988,B,Option A.
2989,B,Option A.
2990,B,Option A.
2991,B,Option A.
2992,B,Option A.
2993,B,Option A.
2994,B,Option A.
2995,B,Option A.
2996,B,Option A.
2997,B,Option A.
2998,B,Option A.
2999,B,Option A.
3000,B,Option A.
3001,B,Option A.
3002,B,Option A.
3003,B,Option A.
3004,B,Option A.
3005,B,Option A.
3006,B,Option A.
3007,B,Option A.
3008,B,Option A.
3009,B,Option A.
3010,B,Option A.
3011,B,Option A.
3012,B,Option A.
3013,B,Option A.
3014,B,Option A.
3015,B,Option A.
3016,B,Option A.
3017,B,Option A.
3018,B,Option A.
3019,B,Option A.
3020,B,Option A.
3021,B,Option A.
3022,B,Option A.
3023,B,Option A.
3024,B,Option A.
3025,B,Option A.
3026,B,Option A.
3027,B,Option A.
3028,B,Option A.
3029,B,Option A.
3030,B,Option A.
3031,B,Option A.
3032,B,Option A.
3033,B,Option A.
3034,B,Option A.
3035,B,Option A.
3036,B,Option A.
3037,B,Option A.
3038,B,Option A.
3039,B,Option A.
3040,B,Option A.
3041,B,Option A.
3042,B,Option A.
3043,B,Option A.
3044,B,Option A.
3045,B,Option A.
3046,B,Option A.
3047,B,Option A.
3048,B,Option A.
3049,B,Option A.
3050,B,Option A.
3051,B,Option A.
3052,B,Option A.
3053,B,Option A.
3054,B,Option A.
3055,B,Option A.
3056,B,Option A.
3057,B,Option A.
3058,B,Option A.
3059,B,Option A.
3060,B,Option A.
3061,B,Option A.
3062,B,Option A.
3063,B,Option A.
3064,B,Option A.
3065,B,Option A.
3066,B,Option A.
3067,B,Option A.
3068,B,Option A.
3069,B,Option A.
3070,B,Option A.
3071,B,Option A.
3072,B,Option A.
3073,B,Option A.
3074,B,Option A.
3075,B,Option A.
3076,B,Option A.
3077,B,Option A.
3078,B,Option A.
3079,B,Option A.
3080,B,Option A.
3081,B,Option A.
3082,B,Option A.
3083,B,Option A.
3084,B,Option A.
3085,B,Option A.
3086,B,Option A.
3087,B,Option A.
3088,B,Option A.
3089,B,Option A.
3090,B,Option A.
3091,B,Option A.
3092,B,Option A.
3093,B,Option A.
3094,B,Option A.
3095,B,Option A.
3096,B,Option A.
3097,B,Option A.
3098,B,Option A.
3099,B,Option A.
3100,B,Option A.
3101,B,Option A.
3102,B,Option A.
3103,B,Option A.
3104,B,Option A.
3105,B,Option A.
3106,B,Option A.
3107,B,Option A.
3108,B,Option A.
3109,B,Option A.
3110,B,Option A.
3111,B,Option A.
3112,B,Option A.
3113,B,Option A.
3114,B,Option A.
3115,B,Option A.
3116,B,Option A.
3117,B,Option A.
3118,B,Option A.
3119,B,Option A.
3120,B,Option A.
3121,B,Option A.
3122,B,Option A.
3123,B,Option A.
3124,B,Option A.
3125,B,Option A.
3126,B,Option A.
3127,B,Option A.
3128,B,Option A.
3129,B,Option A.
3130,B,Option A.
3131,B,Option A.
3132,B,Option A.
3133,B,Option A.
3134,B,Option A.
3135,B,Option A.
3136,B,Option A.
3137,B,Option A.
3138,B,Option A.
3139,B,Option A.
3140,B,Option A.
3141,B,Option A.
3142,B,Option A.
3143,B,Option A.
3144,B,Option A.
3145,B,Option A.
3146,B,Option A.
3147,B,Option A.
3148,B,Option A.
3149,B,Option A.
3150,B,Option A.
3151,B,Option A.
3152,B,Option A.
3153,B,Option A.
3154,B,Option A.
3155,B,Option A.
3156,B,Option A.
3157,B,Option A.
3158,B,Option A.
3159,B,Option A.
3160,B,Option A.
3161,B,Option A.
3162,B,Option A.
3163,B,Option A.
3164,B,Option A.
3165,B,Option A.
3166,B,Option A.
3167,B,Option A.
3168,B,Option A.
3169,B,Option A.
3170,B,Option A.
3171,B,Option A.
3172,B,Option A.
3173,B,Option A.
3174,B,Option A.
3175,B,Option A.
3176,B,Option A.
3177,B,Option A.
3178,B,Option A.
3179,B,Option A.
3180,B,Option A.
3181,B,Option A.
3182,B,Option A.
3183,B,Option A.
3184,B,Option A.
3185,B,Option A.
3186,B,Option A.
3187,B,Option A.
3188,B,Option A.
3189,B,Option A.
3190,B,Option A.
3191,B,Option A.
3192,B,Option A.
3193,B,Option A.
3194,B,Option A.
3195,B,Option A.
3196,B,Option A.
3197,B,Option A.
3198,B,Option A.
3199,B,Option A.
3200,B,Option A.
3201,B,Option A.
3202,B,Option A.
3203,B,Option A.
3204,B,Option A.
3205,B,Option A.
3206,B,Option A.
3207,B,Option A.
3208,B,Option A.
3209,B,Option A.
3210,B,Option A.
3211,B,Option A.
3212,B,Option A.
3213,B,Option A.
3214,B,Option A.
3215,B,Option A.
3216,B,Option A.
3217,B,Option A.
3218,B,Option A.
3219,B,Option A.
3220,B,Option A.
3221,B,Option A.
3222,B,Option A.
3223,B,Option A.
3224,B,Option A.
3225,B,Option A.
3226,B,Option A.
3227,B,Option A.
3228,B,Option A.
3229,B,Option A.
3230,B,Option A.
3231,B,Option A.
3232,B,Option A.
3233,B,Option A.
3234,B,Option A.
3235,B,Option A.
3236,B,Option A.
3237,B,Option A.
3238,B,Option A.
3239,B,Option A.
3240,B,Option A.
3241,B,Option A.
3242,B,Option A.
3243,B,Option A.
3244,B,Option A.
3245,B,Option A.
3246,B,Option A.
3247,B,Option A.
3248,B,Option A.
3249,B,Option A.
3250,B,Option A.
3251,B,Option A.
3252,B,Option A.
3253,B,Option A.
3254,B,Option A.
3255,B,Option A.
3256,B,Option A.
3257,B,Option A.
3258,B,Option A.
3259,B,Option A.
3260,B,Option A.
3261,B,Option A.
3262,B,Option A.
3263,B,Option A.
3264,B,Option A.
3265,B,Option A.
3266,B,Option A.
3267,B,Option A.
3268,B,Option A.
3269,B,Option A.
3270,B,Option A.
3271,B,Option A.
3272,B,Option A.
3273,B,Option A.
3274,B,Option A.
3275,B,Option A.
3276,B,Option A.
3277,B,Option A.
3278,B,Option A.
3279,B,Option A.
3280,B,Option A.
3281,B,Option A.
3282,B,Option A.
3283,B,Option A.
3284,B,Option A.
3285,B,Option A.
3286,B,Option A.
3287,B,Option A.
3288,B,Option A.
3289,B,Option A.
3290,B,Option A.
3291,B,Option A.
3292,B,Option A.
3293,B,Option A.
3294,B,Option A.
3295,B,Option A.
3296,B,Option A.
3297,B,Option A.
3298,B,Option A.
3299,B,Option A.
3300,B,Option A.
3301,B,Option A.
3302,B,Option A.
3303,B,Option A.
3304,B,Option A.
3305,B,Option A.
3306,B,Option A.
3307,B,Option A.
3308,B,Option A.
3309,B,Option A.
3310,B,Option A.
3311,B,Option A.
3312,B,Option A.
3313,B,Option A.
3314,B,Option A.
3315,B,Option A.
3316,B,Option A.
3317,B,Option A.
3318,B,Option A.
3319,B,Option A.
3320,B,Option A.
3321,B,Option A.
3322,B,Option A.
3323,B,Option A.
3324,B,Option A.
3325,B,Option A.
3326,B,Option A.
3327,B,Option A.
3328,B,Option A.
3329,B,Option A.
3330,B,Option A.
3331,B,Option A.
3332,B,Option A.
3333,B,Option A.
3334,B,Option A.
3335,B,Option A.
3336,B,Option A.
3337,B,Option A.
3338,B,Option A.
3339,B,Option A.
3340,B,Option A.
3341,B,Option A.
3342,B,Option A.
3343,B,Option A.
3344,B,Option A.
3345,B,Option A.
3346,B,Option A.
3347,B,Option A.
3348,B,Option A.
3349,B,Option A.
3350,B,Option A.
3351,B,Option A.
3352,B,Option A.
3353,B,Option A.
3354,B,Option A.
3355,B,Option A.
3356,B,Option A.
3357,B,Option A.
3358,B,Option A.
3359,B,Option A.
3360,B,Option A.
3361,B,Option A.
3362,B,Option A.
3363,B,Option A.
3364,B,Option A.
3365,B,Option A.
3366,B,Option A.
3367,B,Option A.
3368,B,Option A.
3369,B,Option A.
3370,B,Option A.
3371,B,Option A.
3372,B,Option A.
3373,B,Option A.
3374,B,Option A.
3375,B,Option A.
3376,B,Option A.
3377,B,Option A.
3378,B,Option A.
3379,B,Option A.
3380,B,Option A.
3381,B,Option A.
3382,B,Option A.
3383,B,Option A.
3384,B,Option A.
3385,B,Option A.
3386,B,Option A.
3387,B,Option A.
3388,B,Option A.
3389,B,Option A.
3390,B,Option A.
3391,B,Option A.
3392,B,Option A.
3393,B,Option A.
3394,B,Option A.
3395,B,Option A.
3396,B,Option A.
3397,B,Option A.
3398,B,Option A.
3399,B,Option A.
3400,B,Option A.
3401,B,Option A.
3402,B,Option A.
3403,B,Option A.
3404,B,Option A.
3405,B,Option A.
3406,B,Option A.
3407,B,Option A.
3408,B,Option A.
3409,B,Option A.
3410,B,Option A.
3411,B,Option A.
3412,B,Option A.
3413,B,Option A.
3414,B,Option A.
3415,B,Option A.
3416,B,Option A.
3417,B,Option A.
3418,B,Option A.
3419,B,Option A.
3420,B,Option A.
3421,B,Option A.
3422,B,Option A.
3423,B,Option A.
3424,B,Option A.
3425,B,Option A.
3426,B,Option A.
3427,B,Option A.
3428,B,Option A.
3429,B,Option A.
3430,B,Option A.
3431,B,Option A.
3432,B,Option A.
3433,B,Option A.
3434,B,Option A.
3435,B,Option A.
3436,B,Option A.
3437,B,Option A.
3438,B,Option A.
3439,B,Option A.
3440,B,Option A.
3441,B,Option A.
3442,B,Option A.
3443,B,Option A.
3444,B,Option A.
3445,B,Option A.
3446,B,Option A.
3447,B,Option A.
3448,B,Option A.
3449,B,Option A.
3450,B,Option A.
3451,B,Option A.
3452,B,Option A.
3453,B,Option A.
3454,B,Option A.
3455,B,Option A.
3456,B,Option A.
3457,B,Option A.
3458,B,Option A.
3459,B,Option A.
3460,B,Option A.
3461,B,Option A.
3462,B,Option A.
3463,B,Option A.
3464,B,Option A.
3465,B,Option A.
3466,B,Option A.
3467,B,Option A.
3468,B,Option A.
3469,B,Option A.
3470,B,Option A.
3471,B,Option A.
3472,B,Option A.
3473,B,Option A.
3474,B,Option A.
3475,B,Option A.
3476,B,Option A.
3477,B,Option A.
3478,B,Option A.
3479,B,Option A.
3480,B,Option A.
3481,B,Option A.
3482,B,Option A.
3483,B,Option A.
3484,B,Option A.
3485,B,Option A.
3486,B,Option A.
3487,B,Option A.
3488,B,Option A.
3489,B,Option A.
3490,B,Option A.
3491,B,Option A.
3492,B,Option A.
3493,B,Option A.
3494,B,Option A.
3495,B,Option A.
3496,B,Option A.
3497,B,Option A.
3498,B,Option A.
3499,B,Option A.
3500,B,Option A.
3501,B,Option A.
3502,B,Option A.
3503,B,Option A.
3504,B,Option A.
3505,B,Option A.
3506,B,Option A.
3507,B,Option A.
3508,B,Option A.
3509,B,Option A.
3510,B,Option A.
3511,B,Option A.
3512,B,Option A.
3513,B,Option A.
3514,B,Option A.
3515,B,Option A.
3516,B,Option A.
3517,B,Option A.
3518,B,Option A.
3519,B,Option A.
3520,B,Option A.
3521,B,Option A.
3522,B,Option A.
3523,B,Option A.
3524,B,Option A.
3525,B,Option A.
3526,B,Option A.
3527,B,Option A.
3528,B,Option A.
3529,B,Option A.
3530,B,Option A.
3531,B,Option A.
3532,B,Option A.
3533,B,Option A.
3534,B,Option A.
3535,B,Option A.
3536,B,Option A.
3537,B,Option A.
3538,B,Option A.
3539,B,Option A.
3540,B,Option A.
3541,B,Option A.
3542,B,Option A.
3543,B,Option A.
3544,B,Option A.
3545,B,Option A.
3546,B,Option A.
3547,B,Option A.
3548,B,Option A.
3549,B,Option A.
3550,B,Option A.
3551,B,Option A.
3552,B,Option A.
3553,B,Option A.
3554,B,Option A.
3555,B,Option A.
3556,B,Option A.
3557,B,Option A.
3558,B,Option A.
3559,B,Option A.
3560,B,Option A.
3561,B,Option A.
3562,B,Option A.
3563,B,Option A.
3564,B,Option A.
3565,B,Option A.
3566,B,Option A.
3567,B,Option A.
3568,B,Option A.
3569,B,Option A.
3570,B,Option A.
3571,B,Option A.
3572,B,Option A.
3573,B,Option A.
3574,B,Option A.
3575,B,Option A.
3576,B,Option A.
3577,B,Option A.
3578,B,Option A.
3579,B,Option A.
3580,B,Option A.
3581,B,Option A.
3582,B,Option A.
3583,B,Option A.
3584,B,Option A.
3585,B,Option A.
3586,B,Option A.
3587,B,Option A.
3588,B,Option A.
3589,B,Option A.
3590,B,Option A.
3591,B,Option A.
3592,B,Option A.
3593,B,Option A.
3594,B,Option A.
3595,B,Option A.
3596,B,Option A.
3597,B,Option A.
3598,B,Option A.
3599,B,Option A.
3600,B,Option A.
3601,B,Option A.
3602,B,Option A.
3603,B,Option A.
3604,B,Option A.
3605,B,Option A.
3606,B,Option A.
3607,B,Option A.
3608,B,Option A.
3609,B,Option A.
3610,B,Option A.
3611,B,Option A.
3612,B,Option A.
3613,B,Option A.
3614,B,Option A.
3615,B,Option A.
3616,B,Option A.
3617,B,Option A.
3618,B,Option A.
3619,B,Option A.
3620,B,Option A.
3621,B,Option A.
3622,B,Option A.
3623,B,Option A.
3624,B,Option A.
3625,B,Option A.
3626,B,Option A.
3627,B,Option A.
3628,B,Option A.
3629,B,Option A.
3630,B,Option A.
3631,B,Option A.
3632,B,Option A.
3633,B,Option A.
3634,B,Option A.
3635,B,Option A.
3636,B,Option A.
3637,B,Option A.
3638,B,Option A.
3639,B,Option A.
3640,B,Option A.
3641,B,Option A.
3642,B,Option A.
3643,B,Option A.
3644,B,Option A.
3645,B,Option A.
3646,B,Option A.
3647,B,Option A.
3648,B,Option A.
3649,B,Option A.
3650,B,Option A.
3651,B,Option A.
3652,B,Option A.
3653,B,Option A.
3654,B,Option A.
3655,B,Option A.
3656,B,Option A.
3657,B,Option A.
3658,B,Option A.
3659,B,Option A.
3660,B,Option A.
3661,B,Option A.
3662,B,Option A.
3663,B,Option A.
3664,B,Option A.
3665,B,Option A.
3666,B,Option A.
3667,B,Option A.
3668,B,Option A.
3669,B,Option A.
3670,B,Option A.
3671,B,Option A.
3672,B,Option A.
3673,B,Option A.
3674,B,Option A.
3675,B,Option A.
3676,B,Option A.
3677,B,Option A.
3678,B,Option A.
3679,B,Option A.
3680,B,Option A.
3681,B,Option A.
3682,B,Option A.
3683,B,Option A.
3684,B,Option A.
3685,B,Option A.
3686,B,Option A.
3687,B,Option A.
3688,B,Option A.
3689,B,Option A.
3690,B,Option A.
3691,B,Option A.
3692,B,Option A.
3693,B,Option A.
3694,B,Option A.
3695,B,Option A.
3696,B,Option A.
3697,B,Option A.
3698,B,Option A.
3699,B,Option A.
3700,B,Option A.
3701,B,Option A.
3702,B,Option A.
3703,B,Option A.
3704,B,Option A.
3705,B,Option A.
3706,B,Option A.
3707,B,Option A.
3708,B,Option A.
3709,B,Option A.
3710,B,Option A.
3711,B,Option A.
3712,B,Option A.
3713,B,Option A.
3714,B,Option A.
3715,B,Option A.
3716,B,Option A.
3717,B,Option A.
3718,B,Option A.
3719,B,Option A.
3720,B,Option A.
3721,B,Option A.
3722,B,Option A.
3723,B,Option A.
3724,B,Option A.
3725,B,Option A.
3726,B,Option A.
3727,B,Option A.
3728,B,Option A.
3729,B,Option A.
3730,B,Option A.
3731,B,Option A.
3732,B,Option A.
3733,B,Option A.
3734,B,Option A.
3735,B,Option A.
3736,B,Option A.
3737,B,Option A.
3738,B,Option A.
3739,B,Option A.
3740,B,Option A.
3741,B,Option A.
3742,B,Option A.
3743,B,Option A.
3744,B,Option A.
3745,B,Option A.
3746,B,Option A.
3747,B,Option A.
3748,B,Option A.
3749,B,Option A.
3750,B,Option A.
3751,B,Option A.
3752,B,Option A.
3753,B,Option A.
3754,B,Option A.
3755,B,Option A.
3756,B,Option A.
3757,B,Option A.
3758,B,Option A.
3759,B,Option A.
3760,B,Option A.
3761,B,Option A.
3762,B,Option A.
3763,B,Option A.
3764,B,Option A.
3765,B,Option A.
3766,B,Option A.
3767,B,Option A.
3768,B,Option A.
3769,B,Option A.
3770,B,Option A.
3771,B,Option A.
3772,B,Option A.
3773,B,Option A.
3774,B,Option A.
3775,B,Option A.
3776,B,Option A.
3777,B,Option A.
3778,B,Option A.
3779,B,Option A.
3780,B,Option A.
3781,B,Option A.
3782,B,Option A.
3783,B,Option A.
3784,B,Option A.
3785,B,Option A.
3786,B,Option A.
3787,B,Option A.
3788,B,Option A.
3789,B,Option A.
3790,B,Option A.
3791,B,Option A.
3792,B,Option A.
3793,B,Option A.
3794,B,Option A.
3795,B,Option A.
3796,B,Option A.
3797,B,Option A.
3798,B,Option A.
3799,B,Option A.
3800,B,Option A.
3801,B,Option A.
3802,B,Option A.
3803,B,Option A.
3804,B,Option A.
3805,B,Option A.
3806,B,Option A.
3807,B,Option A.
3808,B,Option A.
3809,B,Option A.
3810,B,Option A.
3811,B,Option A.
3812,B,Option A.
3813,B,Option A.
3814,B,Option A.
3815,B,Option A.
3816,B,Option A.
3817,B,Option A.
3818,B,Option A.
3819,B,Option A.
3820,B,Option A.
3821,B,Option A.
3822,B,Option A.
3823,B,Option A.
3824,B,Option A.
3825,B,Option A.
3826,B,Option A.
3827,B,Option A.
3828,B,Option A.
3829,B,Option A.
3830,B,Option A.
3831,B,Option A.
3832,B,Option A.
3833,B,Option A.
3834,B,Option A.
3835,B,Option A.
3836,B,Option A.
3837,B,Option A.
3838,B,Option A.
3839,B,Option A.
3840,B,Option A.
3841,B,Option A.
3842,B,Option A.
3843,B,Option A.
3844,B,Option A.
3845,B,Option A.
3846,B,Option A.
3847,B,Option A.
3848,B,Option A.
3849,B,Option A.
3850,B,Option A.
3851,B,Option A.
3852,B,Option A.
3853,B,Option A.
3854,B,Option A.
3855,B,Option A.
3856,B,Option A.
3857,B,Option A.
3858,B,Option A.
3859,B,Option A.
3860,B,Option A.
3861,B,Option A.
3862,B,Option A.
3863,B,Option A.
3864,B,Option A.
3865,B,Option A.
3866,B,Option A.
3867,B,Option A.
3868,B,Option A.
3869,B,Option A.
3870,B,Option A.
3871,B,Option A.
3872,B,Option A.
3873,B,Option A.
3874,B,Option A.
3875,B,Option A.
3876,B,Option A.
3877,B,Option A.
3878,B,Option A.
3879,B,Option A.
3880,B,Option A.
3881,B,Option A.
3882,B,Option A.
3883,B,Option A.
3884,B,Option A.
3885,B,Option A.
3886,B,Option A.
3887,B,Option A.
3888,B,Option A.
3889,B,Option A.
3890,B,Option A.
3891,B,Option A.
3892,B,Option A.
3893,B,Option A.
3894,B,Option A.
3895,B,Option A.
3896,B,Option A.
3897,B,Option A.
3898,B,Option A.
3899,B,Option A.
3900,B,Option A.
3901,B,Option A.
3902,B,Option A.
3903,B,Option A.
3904,B,Option A.
3905,B,Option A.
3906,B,Option A.
3907,B,Option A.
3908,B,Option A.
3909,B,Option A.
3910,B,Option A.
3911,B,Option A.
3912,B,Option A.
3913,B,Option A.
3914,B,Option A.
3915,B,Option A.
3916,B,Option A.
3917,B,Option A.
3918,B,Option A.
3919,B,Option A.
3920,B,Option A.
3921,B,Option A.
3922,B,Option A.
3923,B,Option A.
3924,B,Option A.
3925,B,Option A.
3926,B,Option A.
3927,B,Option A.
3928,B,Option A.
3929,B,Option A.
3930,B,Option A.
3931,B,Option A.
3932,B,Option A.
3933,B,Option A.
3934,B,Option A.
3935,B,Option A.
3936,B,Option A.
3937,B,Option A.
3938,B,Option A.
3939,B,Option A.
3940,B,Option A.
3941,B,Option A.
3942,B,Option A.
3943,B,Option A.
3944,B,Option A.
3945,B,Option A.
3946,B,Option A.
3947,B,Option A.
3948,B,Option A.
3949,B,Option A.
3950,B,Option A.
3951,B,Option A.
3952,B,Option A.
3953,B,Option A.
3954,B,Option A.
3955,B,Option A.
3956,B,Option A.
3957,B,Option A.
3958,B,Option A.
3959,B,Option A.
3960,B,Option A.
3961,B,Option A.
3962,B,Option A.
3963,B,Option A.
3964,B,Option A.
3965,B,Option A.
3966,B,Option A.
3967,B,Option A.
3968,B,Option A.
3969,B,Option A.
3970,B,Option A.
3971,B,Option A.
3972,B,Option A.
3973,B,Option A.
3974,B,Option A.
3975,B,Option A.
3976,B,Option A.
3977,B,Option A.
3978,B,Option A.
3979,B,Option A.
3980,B,Option A.
3981,B,Option A.
3982,B,Option A.
3983,B,Option A.
3984,B,Option A.
3985,B,Option A.
3986,B,Option A.
3987,B,Option A.
3988,B,Option A.
3989,B,Option A.
3990,B,Option A.
3991,B,Option A.
3992,B,Option A.
3993,B,Option A.
3994,B,Option A.
3995,B,Option A.
3996,B,Option A.
3997,B,Option A.
3998,B,Option A.
3999,B,Option A.
4000,B,Option A.
4001,B,Option A.
4002,B,Option A.
4003,B,Option A.
4004,B,Option A.
4005,B,Option A.
4006,B,Option A.
4007,B,Option A.
4008,B,Option A.
4009,B,Option A.
4010,B,Option A.
4011,B,Option A.
4012,B,Option A.
4013,B,Option A.
4014,B,Option A.
4015,B,Option A.
4016,B,Option A.
4017,B,Option A.
4018,B,Option A.
4019,B,Option A.
4020,B,Option A.
4021,B,Option A.
4022,B,Option A.
4023,B,Option A.
4024,B,Option A.
4025,B,Option A.
4026,B,Option A.
4027,B,Option A.
4028,B,Option A.
4029,B,Option A.
4030,B,Option A.
4031,B,Option A.
4032,B,Option A.
4033,B,Option A.
4034,B,Option A.
4035,B,Option A.
4036,B,Option A.
4037,B,Option A.
4038,B,Option A.
4039,B,Option A.
4040,B,Option A.
4041,B,Option A.
4042,B,Option A.
4043,B,Option A.
4044,B,Option A.
4045,B,Option A.
4046,B,Option A.
4047,B,Option A.
4048,B,Option A.
4049,B,Option A.
4050,B,Option A.
4051,B,Option A.
4052,B,Option A.
4053,B,Option A.
4054,B,Option A.
4055,B,Option A.
4056,B,Option A.
4057,B,Option A.
4058,B,Option A.
4059,B,Option A.
4060,B,Option A.
4061,B,Option A.
4062,B,Option A.
4063,B,Option A.
4064,B,Option A.
4065,B,Option A.
4066,B,Option A.
4067,B,Option A.
4068,B,Option A.
4069,B,Option A.
4070,B,Option A.
4071,B,Option A.
4072,B,Option A.
4073,B,Option A.
4074,B,Option A.
4075,B,Option A.
4076,B,Option A.
4077,B,Option A.
4078,B,Option A.
4079,B,Option A.
4080,B,Option A.
4081,B,Option A.
4082,B,Option A.
4083,B,Option A.
4084,B,Option A.
4085,B,Option A.
4086,B,Option A.
4087,B,Option A.
4088,B,Option A.
4089,B,Option A.
4090,B,Option A.
4091,B,Option A.
4092,B,Option A.
4093,B,Option A.
4094,B,Option A.
4095,B,Option A.
4096,B,Option A.
4097,B,Option A.
4098,B,Option A.
4099,B,Option A.
4100,B,Option A.
4101,B,Option A.
4102,B,Option A.
4103,B,Option A.
4104,B,Option A.
4105,B,Option A.
4106,B,Option A.
4107,B,Option A.
4108,B,Option A.
4109,B,Option A.
4110,B,Option A.
4111,B,Option A.
4112,B,Option A.
4113,B,Option A.
4114,B,Option A.
4115,B,Option A.
4116,B,Option A.
4117,B,Option A.
4118,B,Option A.
4119,B,Option A.
4120,B,Option A.
4121,B,Option A.
4122,B,Option A.
4123,B,Option A.
4124,B,Option A.
4125,B,Option A.
4126,B,Option A.
4127,B,Option A.
4128,B,Option A.
4129,B,Option A.
4130,B,Option A.
4131,B,Option A.
4132,B,Option A.
4133,B,Option A.
4134,B,Option A.
4135,B,Option A.
4136,B,Option A.
4137,B,Option A.
4138,B,Option A.
4139,B,Option A.
4140,B,Option A.
4141,B,Option A.
4142,B,Option A.
4143,B,Option A.
4144,B,Option A.
4145,B,Option A.
4146,B,Option A.
4147,B,Option A.
4148,B,Option A.
4149,B,Option A.
4150,B,Option A.
4151,B,Option A.
4152,B,Option A.
4153,B,Option A.
4154,B,Option A.
4155,B,Option A.
4156,B,Option A.
4157,B,Option A.
4158,B,Option A.
4159,B,Option A.
4160,B,Option A.
4161,B,Option A.
4162,B,Option A.
4163,B,Option A.
4164,B,Option A.
4165,B,Option A.
4166,B,Option A.
4167,B,Option A.
4168,B,Option A.
4169,B,Option A.
4170,B,Option A.
4171,B,Option A.
4172,B,Option A.
4173,B,Option A.
4174,B,Option A.
4175,B,Option A.
4176,B,Option A.
4177,B,Option A.
4178,B,Option A.
4179,B,Option A.
4180,B,Option A.
4181,B,Option A.
4182,B,Option A.
4183,B,Option A.
4184,B,Option A.
4185,B,Option A.
4186,B,Option A.
4187,B,Option A.
4188,B,Option A.
4189,B,Option A.
4190,B,Option A.
4191,B,Option A.
4192,B,Option A.
4193,B,Option A.
4194,B,Option A.
4195,B,Option A.
4196,B,Option A.
4197,B,Option A.
4198,B,Option A.
4199,B,Option A.
4200,B,Option A.
4201,B,Option A.
4202,B,Option A.
4203,B,Option A.
4204,B,Option A.
4205,B,Option A.
4206,B,Option A.
4207,B,Option A.
4208,B,Option A.
4209,B,Option A.
4210,B,Option A.
4211,B,Option A.
4212,B,Option A.
4213,B,Option A.
4214,B,Option A.
4215,B,Option A.
4216,B,Option A.
4217,B,Option A.
4218,B,Option A.
4219,B,Option A.
4220,B,Option A.
4221,B,Option A.
4222,B,Option A.
4223,B,Option A.
4224,B,Option A.
4225,B,Option A.
4226,B,Option A.
4227,B,Option A.
4228,B,Option A.
4229,B,Option A.
4230,B,Option A.
4231,B,Option A.
4232,B,Option A.
4233,B,Option A.
4234,B,Option A.
4235,B,Option A.
4236,B,Option A.
4237,B,Option A.
4238,B,Option A.
4239,B,Option A.
4240,B,Option A.
4241,B,Option A.
4242,B,Option A.
4243,B,Option A.
4244,B,Option A.
4245,B,Option A.
4246,B,Option A.
4247,B,Option A.
4248,B,Option A.
4249,B,Option A.
4250,B,Option A.
4251,B,Option A.
4252,B,Option A.
4253,B,Option A.
4254,B,Option A.
4255,B,Option A.
4256,B,Option A.
4257,B,Option A.
4258,B,Option A.
4259,B,Option A.
4260,B,Option A.
4261,B,Option A.
4262,A,Option B.
4263,B,Option A.
4264,B,Option A.
4265,B,Option A.
4266,B,Option A.
4267,B,Option A.
4268,B,Option A.
4269,B,Option A.
4270,B,Option A.
4271,B,Option A.
4272,B,Option A.
4273,B,Option A.
4274,B,Option A.
4275,B,Option A.
4276,B,Option A.
4277,B,Option A.
4278,B,Option A.
4279,B,Option A.
4280,B,Option A.
4281,B,Option A.
4282,B,Option A.
4283,B,Option A.
4284,B,Option A.
4285,B,Option A.
4286,B,Option A.
4287,B,Option A.
4288,B,Option A.
4289,B,Option A.
4290,B,Option A.
4291,B,Option A.
4292,B,Option A.
4293,B,Option A.
4294,B,Option A.
4295,B,Option A.
4296,B,Option A.
4297,B,Option A.
4298,B,Option A.
4299,B,Option A.
4300,B,Option A.
4301,B,Option A.
4302,B,Option A.
4303,B,Option A.
4304,B,Option A.
4305,B,Option A.
4306,B,Option A.
4307,B,Option A.
4308,B,Option A.
4309,B,Option A.
4310,B,Option A.
4311,B,Option A.
4312,B,Option A.
4313,B,Option A.
4314,B,Option A.
4315,B,Option A.
4316,B,Option A.
4317,B,Option A.
4318,B,Option A.
4319,B,Option A.
4320,B,Option A.
4321,B,Option A.
4322,B,Option A.
4323,B,Option A.
4324,B,Option A.
4325,B,Option A.
4326,B,Option A.
4327,B,Option A.
4328,B,Option A.
4329,B,Option A.
4330,B,Option A.
4331,B,Option A.
4332,B,Option A.
4333,B,Option A.
4334,B,Option A.
4335,B,Option A.
4336,B,Option A.
4337,B,Option A.
4338,B,Option A.
4339,B,Option A.
4340,B,Option A.
4341,B,Option A.
4342,B,Option A.
4343,B,Option A.
4344,B,Option A.
4345,B,Option A.
4346,B,Option A.
4347,B,Option A.
4348,B,Option A.
4349,B,Option A.
4350,B,Option A.
4351,B,Option A.
4352,B,Option A.
4353,B,Option A.
4354,B,Option A.
4355,B,Option A.
4356,B,Option A.
4357,B,Option A.
4358,B,Option A.
4359,B,Option A.
4360,B,Option A.
4361,B,Option A.
4362,B,Option A.
4363,B,Option A.
4364,B,Option A.
4365,B,Option A.
4366,B,Option A.
4367,B,Option A.
4368,B,Option A.
4369,B,Option A.
4370,B,Option A.
4371,B,Option A.
4372,B,Option A.
4373,B,Option A.
4374,B,Option A.
4375,B,Option A.
4376,B,Option A.
4377,B,Option A.
4378,B,Option A.
4379,B,Option A.
4380,B,Option A.
4381,B,Option A.
4382,B,Option A.
4383,B,Option A.
4384,B,Option A.
4385,B,Option A.
4386,B,Option A.
4387,B,Option A.
4388,B,Option A.
4389,B,Option A.
4390,B,Option A.
4391,B,Option A.
4392,B,Option A.
4393,B,Option A.
4394,B,Option A.
4395,B,Option A.
4396,B,Option A.
4397,B,Option A.
4398,B,Option A.
4399,B,Option A.
4400,B,Option A.
4401,B,Option A.
4402,B,Option A.
4403,B,Option A.
4404,B,Option A.
4405,B,Option A.
4406,B,Option A.
4407,B,Option A.
4408,B,Option A.
4409,B,Option A.
4410,B,Option A.
4411,B,Option A.
4412,B,Option A.
4413,B,Option A.
4414,B,Option A.
4415,B,Option A.
4416,B,Option A.
4417,B,Option A.
4418,B,Option A.
4419,B,Option A.
4420,B,Option A.
4421,B,Option A.
4422,B,Option A.
4423,B,Option A.
4424,B,Option A.
4425,B,Option A.
4426,B,Option A.
4427,B,Option A.
4428,B,Option A.
4429,B,Option A.
4430,B,Option A.
4431,B,Option A.
4432,B,Option A.
4433,B,Option A.
4434,B,Option A.
4435,B,Option A.
4436,B,Option A.
4437,B,Option A.
4438,B,Option A.
4439,B,Option A.
4440,B,Option A.
4441,B,Option A.
4442,B,Option A.
4443,B,Option A.
4444,B,Option A.
4445,B,Option A.
4446,B,Option A.
4447,B,Option A.
4448,B,Option A.
4449,B,Option A.
4450,B,Option A.
4451,B,Option A.
4452,B,Option A.
4453,B,Option A.
4454,B,Option A.
4455,B,Option A.
4456,B,Option A.
4457,B,Option A.
4458,B,Option A.
4459,B,Option A.
4460,B,Option A.
4461,B,Option A.
4462,B,Option A.
4463,B,Option A.
4464,B,Option A.
4465,B,Option A.
4466,B,Option A.
4467,B,Option A.
4468,B,Option A.
4469,B,Option A.
4470,B,Option A.
4471,B,Option A.
4472,B,Option A.
4473,B,Option A.
4474,B,Option A.
4475,B,Option A.
4476,B,Option A.
4477,B,Option A.
4478,B,Option A.
4479,B,Option A.
4480,B,Option A.
4481,B,Option A.
4482,B,Option A.
4483,B,Option A.
4484,B,Option A.
4485,B,Option A.
4486,B,Option A.
4487,B,Option A.
4488,B,Option A.
4489,B,Option A.
4490,B,Option A.
4491,B,Option A.
4492,B,Option A.
4493,B,Option A.
4494,B,Option A.
4495,B,Option A.
4496,B,Option A.
4497,B,Option A.
4498,B,Option A.
4499,B,Option A.
4500,B,Option A.
4501,B,Option A.
4502,B,Option A.
4503,B,Option A.
4504,B,Option A.
4505,B,Option A.
4506,B,Option A.
4507,B,Option A.
4508,B,Option A.
4509,B,Option A.
4510,B,Option A.
4511,B,Option A.
4512,B,Option A.
4513,B,Option A.
4514,B,Option A.
4515,B,Option A.
4516,B,Option A.
4517,B,Option A.
4518,B,Option A.
4519,B,Option A.
4520,B,Option A.
4521,B,Option A.
4522,B,Option A.
4523,B,Option A.
4524,B,Option A.
4525,B,Option A.
4526,B,Option A.
4527,B,Option A.
4528,B,Option A.
4529,B,Option A.
4530,B,Option A.
4531,B,Option A.
4532,B,Option A.
4533,B,Option A.
4534,B,Option A.
4535,B,Option A.
4536,B,Option A.
4537,B,Option A.
4538,B,Option A.
4539,B,Option A.
4540,B,Option A.
4541,B,Option A.
4542,B,Option A.
4543,B,Option A.
4544,B,Option A.
4545,B,Option A.
4546,B,Option A.
4547,B,Option A.
4548,B,Option A.
4549,B,Option A.
4550,B,Option A.
4551,B,Option A.
4552,B,Option A.
4553,B,Option A.
4554,B,Option A.
4555,B,Option A.
4556,B,Option A.
4557,B,Option A.
4558,B,Option A.
4559,B,Option A.
4560,B,Option A.
4561,B,Option A.
4562,B,Option A.
4563,B,Option A.
4564,B,Option A.
4565,B,Option A.
4566,B,Option A.
4567,B,Option A.
4568,B,Option A.
4569,B,Option A.
4570,B,Option A.
4571,B,Option A.
4572,B,Option A.
4573,B,Option A.
4574,B,Option A.
4575,B,Option A.
4576,B,Option A.
4577,B,Option A.
4578,B,Option A.
4579,B,Option A.
4580,B,Option A.
4581,B,Option A.
4582,B,Option A.
4583,B,Option A.
4584,B,Option A.
4585,B,Option A.
4586,B,Option A.
4587,B,Option A.
4588,B,Option A.
4589,B,Option A.
4590,B,Option A.
4591,B,Option A.
4592,B,Option A.
4593,B,Option A.
4594,B,Option A.
4595,B,Option A.
4596,B,Option A.
4597,B,Option A.
4598,B,Option A.
4599,B,Option A.
4600,B,Option A.
10001,B,Option A.
10002,B,Option A.
10003,B,Option A.
10004,B,Option A.
10005,B,Option A.
10006,B,Option A.
10007,B,Option A.
10008,B,Option A.
10009,B,Option A.
10010,B,Option A.
10011,B,Option A.
10012,B,Option A.
10013,B,Option A.
10014,B,Option A.
10015,B,Option A.
10016,B,Option A.
10017,B,Option A.
10018,B,Option A.
10019,B,Option A.
10020,B,Option A.
10021,B,Option A.
10022,B,Option A.
10023,B,Option A.
10024,B,Option A.
10025,B,Option A.
10026,B,Option A.
10027,B,Option A.
10028,B,Option A.
10029,B,Option A.
10030,B,Option A.
10031,B,Option A.
10032,B,Option A.
10033,B,Option A.
10034,B,Option A.
10035,B,Option A.
10036,B,Option A.
10037,B,Option A.
10038,B,Option A.
10039,B,Option A.
10040,B,Option A.
10041,B,Option A.
10042,B,Option A.
10043,B,Option A.
10044,B,Option A.
10045,B,Option A.
10046,B,Option A.
10047,B,Option A.
10048,B,Option A.
10049,B,Option A.
10050,B,Option A.
10051,B,Option A.
10052,B,Option A.
10053,B,Option A.
10054,B,Option A.
10055,B,Option A.
10056,B,Option A.
10057,B,Option A.
10058,B,Option A.
10059,B,Option A.
10060,B,Option A.
10061,B,Option A.
10062,B,Option A.
10063,B,Option A.
10064,B,Option A.
10065,B,Option A.
10066,B,Option A.
10067,B,Option A.
10068,B,Option A.
10069,B,Option A.
10070,B,Option A.
10071,B,Option A.
10072,B,Option A.
10073,B,Option A.
10074,B,Option A.
10075,B,Option A.
10076,B,Option A.
10077,B,Option A.
10078,B,Option A.
10079,B,Option A.
10080,B,Option A.
10081,B,Option A.
10082,B,Option A.
10083,B,Option A.
10084,B,Option A.
10085,B,Option A.
10086,B,Option A.
10087,B,Option A.
10088,B,Option A.
10089,B,Option A.
10090,B,Option A.
10091,B,Option A.
10092,B,Option A.
10093,B,Option A.
10094,B,Option A.
10095,B,Option A.
10096,B,Option A.
10097,B,Option A.
10098,B,Option A.
10099,B,Option A.
10100,B,Option A.
10101,B,Option A.
10102,B,Option A.
10103,B,Option A.
10104,B,Option A.
10105,B,Option A.
10106,B,Option A.
10107,B,Option A.
10108,B,Option A.
10109,B,Option A.
10110,B,Option A.
10111,B,Option A.
10112,B,Option A.
10113,B,Option A.
10114,B,Option A.
10115,B,Option A.
10116,B,Option A.
10117,B,Option A.
10118,B,Option A.
10119,B,Option A.
10120,B,Option A.
10121,B,Option A.
10122,B,Option A.
10123,B,Option A.
10124,B,Option A.
10125,B,Option A.
10126,B,Option A.
10127,B,Option A.
10128,B,Option A.
10129,B,Option A.
10130,B,Option A.
10131,B,Option A.
10132,B,Option A.
10133,B,Option A.
10134,B,Option A.
10135,B,Option A.
10136,B,Option A.
10137,B,Option A.
10138,B,Option A.
10139,B,Option A.
10140,B,Option A.
10141,B,Option A.
10142,B,Option A.
10143,B,Option A.
10144,B,Option A.
10145,B,Option A.
10146,B,Option A.
10147,B,Option A.
10148,B,Option A.
10149,B,Option A.
10150,B,Option A.
10151,B,Option A.
10152,B,Option A.
10153,B,Option A.
10154,B,Option A.
10155,B,Option A.
10156,B,Option A.
10157,B,Option A.
10158,B,Option A.
10159,B,Option A.
10160,B,Option A.
10161,B,Option A.
10162,B,Option A.
10163,B,Option A.
10164,B,Option A.
10165,B,Option A.
10166,B,Option A.
10167,B,Option A.
10168,B,Option A.
10169,B,Option A.
10170,B,Option A.
10171,B,Option A.
10172,B,Option A.
10173,B,Option A.
10174,B,Option A.
10175,B,Option A.
10176,B,Option A.
10177,B,Option A.
10178,B,Option A.
10179,B,Option A.
10180,B,Option A.
10181,B,Option A.
10182,B,Option A.
10183,B,Option A.
10184,B,Option A.
10185,B,Option A.
10186,B,Option A.
10187,B,Option A.
10188,B,Option A.
10189,B,Option A.
10190,B,Option A.
10191,B,Option A.
10192,B,Option A.
10193,B,Option A.
10194,B,Option A.
10195,B,Option A.
10196,B,Option A.
10197,B,Option A.
10198,B,Option A.
10199,B,Option A.
10200,B,Option A.
10201,B,Option A.
10202,B,Option A.
10203,B,Option A.
10204,B,Option A.
10205,B,Option A.
10206,B,Option A.
10207,B,Option A.
10208,B,Option A.
10209,B,Option A.
10210,B,Option A.
10211,B,Option A.
10212,B,Option A.
10213,B,Option A.
10214,B,Option A.
10215,B,Option A.
10216,B,Option A.
10217,B,Option A.
10218,B,Option A.
10219,B,Option A.
10220,B,Option A.
10221,B,Option A.
10222,B,Option A.
10223,B,Option A.
10224,B,Option A.
10225,B,Option A.
10226,B,Option A.
10227,B,Option A.
10228,B,Option A.
10229,B,Option A.
10230,B,Option A.
10231,B,Option A.
10232,B,Option A.
10233,B,Option A.
10234,B,Option A.
10235,B,Option A.
10236,B,Option A.
10237,B,Option A.
10238,B,Option A.
10239,B,Option A.
10240,B,Option A.
10241,B,Option A.
10242,B,Option A.
10243,B,Option A.
10244,B,Option A.
10245,B,Option A.
10246,B,Option A.
10247,B,Option A.
10248,B,Option A.
10249,B,Option A.
10250,B,Option A.
10251,B,Option A.
10252,B,Option A.
10253,B,Option A.
10254,B,Option A.
10255,B,Option A.
10256,B,Option A.
10257,B,Option A.
10258,B,Option A.
10259,B,Option A.
10260,B,Option A.
10261,B,Option A.
10262,B,Option A.
10263,B,Option A.
10264,B,Option A.
10265,B,Option A.
10266,B,Option A.
10267,B,Option A.
10268,B,Option A.
10269,B,Option A.
10270,B,Option A.
10271,B,Option A.
10272,B,Option A.
10273,B,Option A.
10274,B,Option A.
10275,B,Option A.
10276,B,Option A.
10277,B,Option A.
10278,B,Option A.
10279,B,Option A.
10280,B,Option A.
10281,B,Option A.
10282,B,Option A.
10283,B,Option A.
10284,B,Option A.
10285,B,Option A.
10286,B,Option A.
10287,B,Option A.
10288,B,Option A.
10289,B,Option A.
10290,B,Option A.
10291,B,Option A.
10292,B,Option A.
10293,B,Option A.
10294,B,Option A.
10295,B,Option A.
10296,B,Option A.
10297,B,Option A.
10298,B,Option A.
10299,B,Option A.
10300,B,Option A.
10301,B,Option A.
10302,B,Option A.
10303,B,Option A.
10304,B,Option A.
10305,B,Option A.
10306,B,Option A.
10307,B,Option A.
10308,B,Option A.
10309,B,Option A.
10310,B,Option A.
10311,B,Option A.
10312,B,Option A.
10313,B,Option A.
10314,B,Option A.
10315,B,Option A.
10316,B,Option A.
10317,B,Option A.
10318,B,Option A.
10319,B,Option A.
10320,B,Option A.
10321,B,Option A.
10322,B,Option A.
10323,B,Option A.
10324,B,Option A.
10325,B,Option A.
10326,B,Option A.
10327,B,Option A.
10328,B,Option A.
10329,B,Option A.
10330,B,Option A.
10331,B,Option A.
10332,B,Option A.
10333,B,Option A.
10334,B,Option A.
10335,B,Option A.
10336,B,Option A.
10337,B,Option A.
10338,B,Option A.
10339,B,Option A.
10340,B,Option A.
10341,B,Option A.
10342,B,Option A.
10343,B,Option A.
10344,B,Option A.
10345,B,Option A.
10346,B,Option A.
10347,B,Option A.
10348,B,Option A.
10349,B,Option A.
10350,B,Option A.
10351,B,Option A.
10352,B,Option A.
10353,B,Option A.
10354,B,Option A.
10355,B,Option A.
10356,B,Option A.
10357,B,Option A.
10358,B,Option A.
10359,B,Option A.
10360,B,Option A.
10361,B,Option A.
10362,B,Option A.
10363,B,Option A.
10364,B,Option A.
10365,B,Option A.
10366,B,Option A.
10367,B,Option A.
10368,B,Option A.
10369,B,Option A.
10370,B,Option A.
10371,B,Option A.
10372,B,Option A.
10373,B,Option A.
10374,B,Option A.
10375,B,Option A.
10376,B,Option A.
10377,B,Option A.
10378,B,Option A.
10379,B,Option A.
10380,B,Option A.
10381,B,Option A.
10382,B,Option A.
10383,B,Option A.
10384,B,Option A.
10385,B,Option A.
10386,B,Option A.
10387,B,Option A.
10388,B,Option A.
10389,B,Option A.
10390,B,Option A.
10391,B,Option A.
10392,B,Option A.
10393,B,Option A.
10394,B,Option A.
10395,B,Option A.
10396,B,Option A.
10397,B,Option A.
10398,B,Option A.
10399,B,Option A.
10400,B,Option A.
10401,B,Option A.
10402,B,Option A.
10403,B,Option A.
10404,B,Option A.
10405,B,Option A.
10406,B,Option A.
10407,B,Option A.
10408,B,Option A.
10409,B,Option A.
10410,B,Option A.
10411,B,Option A.
10412,B,Option A.
10413,B,Option A.
10414,B,Option A.
10415,B,Option A.
10416,B,Option A.
10417,B,Option A.
10418,B,Option A.
10419,B,Option A.
10420,B,Option A.
10421,B,Option A.
10422,B,Option A.
10423,B,Option A.
10424,B,Option A.
10425,B,Option A.
10426,B,Option A.
10427,B,Option A.
10428,B,Option A.
10429,B,Option A.
10430,B,Option A.
10431,B,Option A.
10432,B,Option A.
10433,B,Option A.
10434,B,Option A.
10435,B,Option A.
10436,B,Option A.
10437,B,Option A.
10438,B,Option A.
10439,B,Option A.
10440,B,Option A.
10441,B,Option A.
10442,B,Option A.
10443,B,Option A.
10444,B,Option A.
10445,B,Option A.
10446,B,Option A.
10447,B,Option A.
10448,B,Option A.
10449,B,Option A.
10450,B,Option A.
10451,B,Option A.
10452,B,Option A.
10453,B,Option A.
10454,B,Option A.
10455,B,Option A.
10456,B,Option A.
10457,B,Option A.
10458,B,Option A.
10459,B,Option A.
10460,B,Option A.
10461,B,Option A.
10462,B,Option A.
10463,B,Option A.
10464,B,Option A.
10465,B,Option A.
10466,B,Option A.
10467,B,Option A.
10468,B,Option A.
10469,B,Option A.
10470,B,Option A.
10471,B,Option A.
10472,B,Option A.
10473,A,Option B.
10474,B,Option A.
10475,B,Option A.
10476,B,Option A.
10477,B,Option A.
10478,B,Option A.
10479,B,Option A.
10480,B,Option A.
10481,B,Option A.
10482,B,Option A.
10483,B,Option A.
10484,B,Option A.
10485,B,Option A.
10486,B,Option A.
10487,B,Option A.
10488,B,Option A.
10489,B,Option A.
10490,B,Option A.
10491,B,Option A.
10492,B,Option A.
10493,B,Option A.
10494,B,Option A.
10495,B,Option A.
10496,B,Option A.
10497,B,Option A.
10498,B,Option A.
10499,B,Option A.
10500,B,Option A.
10501,B,Option A.
10502,B,Option A.
10503,B,Option A.
10504,B,Option A.
10505,B,Option A.
10506,B,Option A.
10507,B,Option A.
10508,B,Option A.
10509,B,Option A.
10510,B,Option A.
10511,B,Option A.
10512,B,Option A.
10513,B,Option A.
10514,B,Option A.
10515,B,Option A.
10516,B,Option A.
10517,B,Option A.
10518,B,Option A.
10519,B,Option A.
10520,B,Option A.
10521,B,Option A.
10522,B,Option A.
10523,B,Option A.
10524,B,Option A.
10525,B,Option A.
10526,B,Option A.
10527,B,Option A.
10528,B,Option A.
10529,B,Option A.
10530,B,Option A.
10531,B,Option A.
10532,B,Option A.
10533,B,Option A.
10534,B,Option A.
10535,B,Option A.
10536,B,Option A.
10537,B,Option A.
10538,B,Option A.
10539,B,Option A.
10540,B,Option A.
10541,B,Option A.
10542,B,Option A.
10543,B,Option A.
10544,B,Option A.
10545,B,Option A.
10546,B,Option A.
10547,B,Option A.
10548,B,Option A.
10549,B,Option A.
10550,B,Option A.
10551,B,Option A.
10552,B,Option A.
10553,B,Option A.
10554,B,Option A.
10555,B,Option A.
10556,B,Option A.
10557,B,Option A.
10558,B,Option A.
10559,B,Option A.
10560,B,Option A.
10561,B,Option A.
10562,B,Option A.
10563,B,Option A.
10564,B,Option A.
10565,B,Option A.
10566,B,Option A.
10567,B,Option A.
10568,B,Option A.
10569,B,Option A.
10570,B,Option A.
10571,B,Option A.
10572,B,Option A.
10573,B,Option A.
10574,B,Option A.
10575,B,Option A.
10576,B,Option A.
10577,B,Option A.
10578,B,Option A.
10579,B,Option A.
10580,B,Option A.
10581,B,Option A.
10582,B,Option A.
10583,B,Option A.
10584,B,Option A.
10585,B,Option A.
10586,B,Option A.
10587,B,Option A.
10588,B,Option A.
10589,B,Option A.
10590,B,Option A.
10591,B,Option A.
10592,B,Option A.
10593,B,Option A.
10594,B,Option A.
10595,B,Option A.
10596,B,Option A.
10597,B,Option A.
10598,B,Option A.
10599,B,Option A.
10600,B,Option A.
10601,B,Option A.
10602,B,Option A.
10603,B,Option A.
10604,B,Option A.
10605,B,Option A.
10606,B,Option A.
10607,B,Option A.
10608,B,Option A.
10609,B,Option A.
10610,B,Option A.
10611,B,Option A.
10612,B,Option A.
10613,B,Option A.
10614,B,Option A.
10615,B,Option A.
10616,B,Option A.
10617,B,Option A.
10618,B,Option A.
10619,B,Option A.
10620,B,Option A.
10621,B,Option A.
10622,B,Option A.
10623,B,Option A.
10624,B,Option A.
10625,B,Option A.
10626,B,Option A.
10627,B,Option A.
10628,B,Option A.
10629,B,Option A.
10630,B,Option A.
10631,B,Option A.
10632,B,Option A.
10633,B,Option A.
10634,B,Option A.
10635,B,Option A.
10636,B,Option A.
10637,B,Option A.
10638,B,Option A.
10639,B,Option A.
10640,B,Option A.
10641,B,Option A.
10642,B,Option A.
10643,B,Option A.
10644,B,Option A.
10645,B,Option A.
10646,B,Option A.
10647,B,Option A.
10648,B,Option A.
10649,B,Option A.
10650,B,Option A.
10651,B,Option A.
10652,B,Option A.
10653,B,Option A.
10654,B,Option A.
10655,B,Option A.
10656,B,Option A.
10657,B,Option A.
10658,B,Option A
10659,B,Option A.
10660,B,Option A.
10661,B,Option A.
10662,B,Option A.
10663,B,Option A.
10664,B,Option A.
10665,B,Option A.
10666,B,Option A.
10667,B,Option A.
10668,B,Option A.
10669,B,Option A.
10670,B,Option A.
10671,B,Option A.
10672,B,Option A.
10673,B,Option A.
10674,B,Option A.
10675,B,Option A.
10676,B,Option A.
10677,B,Option A.
10678,B,Option A.
10679,B,Option A.
10680,B,Option A.
10681,B,Option A.
10682,B,Option A.
10683,B,Option A.
10684,B,Option A.
10685,B,Option A.
10686,B,Option A.
10687,B,Option A.
10688,B,Option A.
10689,B,Option A.
10690,B,Option A.
10691,B,Option A.
10692,B,Option A.
10693,B,Option A.
10694,B,Option A.
10695,B,Option A.
10696,B,Option A.
10697,B,Option A.
10698,B,Option A.
10699,B,Option A.
10700,B,Option A.
10701,B,Option A.
10702,B,Option A.
10703,B,Option A.
10704,B,Option A.
10705,B,Option A.
10706,B,Option A.
10707,B,Option A.
10708,B,Option A.
10709,B,Option A.
10710,B,Option A.
10711,B,Option A.
10712,B,Option A.
10713,B,Option A.
10714,B,Option A.
10715,B,Option A.
10716,B,Option A.
10717,B,Option A.
10718,B,Option A.
10719,B,Option A.
10720,B,Option A.
10721,B,Option A.
10722,B,Option A.
10723,B,Option A.
10724,B,Option A.
10725,B,Option A.
10726,B,Option A.
10727,B,Option A.
10728,B,Option A.
10729,B,Option A.
10730,B,Option A.
10731,B,Option A.
10732,B,Option A.
10733,B,Option A.
10734,B,Option A.
10735,B,Option A.
10736,B,Option A.
10737,B,Option A.
10738,B,Option A.
10739,B,Option A.
10740,B,Option A.
10741,B,Option A.
10742,B,Option A.
10743,B,Option A.
10744,B,Option A.
10745,B,Option A.
10746,B,Option A.
10747,B,Option A.
10748,B,Option A.
10749,B,Option A.
10750,B,Option A.
10751,B,Option A.
10752,B,Option A.
10753,B,Option A.
10754,B,Option A.
10755,B,Option A.
10756,B,Option A.
10757,B,Option A.
10758,B,Option A.
10759,B,Option A.
10760,B,Option A.
10761,B,Option A.
10762,B,Option A.
10763,B,Option A.
10764,B,Option A.
10765,B,Option A.
10766,B,Option A.
10767,B,Option A.
10768,B,Option A.
10769,B,Option A.
10770,B,Option A.
10771,B,Option A.
10772,B,Option A.
10773,B,Option A.
10774,B,Option A.
10775,B,Option A.
10776,B,Option A.
10777,B,Option A.
10778,B,Option A.
10779,B,Option A.
10780,B,Option A.
10781,B,Option A.
10782,B,Option A.
10783,B,Option A.
10784,B,Option A.
10785,B,Option A.
10786,B,Option A.
10787,B,Option A.
10788,B,Option A.
10789,B,Option A.
10790,B,Option A.
10791,B,Option A.
10792,B,Option A.
10793,B,Option A.
10794,B,Option A.
10795,B,Option A.
10796,B,Option A.
10797,B,Option A.
10798,B,Option A.
10799,B,Option A.
10800,B,Option A.
10801,B,Option A.
10802,B,Option A.
10803,B,Option A.
10804,B,Option A.
10805,B,Option A.
10806,B,Option A.
10807,B,Option A.
10808,B,Option A.
10809,B,Option A.
10810,B,Option A.
10811,B,Option A.
10812,B,Option A.
10813,B,Option A.
10814,B,Option A.
10815,B,Option A.
10816,B,Option A.
10817,B,Option A.
10818,B,Option A.
10819,B,Option A.
10820,B,Option A.
10821,B,Option A.
10822,B,Option A.
10823,B,Option A.
10824,B,Option A.
10825,B,Option A.
10826,B,Option A.
10827,B,Option A.
10828,B,Option A.
10829,B,Option A.
10830,B,Option A.
10831,B,Option A.
10832,B,Option A.
10833,B,Option A.
10834,B,Option A.
10835,B,Option A.
10836,B,Option A.
10837,B,Option A.
10838,B,Option A.
10839,B,Option A.
10840,B,Option A.
10841,B,Option A.
10842,B,Option A.
10843,B,Option A.
10844,B,Option A.
10845,B,Option A.
10846,B,Option A.
10847,B,Option A.
10848,B,Option A.
10849,B,Option A.
10850,B,Option A.
10851,B,Option A.
10852,B,Option A.
10853,B,Option A.
10854,B,Option A.
10855,B,Option A.
10856,B,Option A.
10857,B,Option A.
10858,B,Option A.
10859,B,Option A.
10860,B,Option A.
10861,B,Option A.
10862,B,Option A.
10863,B,Option A.
10864,B,Option A.
10865,B,Option A.
10866,B,Option A.
10867,B,Option A.
10868,B,Option A.
10869,B,Option A.
10870,B,Option A.
10871,B,Option A.
10872,B,Option A.
10873,B,Option A.
10874,B,Option A.
10875,B,Option A.
10876,B,Option A.
10877,B,Option A.
10878,B,Option A.
10879,B,Option A.
10880,B,Option A.
10881,B,Option A.
10882,B,Option A.
10883,B,Option A.
10884,B,Option A.
10885,B,Option A.
10886,B,Option A.
10887,B,Option A.
10888,B,Option A.
10889,B,Option A.
10890,B,Option A.
10891,B,Option A.
10892,B,Option A.
10893,B,Option A.
10894,B,Option A.
10895,B,Option A.
10896,B,Option A.
10897,B,Option A.
10898,B,Option A.
10899,B,Option A.
10900,B,Option A.
10901,B,Option A.
10902,B,Option A.
10903,B,Option A.
10904,B,Option A.
10905,B,Option A: The Standard High Line
10906,B,Option A: The Standard High Line
10907,B,Option A: The Standard High Line
10908,B,Option A: The Standard High Line
10909,B,Option A.
10910,B,Option A.
10911,B,Option A.
10912,B,Option A.
10913,B,Option A.
10914,B,Option A.
10915,B,Option A.
10916,B,Option A.
10917,B,Option A.
10918,B,Option A.
10919,B,Option A.
10920,B,Option A.
10921,B,Option A.
10922,B,Option A.
10923,B,Option A.
10924,B,Option A.
10925,B,Option A.
10926,B,Option A.
10927,B,Option A.
10928,B,Option A.
10929,B,Option A.
10930,B,Option A.
10931,B,Option A.
10932,B,Option A.
10933,B,Option A.
10934,B,Option A.
10935,B,Option A.
10936,B,Option A.
10937,B,Option A.
10938,B,Option A.
10939,B,Option A.
10940,B,Option A.
10941,B,Option A.
10942,B,Option A.
10943,B,Option A.
10944,B,Option A.
10945,B,Option A.
10946,B,Option A.
10947,B,Option A.
10948,B,Option A.
10949,B,Option A.
10950,B,Option A.
10951,B,Option A.
10952,B,Option A.
10953,B,Option A.
10954,B,Option A.
10955,B,Option A.
10956,B,Option A.
10957,B,Option A.
10958,B,Option A.
10959,B,Option A.
10960,B,Option A.
10961,B,Option A.
10962,B,Option A.
10963,B,Option A.
10964,B,Option A.
10965,B,Option A.
10966,B,Option A.
10967,B,Option A.
10968,B,Option A.
10969,B,Option A.
10970,B,Option A.
10971,B,Option A.
10972,B,Option A.
10973,B,Option A.
10974,B,Option A.
10975,B,Option A.
10976,B,Option A.
10977,B,Option A.
10978,B,Option A.
10979,B,Option A.
10980,B,Option A.
10981,B,Option A.
10982,B,Option A.
10983,B,Option A.
10984,B,Option A.
10985,B,Option A.
10986,B,Option A.
10987,B,Option A.
10988,B,Option A.
10989,B,Option A.
10990,B,Option A.
10991,B,Option A.
10992,B,Option A.
10993,B,Option A.
10994,B,Option A.
10995,B,Option A.
10996,B,Option A.
10997,B,Option A.
10998,B,Option A.
10999,B,Option A.
11000,B,Option A.
11001,B,Option A.
11002,B,Option A.
11003,B,Option A.
11004,B,Option A.
11005,B,Option A.
11006,B,Option A.
11007,B,Option A.
11008,B,Option A.
11009,B,Option A.
11010,B,Option A.
11011,B,Option A.
11012,B,Option A.
11013,B,Option A.
11014,B,Option A.
11015,B,Option A.
11016,B,Option A.
11017,B,Option A.
11018,B,Option A.
11019,B,Option A.
11020,B,Option A.
11021,B,Option A.
11022,B,Option A.
11023,B,Option A.
11024,B,Option A.
11025,B,Option A.
11026,B,Option A.
11027,B,Option A.
11028,B,Option A.
11029,B,Option A.
11030,B,Option A.
11031,B,Option A.
11032,B,Option A.
11033,B,Option A.
11034,B,Option A.
11035,B,Option A.
11036,B,Option A.
11037,B,Option A.
11038,B,Option A.
11039,B,Option A.
11040,B,Option A.
11041,B,Option A.
11042,B,Option A.
11043,B,Option A.
11044,B,Option A.
11045,B,Option A.
11046,B,Option A.
11047,B,Option A.
11048,B,Option A.
11049,B,Option A.
11050,B,Option A.
11051,B,Option A.
11052,B,Option A.
11053,B,Option A.
11054,B,Option A.
11055,B,Option A.
11056,B,Option A.
11057,B,Option A.
11058,B,Option A.
11059,B,Option A.
11060,B,Option A.
11061,B,Option A.
11062,B,Option A.
11063,B,Option A.
11064,B,Option A.
11065,B,Option A.
11066,B,Option A.
11067,B,Option A.
11068,B,Option A.
11069,B,Option A.
11070,B,Option A.
11071,B,Option A.
11072,B,Option A.
11073,B,Option A.
11074,B,Option A.
11075,B,Option A.
11076,B,Option A.
11077,B,Option A.
11078,B,Option A.
11079,B,Option A.
11080,B,Option A.
11081,B,Option A.
11082,B,Option A.
11083,B,Option A.
11084,B,Option A.
11085,B,Option A.
11086,B,Option A.
11087,B,Option A.
11088,B,Option A.
11089,B,Option A.
11090,B,Option A.
11091,B,Option A.
11092,B,Option A.
11093,B,Option A.
11094,B,Option A.
11095,B,Option A.
11096,B,Option A.
11097,B,Option A.
11098,B,Option A.
11099,B,Option A.
11100,B,Option A.
11101,B,Option A.
11102,B,Option A.
11103,B,Option A.
11104,B,Option A.
11105,B,Option A.
11106,B,Option A.
11107,B,Option A.
11108,B,Option A.
11109,B,Option A.
11110,B,Option A.
11111,B,Option A.
11112,B,Option A.
11113,B,Option A.
11114,B,Option A.
11115,B,Option A.
11116,B,Option A.
11117,B,Option A.
11118,B,Option A.
11119,B,Option A.
11120,B,Option A.
11121,B,Option A.
11122,B,Option A.
11123,B,Option A.
11124,B,Option A.
11125,B,Option A.
11126,B,Option A.
11127,B,Option A.
11128,B,Option A.
11129,B,Option A.
11130,B,Option A.
11131,B,Option A.
11132,B,Option A.
11133,B,Option A.
11134,B,Option A.
11135,B,Option A.
11136,B,Option A.
11137,B,Option A.
11138,B,Option A.
11139,B,Option A.
11140,B,Option A.
11141,B,Option A.
11142,B,Option A.
11143,B,Option A.
11144,B,Option A.
11145,B,Option A.
11146,B,Option A.
11147,B,Option A.
11148,B,Option A.
11149,B,Option A.
11150,B,Option A.
11151,B,Option A.
11152,B,Option A.
11153,B,Option A.
11154,B,Option A.
11155,B,Option A.
11156,B,Option A.
11157,B,Option A.
11158,B,Option A.
11159,B,Option A.
11160,B,Option A.
11161,B,Option A.
11162,B,Option A.
11163,B,Option A.
11164,B,Option A.
11165,B,Option A.
11166,B,Option A.
11167,B,Option A.
11168,B,Option A.
11169,B,Option A.
11170,B,Option A.
11171,B,Option A.
11172,B,Option A.
11173,B,Option A.
11174,B,Option A.
11175,B,Option A.
11176,B,Option A.
11177,B,Option A.
11178,B,Option A.
11179,B,Option A.
11180,B,Option A.
11181,B,Option A.
11182,B,Option A.
11183,B,Option A.
11184,B,Option A.
11185,B,Option A.
11186,B,Option A.
11187,B,Option A.
11188,B,Option A.
11189,B,Option A.
11190,B,Option A.
11191,B,Option A.
11192,B,Option A.
11193,B,Option A.
11194,B,Option A.
11195,B,Option A.
11196,B,Option A.
11197,B,Option A.
11198,B,Option A.
11199,B,Option A.
11200,B,Option A.
11201,B,Option A.
11202,B,Option A.
11203,B,Option A.
11204,B,Option A.
11205,B,Option A.
11206,B,Option A.
11207,B,Option A.
11208,B,Option A.
11209,B,Option A.
11210,B,Option A.
11211,B,Option A.
11212,B,Option A.
11213,B,Option A.
11214,B,Option A.
11215,B,Option A.
11216,B,Option A.
11217,B,Option A.
11218,B,Option A.
11219,B,Option A.
11220,B,Option A.
11221,B,Option A.
11222,B,Option A.
11223,B,Option A.
11224,B,Option A.
11225,B,Option A.
11226,B,Option A.
11227,B,Option A.
11228,B,Option A.
11229,B,Option A.
11230,B,Option A.
11231,B,Option A.
11232,B,Option A.
11233,B,Option A.
11234,B,Option A.
11235,B,Option A.
11236,B,Option A.
11237,B,Option A.
11238,B,Option A.
11239,B,Option A.
11240,B,Option A.
11241,B,Option A.
11242,B,Option A.
11243,B,Option A.
11244,B,Option A.
11245,B,Option A.
11246,B,Option A.
11247,B,Option A.
11248,B,Option A.
11249,B,Option A.
11250,B,Option A.
11251,B,Option A.
11252,B,Option A.
11253,B,Option A.
11254,B,Option A.
11255,B,Option A.
11256,B,Option A.
11257,B,Option A.
11258,B,Option A.
11259,B,Option A.
11260,B,Option A.
11261,B,Option A.
11262,B,Option A.
11263,B,Option A.
11264,B,Option A.
11265,B,Option A.
11266,B,Option A.
11267,B,Option A.
11268,B,Option A.
11269,B,Option A.
11270,B,Option A.
11271,B,Option A.
11272,B,Option A.
11273,B,Option A.
11274,B,Option A.
11275,B,Option A.
11276,B,Option A.
11277,B,Option A.
11278,B,Option A.
11279,B,Option A.
11280,B,Option A.
11281,B,Option A.
11282,B,Option A.
11283,B,Option A.
11284,B,Option A.
11285,B,Option A.
11286,B,Option A.
11287,B,Option A.
11288,B,Option A.
11289,B,Option A.
11290,B,Option A.
11291,B,Option A.
11292,B,Option A.
11293,B,Option A.
11294,B,Option A.
11295,B,Option A.
11296,B,Option A.
11297,B,Option A.
11298,B,Option A.
11299,B,Option A.
11300,B,Option A.
11301,B,Option A.
11302,B,Option A.
11303,B,Option A.
11304,B,Option A.
11305,B,Option A.
11306,B,Option A.
11307,B,Option A.
11308,B,Option A.
11309,B,Option A.
11310,B,Option A.
11311,B,Option A.
11312,B,Option A.
11313,B,Option A.
11314,B,Option A.
11315,B,Option A.
11316,B,Option A.
11317,B,Option A.
11318,B,Option A.
11319,B,Option A.
11320,B,Option A.
11321,B,Option A.
11322,B,Option A.
11323,B,Option A.
11324,B,Option A.
11325,B,Option A.
11326,B,Option A.
11327,B,Option A.
11328,B,Option A.
11329,B,Option A.
11330,B,Option A.
11331,B,Option A.
11332,B,Option A.
11333,B,Option A.
11334,B,Option A.
11335,B,Option A.
11336,B,Option A.
11337,B,Option A.
11338,B,Option A.
11339,B,Option A.
11340,B,Option A.
11341,B,Option A.
11342,B,Option A.
11343,B,Option A.
11344,B,Option A.
11345,B,Option A.
11346,B,Option A.
11347,B,Option A.
11348,B,Option A.
11349,B,Option A.
11350,B,Option A.
11351,B,Option A.
11352,B,Option A.
11353,B,Option A.
11354,B,Option A.
11355,B,Option A.
11356,B,Option A.
11357,B,Option A.
11358,B,Option A.
11359,B,Option A.
11360,B,Option A.
11361,B,Option A.
11362,B,Option A.
11363,B,Option A.
11364,B,Option A.
11365,B,Option A.
11366,B,Option A.
11367,B,Option A.
11368,B,Option A.
11369,B,Option A.
11370,B,Option A.
11371,B,Option A.
11372,B,Option A.
11373,B,Option A.
11374,B,Option A.
11375,B,Option A.
11376,B,Option A.
11377,B,Option A.
11378,B,Option A.
11379,B,Option A.
11380,B,Option A.
11381,B,Option A.
11382,B,Option A.
11383,B,Option A.
11384,B,Option A.
11385,B,Option A.
11386,B,Option A.
11387,B,Option A.
11388,B,Option A.
11389,B,Option A.
11390,B,Option A.
11391,B,Option A.
11392,B,Option A.
11393,B,Option A.
11394,B,Option A.
11395,B,Option A.
11396,B,Option A.
11397,B,Option A.
11398,B,Option A.
11399,B,Option A.
11400,B,Option A.
11401,B,Option A.
11402,B,Option A.
11403,B,Option A.
11404,B,Option A.
11405,B,Option A.
11406,B,Option A.
11407,B,Option A.
11408,B,Option A.
11409,B,Option A.
11410,B,Option A.
11411,B,Option A.
11412,B,Option A.
11413,B,Option A.
11414,B,Option A.
11415,B,Option A.
11416,B,Option A.
11417,B,Option A.
11418,B,Option A.
11419,B,Option A.
11420,B,Option A.
11421,B,Option A.
11422,B,Option A.
11423,B,Option A.
11424,B,Option A.
11425,B,Option A.
11426,B,Option A.
11427,B,Option A.
11428,B,Option A.
11429,B,Option A.
11430,B,Option A.
11431,B,Option A.
11432,B,Option A.
11433,B,Option A.
11434,B,Option A.
11435,B,Option A.
11436,B,Option A.
11437,B,Option A.
11438,B,Option A.
11439,B,Option A.
11440,B,Option A.
11441,B,Option A.
11442,B,Option A.
11443,B,Option A.
11444,B,Option A.
11445,B,Option A.
11446,B,Option A.
11447,B,Option A.
11448,B,Option A.
11449,B,Option A.
11450,B,Option A.
11451,B,Option A.
11452,B,Option A.
11453,B,Option A.
11454,B,Option A.
11455,B,Option A.
11456,B,Option A.
11457,B,Option A.
11458,B,Option A.
11459,B,Option A.
11460,B,Option A.
11461,B,Option A.
11462,B,Option A.
11463,B,Option A.
11464,B,Option A.
11465,B,Option A.
11466,B,Option A.
11467,B,Option A.
11468,B,Option A.
11469,B,Option A.
11470,B,Option A.
11471,B,Option A.
11472,B,Option A.
11473,B,Option A.
11474,B,Option A.
11475,B,Option A.
11476,B,Option A.
11477,B,Option A.
11478,B,Option A.
11479,B,Option A.
11480,B,Option A.
11481,B,Option A.
11482,B,Option A.
11483,B,Option A.
11484,B,Option A.
11485,B,Option A.
11486,B,Option A.
11487,B,Option A.
11488,B,Option A.
11489,B,Option A.
11490,B,Option A.
11491,B,Option A.
11492,B,Option A.
11493,B,Option A.
11494,B,Option A.
11495,B,Option A.
11496,B,Option A.
11497,B,Option A.
11498,B,Option A.
11499,B,Option A.
11500,B,Option A.
11501,B,Option A.
11502,B,Option A.
11503,B,Option A.
11504,B,Option A.
11505,B,Option A.
11506,B,Option A.
11507,B,Option A.
11508,B,Option A.
11509,B,Option A.
11510,B,Option A.
11511,B,Option A.
11512,B,Option A.
11513,B,Option A.
11514,B,Option A.
11515,B,Option A.
11516,B,Option A.
11517,B,Option A.
11518,B,Option A.
11519,B,Option A.
11520,B,Option A.
11521,B,Option A.
11522,B,Option A.
11523,B,Option A.
11524,B,Option A.
11525,B,Option A.
11526,B,Option A.
11527,B,Option A.
11528,B,Option A.
11529,B,Option A.
11530,B,Option A.
11531,B,Option A.
11532,B,Option A.
11533,B,Option A.
11534,B,Option A.
11535,B,Option A.
11536,B,Option A.
11537,B,Option A.
11538,B,Option A.
11539,B,Option A.
11540,B,Option A.
11541,B,Option A.
11542,B,Option A.
11543,B,Option A.
11544,B,Option A.
11545,B,Option A.
11546,B,Option A.
11547,B,Option A.
11548,B,Option A.
11549,B,Option A.
11550,B,Option A.
11551,B,Option A.
11552,B,Option A.
11553,B,Option A.
11554,B,Option A.
11555,B,Option A.
11556,B,Option A.
11557,B,Option A.
11558,B,Option A.
11559,B,Option A.
11560,B,Option A.
11561,B,Option A.
11562,B,Option A.
11563,B,Option A.
11564,B,Option A.
11565,B,Option A.
11566,B,Option A.
11567,B,Option A.
11568,B,Option A.
11569,B,Option A.
11570,B,Option A.
11571,B,Option A.
11572,B,Option A.
11573,B,Option A.
11574,B,Option A.
11575,B,Option A.
11576,B,Option A.
11577,B,Option A.
11578,B,Option A.
11579,B,Option A.
11580,B,Option A.
11581,B,Option A.
11582,B,Option A.
11583,B,Option A.
11584,B,Option A.
11585,B,Option A.
11586,B,Option A.
11587,B,Option A.
11588,B,Option A.
11589,B,Option A.
11590,B,Option A.
11591,B,Option A.
11592,B,Option A.
11593,B,Option A.
11594,B,Option A.
11595,B,Option A.
11596,B,Option A.
11597,B,Option A.
11598,B,Option A.
11599,B,Option A.
11600,B,Option A.
11601,B,Option A.
11602,B,Option A.
11603,B,Option A.
11604,B,Option A.
11605,B,Option A.
11606,B,Option A.
11607,B,Option A.
11608,B,Option A.
11609,B,Option A.
11610,B,Option A.
11611,B,Option A.
11612,B,Option A.
11613,B,Option A.
11614,B,Option A.
11615,B,Option A.
11616,B,Option A.
11617,B,Option A.
11618,B,Option A.
11619,B,Option A.
11620,B,Option A.
11621,B,Option A.
11622,B,Option A.
11623,B,Option A.
11624,B,Option A.
11625,B,Option A.
11626,B,Option A.
11627,B,Option A.
11628,B,Option A.
11629,B,Option A.
11630,B,Option A.
11631,B,Option A.
11632,B,Option A.
11633,B,Option A.
11634,B,Option A.
11635,B,Option A.
11636,B,Option A.
11637,B,Option A.
11638,B,Option A.
11639,B,Option A.
11640,B,Option A.
11641,B,Option A.
11642,B,Option A.
11643,B,Option A.
11644,B,Option A.
11645,B,Option A.
11646,B,Option A.
11647,B,Option A.
11648,B,Option A.
11649,B,Option A.
11650,B,Option A.
11651,B,Option A.
11652,B,Option A.
11653,B,Option A.
11654,B,Option A.
11655,B,Option A.
11656,B,Option A.
11657,B,Option A.
11658,B,Option A.
11659,B,Option A.
11660,B,Option A.
11661,B,Option A.
11662,B,Option A.
11663,B,Option A.
11664,B,Option A.
11665,B,Option A.
11666,B,Option A.
11667,B,Option A.
11668,B,Option A.
11669,B,Option A.
11670,B,Option A.
11671,B,Option A.
11672,B,Option A.
11673,B,Option A.
11674,B,Option A.
11675,B,Option A.
11676,B,Option A.
11677,B,Option A.
11678,B,Option A.
11679,B,Option A.
11680,B,Option A.
11681,B,Option A.
11682,B,Option A.
11683,B,Option A.
11684,B,Option A.
11685,B,Option A.
11686,B,"Option A: The Pierre, A Taj Hotel"
11687,B,Option A.
11688,B,"Option A: The Pierre, A Taj Hotel"
11689,B,Option A.
11690,B,Option A.
11691,B,Option A.
11692,B,Option A.
11693,B,Option A.
11694,B,Option A.
11695,B,Option A.
11696,B,Option A.
11697,B,Option A.
11698,B,Option A.
11699,B,Option A.
11700,B,Option A.
11701,B,Option A.
11702,B,Option A.
11703,B,Option A.
11704,B,Option A.
11705,B,Option A.
11706,B,Option A.
11707,B,Option A.
11708,B,Option A.
11709,B,Option A.
11710,B,Option A.
11711,B,Option A.
11712,B,Option A.
11713,B,Option A.
11714,B,Option A.
11715,B,Option A.
11716,B,Option A.
11717,B,Option A.
11718,B,Option A.
11719,B,Option A.
11720,B,Option A.
11721,B,Option A.
11722,B,Option A.
11723,B,Option A.
11724,B,Option A.
11725,B,Option A.
11726,B,Option A.
11727,B,Option A.
11728,B,Option A.
11729,B,Option A.
11730,B,Option A.
11731,B,Option A.
11732,B,Option A.
11733,B,Option A.
11734,B,Option A.
11735,B,Option A.
11736,B,Option A.
11737,B,Option A.
11738,B,Option A.
11739,B,Option A.
11740,B,Option A.
11741,B,Option A.
11742,B,Option A.
11743,B,Option A.
11744,B,Option A.
11745,B,Option A.
11746,B,Option A.
11747,B,Option A.
11748,B,Option A.
11749,B,Option A.
11750,B,Option A.
11751,B,Option A.
11752,B,Option A.
11753,B,Option A.
11754,B,Option A.
11755,B,Option A.
11756,B,Option A.
11757,B,Option A.
11758,B,Option A.
11759,B,Option A.
11760,B,Option A.
11761,B,Option A.
11762,B,Option A.
11763,B,Option A.
11764,B,Option A.
11765,B,Option A.
11766,B,Option A.
11767,B,Option A.
11768,B,Option A.
11769,B,Option A.
11770,B,Option A.
11771,B,Option A.
11772,B,Option A.
11773,B,Option A.
11774,B,Option A.
11775,B,Option A.
11776,B,Option A.
11777,B,Option A.
11778,B,Option A.
11779,B,Option A.
11780,B,Option A.
11781,B,Option A.
11782,B,Option A.
11783,B,Option A.
11784,B,Option A.
11785,B,Option A.
11786,B,Option A.
11787,B,Option A.
11788,B,Option A.
11789,B,Option A.
11790,B,Option A.
11791,B,Option A.
11792,B,Option A.
11793,B,Option A.
11794,B,Option A.
11795,B,Option A.
11796,B,Option A.
11797,B,Option A.
11798,B,Option A.
11799,B,Option A.
11800,B,Option A.
11801,C,Option A.
11802,C,Option A.
11803,C,Option A.
11804,C,Option A.
11805,C,Option A.
11806,C,Option A.
11807,C,Option A
11808,C,Option A
11809,C,Option A
11810,C,Option A
11811,C,Option A
11812,C,Option A
11813,C,Option A.
11814,C,Option A.
11815,C,Option A.
11816,C,Option A.
11817,C,Option A.
11818,C,Option A.
11819,C,Option A is chosen.
11820,C,Option A.
11821,C,Option A is chosen.
11822,C,Option A is chosen.
11823,C,Option A is the best choice for a one-night stay in New York
11824,C,Option A.
11825,C,Option A.
11826,C,Option A
11827,C,Option A
11828,C,Option A
11829,C,Option A
11830,C,Option A is the best choice for a one-night stay in New York
11831,C,Option A.
11832,C,Option A.
11833,C,Option A.
11834,C,Option A.
11835,C,Option A.
11836,C,Option A.
11837,C,"Option A: The Pierre, A Taj Hotel"
11838,C,"Option A: The Pierre, A Taj Hotel"
11839,C,"Option A: The Pierre, A Taj Hotel"
11840,C,"Option A: The Pierre, A Taj Hotel"
11841,C,"Option A: The Pierre, A Taj Hotel"
11842,C,"Option A: The Pierre, A Taj Hotel"
11843,C,Option A: Park Hyatt New York
11844,C,Option A.
11845,C,Option A: Park Hyatt New York
11846,C,Option A is the best choice for a luxurious stay in Midtown Manhattan
11847,C,Option A.
11848,C,Option A: Park Hyatt New York
11849,C,Option A.
11850,C,Option A.
11851,C,Option A.
11852,C,Option A.
11853,C,Option A.
11854,C,Option A.
11855,C,Option A.
11856,C,Option A.
11857,C,Option A.
11858,C,Option A.
11859,C,Option A.
11860,C,Option A.
11861,C,Option A is the best choice for a one-night stay in New York
11862,C,Option A is the best choice for a one-night stay in New York
11863,C,Option A is the best choice for a one-night stay in New York
11864,C,Option A is the best choice for a one-night stay in New York
11865,C,Option A is the best choice for a one-night stay in New York
11866,C,Option A is the best choice for a one-night stay in New York
11867,C,Option A.
11868,C,Option A.
11869,C,Option A.
11870,C,Option A.
11871,C,Option A.
11872,C,Option A.
11873,C,Option A.
11874,C,Option A.
11875,C,Option A.
11876,C,Option A.
11877,C,Option A.
11878,C,Option A.
11879,C,Option A.
11880,C,Option A.
11881,C,Option A.
11882,C,Option A.
11883,C,Option A.
11884,C,Option A.
11885,C,Option A
11886,C,Option A
11887,C,Option A
11888,C,Option A
11889,C,Option A
11890,C,Option A
11891,C,Option A.
11892,C,Option A.
11893,C,Option A.
11894,C,Option A.
11895,C,Option A.
11896,C,Option A.
11897,C,Option A.
11898,C,Option A.
11899,C,Option A.
11900,C,Option A.
11901,C,Option A.
11902,C,Option A.
11903,C,Option A
11904,C,Option A
11905,C,Option A
11906,C,Option A
11907,C,Option A
11908,C,Option A
11909,C,Option A.
11910,A,Option C: Casablanca Hotel by Library Hotel Collection
11911,C,Option A.
11912,C,Option A.
11913,C,Option A.
11914,A,Option C: Casablanca Hotel by Library Hotel Collection
11915,C,Option A.
11916,C,Option A.
11917,C,Option A.
11918,C,Option A.
11919,C,Option A.
11920,C,Option A.
11921,C,Option A.
11922,C,Option A.
11923,C,Option A.
11924,C,Option A.
11925,C,Option A.
11926,C,Option A.
11927,C,Option A.
11928,C,Option A.
11929,C,Option A.
11930,C,Option A.
11931,C,Option A.
11932,C,Option A.
11933,C,Option A.
11934,C,Option A.
11935,C,Option A.
11936,C,Option A.
11937,C,Option A.
11938,C,Option A.
11939,A,Option C: The Pearl Hotel New York
11940,A,Option C: The Pearl Hotel New York
11941,A,Option C: The Pearl Hotel New York
11942,A,Option C: The Pearl Hotel New York
11943,C,Option A.
11944,A,Option C: The Pearl Hotel New York
11945,C,Option A
11946,C,Option A: Sofitel New York
11947,C,Option A is chosen.
11948,C,Option A
11949,C,Option A
11950,C,Option A: Sofitel New York
11951,C,Option A.
11952,C,Option A.
11953,C,Option A.
11954,C,Option A.
11955,C,Option A.
11956,C,Option A.
11957,C,Option A.
11958,C,Option A.
11959,C,Option A.
11960,C,Option A.
11961,C,Option A.
11962,C,Option A.
11963,C,Option A.
11964,C,Option A.
11965,C,Option A.
11966,C,Option A.
11967,C,Option A
11968,C,Option A.
11969,C,Option A: Park Hyatt New York
11970,C,Option A: Park Hyatt New York
11971,C,Option A
11972,C,Option A: Park Hyatt New York
11973,C,Option A: Park Hyatt New York
11974,C,Option A: Park Hyatt New York
11975,C,Option A.
11976,C,Option A.
11977,C,Option A.
11978,C,Option A.
11979,C,Option A.
11980,C,Option A.
11981,C,Option A.
11982,C,Option A.
11983,C,Option A.
11984,C,Option A.
11985,C,Option A.
11986,C,Option A.
11987,C,Option A
11988,C,Option A
11989,C,Option A
11990,C,Option A
11991,C,Option A
11992,C,Option A
11993,C,Option A.
11994,C,Option A.
11995,A,Option C: NobleDEN Hotel
11996,A,Option C: NobleDEN Hotel
11997,C,Option A.
11998,C,Option A.
11999,C,Option A
12000,C,Option A.
12001,C,Option A.
12002,C,Option A.
12003,C,Option A.
12004,C,Option A.
12005,C,Option A.
12006,C,Option A.
12007,C,Option A.
12008,C,Option A.
12009,C,Option A.
12010,C,Option A.
12011,C,Option A.
12012,C,Option A is the best choice for a one-night stay in New York
12013,C,Option A.
12014,C,Option A.
12015,C,Option A.
12016,A,Option C: Hampton Inn Manhattan-Seaport/Financial District
12017,C,Option A.
12018,C,Option A.
12019,C,Option A.
12020,C,Option A is the best choice for a one-night stay in New York
12021,C,Option A.
12022,C,Option A.
12023,C,Option A is chosen.
12024,C,Option A is a good choice for those who are looking for an affordable hotel
12025,C,Option A is chosen.
12026,C,Option A is the best choice for a one-night stay in New York
12027,C,Option A is chosen.
12028,C,Option A is chosen.
12029,C,Option A.
12030,C,Option A.
12031,C,Option A.
12032,C,Option A.
12033,C,Option A.
12034,C,Option A.
12035,A,Option C: citizenM New York Times Square
12036,C,Option A.
12037,C,Option A.
12038,C,Option A.
12039,C,Option A.
12040,C,Option A.
12041,C,Option A.
12042,C,Option A.
12043,C,Option A.
12044,C,Option A.
12045,C,Option A.
12046,C,Option A.
12047,C,Option A.
12048,C,Option A.
12049,C,Option A.
12050,C,Option A.
12051,C,Option A.
12052,C,Option A.
12053,C,Option A.
12054,C,Option A.
12055,C,Option A.
12056,C,Option A.
12057,C,Option A.
12058,C,Option A.
12059,C,Option A.
12060,C,Option A.
12061,C,Option A.
12062,C,Option A.
12063,C,Option A.
12064,C,Option A.
12065,C,Option A.
12066,C,Option A.
12067,C,Option A.
12068,C,Option A.
12069,C,Option A.
12070,C,Option A.
12071,C,Option A.
12072,C,Option A.
12073,C,Option A.
12074,C,Option A is the best choice for a one-night stay in New York
12075,C,Option A.
12076,C,Option A.
12077,C,Option A.
12078,C,Option A.
12079,C,Option A.
12080,C,Option A.
12081,C,Option A.
12082,C,Option A.
12083,C,Option A.
12084,C,Option A.
12085,C,Option A.
12086,C,Option A.
12087,A,Option C: Hilton Garden Inn New York/West 35th
12088,C,Option A is the best choice for a one-night stay in New York
12089,C,Option A.
12090,C,Option A.
12091,C,Option A.
12092,C,Option A.
12093,C,Option A.
12094,C,Option A.
12095,C,Option A.
12096,C,Option A.
12097,C,Option A.
12098,C,Option A.
12099,C,Option A.
12100,C,Option A.
12101,C,Option A.
12102,C,Option A.
12103,C,Option A.
12104,C,Option A.
12105,C,Option A.
12106,C,Option A.
12107,C,Option A.
12108,C,Option A.
12109,C,Option A.
12110,C,Option A.
12111,C,Option A.
12112,C,Option A.
12113,C,Option A
12114,C,Option A
12115,C,Option A.
12116,C,Option A
12117,C,Option A
12118,C,Option A
12119,C,Option A
12120,C,Option A
12121,C,Option A
12122,C,Option A
12123,C,Option A
12124,C,Option A
12125,C,Option A.
12126,C,Option A.
12127,C,Option A.
12128,C,Option A.
12129,C,Option A.
12130,C,Option A.
12131,C,Option A
12132,C,Option A
12133,C,Option A
12134,C,Option A
12135,C,Option A is the best choice for a one-night stay in New York
12136,C,Option A
12137,C,Option A is the best choice for a one-night stay in New York
12138,C,Option A is the best choice for a one-night stay in New York
12139,C,Option A is chosen.
12140,C,Option A is chosen.
12141,C,Option A is not a good choice as it has no free cancellation and breakfast
12142,C,Option A is chosen.
12143,C,Option A.
12144,C,Option A is chosen.
12145,C,Option A is chosen.
12146,C,Option A is chosen.
12147,C,Option A.
12148,C,Option A.
12149,C,Option A.
12150,C,Option A.
12151,C,Option A.
12152,C,Option A.
12153,C,Option A.
12154,C,Option A.
12155,C,Option A.
12156,C,Option A.
12157,C,Option A.
12158,C,Option A.
12159,C,Option A.
12160,C,Option A.
12161,C,Option A is the best choice for a luxurious and comfortable stay in New
12162,C,Option A
12163,C,Option A
12164,C,Option A
12165,C,Option A
12166,C,Option A
12167,C,Option A.
12168,C,Option A.
12169,C,Option A.
12170,C,Option A.
12171,C,Option A.
12172,C,Option A.
12173,C,Option A.
12174,C,Option A.
12175,C,Option A.
12176,C,Option A.
12177,C,Option A.
12178,C,Option A.
12179,C,"Option A: The Ritz-Carlton New York, NoMad"
12180,C,"Option A: The Ritz-Carlton New York, NoMad"
12181,C,Option A.
12182,C,"Option A: The Ritz-Carlton New York, NoMad"
12183,C,"Option A: The Ritz-Carlton New York, NoMad"
12184,C,Option A.
12185,C,Option A
12186,C,Option A.
12187,C,Option A
12188,C,Option A.
12189,C,Option A.
12190,C,Option A.
12191,C,Option A.
12192,C,Option A.
12193,C,Option A.
12194,C,Option A.
12195,C,Option A.
12196,C,Option A.
12197,C,Option A.
12198,C,Option A.
12199,C,Option A.
12200,C,Option A.
12201,C,Option A.
12202,C,Option A.
12203,C,Option A.
12204,C,Option A.
12205,C,Option A.
12206,C,Option A.
12207,C,Option A.
12208,C,Option A.
12209,C,Option A is chosen.
12210,C,Option A is chosen.
12211,C,Option A.
12212,C,Option A.
12213,C,Option A.
12214,C,Option A is chosen.
12215,C,Option A.
12216,C,Option A.
12217,C,Option A: The Peninsula New York
12218,C,Option A.
12219,C,Option A.
12220,C,Option A.
12221,C,Option A is a good choice for those looking for an affordable hotel in Long
12222,C,Option A is chosen.
12223,C,Option A is chosen.
12224,C,Option A is a good choice for a budget-friendly stay in Long Island
12225,C,Option A is the best choice for a one-night stay in New York
12226,C,Option A is chosen.
12227,C,Option A.
12228,C,Option A.
12229,C,Option A.
12230,C,Option A.
12231,C,Option A.
12232,C,Option A.
12233,C,Option A is chosen.
12234,C,Option A is the best choice for a one-night stay in New York
12235,C,Option A is chosen.
12236,C,Option A is the best choice for a one-night stay in New York
12237,C,Option A is the best choice for a one-night stay in New York
12238,C,Option A is chosen.
12239,C,Option A is the best choice for a luxurious stay in New York City
12240,C,Option A is the Mandarin Oriental New York.
12241,C,Option A is the best choice for a luxurious stay in New York City
12242,C,Option A is the Mandarin Oriental New York.
12243,C,Option A is the best choice for a luxurious stay in New York City
12244,C,Option A is the Mandarin Oriental New York.
12245,C,Option A.
12246,C,Option A.
12247,C,Option A.
12248,C,Option A.
12249,C,Option A is the best choice for a one-night stay in New York
12250,C,Option A.
12251,C,Option A is not a good choice as it is the most expensive option and
12252,C,Option A.
12253,C,Option A.
12254,C,Option A.
12255,C,Option A: The New York EDITION
12256,C,Option A.
12257,C,Option A.
12258,C,Option A.
12259,C,Option A.
12260,C,Option A.
12261,C,Option A.
12262,C,Option A.
12263,C,Option A is chosen.
12264,C,Option A.
12265,C,Option A.
12266,C,Option A.
12267,C,Option A.
12268,C,Option A.
12269,C,Option A is chosen.
12270,C,Option A is chosen.
12271,C,Option A is chosen.
12272,C,Option A is chosen.
12273,C,Option A is chosen.
12274,C,Option A is chosen.
12275,C,Option A
12276,C,Option A
12277,C,Option A
12278,C,Option A
12279,C,Option A
12280,C,Option A
12281,C,Option A is chosen.
12282,C,Option A is chosen.
12283,C,Option A is chosen.
12284,C,Option A is chosen.
12285,C,Option A is chosen.
12286,C,Option A is chosen.
12287,C,Option A.
12288,C,Option A.
12289,C,Option A.
12290,C,Option A.
12291,C,Option A.
12292,C,Option A.
12293,C,Option A is chosen.
12294,C,Option A is chosen.
12295,C,Option A is chosen.
12296,C,Option A.
12297,C,Option A is chosen.
12298,C,Option A is chosen.
12299,C,Option A is the best choice for a one-night stay in New York
12300,C,Option A.
12301,C,Option A is chosen.
12302,C,Option A is the best choice for a one-night stay in New York
12303,C,Option A is chosen.
12304,C,Option A is the best choice for a one-night stay in New York
12305,C,Option A.
12306,C,Option A.
12307,C,Option A.
12308,C,Option A.
12309,C,Option A.
12310,C,Option A.
12311,C,Option A
12312,C,Option A is chosen.
12313,C,Option A is chosen.
12314,C,Option A
12315,A,Option C: Nine Orchard
12316,C,Option A is chosen.
12317,C,Option A.
12318,C,Option A.
12319,C,Option A.
12320,C,Option A.
12321,C,Option A.
12322,C,Option A.
12323,C,"Option A: The Carlyle, A Rosewood Hotel"
12324,C,"Option A: The Carlyle, A Rosewood Hotel"
12325,C,"Option A: The Carlyle, A Rosewood Hotel"
12326,C,"Option A: The Carlyle, A Rosewood Hotel"
12327,C,Option A.
12328,C,"Option A: The Carlyle, A Rosewood Hotel"
12329,C,Option A.
12330,C,Option A.
12331,C,Option A.
12332,C,Option A.
12333,C,Option A.
12334,C,Option A.
12335,C,Option A.
12336,C,Option A.
12337,C,Option A.
12338,C,Option A.
12339,C,Option A is the best choice for a one-night stay in New York
12340,C,Option A is the best choice for a one-night stay in New York
12341,C,Option A.
12342,C,Option A.
12343,C,Option A.
12344,C,Option A.
12345,A,Option C: Pod 39
12346,C,Option A.
12347,C,Option A.
12348,C,Option A.
12349,C,Option A.
12350,C,Option A.
12351,C,Option A.
12352,C,Option A.
12353,C,Option A.
12354,C,Option A is chosen.
12355,C,Option A is the best choice for a one-night stay in New York
12356,C,Option A.
12357,C,Option A.
12358,C,Option A is chosen.
12359,C,Option A
12360,C,Option A is the best choice for a one-night stay in New York
12361,C,Option A
12362,C,Option A
12363,C,Option A
12364,C,Option A
12365,C,Option A is the best choice for a one-night stay in New York
12366,C,Option A is the best choice for a one-night stay in New York
12367,C,Option A
12368,C,Option A is the best choice for a one-night stay in New York
12369,C,Option A
12370,C,Option A is the best choice for a one-night stay in New York
12371,C,Option A.
12372,C,Option A.
12373,C,Option A.
12374,C,Option A.
12375,C,Option A is the best choice for a one-night stay in New York
12376,C,Option A.
12377,C,Option A.
12378,C,Option A.
12379,C,Option A.
12380,C,Option A.
12381,C,Option A.
12382,C,Option A.
12383,C,Option A.
12384,C,Option A is chosen.
12385,C,Option A.
12386,C,Option A is chosen.
12387,C,Option A is chosen.
12388,C,Option A is chosen.
12389,C,"Option A: The Ritz-Carlton New York, NoMad"
12390,C,Option A is the best choice for a luxurious stay in New York City
12391,C,Option A is the best choice for a luxurious and comfortable stay in New
12392,C,Option A is the best choice for a luxurious and comfortable stay in New
12393,C,Option A.
12394,C,Option A is the best choice for a luxurious and comfortable stay in New
12395,C,Option A.
12396,C,Option A.
12397,C,Option A.
12398,C,Option A.
12399,C,Option A.
12400,C,Option A.
12401,C,Option A.
12402,C,Option A is the best choice for a one-night stay in New York
12403,C,Option A is chosen.
12404,C,Option A is the best choice for a one-night stay in New York
12405,C,Option A.
12406,C,Option A is the best choice for a one-night stay in New York
12407,C,Option A.
12408,C,Option A.
12409,C,Option A.
12410,C,Option A.
12411,C,Option A
12412,C,Option A
12413,C,Option A.
12414,C,Option A is the best choice for a one-night stay in New York
12415,C,Option A
12416,C,Option A.
12417,C,Option A.
12418,C,Option A.
12419,C,Option A.
12420,C,Option A.
12421,C,Option A.
12422,C,Option A.
12423,C,Option A.
12424,C,Option A.
12425,C,Option A.
12426,C,Option A.
12427,C,Option A.
12428,C,Option A.
12429,C,Option A.
12430,C,Option A.
12431,C,Option A.
12432,C,Option A.
12433,C,Option A.
12434,C,Option A.
12435,C,Option A.
12436,C,Option A.
12437,C,Option A
12438,C,Option A.
12439,C,Option A
12440,C,Option A
12441,C,Option A
12442,C,Option A
12443,C,Option A.
12444,C,Option A.
12445,C,Option A.
12446,C,Option A.
12447,C,Option A.
12448,C,Option A.
12449,C,Option A: The Standard High Line
12450,C,Option A: The Standard High Line
12451,C,Option A: The Standard High Line
12452,C,Option A: The Standard High Line
12453,C,Option A: The Standard High Line
12454,C,Option A.
12455,C,Option A.
12456,C,Option A.
12457,C,Option A.
12458,C,Option A.
12459,C,Option A.
12460,C,Option A.
12461,C,Option A.
12462,C,Option A.
12463,C,Option A.
12464,C,Option A is the best choice for a one-night stay in New York
12465,C,Option A.
12466,C,Option A.
12467,C,Option A.
12468,C,Option A.
12469,C,Option A.
12470,C,Option A.
12471,C,Option A.
12472,C,Option A.
12473,C,Option A.
12474,C,Option A
12475,C,Option A.
12476,C,Option A.
12477,C,Option A.
12478,C,Option A.
12479,C,Option A.
12480,C,Option A.
12481,C,Option A.
12482,C,Option A.
12483,C,Option A.
12484,C,Option A is chosen.
12485,C,Option A.
12486,C,Option A.
12487,C,Option A.
12488,C,Option A.
12489,C,Option A.
12490,C,Option A.
12491,C,Option A
12492,C,Option A
12493,C,Option A
12494,C,Option A
12495,C,Option A
12496,C,Option A
12497,C,Option A.
12498,C,Option A.
12499,C,Option A.
12500,C,Option A.
12501,C,Option A.
12502,C,Option A.
12503,C,Option A.
12504,C,Option A is the best choice for a luxurious and comfortable stay in New
12505,C,Option A.
12506,C,Option A.
12507,C,Option A.
12508,C,Option A.
12509,C,Option A.
12510,C,Option A.
12511,C,Option A.
12512,C,Option A.
12513,C,Option A.
12514,C,Option A.
12515,C,Option A.
12516,C,Option A.
12517,C,Option A.
12518,C,Option A.
12519,C,Option A.
12520,C,Option A.
12521,C,Option A.
12522,C,Option A is the best choice for a luxurious and comfortable stay in New
12523,C,Option A is the best choice for a luxurious stay in New York City
12524,C,Option A.
12525,C,Option A is the best choice for a one-night stay in New York
12526,C,Option A: The Greenwich Hotel
12527,C,Option A
12528,C,Option A
12529,C,Option A
12530,C,Option A.
12531,C,Option A.
12532,C,Option A
12533,C,Option A.
12534,C,Option A.
12535,C,Option A.
12536,C,Option A.
12537,C,Option A.
12538,C,Option A.
12539,C,Option A
12540,C,Option A
12541,C,Option A.
12542,C,Option A.
12543,C,Option A
12544,C,Option A is the best choice for a one-night stay in New York
12545,A,Option C: Hampton Inn Manhattan Grand Central
12546,C,Option A.
12547,C,Option A.
12548,C,Option A.
12549,C,Option A.
12550,C,Option A.
12551,C,Option A.
12552,C,Option A.
12553,C,Option A.
12554,C,Option A.
12555,C,Option A.
12556,C,Option A.
12557,C,Option A.
12558,C,Option A is chosen.
12559,C,Option A is chosen.
12560,C,Option A.
12561,C,Option A is chosen.
12562,A,Option C: The Pearl Hotel New York
12563,C,Option A is not a good choice as it has a low guest review score
12564,C,Option A is chosen.
12565,C,Option A is chosen.
12566,C,Option A is chosen.
12567,C,Option A is chosen.
12568,C,Option A is not a good choice as it has a low guest review score
12569,C,Option A.
12570,C,Option A.
12571,C,Option A.
12572,C,Option A.
12573,C,Option A.
12574,C,Option A.
12575,A,Option C: The Dominick Hotel
12576,A,Option C: The Dominick Hotel
12577,C,Option A.
12578,C,Option A
12579,C,Option A
12580,C,Option A
12581,A,Option C: Casablanca Hotel by Library Hotel Collection
12582,A,Option C: Casablanca Hotel by Library Hotel Collection
12583,C,Option A is chosen.
12584,C,Option A is chosen.
12585,C,Option A is chosen.
12586,C,Option A is chosen.
12587,C,Option A is the best choice for a one-night stay in New York
12588,C,Option A is the best choice for a luxurious stay in New York City
12589,C,Option A is the best choice for a luxurious stay in New York City
12590,C,Option A is the best choice for a luxurious stay in New York City
12591,C,Option A is the best choice for a luxurious stay in New York City
12592,C,Option A is the best choice for a luxurious stay in New York City
12593,C,Option A.
12594,C,Option A.
12595,C,Option A
12596,A,Option C: Hyatt House New York/Chelsea
12597,A,Option C: Hyatt House New York/Chelsea
12598,C,Option A.
12599,C,Option A is chosen.
12600,C,Option A.
12601,C,Option A is not a good choice as it has a low guest review score
12602,C,Option A is chosen.
12603,C,Option A.
12604,C,Option A.
12605,C,Option A
12606,C,Option A
12607,C,Option A
12608,C,Option A
12609,C,Option A
12610,C,Option A
12611,C,Option A.
12612,C,Option A.
12613,C,Option A.
12614,C,Option A.
12615,C,Option A.
12616,C,Option A.
12617,C,Option A.
12618,C,Option A.
12619,C,Option A.
12620,C,Option A.
12621,C,Option A.
12622,C,Option A.
12623,C,Option A.
12624,C,Option A.
12625,C,Option A.
12626,C,Option A.
12627,C,Option A.
12628,C,Option A.
12629,A,Option C: Moxy NYC Lower East Side
12630,C,Option A.
12631,C,Option A.
12632,C,Option A.
12633,C,Option A.
12634,C,Option A.
12635,C,Option A
12636,C,Option A
12637,C,Option A.
12638,C,Option A.
12639,C,Option A
12640,C,Option A.
12641,C,Option A.
12642,C,Option A.
12643,C,Option A
12644,C,Option A
12645,C,Option A is the best choice for a one-night stay in New York
12646,C,Option A
12647,C,Option A
12648,A,Option C: Embassy Suites Manhattan Times Square
12649,C,Option A
12650,C,Option A is chosen.
12651,C,Option A
12652,A,Option C: Embassy Suites Manhattan Times Square
12653,C,Option A.
12654,C,Option A.
12655,C,Option A.
12656,C,Option A.
12657,C,Option A.
12658,C,Option A.
12659,C,Option A is the best choice for a one-night stay in New York
12660,C,Option A.
12661,C,Option A is chosen.
12662,C,Option A is chosen.
12663,C,Option A.
12664,C,Option A is chosen.
12665,C,Option A.
12666,C,Option A.
12667,C,Option A.
12668,C,Option A.
12669,C,Option A.
12670,C,Option A.
12671,C,Option A.
12672,C,Option A.
12673,C,Option A.
12674,C,Option A.
12675,C,Option A.
12676,C,Option A.
12677,C,Option A.
12678,C,Option A.
12679,C,Option A.
12680,C,Option A.
12681,C,Option A is not a good choice as it is the most expensive option and
12682,C,Option A.
12683,C,Option A.
12684,C,Option A.
12685,C,Option A.
12686,C,Option A.
12687,C,Option A.
12688,C,Option A.
12689,C,Option A.
12690,C,Option A.
12691,C,Option A.
12692,C,Option A.
12693,C,Option A.
12694,C,Option A.
12695,C,Option A.
12696,C,Option A.
12697,C,Option A.
12698,C,Option A.
12699,C,Option A.
12700,C,Option A.
12701,C,Option A.
12702,C,Option A is the best choice for a one-night stay in New York
12703,C,Option A.
12704,C,Option A.
12705,C,Option A.
12706,C,Option A.
12707,C,Option A
12708,C,Option A
12709,C,Option A
12710,C,Option A
12711,C,Option A
12712,C,Option A
12713,C,Option A.
12714,C,Option A is chosen.
12715,C,Option A is chosen.
12716,C,Option A is chosen.
12717,C,Option A.
12718,C,Option A.
12719,C,Option A.
12720,C,Option A.
12721,C,Option A.
12722,C,Option A.
12723,C,Option A.
12724,C,Option A.
12725,C,Option A.
12726,C,Option A.
12727,C,Option A.
12728,C,Option A.
12729,C,Option A.
12730,C,Option A.
12731,C,Option A.
12732,C,Option A.
12733,C,Option A.
12734,C,Option A.
12735,C,Option A.
12736,C,Option A.
12737,C,Option A.
12738,C,Option A.
12739,C,Option A.
12740,C,Option A.
12741,C,Option A.
12742,C,Option A.
12743,C,Option A.
12744,C,Option A.
12745,C,Option A.
12746,C,Option A.
12747,C,Option A.
12748,C,Option A.
12749,C,Option A.
12750,C,Option A.
12751,C,Option A.
12752,C,Option A.
12753,C,Option A.
12754,C,Option A.
12755,C,Option A.
12756,C,Option A.
12757,C,Option A is the best choice for a one-night stay in New York
12758,C,Option A.
12759,C,Option A.
12760,C,Option A.
12761,C,Option A.
12762,C,Option A.
12763,C,Option A is chosen.
12764,C,Option A.
12765,C,Option A is chosen.
12766,C,Option A is chosen.
12767,C,Option A is the best choice for a one-night stay in New York
12768,C,Option A is the best choice for a one-night stay in New York
12769,C,Option A.
12770,C,Option A.
12771,C,Option A.
12772,C,Option A is the best choice for a one-night stay in New York
12773,C,Option A.
12774,C,"Option A: The Ritz-Carlton New York, NoMad"
12775,C,Option A.
12776,C,Option A.
12777,C,Option A.
12778,C,Option A.
12779,C,Option A.
12780,C,Option A.
12781,C,Option A.
12782,C,Option A is the best choice for a luxurious and comfortable stay in New
12783,C,Option A.
12784,C,Option A.
12785,C,Option A.
12786,C,Option A.
12787,C,Option A.
12788,C,Option A.
12789,C,Option A.
12790,C,Option A.
12791,C,Option A.
12792,C,Option A is not a good choice as it has no free cancellation and breakfast
12793,C,Option A.
12794,C,Option A is the best choice for a one-night stay in New York
12795,C,Option A.
12796,C,Option A.
12797,C,Option A.
12798,C,Option A.
12799,C,Option A.
12800,C,Option A is the best choice for a one-night stay in New York
12801,C,Option A.
12802,C,Option A.
12803,C,Option A.
12804,C,Option A.
12805,C,Option A.
12806,C,Option A.
12807,C,Option A.
12808,C,Option A.
12809,C,Option A.
12810,C,Option A.
12811,C,Option A.
12812,C,Option A.
12813,C,Option A.
12814,C,Option A.
12815,C,Option A.
12816,C,Option A
12817,C,Option A.
12818,C,Option A.
12819,C,Option A
12820,C,Option A.
12821,C,Option A is chosen.
12822,C,Option A is chosen.
12823,C,Option A.
12824,C,Option A is chosen.
12825,C,Option A.
12826,C,Option A is chosen.
12827,C,Option A is chosen.
12828,C,Option A is chosen.
12829,A,Option C: Casablanca Hotel by Library Hotel Collection
12830,C,Option A is chosen.
12831,C,Option A is chosen.
12832,C,Option A is the best choice for a one-night stay in New York
12833,C,Option A is a budget-friendly option that offers basic amenities such as
12834,C,Option A is a budget-friendly choice with a lower star rating and guest
12835,C,Option A is chosen.
12836,C,Option A is a budget-friendly option that offers basic amenities such as
12837,C,Option A is the best choice for a one-night stay in New York
12838,C,Option A is the best choice for a one-night stay in New York
12839,C,Option A is chosen.
12840,C,Option A: W New York - Union Square
12841,C,Option A is the best choice for a one-night stay in New York
12842,C,Option A.
12843,C,Option A is the best choice for a one-night stay in New York
12844,C,Option A.
12845,C,Option A.
12846,C,Option A.
12847,C,Option A.
12848,C,Option A.
12849,C,Option A is chosen.
12850,C,Option A is chosen.
12851,C,Option A
12852,C,Option A
12853,C,Option A is chosen.
12854,C,Option A
12855,C,Option A is chosen.
12856,C,Option A is chosen.
12857,C,Option A.
12858,C,Option A.
12859,C,Option A is the best choice for a one-night stay in New York
12860,C,Option A.
12861,C,Option A is the best choice for a one-night stay in New York
12862,C,Option A.
12863,C,Option A is chosen.
12864,C,Option A is the best choice for a one-night stay in New York
12865,C,Option A is a good choice for a budget-friendly stay in New York
12866,C,Option A is chosen.
12867,C,Option A.
12868,C,Option A.
12869,C,Option A.
12870,C,Option A.
12871,C,Option A is chosen.
12872,C,Option A is chosen.
12873,C,Option A.
12874,C,Option A is chosen.
12875,A,Option C: Hampton Inn Manhattan-Chelsea
12876,A,Option C: Hampton Inn Manhattan-Chelsea
12877,C,Option A.
12878,C,Option A.
12879,C,Option A.
12880,C,Option A.
12881,C,Option A.
12882,C,Option A.
12883,C,Option A
12884,C,Option A
12885,C,Option A.
12886,C,Option A
12887,C,Option A is chosen.
12888,C,Option A is the best choice for a one-night stay in New York
12889,C,Option A is chosen.
12890,C,Option A is chosen.
12891,C,Option A is chosen.
12892,C,Option A is chosen.
12893,C,Option A.
12894,C,Option A.
12895,C,Option A.
12896,C,Option A: Kimpton Muse Hotel
12897,C,Option A.
12898,C,Option A.
12899,C,"Option A: The Ritz-Carlton New York, NoMad"
12900,C,"Option A: The Ritz-Carlton New York, NoMad"
12901,C,"Option A: The Ritz-Carlton New York, NoMad"
12902,C,"Option A: The Ritz-Carlton New York, NoMad"
12903,C,"Option A: The Ritz-Carlton New York, NoMad"
12904,C,"Option A: The Ritz-Carlton New York, NoMad"
12905,C,Option A: Freehand New York
12906,C,Option A
12907,C,Option A
12908,C,Option A
12909,C,Option A
12910,C,Option A
12911,C,Option A.
12912,C,Option A: Moxy NYC Chelsea
12913,C,Option A: Moxy NYC Chelsea
12914,C,Option A is the best choice for a one-night stay in New York
12915,C,Option A is the best choice for a one-night stay in New York
12916,C,Option A.
12917,C,Option A
12918,C,Option A.
12919,C,Option A.
12920,C,Option A.
12921,C,Option A.
12922,C,Option A.
12923,C,Option A.
12924,C,Option A.
12925,C,"Option A: The Ritz-Carlton New York, NoMad"
12926,C,"Option A: The Ritz-Carlton New York, NoMad"
12927,C,"Option A: The Ritz-Carlton New York, NoMad"
12928,C,Option A.
12929,C,Option A.
12930,C,Option A.
12931,C,Option A.
12932,C,Option A.
12933,C,Option A.
12934,C,Option A.
12935,C,Option A.
12936,C,Option A.
12937,C,Option A.
12938,C,Option A.
12939,C,Option A.
12940,C,Option A.
12941,C,Option A is chosen.
12942,C,Option A.
12943,C,Option A.
12944,C,Option A.
12945,C,Option A.
12946,C,Option A.
12947,C,Option A is the best choice for a one-night stay in New York
12948,C,Option A.
12949,C,Option A is the best choice for a one-night stay in New York
12950,A,Option C: Hyatt Centric Wall Street New York
12951,C,Option A is not a good choice as it has a low star rating and
12952,C,Option A.
12953,C,Option A.
12954,C,Option A is the best choice for a one-night stay in New York
12955,C,Option A.
12956,C,Option A is the best choice for a one-night stay in New York
12957,C,Option A is the best choice for a one-night stay in New York
12958,C,Option A is the best choice for a one-night stay in New York
12959,C,Option A.
12960,C,Option A.
12961,C,Option A.
12962,C,Option A.
12963,C,Option A.
12964,C,Option A.
12965,C,Option A.
12966,C,Option A.
12967,C,Option A.
12968,C,Option A.
12969,C,Option A.
12970,C,Option A.
12971,C,Option A: Smyth Tribeca
12972,A,Option C: Hampton Inn Manhattan/Times Square South
12973,C,Option A.
12974,C,Option A.
12975,C,Option A
12976,C,Option A.
12977,C,Option A
12978,C,Option A
12979,C,Option A: Sofitel New York
12980,C,Option A
12981,C,Option A
12982,C,Option A
12983,C,"Option A: The Pierre, A Taj Hotel"
12984,C,"Option A: The Pierre, A Taj Hotel"
12985,C,"Option A: The Pierre, A Taj Hotel"
12986,C,"Option A: The Pierre, A Taj Hotel"
12987,C,"Option A: The Pierre, A Taj Hotel"
12988,C,"Option A: The Pierre, A Taj Hotel"
12989,C,Option A.
12990,C,Option A.
12991,C,Option A.
12992,C,Option A.
12993,C,Option A.
12994,C,Option A.
12995,C,Option A.
12996,C,Option A
12997,C,Option A.
12998,C,Option A.
12999,C,Option A
13000,C,Option A
13001,C,Option A is chosen.
13002,C,Option A is the best choice for a one-night stay in New York
13003,C,Option A: Moxy NYC Chelsea
13004,C,Option A is chosen.
13005,C,Option A is chosen.
13006,C,Option A.
13007,C,Option A.
13008,C,Option A.
13009,C,Option A.
13010,C,Option A.
13011,C,Option A.
13012,C,Option A.
13013,C,Option A is the best choice for a one-night stay in New York
13014,C,Option A is the best choice for a one-night stay in New York
13015,C,Option A.
13016,C,Option A.
13017,C,Option A.
13018,C,Option A.
13019,C,Option A.
13020,C,Option A.
13021,C,Option A.
13022,C,Option A.
13023,C,Option A.
13024,C,Option A.
13025,C,Option A.
13026,C,Option A.
13027,C,Option A.
13028,C,Option A.
13029,C,Option A.
13030,C,Option A.
13031,C,Option A is the best choice for a one-night stay in New York
13032,C,Option A is chosen.
13033,C,Option A is a good choice for those who want to stay in Times Square
13034,C,Option A
13035,C,Option A is a good choice for a one-night stay in New York
13036,C,Option A is a good choice for a one-night stay in New York
13037,C,Option A.
13038,C,Option A.
13039,C,Option A.
13040,C,Option A.
13041,C,Option A.
13042,C,Option A.
13043,C,Option A.
13044,C,Option A.
13045,C,Option A.
13046,C,Option A
13047,C,Option A.
13048,C,Option A.
13049,C,Option A.
13050,C,Option A.
13051,C,Option A.
13052,C,Option A.
13053,C,Option A.
13054,C,Option A.
13055,C,Option A.
13056,C,Option A.
13057,C,Option A.
13058,C,Option A.
13059,C,Option A.
13060,C,Option A.
13061,C,Option A.
13062,C,Option A.
13063,C,Option A is chosen.
13064,C,Option A is the best choice for a one-night stay in New York
13065,C,Option A.
13066,C,Option A.
13067,C,Option A is the best choice for a luxurious and comfortable stay in New
13068,C,Option A is the best choice for a luxurious and comfortable stay in New
13069,C,Option A is the best choice for a luxurious and comfortable stay in New
13070,C,Option A is the best choice for a luxurious and comfortable stay in New
13071,C,Option A is the best choice for a luxurious stay in Midtown Manhattan
13072,C,Option A is the best choice for a luxurious and comfortable stay in New
13073,C,Option A.
13074,C,Option A.
13075,C,Option A
13076,C,Option A
13077,C,Option A
13078,C,Option A.
13079,C,Option A.
13080,C,Option A.
13081,C,Option A.
13082,C,Option A is the best choice for a one-night stay in New York
13083,C,Option A.
13084,C,Option A.
13085,C,Option A.
13086,C,Option A.
13087,C,Option A.
13088,C,Option A.
13089,C,Option A.
13090,C,Option A.
13091,C,Option A
13092,C,Option A.
13093,C,Option A.
13094,C,Option A.
13095,C,Option A
13096,C,Option A
13097,C,"Option A: The Ritz-Carlton New York, NoMad"
13098,C,"Option A: The Ritz-Carlton New York, NoMad"
13099,C,Option A.
13100,C,"Option A: The Ritz-Carlton New York, NoMad"
13101,C,"Option A: The Ritz-Carlton New York, NoMad"
13102,C,"Option A: The Ritz-Carlton New York, NoMad"
13103,C,Option A.
13104,C,Option A.
13105,C,Option A
13106,C,Option A.
13107,C,Option A
13108,C,Option A
13109,C,Option A is chosen.
13110,C,Option A is chosen.
13111,C,Option A is chosen.
13112,C,Option A is chosen.
13113,C,Option A is chosen.
13114,C,Option A is chosen.
13115,C,Option A.
13116,C,Option A.
13117,C,Option A.
13118,C,Option A.
13119,C,Option A.
13120,C,Option A.
13121,C,Option A: The Ned NoMad
13122,C,Option A: The Ned NoMad
13123,C,Option A.
13124,C,Option A: The Ned NoMad
13125,C,Option A.
13126,C,Option A.
13127,C,Option A.
13128,C,Option A.
13129,C,Option A.
13130,C,Option A.
13131,C,Option A.
13132,C,Option A.
13133,C,Option A: Lotte New York Palace
13134,C,Option A: Lotte New York Palace
13135,C,Option A.
13136,C,Option A: Lotte New York Palace
13137,C,Option A: Lotte New York Palace
13138,C,Option A: Lotte New York Palace
13139,C,Option A.
13140,C,Option A.
13141,C,Option A.
13142,C,Option A.
13143,C,Option A.
13144,C,Option A.
13145,C,Option A.
13146,C,Option A.
13147,C,Option A.
13148,C,Option A.
13149,C,Option A.
13150,C,Option A.
13151,C,Option A.
13152,C,Option A.
13153,C,Option A.
13154,C,Option A.
13155,C,Option A.
13156,C,Option A.
13157,C,Option A.
13158,C,Option A.
13159,C,Option A.
13160,C,Option A.
13161,C,Option A.
13162,C,Option A.
13163,C,Option A is chosen.
13164,C,Option A is chosen.
13165,C,Option A is chosen.
13166,C,Option A is chosen.
13167,C,Option A is chosen.
13168,C,Option A is chosen.
13169,C,Option A.
13170,C,Option A.
13171,C,Option A.
13172,C,Option A.
13173,C,Option A.
13174,C,Option A.
13175,C,Option A.
13176,C,Option A.
13177,C,Option A is chosen.
13178,C,Option A.
13179,C,Option A
13180,C,Option A
13181,C,Option A.
13182,C,Option A.
13183,C,Option A.
13184,C,Option A.
13185,C,Option A.
13186,C,Option A.
13187,C,Option A.
13188,C,Option A.
13189,C,Option A.
13190,C,Option A.
13191,C,Option A.
13192,C,Option A.
13193,C,Option A
13194,C,Option A
13195,C,Option A.
13196,C,Option A.
13197,C,Option A.
13198,C,Option A.
13199,C,Option A.
13200,C,Option A.
13201,C,Option A.
13202,C,Option A.
13203,C,Option A.
13204,C,Option A.
13205,C,Option A.
13206,C,Option A.
13207,C,Option A.
13208,C,Option A.
13209,C,Option A.
13210,C,Option A.
13211,C,Option A is the best choice for a luxurious stay in Midtown Manhattan
13212,C,Option A is the best choice for a luxurious stay in Midtown Manhattan
13213,C,Option A is the best choice for a luxurious and comfortable stay in New
13214,C,Option A.
13215,C,Option A is the best choice for a luxurious and comfortable stay in New
13216,C,Option A is the best choice for a luxurious and comfortable stay in New
13217,C,Option A is the best choice for a luxurious stay in Midtown Manhattan
13218,C,Option A is the best choice for a luxurious and comfortable stay in New
13219,C,Option A is the best choice for a luxurious and comfortable stay in New
13220,C,Option A is the best choice for a luxurious stay in Midtown Manhattan
13221,C,Option A is the best choice for a luxurious stay in Midtown Manhattan
13222,C,Option A is the best choice for a luxurious stay in Midtown Manhattan
13223,C,Option A is chosen.
13224,C,Option A is chosen.
13225,C,Option A is chosen.
13226,C,Option A is chosen.
13227,C,Option A is chosen.
13228,C,Option A is chosen.
13229,C,Option A is the best choice for a one-night stay in New York
13230,C,Option A is not a good choice as it has no free cancellation and breakfast
13231,C,Option A is the best choice for a one-night stay in New York
13232,C,Option A is the best choice for a one-night stay in New York
13233,C,Option A is the best choice for a one-night stay in New York
13234,C,Option A is the best choice for a one-night stay in New York
13235,C,Option A.
13236,C,Option A.
13237,C,Option A.
13238,C,Option A.
13239,C,Option A.
13240,C,Option A.
13241,C,Option A.
13242,C,Option A.
13243,C,Option A.
13244,C,Option A.
13245,C,Option A.
13246,C,Option A.
13247,C,Option A.
13248,C,Option A.
13249,C,Option A.
13250,C,Option A.
13251,C,Option A.
13252,C,Option A.
13253,C,Option A.
13254,C,"Option A: The Ritz-Carlton New York, NoMad"
13255,C,Option A.
13256,C,"Option A: The Ritz-Carlton New York, NoMad"
13257,C,"Option A: The Ritz-Carlton New York, NoMad"
13258,C,Option A.
13259,C,Option A.
13260,C,Option A.
13261,C,Option A.
13262,C,Option A.
13263,C,Option A.
13264,C,Option A.
13265,C,Option A.
13266,C,Option A.
13267,C,Option A.
13268,C,Option A: The Bowery Hotel
13269,C,Option A.
13270,C,Option A.
13271,C,Option A.
13272,C,Option A.
13273,C,Option A.
13274,C,Option A.
13275,C,Option A.
13276,C,Option A.
13277,C,Option A.
13278,C,Option A.
13279,C,Option A.
13280,C,Option A: The Hoxton Williamsburg
13281,C,Option A.
13282,C,Option A.
13283,C,Option A.
13284,C,Option A.
13285,C,Option A.
13286,C,Option A.
13287,C,Option A.
13288,C,Option A.
13289,C,Option A.
13290,C,Option A.
13291,C,Option A.
13292,C,Option A.
13293,C,Option A.
13294,C,Option A.
13295,A,Option C
13296,C,Option A is the best choice for a one-night stay in New York
13297,C,Option A is the best choice for a one-night stay in New York
13298,C,Option A is not a good choice as it has a low guest review score
13299,C,Option A is the best choice for a one-night stay in New York
13300,C,Option A is not a good choice as it has a low guest review score
13301,C,Option A is chosen.
13302,C,Option A is chosen.
13303,C,Option A is the best choice for a one-night stay in New York
13304,C,Option A: Moxy NYC Chelsea
13305,C,Option A is chosen.
13306,C,Option A is chosen.
13307,C,Option A is the best choice for a one-night stay in New York
13308,C,Option A
13309,C,Option A is chosen.
13310,C,Option A
13311,C,Option A is the best choice for a one-night stay in New York
13312,C,Option A is the best choice for a one-night stay in New York
13313,C,Option A is the best choice for a one-night stay in New York
13314,C,Option A.
13315,C,Option A.
13316,C,Option A
13317,C,Option A.
13318,C,Option A.
13319,C,Option A.
13320,C,Option A.
13321,C,Option A.
13322,C,Option A.
13323,C,Option A.
13324,C,Option A.
13325,C,Option A is the best choice for a one-night stay in New York
13326,C,Option A is the best choice for a one-night stay in New York
13327,C,Option A is the best choice for a one-night stay in New York
13328,C,Option A is the best choice for a one-night stay in New York
13329,C,Option A is the best choice for a one-night stay in New York
13330,C,Option A is chosen.
13331,C,Option A.
13332,C,Option A.
13333,C,Option A.
13334,C,Option A.
13335,C,Option A.
13336,C,Option A.
13337,C,Option A.
13338,C,Option A.
13339,C,Option A.
13340,C,Option A.
13341,C,Option A.
13342,C,Option A.
13343,C,Option A.
13344,C,Option A.
13345,C,Option A.
13346,C,Option A.
13347,C,Option A.
13348,C,Option A.
13349,C,Option A.
13350,C,Option A.
13351,C,Option A.
13352,C,Option A.
13353,C,Option A.
13354,C,Option A.
13355,C,Option A is the best choice for a one-night stay in New York
13356,C,Option A is the best choice for a one-night stay in New York
13357,C,Option A is the best choice for a one-night stay in New York
13358,A,Option C: The Whitby Hotel
13359,C,Option A is chosen.
13360,C,Option A is the best choice for a one-night stay in New York
13361,C,Option A is the best choice for a luxurious and comfortable stay in New
13362,C,Option A.
13363,C,Option A is the best choice for a one-night stay in New York
13364,C,Option A is the best choice for a luxurious and comfortable stay in Mid
13365,C,Option A is the best choice for a luxurious stay in Midtown New
13366,C,Option A is the best choice for a luxurious and comfortable stay in New
13367,C,Option A.
13368,C,Option A.
13369,C,Option A.
13370,C,Option A.
13371,C,Option A
13372,C,Option A.
13373,C,Option A is the best choice for a luxurious and comfortable stay in New
13374,C,Option A is the best choice for a luxurious stay in TriBeC
13375,C,Option A is the best choice for a one-night stay in New York
13376,C,Option A.
13377,C,Option A is the best choice for a luxurious stay in TriBeC
13378,C,Option A.
13379,C,Option A.
13380,C,Option A.
13381,C,Option A.
13382,C,Option A.
13383,C,Option A.
13384,C,Option A.
13385,C,Option A is chosen.
13386,C,Option A.
13387,C,Option A is chosen.
13388,C,Option A is chosen.
13389,C,Option A is chosen.
13390,C,Option A is chosen.
13391,C,Option A.
13392,C,Option A.
13393,C,Option A.
13394,C,Option A.
13395,C,Option A.
13396,C,Option A.
13397,C,Option A.
13398,C,Option A.
13399,C,Option A.
13400,C,Option A.
13401,C,Option A.
13402,C,Option A.
13403,C,Option A.
13404,C,Option A is chosen.
13405,C,Option A is chosen.
13406,C,Option A.
13407,C,Option A.
13408,C,Option A.
13409,C,Option A.
13410,C,Option A.
13411,C,Option A.
13412,C,Option A.
13413,C,Option A.
13414,C,Option A.
13415,C,Option A is chosen.
13416,C,Option A.
13417,C,Option A is chosen.
13418,C,Option A is chosen.
13419,C,Option A is chosen.
13420,C,Option A.
13421,C,Option A.
13422,C,Option A.
13423,C,Option A is chosen.
13424,C,Option A.
13425,C,Option A.
13426,C,Option A.
13427,C,Option A
13428,C,Option A.
13429,C,Option A.
13430,C,Option A.
13431,C,Option A.
13432,C,Option A.
13433,C,Option A.
13434,C,Option A.
13435,C,Option A.
13436,C,Option A.
13437,C,Option A.
13438,C,Option A.
13439,C,Option A.
13440,C,Option A.
13441,C,Option A.
13442,C,Option A.
13443,C,Option A.
13444,C,Option A.
13445,C,"Option A: The Ritz-Carlton New York, NoMad"
13446,C,"Option A: The Ritz-Carlton New York, NoMad"
13447,C,"Option A: The Ritz-Carlton New York, NoMad"
13448,C,Option A.
13449,C,Option A.
13450,C,Option A.
13451,C,Option A.
13452,C,Option A.
13453,C,Option A.
13454,C,Option A.
13455,C,Option A.
13456,C,Option A.
13457,C,Option A.
13458,C,Option A.
13459,C,Option A.
13460,C,Option A.
13461,C,Option A.
13462,C,Option A.
13463,C,"Option A: The Pierre, A Taj Hotel"
13464,C,"Option A: The Pierre, A Taj Hotel"
13465,C,Option A.
13466,C,"Option A: The Pierre, A Taj Hotel"
13467,C,Option A.
13468,C,"Option A: The Pierre, A Taj Hotel"
13469,C,Option A
13470,C,Option A
13471,C,Option A is the best choice for a one-night stay in New York
13472,C,Option A
13473,C,Option A
13474,C,Option A is the best choice for a one-night stay in New York
13475,C,Option A.
13476,C,Option A.
13477,C,Option A.
13478,C,Option A.
13479,C,Option A.
13480,C,Option A.
13481,C,Option A.
13482,C,Option A.
13483,C,Option A.
13484,C,Option A.
13485,C,Option A.
13486,C,Option A.
13487,C,Option A is chosen.
13488,C,Option A is the best choice for a one-night stay in New York
13489,C,Option A.
13490,C,Option A is the best choice for a one-night stay in New York
13491,C,Option A is the best choice for a one-night stay in New York
13492,C,Option A.
13493,C,Option A is not a good choice as it has no free cancellation and breakfast
13494,C,Option A is the best choice for a one-night stay in New York
13495,C,Option A is the best choice for a one-night stay in New York
13496,C,Option A is the best choice for a one-night stay in New York
13497,C,Option A is the best choice for a one-night stay in New York
13498,C,Option A is the best choice for a one-night stay in New York
13499,C,Option A
13500,C,Option A
13501,C,Option A
13502,C,Option A
13503,C,Option A: New York Marriott Marquis
13504,C,Option A
13505,A,Option C: citizenM New York Times Square
13506,A,Option C: citizenM New York Times Square
13507,C,Option A.
13508,C,Option A.
13509,C,Option A.
13510,C,Option A.
13511,C,Option A is chosen.
13512,C,Option A is chosen.
13513,C,Option A is chosen.
13514,C,Option A is chosen.
13515,C,Option A is a good choice for those who want a comfortable stay in the
13516,C,Option A is chosen.
13517,C,Option A.
13518,C,Option A.
13519,C,Option A.
13520,C,Option A.
13521,C,Option A.
13522,C,Option A.
13523,C,Option A: The Peninsula New York
13524,C,Option A: The Peninsula New York
13525,C,Option A is the best choice for a luxurious stay in Midtown with
13526,C,Option A is the best choice for a luxurious stay in Midtown with
13527,C,Option A is the best choice for a luxurious stay in Midtown with
13528,C,Option A: The Peninsula New York
13529,C,Option A.
13530,C,Option A.
13531,C,Option A is chosen.
13532,C,Option A.
13533,C,Option A.
13534,C,Option A.
13535,C,Option A is a good choice for those looking for an affordable hotel in Long
13536,C,Option A is a good choice for those looking for an affordable hotel in Long
13537,C,Option A is a good choice for those looking for an affordable hotel in Long
13538,C,Option A is a good choice for those looking for an affordable hotel in Long
13539,C,Option A is a good choice for those looking for an affordable hotel in Long
13540,C,Option A is a good choice for those looking for an affordable hotel in Long
13541,C,Option A.
13542,C,Option A.
13543,C,Option A.
13544,C,Option A.
13545,C,Option A.
13546,C,Option A.
13547,C,Option A.
13548,C,Option A.
13549,C,Option A.
13550,C,Option A.
13551,C,Option A.
13552,C,Option A.
13553,C,Option A
13554,C,Option A
13555,C,Option A
13556,C,Option A
13557,C,Option A
13558,C,Option A
13559,C,Option A.
13560,C,Option A is the best choice for a one-night stay in New York
13561,C,Option A.
13562,C,Option A is chosen.
13563,C,Option A.
13564,C,Option A.
13565,C,Option A.
13566,C,Option A.
13567,C,Option A.
13568,C,Option A.
13569,C,Option A.
13570,C,Option A.
13571,C,Option A is chosen.
13572,C,Option A is chosen.
13573,C,Option A
13574,C,Option A
13575,C,Option A is chosen.
13576,C,Option A is chosen.
13577,C,Option A is the best choice for a luxurious and comfortable stay in New
13578,C,"Option A: The Ritz-Carlton New York, NoMad"
13579,C,Option A is the best choice for a luxurious and comfortable stay in New
13580,C,"Option A: The Ritz-Carlton New York, NoMad"
13581,C,Option A.
13582,C,Option A.
13583,C,Option A.
13584,C,Option A.
13585,C,Option A.
13586,C,Option A.
13587,C,Option A is the best choice for a one-night stay in New York
13588,C,Option A.
13589,C,Option A.
13590,C,Option A: The Standard High Line
13591,C,Option A is the best choice for a one-night stay in New York
13592,C,Option A: The Standard High Line
13593,C,Option A is the best choice for a one-night stay in New York
13594,C,Option A: The Standard High Line
13595,C,Option A.
13596,C,Option A.
13597,C,Option A.
13598,C,Option A is the best choice for a one-night stay in New York
13599,C,Option A.
13600,C,Option A.
