task_id,choice,raw_output
1,A,"Option A is significantly cheaper, but it has fewer amenities and no free cancellation. Option B offers more comfort and flexibility, but at a much higher cost.  

Since I value affordability for a one-night stay and don't require the extra amenities, I'll choose the cheaper option. 

Final answer: A"
2,A,"While the Courtyard offers more amenities and a higher star rating, its price is significantly higher.  For a one-night stay, I prioritize value and the Pod 51's location in Midtown East is still convenient.

Final answer: A"
5,A,"Option A is significantly cheaper, and while it lacks some amenities like a fitness center, the location in Midtown East is convenient for many attractions. The slightly lower guest review score doesn't seem to be a major concern given the price difference. 

Final answer: A"
6,A,"Option A is significantly cheaper, and while it lacks some amenities of Option B, those aren't essential for a one-night stay. The location in Midtown East is also convenient for many attractions. 

Final answer: A"
9,A,"While the Equinox Hotel offers luxurious amenities and a higher star rating, its price is significantly more expensive. For a one-night stay, the Pod 51 provides a decent option with free WiFi and air conditioning at a much lower cost.  

Final answer: A"
10,A,"While the Equinox Hotel offers luxurious amenities and a higher star rating, its price is significantly more expensive. For a one-night stay, the Pod 51 provides a decent option with free WiFi and air conditioning at a much lower cost.  

Final answer: A"
13,A,"Option A is significantly cheaper, which is important for a one-night stay. While Option B offers more amenities and a higher star rating, I prioritize cost-effectiveness for this trip. 

Final answer: A"
14,A,"While The Westin offers more amenities and a higher star rating, the significant price difference makes Pod 51 a much more budget-friendly option for a single night stay.  I prioritize value over luxury in this case.

Final answer: A"
17,A,"While Option B is more luxurious with a higher star rating and additional amenities like a rain shower and smart TV, the price difference of $135 is significant for a one-night stay.  Option A offers a good balance of value and decent reviews at a much lower cost. 

Final answer: A"
18,A,"While Option B is more luxurious with a higher star rating and additional amenities like a rain shower and smart TV, the price difference of $130 for a one-night stay is significant.  Option A offers a good guest review score and essential amenities at a much lower cost. 

Final answer: A"
21,A,"While the citizenM offers a higher star rating and better amenities, its location in Times Square might be noisy and expensive. The Pod 39 is more affordable and has good reviews, making it a better value for a one-night stay.

Final answer: A"
22,A,"While the citizenM offers higher star rating and better amenities, its price is significantly higher.  The Pod 39 provides good value for money with decent reviews and essential amenities at a more affordable price.

Final answer: A"
25,A,"Option A is significantly cheaper, which is important for a one-night stay. While Option B offers more amenities and a higher star rating, I prioritize affordability for this trip. 

Final answer: A"
26,A,"Option A is significantly cheaper and still has good reviews. While Option B offers more amenities and luxury, I prioritize affordability for a one-night stay. 

Final answer: A"
29,A,"While The Lexington Hotel offers a higher star rating and free cancellation, its price is significantly higher. Pod 39's lower price point and decent guest reviews make it a more attractive option for a one-night stay where I prioritize value over luxury amenities.

Final answer: A"
30,A,"Option A is significantly cheaper and has a higher guest review score. While Option B offers more amenities and free cancellation, the price difference is substantial for a one-night stay. 

Final answer: A"
33,B,"Option B offers a higher star rating, better guest reviews, and more amenities like a fitness center and restaurant. While it is more expensive, the free cancellation option provides peace of mind. 

Final answer: B"
34,B,"Option A is significantly cheaper, but it's a pod room with no free cancellation. Option B offers more space, amenities like a fitness center and restaurant, and free cancellation, but at double the price.  

Since I value having a comfortable room and the flexibility of free cancellation, I'd choose Option B despite the higher cost. 

Final answer: B"
37,A,"While the Arlo NoMad offers more amenities and a higher star rating, its price is significantly higher.  The Now Now NoHo provides a comfortable stay at a much lower cost, and free cancellation allows flexibility. 

Final answer: A"
38,A,"While the Arlo NoMad has a higher star rating and more amenities, the Now Now NoHo is significantly cheaper.  The difference in price outweighs the extra amenities for a one-night stay. 

Final answer: A"
41,B,"Option B is more expensive but offers a higher star rating, better guest reviews, and includes breakfast. While the location in Times Square might be busier, it also offers more attractions and dining options. 

Final answer: B"
42,A,"Option A is significantly cheaper, but lacks amenities like breakfast and a fitness center. Option B offers more comfort and convenience with its included breakfast and additional amenities, but at a much higher price.  

Final answer: A"
45,A,"Option A is significantly cheaper, which is important for a one-night stay. While Option B offers more amenities and a higher star rating, those benefits don't outweigh the substantial price difference for a short trip. 

Final answer: A"
46,A,"Option A is significantly cheaper, but lacks amenities like breakfast and free cancellation. Option B offers a luxurious experience with included breakfast and free cancellation, but at a much higher price.  

Final answer: A"
49,A,"While the Wyndham offers a higher star rating and more amenities like a fitness center, the Now Now NoHo is significantly cheaper.  The price difference is substantial for a one-night stay, and both hotels have similar guest review scores. 

Final answer: A"
50,A,"Option A is cheaper and offers free cancellation, which is valuable for a one-night stay. While Option B has a higher star rating and more amenities, the price difference and lack of free cancellation make it less appealing. 

Final answer: A"
53,A,"Option A is significantly cheaper, but it's a 2-star hotel with a pod room. Option B is a 4-star hotel with a queen room and free cancellation, though it costs more than twice as much.  

Final answer: A"
54,B,"Option A is significantly cheaper, but it's a 2-star hotel with a pod room. Option B is a 4-star hotel with a queen room and additional amenities like a restaurant.  

Final answer: B"
57,B,"Option B offers a higher star rating, better guest reviews, breakfast included, and a pool. While it is more expensive, these amenities seem worth the extra cost for a one-night stay. 

Final answer: B"
58,A,"Option A is significantly cheaper and while it lacks amenities like a pool, the lower price point might be worth it for a one-night stay.  

Final answer: A"
61,A,"While the Moxy offers a higher star rating and better amenities like a rooftop bar, its price is significantly higher.  The Radio Hotel provides good value for money with a decent guest review score and free cancellation. 

Final answer: A"
62,A,"While the Moxy offers a higher star rating and a rooftop bar, the significant price difference makes Option A more appealing for a one-night stay.  The lower price allows me to potentially allocate more funds towards other experiences in NYC. 

Final answer: A"
65,A,"Option A is significantly cheaper and has good reviews. While Option B offers breakfast and a fitness center, its location in Times Square might be more expensive and crowded.  

Final answer: A"
66,B,"Option B is more expensive but offers a higher star rating, a better location in Times Square, and includes breakfast. While Option A has good reviews, the lack of free cancellation and included breakfast make it less appealing for a one-night stay. 

Final answer: B"
69,A,"Option A is significantly cheaper and still has decent reviews. While Option B offers more luxury and amenities, it's far out of my budget for a one-night stay. 

Final answer: A"
70,A,"While The Whitby Hotel offers luxury and higher ratings, its price is significantly more expensive.  For a one-night stay, the value proposition of Radio Hotel with its decent reviews and lower price point is much stronger. 

Final answer: A"
73,A,"While The Plaza offers luxury amenities and a higher star rating, its price is significantly more expensive.  For a one-night stay, I prioritize value and convenience. 

Final answer: A"
74,A,"Option A is significantly cheaper and still has good reviews. While The Plaza offers more amenities, they are not essential for a one-night stay and the price difference is substantial. 

Final answer: A"
77,B,"Option A is significantly cheaper, but Option B offers a much higher star rating, better amenities (like a spa), and a prime location in Times Square.  

Final answer: B"
78,A,"Option A is significantly cheaper and still has good reviews. While Option B offers more amenities and a prime location, those benefits don't outweigh the substantial price difference for a one-night stay. 

Final answer: A"
81,A,"Option A is significantly cheaper and still has good reviews. While Option B offers more amenities and a better location, the price difference is substantial for a one-night stay. 

Final answer: A"
82,A,"Option A is significantly cheaper and still has good reviews. While Option B offers more amenities, they are not essential for a one-night stay and the price difference is substantial. 

Final answer: A"
85,A,"Option A is significantly cheaper, and while it lacks free cancellation and breakfast, its guest review score is higher.  The location in Washington Heights might be less convenient than Long Island City, but the price difference is substantial. 

Final answer: A"
86,A,"Option A is significantly cheaper and has a slightly higher guest review score. While Option B is in a different borough with a rooftop bar, the price difference and similar amenities make Option A the more appealing choice for a one-night stay. 

Final answer: A"
89,A,"While The Hotel Chelsea offers more amenities and a higher star rating, its price is significantly higher.  For a one-night stay, I prioritize value and the Carlton Arms provides a decent review score at a much lower cost. 

Final answer: A"
90,A,"While The Hotel Chelsea offers more amenities and a higher star rating, its price is significantly higher.  The Carlton Arms provides a decent review score at a much lower cost, making it a better value for a one-night stay. 

Final answer: A"
93,A,"While The Hotel Chelsea offers more amenities and a higher star rating, its price is significantly higher.  For a one-night stay, I prioritize value and convenience. 

Final answer: A"
94,A,"Option A is significantly cheaper, and while it lacks breakfast and free cancellation, its location in Midtown is convenient for many attractions. Option B offers more amenities and a higher star rating but at a much higher price point.  

Final answer: A"
97,A,"While The Wall Street Hotel offers more luxury and amenities, its price is significantly higher.  For a one-night stay, the value proposition of Hotel Wolcott at a fraction of the cost seems more appealing. 

Final answer: A"
98,A,"While The Wall Street Hotel offers more amenities and a higher star rating, its price is significantly higher.  For a one-night stay, I prioritize value and convenience, making the lower price and decent reviews of Hotel Wolcott more appealing. 

Final answer: A"
101,A,"While Option B is more expensive and has a higher star rating with better amenities like free breakfast and cancellation, I prioritize location and price. Midtown offers greater access to attractions and transportation compared to Chelsea.  

Final answer: A"
102,A,"While Option B is more expensive and has a higher star rating with breakfast included, I prioritize location and price.  Option A is in Midtown, a central location for exploring NYC, and significantly cheaper. 

Final answer: A"
105,A,"While Hotel Le Bleu has a higher star rating and better guest reviews, its location in Park Slope, Brooklyn, is farther from the main attractions of Manhattan.  The significant price difference also makes Option A more appealing for a one-night stay. 

Final answer: A"
106,A,"Option A is significantly cheaper and located in Midtown, which is more central to many attractions. While Option B has a higher star rating, breakfast included, and a better review score, its location in Brooklyn might require more travel time and expense depending on my plans. 

Final answer: A"
109,A,"Option A is significantly cheaper and has a slightly higher guest review score. While Option B offers free cancellation, I prioritize cost-effectiveness for a one-night stay and don't anticipate needing to cancel. 

Final answer: A"
110,A,"Option A is significantly cheaper, and while Option B has a slightly higher review score, the difference isn't substantial.  The amenities offered by both hotels are very similar. 

Final answer: A"
113,A,"Option A is significantly cheaper, and while Option B has a higher star rating and is located in Times Square, the difference in guest review scores is negligible.  I value saving money more than being in Times Square and having a slightly nicer hotel. 

Final answer: A"
114,A,"Option A is significantly cheaper, and while it has one fewer star, the guest review scores are very close.  The location in Hell's Kitchen might be preferable for some as it's less touristy than Times Square. 

Final answer: A"
117,A,"Option B is in a more desirable location (Times Square) and has a higher star rating. However, the price difference of $33 is significant for a one-night stay.  

Final answer: A"
118,A,"While the AC Hotel has a higher star rating and is located in Times Square, the voco offers free cancellation and is significantly cheaper.  

Final answer: A"
121,A,"While the Renaissance offers a higher star rating and slightly better reviews, the price difference is significant.  For a one-night stay, the lower cost of the voco Times Square South makes it a more appealing option despite being a 3-star hotel.

Final answer: A"
122,A,"Option A is significantly cheaper, which is important for a one-night stay. While Option B has a higher star rating and better reviews, the price difference is substantial and the amenities are largely similar.  

Final answer: A"
125,A,"While the Marriott Marquis is a higher star rating and has more amenities, its price is significantly higher. The voco Times Square South offers a good guest review score at a much lower price point, making it a better value for a one-night stay. 

Final answer: A"
126,A,"Option A is significantly cheaper and still has good reviews. While Option B is in a more central location and has a higher star rating, the price difference is substantial for a one-night stay.  

Final answer: A"
129,A,"While the Conrad offers more luxury and amenities, I only need a basic room for one night. The price difference is significant, and the voco Times Square South has excellent reviews and free cancellation. 

Final answer: A"
130,A,"While the Conrad offers more luxury and amenities like a spa and included breakfast, I prioritize value for money. The voco Times Square South is significantly cheaper and still has good reviews and essential amenities. 

Final answer: A"
133,A,"Option A is cheaper and offers free cancellation, which is valuable for a one-night stay. While Option B includes breakfast and has a slightly higher review score, the price difference and free cancellation make Option A more appealing. 

Final answer: A"
134,B,"While Option A has a slightly higher guest review score, Option B offers free breakfast and is cheaper.  

Final answer: B"
137,B,"Option A is cheaper and located in the more lively Times Square. However, Option B offers free cancellation, breakfast included, and slightly better guest reviews.  

Final answer: B"
138,A,"Option A is cheaper and located in Times Square, which is more central for sightseeing. While Option B has breakfast included and slightly better reviews, the Financial District might be less convenient for exploring NYC. 

Final answer: A"
141,A,"While the Ink 48 Hotel offers a higher star rating and better guest reviews, its price is significantly higher.  The YOTEL New York Times Square provides good value for money with its lower price and convenient location in Times Square.

Final answer: A"
142,A,"While the Ink 48 Hotel offers a higher star rating, better amenities, and a more desirable location for some, the significant price difference makes Option A a more financially sensible choice for a one-night stay.  

Final answer: A"
145,A,"While Option B offers free cancellation and breakfast, which are appealing perks, I prioritize location. Staying in Times Square (Option A) provides easy access to attractions and entertainment, making it more convenient for a one-night stay. 

Final answer: A"
146,B,"While both options have similar star ratings and guest reviews, Option B offers free cancellation and breakfast included, which are valuable perks.  The Brooklyn location might be less central than Times Square, but it could offer a more relaxed atmosphere.

Final answer: B"
149,A,"While The Greenwich Hotel offers luxury amenities and a higher star rating, its price is significantly more than Option A.  For a one-night stay, I prioritize value and convenience, making the 3-star YOTEL in Times Square a better fit.

Final answer: A"
150,A,"While The Greenwich Hotel offers luxury amenities and a higher star rating, its price is significantly more expensive.  For a one-night stay, the value proposition of YOTEL New York Times Square with its lower price and decent guest reviews outweighs the extra amenities offered by The Greenwich Hotel. 

Final answer: A"
153,A,"While Hampton Inn offers breakfast included, MOXY NYC Times Square has a slightly higher guest review score and is cheaper.  

Final answer: A"
154,A,"Option A is cheaper and has a higher guest review score despite having fewer reviews. While Option B includes breakfast, the price difference is significant and I don't prioritize breakfast that much. 

Final answer: A"
157,A,"While Option B has a slightly higher guest review score and more amenities, the free cancellation of Option A is very appealing for a one-night stay.  The price difference isn't significant enough to outweigh the flexibility of free cancellation. 

Final answer: A"
158,A,"Both hotels have similar star ratings and guest reviews. Option B offers breakfast included, which could save money on dining out, but it is also more expensive. Since I value flexibility and potentially saving money by eating elsewhere, I would choose Option A. 

Final answer: A"
161,A,"While the InterContinental offers more luxurious amenities and a higher star rating, the significant price difference makes Option A a more sensible choice for a one-night stay.  

Final answer: A"
162,A,"While the InterContinental offers more amenities and a higher star rating, the price difference of $194 is significant for a one-night stay.  The MOXY still has good reviews and essential amenities like WiFi and a fitness center. 

Final answer: A"
165,A,"While Option B is cheaper, the higher guest review score and additional amenities of Option A outweigh the price difference.  

Final answer: A"
166,A,"While Option B is significantly cheaper, the lower star rating and guest review score suggest a potentially less pleasant experience.  The MOXY NYC Times Square offers better amenities and a more desirable location in Times Square, justifying the higher price for a more enjoyable stay. 

Final answer: A"
169,A,"While the Lower East Side hotel has a rooftop bar, which is appealing, the Downtown location might be more convenient depending on my planned activities.  The price difference is also significant. 

Final answer: A"
170,A,"While the Lower East Side hotel has a slightly higher review score and a rooftop bar, the Financial District location might be more convenient depending on my plans.  The significant price difference also makes the Downtown option more appealing for a one-night stay. 

Final answer: A"
173,A,"While the Hilton Garden Inn has a slightly higher guest review score and offers a king bed, the Moxy NYC Downtown is significantly cheaper.  The price difference outweighs the minor differences in amenities and room type for a one-night stay. 

Final answer: A"
174,A,"While the Hilton Garden Inn offers breakfast and has more reviews, its price is significantly higher. The Moxy NYC Downtown is cheaper and still well-rated with good amenities. 

Final answer: A"
177,A,"While the LUMA Hotel offers a higher star rating and is located in the bustling Times Square, the significant price difference makes Option A more appealing for a one-night stay.  

Final answer: A"
178,A,"While the LUMA Hotel offers a higher star rating and free cancellation, its price is significantly higher. The Moxy NYC Downtown provides good value for money with a decent guest review score and essential amenities at a more affordable price. 

Final answer: A"
181,A,"While the Ink 48 Hotel offers a higher star rating and amenities like a rooftop bar and city views, the Moxy NYC Downtown is significantly cheaper at $115 compared to $365.  For a one-night stay, the price difference is substantial and outweighs the additional perks of the Ink 48.

Final answer: A"
182,A,"While the Ink 48 Hotel offers a higher star rating and amenities like a rooftop bar and city views, the Moxy NYC Downtown is significantly cheaper at $190 compared to $510.  For a one-night stay, the price difference is substantial and outweighs the additional luxury offered by the Ink 48.

Final answer: A"
185,A,"Option A is cheaper and has slightly better reviews. While Option B offers a suite with breakfast included, the price difference and the fact that I don't need a suite make Option A more appealing for a one-night stay. 

Final answer: A"
186,A,"Option A is significantly cheaper and still has good reviews. While Option B offers breakfast and a kitchen, I don't need those amenities for a one-night stay and the price difference is substantial. 

Final answer: A"
189,A,"Option A is cheaper and has good reviews. While Option B includes breakfast, I don't prioritize that for a one-night stay and the price difference is significant. 

Final answer: A"
190,A,"While Hyatt Place offers free cancellation and breakfast, which are appealing perks, the significantly higher price makes it less attractive. The Moxy NYC Downtown is more affordable and has comparable amenities and guest reviews. 

Final answer: A"
193,A,"While The Wall Street Hotel has a higher star rating and more amenities, the Lower East Side is generally considered a more vibrant and exciting neighborhood.  The price difference is also significant. 

Final answer: A"
194,A,"While The Wall Street Hotel is more luxurious with a higher star rating and a better guest review score, its price is significantly higher.  The Moxy NYC Lower East Side offers a comfortable stay at a much lower cost, and the free cancellation option provides flexibility. 

Final answer: A"
197,A,"While The Beekman offers a luxurious experience with its higher star rating and unique turret suite, the Moxy NYC Lower East Side provides a solid 3-star option at a significantly lower price.  The free cancellation policy also adds flexibility for my plans.

Final answer: A"
198,A,"While The Beekman offers a luxurious experience with its 5-star rating and additional amenities, the significantly higher price point makes it less appealing for a one-night stay.  The Moxy NYC Lower East Side provides a comfortable stay in a trendy neighborhood at a much more affordable rate.

Final answer: A"
201,A,"Option A is significantly cheaper and has a higher guest review score. While Option B offers a suite with a kitchen and fitness center, these amenities are not essential for a one-night stay and the price difference is substantial. 

Final answer: A"
202,A,"While Option B is cheaper and includes breakfast, I value being in the trendy Lower East Side more than having a kitchen and free breakfast.  

Final answer: A"
205,A,"While The Renwick Hotel is 4 stars and offers free cancellation, its price is significantly higher.  The Moxy NYC Lower East Side offers a good guest review score at a more affordable price.

Final answer: A"
206,A,"While The Renwick Hotel has a higher star rating and slightly better guest reviews, the Moxy NYC Lower East Side offers free cancellation which is valuable for a one-night stay.  Additionally, the price difference isn't significant enough to outweigh the benefit of flexibility. 

Final answer: A"
209,A,"While the Walker Hotel Tribeca is rated higher and offers free cancellation, I prioritize location and value. The Moxy NYC Lower East Side is in a vibrant neighborhood with good reviews at a more affordable price. 

Final answer: A"
210,A,"Option A is significantly cheaper and has a higher guest review score despite being a 3-star hotel. While Option B offers breakfast and a slightly higher star rating, the price difference and strong reviews of Option A make it the more appealing choice for a one-night stay.

Final answer: A"
213,A,"While Option B offers breakfast and a suite with a kitchen, I prioritize location and the social atmosphere. The Moxy NYC East Village's rooftop bar and restaurant appeal to me more than a fitness center, and the East Village is a vibrant neighborhood I'd enjoy exploring. 

Final answer: A"
214,A,"Option A is significantly cheaper and offers free cancellation, which is valuable for a one-night stay. While Option B has a higher star rating, a suite, and breakfast included, these benefits don't outweigh the cost difference and lack of flexibility for a short trip. 

Final answer: A"
217,A,"While the Sheraton offers a higher star rating and more amenities like a pool and fitness center, the Moxy's location in the trendy East Village is appealing.  The slightly lower price and good guest reviews also make it attractive. 

Final answer: A"
218,A,"While the Sheraton offers more amenities and a higher star rating, its price is significantly higher. The Moxy has good reviews and essential amenities like WiFi and a restaurant at a much lower cost. 

Final answer: A"
221,A,"Option A is significantly cheaper and offers free cancellation, which is valuable for a one-night stay. While Option B includes breakfast and has more amenities, the higher price and lack of free cancellation make it less appealing. 

Final answer: A"
222,A,"The Moxy NYC East Village has a higher guest review score and offers more amenities like a rooftop bar and restaurant. While the Wyndham New Yorker Hotel is cheaper and in Midtown, the trade-off for those extra amenities and a better location seems worthwhile. 

Final answer: A"
225,B,"While Aloft New York Chelsea has a slightly higher guest review score and is in a trendy neighborhood, SpringHill Suites offers free cancellation, included breakfast, and a more spacious suite for a significantly lower price. 

Final answer: B"
226,A,"Option A has a higher guest review score and is in a trendy neighborhood. While Option B includes breakfast and has more reviews, the lack of free cancellation is a significant drawback for a one-night stay. 

Final answer: A"
229,A,"While the Arlo NoMad has a higher star rating and additional amenities like a rooftop bar and restaurant, the Aloft New York Chelsea is significantly cheaper at $142 per night.  The difference in price outweighs the extra amenities for a one-night stay. 

Final answer: A"
230,A,"While the Arlo NoMad has a higher star rating and additional amenities like a rooftop bar and restaurant, the Aloft New York Chelsea is significantly cheaper at $157 compared to $220.  The difference in price outweighs the extra amenities for a one-night stay. 

Final answer: A"
233,A,"Option A is significantly cheaper and has good reviews. While Option B offers more amenities and a higher star rating, the price difference is substantial for a one-night stay. 

Final answer: A"
234,A,"Option A is significantly cheaper and still has good reviews. While Option B offers more luxurious amenities, they are not essential for a one-night stay and the price difference is substantial. 

Final answer: A"
237,A,"While Option B is significantly cheaper, the Aloft New York Chelsea has a higher guest review score and offers additional amenities like a bar.  

Final answer: A"
238,A,"Option A is significantly cheaper and has a higher guest review score. While Option B includes breakfast, the price difference and better reviews of Option A make it a more appealing choice for a one-night stay. 

Final answer: A"
241,A,"Option A is significantly cheaper and still has good reviews. While Option B offers more amenities and breakfast, those are not essential for a one-night stay and the price difference is substantial. 

Final answer: A"
242,A,"While the Loews Regency offers more luxury and amenities, its price is significantly higher. For a one-night stay, the Aloft New York Chelsea provides good value with its solid guest reviews, free cancellation, and essential amenities at a much lower cost. 

Final answer: A"
245,A,"While The Whitby Hotel has a much higher star rating and better guest reviews, its price is significantly higher.  For a one-night stay, the value proposition of Margaritaville Resort Times Square with its lower price and amenities like a pool and bar seems more appealing. 

Final answer: A"
246,A,"Option A is significantly cheaper and offers basic amenities like WiFi, a pool, and dining options. While Option B boasts a higher star rating, excellent reviews, and additional perks, its price is considerably higher for a one-night stay. 

Final answer: A"
249,A,"While the Four Seasons offers luxury and a higher rating, its price is significantly more than double that of the Margaritaville.  For a one-night stay, the added amenities of the Four Seasons don't justify the substantial cost difference. 

Final answer: A"
250,A,"While the Four Seasons offers luxury amenities and a higher review score, its price is significantly higher.  For a one-night stay, the value proposition of the Margaritaville with its lower cost and included amenities like a pool and restaurant seems more appealing. 

Final answer: A"
253,A,"Option A is cheaper and has more amenities like a pool and bar. While Option B offers free cancellation and breakfast, those benefits don't outweigh the lower price and additional amenities of Option A for a one-night stay. 

Final answer: A"
254,A,"Option A is in Times Square, which is more central to attractions and nightlife, while Option B is in Brooklyn.  While both have good reviews and include breakfast, Option A offers a pool and bar, which might be appealing for a one-night stay. 

Final answer: A"
257,A,"While Option B offers a higher star rating, free cancellation, breakfast, and a spa, its price is significantly higher.  Option A is more affordable and still has good reviews and amenities like WiFi and a fitness center. 

Final answer: A"
258,A,"Option A is significantly cheaper and located in Times Square, a central location for many attractions. While Option B has a higher star rating, a better review score, breakfast included, and additional amenities like a spa, these benefits are less important to me given the price difference and my desire for a central location. 

Final answer: A"
261,A,"While Option B has a higher rating and includes breakfast, the price difference is significant.  For a one-night stay, the extra amenities of Option B don't outweigh the substantial cost savings of Option A. 

Final answer: A"
262,A,"While Option B has a higher rating and includes breakfast and free cancellation, the price difference is significant. For a one-night stay, the extra amenities of Option B don't outweigh the substantial cost savings of Option A. 

Final answer: A"
265,A,"Option A is significantly cheaper and located in the heart of Times Square, which offers more entertainment and dining options. While Option B has a higher star rating, breakfast included, and a pool, these amenities are less important to me for a one-night stay. 

Final answer: A"
266,A,"Option A is significantly cheaper and offers free cancellation, which is valuable for a one-night stay. While Option B has a higher star rating and additional amenities like a pool, the price difference and lack of free cancellation make Option A more appealing for this trip. 

Final answer: A"
269,A,"While Option B is slightly cheaper and offers free cancellation, I value having breakfast included and being in the heart of Times Square.  

Final answer: A"
270,A,"Both hotels have similar star ratings and guest reviews. Option A is cheaper and includes breakfast, while Option B is more expensive but offers a larger room type.  

Final answer: A"
273,A,"Option A is significantly cheaper and located in the heart of Times Square, offering easy access to attractions. While Option B boasts higher ratings, a rooftop pool, and spa amenities, its price is considerably higher and its location in Brooklyn Heights might require more travel time for exploring Manhattan's main attractions. 

Final answer: A"
274,A,"Option A is significantly cheaper and located in the heart of Times Square, which offers more attractions and entertainment options. While Option B has higher ratings, a rooftop pool, and a spa, these amenities are less important to me for a one-night stay, and Brooklyn Heights might be less convenient for exploring NYC. 

Final answer: A"
277,A,"Option A offers a significantly lower price and still has good reviews. While Option B is more luxurious, its amenities are not essential for a one-night stay and the price difference is substantial. 

Final answer: A"
278,A,"Option A is significantly cheaper and has a very high guest review score. While The Plaza offers luxurious amenities, they are not essential for a one-night stay and the price difference is substantial. 

Final answer: A"
281,A,"Option A is cheaper and has free cancellation, which is valuable for a one-night stay. While Option B offers more amenities, the price difference and lack of free cancellation make Option A a better value. 

Final answer: A"
282,A,"Option A is significantly cheaper and has a higher guest review score. While Option B offers more amenities, I prioritize value for money and positive reviews for a one-night stay. 

Final answer: A"
285,A,"Option A is significantly cheaper and has a higher guest review score. While Option B offers more amenities and free cancellation, those benefits don't outweigh the substantial price difference for a one-night stay. 

Final answer: A"
286,A,"Option A is significantly cheaper and has a higher guest review score. While Option B offers more amenities like a fitness center and restaurant, these aren't essential for a one-night stay. 

Final answer: A"
289,A,"Option A is significantly cheaper and has a higher guest review score. While Option B offers a higher star rating, free cancellation, and Manhattan views, these benefits don't outweigh the cost difference and the excellent reviews of Option A. 

Final answer: A"
290,A,"Option A is significantly cheaper and has a higher guest review score. While Option B offers a better star rating and Manhattan views, the price difference and location in Queens might not be worth it for a one-night stay. 

Final answer: A"
293,A,"While MADE Hotel has a higher star rating and better guest reviews, the price difference is significant.  For a one-night stay, the extra amenities at MADE Hotel don't justify the $128 price increase. 

Final answer: A"
294,A,"While the MADE Hotel has a higher star rating and better guest reviews, the price difference is significant.  The free cancellation policy of the MADE Hotel is appealing, but I prioritize saving money for this one-night stay. 

Final answer: A"
297,A,"While the Hard Rock Hotel offers more amenities and a higher star rating, the price difference is significant.  The 3-star Hotel at Fifth Avenue has good reviews and provides essential amenities like WiFi and a fitness center at a much lower cost.

Final answer: A"
298,A,"While the Hard Rock Hotel offers more amenities and a higher star rating, the price difference is significant.  For a one-night stay, the extra amenities and star rating don't justify the much higher cost of the Hard Rock Hotel. 

Final answer: A"
301,A,"While the Ace Hotel Brooklyn has a higher star rating and better guest reviews, its location in Brooklyn might require more travel time to reach Manhattan attractions. The Hotel at Fifth Avenue's Midtown location offers greater convenience for exploring NYC.  

Final answer: A"
302,A,"Option A is cheaper and located in Midtown, which is generally considered more central to Manhattan attractions. While Option B has a higher star rating and free cancellation, its location in Brooklyn might require additional travel time and expense for exploring Manhattan. 

Final answer: A"
305,A,"While The Wall Street Hotel offers higher star rating and more amenities, its price is significantly higher.  For a one-night stay, the value proposition of The Hotel at Fifth Avenue with its lower price and good reviews seems more appealing. 

Final answer: A"
306,A,"While The Wall Street Hotel is rated higher and offers more amenities, its price is significantly higher.  The Hotel at Fifth Avenue provides a good value for the price with free breakfast and cancellation. 

Final answer: A"
309,A,"While Option B is slightly more expensive and in the trendy SoHo neighborhood, Option A offers a lower price point and is still well-rated.  The difference in amenities isn't significant enough to justify the extra cost. 

Final answer: A"
310,B,"While Option B is more expensive and doesn't offer a free cancellation policy, its higher guest review score and location in trendy SoHo are appealing.  Additionally, having a restaurant on-site could be convenient. 

Final answer: B"
313,A,"While the Sheraton offers more amenities and a higher star rating, its price is significantly higher. The Hotel at Fifth Avenue provides a good balance of value with decent reviews and essential amenities for a one-night stay. 

Final answer: A"
314,A,"Option A is significantly cheaper and has a higher guest review score. While Option B offers breakfast and a more central location, the price difference and slightly lower review score make Option A a better value for a one-night stay. 

Final answer: A"
317,A,"Option A is significantly cheaper and still has good reviews. While Option B is in a trendy neighborhood and has a restaurant/bar, those amenities don't outweigh the price difference for a one-night stay. 

Final answer: A"
318,A,"Option A is significantly cheaper and offers breakfast included. While Option B has a higher star rating and amenities like a restaurant and bar, these aren't essential for a one-night stay. 

Final answer: A"
321,A,"Option A is significantly cheaper and still has good reviews. While Option B offers a higher star rating and additional amenities like a rooftop bar, the price difference is substantial for a one-night stay. 

Final answer: A"
322,A,"While Hotel Hugo has a higher star rating and more amenities, its price is significantly higher.  The lower price of The Hotel at Fifth Avenue makes it a better value for a one-night stay, especially since breakfast is included. 

Final answer: A"
325,A,"While the InterContinental offers more luxury and amenities, its price is significantly higher.  For a one-night stay, the Lucerne Hotel provides good value with solid reviews and essential amenities at a much lower cost. 

Final answer: A"
326,A,"While the InterContinental Barclay offers more luxurious amenities and a higher star rating, the Lucerne Hotel provides excellent value for money with a comparable guest review score at a significantly lower price.  

Final answer: A"
329,A,"While the Kimpton Muse Hotel is rated higher and offers free cancellation and a wine hour, its location in Times Square might be noisy and expensive. The Lucerne Hotel's Upper West Side location is quieter and more affordable, making it a better value for a one-night stay. 

Final answer: A"
330,A,"While the Kimpton Muse Hotel is rated higher and offers additional amenities like a wine hour, its location in Times Square might be noisy and crowded. The Lucerne Hotel's Upper West Side location is quieter and more residential, making it a better choice for a relaxing one-night stay despite being slightly less luxurious. 

Final answer: A"
333,A,"Option A has a higher guest review score and includes a fitness center, while Option B offers free cancellation and breakfast.  However, the difference in price is negligible and the higher review score of Option A outweighs the other benefits of Option B. 

Final answer: A"
334,A,"The Lucerne Hotel has a slightly higher guest review score and includes breakfast. While the Hyatt Place is cheaper, the difference in price isn't significant enough to outweigh the Lucerne's better reviews and included breakfast. 

Final answer: A"
337,A,"The Lucerne has a slightly higher guest review score and offers a fitness center, which I value. While Freehand is cheaper and has a rooftop, the lack of free cancellation makes me hesitant. 

Final answer: A"
338,A,"The Lucerne offers breakfast included and has a slightly higher guest review score. While the Freehand has a rooftop and bar, those amenities don't outweigh the value of breakfast and the slightly better reviews for me. 

Final answer: A"
341,B,"While both hotels have similar star ratings and guest reviews, Hampton Inn offers free cancellation and breakfast included, which are valuable perks.  

Final answer: B"
342,A,"Option A is cheaper and has free cancellation, which is valuable for a one-night stay. While Option B offers breakfast and more reviews, the price difference and lack of free cancellation make Option A more appealing. 

Final answer: A"
345,A,"While the Hyatt Centric offers a higher star rating and more amenities, the Romer Hell's Kitchen has a very good guest review score and free cancellation.  The price difference is also significant. 

Final answer: A"
346,A,"While the Hyatt Centric offers a higher star rating and more amenities, the price difference is significant.  The Romer Hell's Kitchen has good reviews and provides essential amenities at a much lower cost. 

Final answer: A"
349,A,"While Hotel Hugo is rated higher and has more amenities, its price is significantly higher.  I value free cancellation and am comfortable with a 3-star hotel, so Option A seems like the better deal.

Final answer: A"
350,A,"While Hotel Hugo is rated higher and has more amenities like a rooftop bar and restaurant, its location in SoHo might be less convenient for my needs depending on my planned activities.  The price difference of $49 is also significant for a one-night stay. 

Final answer: A"
353,A,"Option A is significantly cheaper, and while it lacks a restaurant and bar, those amenities aren't essential for a one-night stay. The slightly lower guest review score and fewer reviews don't necessarily indicate a worse experience. 

Final answer: A"
354,A,"Option A is significantly cheaper, and while it lacks breakfast and free cancellation, those aren't dealbreakers for a one-night stay. The slightly lower guest review score isn't concerning given the price difference. 

Final answer: A"
357,A,"Option A is in Midtown Manhattan, closer to major attractions and transportation. It also includes breakfast, which can save money. While Option B has a higher star rating and a trendy vibe, its location in Brooklyn might require more travel time and expense. 

Final answer: A"
358,A,"Option A offers free breakfast and cancellation, which are valuable perks for a one-night stay. While Option B has a higher star rating and is in a trendy neighborhood, the lack of free breakfast and cancellation makes it less appealing. 

Final answer: A"
361,A,"While Option B is cheaper and has a slightly higher guest review score, Option A offers a suite with a king bed, free breakfast, and free cancellation.  These factors are more important to me for a one-night stay. 

Final answer: A"
362,A,"Option A is significantly cheaper and still has good reviews. While Option B offers a higher star rating and more amenities, the price difference is substantial for a one-night stay. 

Final answer: A"
365,A,"Option A is in Midtown Manhattan, closer to major attractions and potentially more convenient for sightseeing. While Option B is cheaper and offers a double room, the lack of breakfast and being in Brooklyn might be less desirable for a one-night stay focused on exploring NYC. 

Final answer: A"
366,A,"Option A is in Midtown Manhattan, closer to major attractions and potentially more convenient for sightseeing. While Option B offers breakfast included, the price difference and higher guest review score of Option A make it a more appealing choice. 

Final answer: A"
369,A,"While Option B is significantly cheaper, I prioritize comfort and convenience for a one-night stay. The SpringHill Suites offers a private suite with double beds and includes breakfast, making it a more appealing choice despite the higher price. 

Final answer: A"
370,A,"While Option B is significantly cheaper, I prioritize comfort and convenience for a one-night stay. The higher star rating, suite room type, included breakfast, and free cancellation of Option A make it a more appealing choice despite the higher price. 

Final answer: A"
373,A,"While the New Yorker has a higher star rating and more reviews, the Courtyard offers free cancellation which is valuable for a one-night stay.  The price difference is negligible. 

Final answer: A"
374,A,"Option B has a higher star rating and better guest reviews, indicating a potentially more luxurious experience. However, Option A is significantly cheaper and still offers essential amenities like free WiFi and a fitness center.  

Final answer: A"
377,A,"Option A is significantly cheaper and offers free cancellation, which is valuable for a one-night stay. While Option B has a higher rating, breakfast included, and a more central location, the price difference is substantial and doesn't outweigh the benefits of Option A for this trip. 

Final answer: A"
378,A,"Option A is significantly cheaper and still has good reviews. While Option B offers breakfast and a higher star rating, the price difference is substantial for a one-night stay and the extra amenities might not be worth it to me. 

Final answer: A"
381,A,"Both hotels have similar guest review scores and amenities.  The Hoxton Williamsburg is in a trendy neighborhood but further from Manhattan attractions. I prefer the convenience of Midtown West for a one-night stay. 

Final answer: A"
382,A,"While The Hoxton Williamsburg has a higher star rating and better guest reviews, its location in Williamsburg might be less convenient for exploring Manhattan attractions.  The Courtyard by Marriott Times Square West offers a more central location in Midtown West, making it easier to access popular destinations.

Final answer: A"
385,A,"While The Plaza offers luxury and amenities, its price is significantly higher than the Hampton Inn.  For a one-night stay, the value proposition of the Hampton Inn with its included breakfast and free cancellation outweighs the extra amenities at The Plaza. 

Final answer: A"
386,A,"While The Plaza offers luxury and amenities, its price is significantly higher than the Hampton Inn.  For a one-night stay, the value proposition of the Hampton Inn with its good reviews and free cancellation outweighs the extra amenities at The Plaza. 

Final answer: A"
389,A,"While the InterContinental offers more luxury amenities and breakfast included, its price is significantly higher.  The Hampton Inn provides a good value with solid reviews and basic amenities at a much lower cost. 

Final answer: A"
390,A,"While the InterContinental offers more luxury amenities and a higher star rating, the Hampton Inn is significantly cheaper and includes breakfast.  For a one-night stay, I prioritize value and convenience. 

Final answer: A"
393,A,"Option A is in Times Square, a more lively and central location, while Option B is in the Financial District, which might be quieter.  Option A includes breakfast, which can save money, but Option B offers a suite with a kitchen, providing more space and cooking flexibility. 

Final answer: A"
394,A,"Option A is in Times Square, a more lively and central location for sightseeing and entertainment. While Option B offers a suite with a kitchen, the Times Square location and slightly higher guest review score make Option A more appealing for a one-night stay focused on exploring the city. 

Final answer: A"
397,A,"While Option B is significantly cheaper and has a rooftop, I prioritize location and the peace of mind that comes with free cancellation.  

Final answer: A"
398,A,"Option A is in Times Square, which is more central and lively, while Option B is in Flatiron, which is quieter.  The Hampton Inn also includes breakfast, saving me money. 

Final answer: A"
401,A,"While Hotel Le Bleu is cheaper and offers free cancellation, its location in Park Slope is farther from the main attractions of NYC compared to Times Square.  The Hampton Inn also has a higher guest review score and includes breakfast.

Final answer: A"
402,A,"While Hotel Le Bleu is cheaper and has a restaurant, its location in Park Slope is farther from the main attractions of NYC.  Hampton Inn's Times Square location offers more convenience and includes breakfast, making it a better value for a one-night stay. 

Final answer: A"
405,A,"Option A is significantly cheaper and offers free cancellation, which is valuable for a one-night stay. While Option B has a higher star rating, a better location, and includes breakfast, the price difference is substantial and the additional amenities might not be worth it for a short trip. 

Final answer: A"
406,A,"Option A is significantly cheaper and offers comparable amenities to Option B. While The Ned NoMad has a higher star rating and a rooftop pool, those features don't outweigh the substantial price difference for a one-night stay. 

Final answer: A"
409,A,"While the Hampton Inn offers free cancellation and breakfast, which are appealing perks, the Hilton Garden Inn is significantly cheaper at $199 per night.  The difference in price outweighs the added benefits of the Hampton Inn for a one-night stay. 

Final answer: A"
410,A,"Both hotels have similar star ratings and guest reviews. Option B is slightly more expensive but includes breakfast, which could save money on dining out. However, Midtown is generally considered a more convenient location for exploring NYC compared to Times Square. 

Final answer: A"
413,A,"Option A is more expensive but includes breakfast and has a higher number of reviews. While Option B is cheaper and has a slightly higher guest review score, I value having breakfast included and the peace of mind that comes with more reviews. 

Final answer: A"
414,A,"While Option B is significantly cheaper, the included breakfast in Option A adds value and saves me money.  The slightly lower number of reviews for Option B doesn't concern me as much as the potential cost savings from breakfast. 

Final answer: A"
417,A,"While the Park Hyatt offers luxury amenities and a higher star rating, the significant price difference makes it unreasonable for a one-night stay. The Hilton Garden Inn provides comfortable accommodations in a convenient location at a much more affordable price. 

Final answer: A"
418,A,"While the Park Hyatt offers luxury amenities and a higher star rating, the significant price difference makes it an unreasonable choice for a one-night stay. The Hilton Garden Inn provides comfortable accommodations with included breakfast and free cancellation at a much more affordable price. 

Final answer: A"
421,A,"Option A has a higher guest review score and is located in Midtown, which is generally considered more central. While Option B is cheaper and offers a kitchen, the slightly lower review score and location in Midtown East are not as appealing. 

Final answer: A"
422,A,"Option A has a higher guest review score and is located in Midtown, which is generally considered more central. However, Option B offers free cancellation and a kitchen in the room, which could be beneficial for longer stays or those who prefer to cook their own meals.  

Final answer: A"
425,A,"Option A is cheaper and offers free cancellation, which is valuable for a one-night stay. While Option B has a higher star rating, a better location, and includes breakfast, the price difference and lack of free cancellation make it less appealing for this trip. 

Final answer: A"
426,A,"Option A is significantly cheaper and has a good guest review score. While Option B is higher rated and in a potentially more desirable location, the price difference is substantial for a one-night stay. 

Final answer: A"
429,A,"Option A is cheaper and offers free cancellation, which is valuable for a one-night stay. While Option B has a higher star rating and better reviews, the price difference and lack of free cancellation make Option A more appealing. 

Final answer: A"
430,A,"Option A is significantly cheaper and offers free breakfast. While Option B has a higher star rating and better reviews, the price difference is substantial for a one-night stay.  

Final answer: A"
433,A,"Option A is cheaper and includes breakfast, which can save money. While Option B has a higher star rating and better reviews, the price difference and included breakfast make Option A more appealing for a one-night stay. 

Final answer: A"
434,B,"Option B offers a higher star rating, better guest reviews, free cancellation, and breakfast included. While it is more expensive, these added benefits outweigh the cost difference for me. 

Final answer: B"
437,B,"While Option B is more expensive and in a busier area, it offers free cancellation, breakfast included, and slightly higher guest ratings.  

Final answer: B"
438,A,"While Option B offers breakfast included and is slightly better rated, I prioritize location. The Financial District is closer to many attractions and less crowded than Times Square.  

Final answer: A"
441,A,"Option A is significantly cheaper, and while the location isn't as central, it still offers free WiFi, breakfast, and a fitness center. The difference in guest review scores isn't substantial enough to justify the extra cost of Option B. 

Final answer: A"
442,A,"Option B has a higher guest review score and offers free cancellation, which is valuable for a one-night stay. However, Option A is significantly cheaper and still includes breakfast and key amenities.  

Final answer: A"
445,B,"Option B offers a larger room type (One-Bedroom Suite) and free cancellation, which are valuable for me. While it is more expensive, the additional space and flexibility outweigh the cost difference. 

Final answer: B"
446,A,"Option A is cheaper and has good reviews. While Option B includes breakfast and a kitchen, Times Square can be very noisy and expensive, and I don't need a kitchen for a one-night stay. 

Final answer: A"
449,A,"Both hotels have similar star ratings and guest reviews. The Moxy NYC Chelsea is cheaper, but the Hotel Indigo NYC Financial District has a fitness center while the Moxy only has a rooftop bar.  Since I value having access to a gym, I would choose the Hotel Indigo. 

Final answer: A"
450,A,"Both hotels have similar star ratings and guest reviews. The Financial District is generally considered more business-oriented while Chelsea is known for its art galleries and trendy vibe.  The included breakfast at Hotel Indigo NYC Financial District is a significant perk, making it the slightly better value. 

Final answer: A"
453,A,"While Option B is cheaper and has a slightly higher guest review score, Option A offers a larger suite with a kitchen and includes breakfast.  

Final answer: A"
454,B,"Option B is cheaper and has a slightly higher guest review score. While Option A includes a kitchen and breakfast, these amenities might not be essential for a one-night stay. 

Final answer: B"
457,A,"Option A is significantly cheaper and offers free cancellation, which is valuable for a one-night stay. While Option B has a higher star rating and more amenities, the price difference and lack of free cancellation make Option A the more appealing choice. 

Final answer: A"
458,A,"Option A is significantly cheaper and includes breakfast, which can save money. While The Ned NoMad has higher star rating and more amenities, those aren't essential for a one-night stay and the price difference is substantial. 

Final answer: A"
461,B,"While both hotels have similar star ratings and guest reviews, Hampton Inn offers free cancellation and breakfast included, which are valuable perks.  The slightly higher price of Hyatt House doesn't outweigh these benefits for a one-night stay. 

Final answer: B"
462,A,"While Option B is significantly cheaper, Option A offers free breakfast and a kitchen which could save money on meals. The slightly higher guest review score for Option A also suggests a better overall experience. 

Final answer: A"
465,A,"Option A is significantly cheaper and includes breakfast, which can save money. While Option B has free cancellation and a slightly better location for some, the price difference is substantial. 

Final answer: A"
466,A,"While Option B is cheaper and offers free cancellation, I value having breakfast included and the Hyatt House has a slightly higher guest review score. 

Final answer: A"
469,A,"While The Greenwich Hotel offers a luxurious experience with its higher star rating and amenities like a spa and pool, the price difference is significant.  For a one-night stay, the value proposition of the Hyatt House New York/Chelsea, with its good reviews and included kitchen, seems more appealing. 

Final answer: A"
470,A,"While The Greenwich Hotel offers luxury amenities and a higher star rating, its price is significantly more expensive.  The Hyatt House provides a comfortable stay with good reviews at a much more affordable price point. 

Final answer: A"
473,A,"Option A is cheaper and includes breakfast, which are both appealing factors. While Option B has slightly fewer reviews, the difference in price and included amenities makes Option A more attractive for a one-night stay. 

Final answer: A"
474,B,"Option A offers a larger room type (one-bedroom suite) and includes breakfast, which can be convenient. However, Option B has free cancellation and is significantly cheaper.  

Final answer: B"
477,A,"While the Loews Regency offers more luxury and amenities, its higher price point and lack of free cancellation are significant drawbacks for a one-night stay. The Hyatt House provides a comfortable suite with breakfast included at a much lower cost, making it the more practical choice. 

Final answer: A"
478,A,"While the Loews Regency offers a higher star rating and more amenities, the Hyatt House is significantly cheaper and includes breakfast.  For a one-night stay, the price difference is substantial and the included breakfast at the Hyatt House is a valuable perk. 

Final answer: A"
481,A,"While the Ace Hotel Brooklyn is cheaper and has good reviews, I prefer staying in Manhattan for easier access to attractions. The citizenM New York Bowery offers a rooftop bar and rain shower, which are appealing amenities. 

Final answer: A"
482,A,"Both hotels have similar star ratings and amenities. The citizenM has a higher guest review score and a rooftop bar, which might be appealing. However, the Ace Hotel is slightly cheaper and located in Brooklyn, which could offer a different vibe. 

Final answer: A"
485,A,"Both hotels have similar star ratings and guest reviews. The Crowne Plaza offers free cancellation, which is valuable for a one-night stay. However, the citizenM has a rooftop bar and a rain shower, amenities that might enhance the experience. 

Final answer: A"
486,B,"Option A has a slightly higher guest review score and more appealing amenities like a rooftop bar. However, Option B offers free cancellation and breakfast included, which are valuable perks for a one-night stay.  

Final answer: B"
489,A,"Both hotels have similar star ratings and guest reviews. The Kimpton offers additional amenities like a restaurant and fitness center, but the citizenM has a rooftop bar which might be more appealing for a one-night stay.  The price difference is also relatively small. 

Final answer: A"
490,A,"While the Kimpton Hotel Eventi offers free cancellation and additional amenities like a fitness center and wine hour, the citizenM New York Bowery is significantly cheaper at $159 per night.  The lower price point makes it a more attractive option for a one-night stay. 

Final answer: A"
493,A,"Both hotels offer similar amenities and price points. However, the citizenM New York Bowery has a higher guest review score and is located in the trendy Lower East Side, which might be more appealing for exploring NYC's vibrant culture. 

Final answer: A"
494,A,"While the Hyatt Regency offers a more central location in Times Square, the citizenM New York Bowery has a significantly higher guest review score and is considerably cheaper.  

Final answer: A"
497,A,"While The Greenwich Hotel offers a higher star rating, a better guest review score, and more amenities, its price is significantly higher.  For a one-night stay, the value proposition of citizenM New York Bowery with its lower price and still excellent reviews seems more appealing. 

Final answer: A"
498,A,"While The Greenwich Hotel offers more luxurious amenities and a higher star rating, its price is significantly higher.  The citizenM New York Bowery provides a comfortable stay with good reviews at a much more affordable price point. 

Final answer: A"
501,A,"Option A is in a more desirable location (Lower East Side) and has a higher guest review score. While Option B is cheaper and also has a rooftop bar, the lack of free cancellation and included breakfast make it less appealing. 

Final answer: A"
502,A,"Option A is in a more desirable location (Lower East Side) and has a higher guest review score. While Option B is significantly cheaper, the lack of free cancellation and lower star rating make it less appealing for a one-night stay. 

Final answer: A"
505,A,"Option A is significantly cheaper and has a slightly higher guest review score. While Option B offers free cancellation and a restaurant/bar, those amenities don't outweigh the cost difference for a one-night stay. 

Final answer: A"
506,A,"Both hotels have similar star ratings and guest reviews.  The citizenM is in Times Square, which might be more lively and convenient for attractions, while CIVILIAN is in Midtown West, potentially quieter. The free cancellation of option A is a significant advantage for a one-night stay. 

Final answer: A"
509,A,"While the Crosby Street Hotel offers a higher star rating and more amenities, its price is significantly higher.  The citizenM New York Times Square provides excellent value for money with a high guest review score and desirable location in Times Square. 

Final answer: A"
510,A,"Option A is significantly cheaper and still has good reviews. While Option B offers more amenities and a higher star rating, the price difference is substantial for a one-night stay.  

Final answer: A"
513,A,"Option A is significantly cheaper and has a very high guest review score. While Option B offers more amenities and free cancellation, the price difference is substantial for a one-night stay. 

Final answer: A"
514,A,"While the Four Seasons offers more luxurious amenities and a higher star rating, its location in TriBeCa is less central than Times Square.  The citizenM hotel also has excellent guest reviews and free cancellation, making it a more flexible and potentially better value option for a one-night stay. 

Final answer: A"
517,A,"Option A is significantly cheaper and has a higher guest review score. While Option B offers more amenities like a rooftop pool and spa, these are not essential for a one-night stay and the price difference is substantial. 

Final answer: A"
518,A,"Option A is significantly cheaper and still has good reviews. While Option B offers more amenities like a rooftop pool and spa, these aren't essential for a one-night stay and the price difference is substantial. 

Final answer: A"
521,A,"Option A is significantly cheaper and has a higher guest review score. While Option B offers additional amenities like a fitness center and restaurant, these aren't essential for a one-night stay. 

Final answer: A"
522,A,"Option A is significantly cheaper and has a slightly higher guest review score. While Option B offers free cancellation and a fitness center, the price difference is substantial for a one-night stay. 

Final answer: A"
525,A,"While the Casablanca Hotel has a higher guest review score and includes breakfast, the Park Central Hotel is cheaper and located in Midtown, which might be more convenient depending on my plans. 

Final answer: A"
526,A,"While the Casablanca Hotel has a higher guest review score and a more desirable location for theatergoers, the Park Central offers free cancellation and breakfast is included.  

Final answer: A"
529,B,"Option B is significantly cheaper while still offering a 4-star rating and comparable amenities.  The slightly lower guest review score is offset by the substantial price difference.

Final answer: B"
530,A,"Option A is in Midtown, closer to many attractions, and includes breakfast. While Option B has a slightly higher review score, the lack of free cancellation and no included breakfast make it less appealing. 

Final answer: A"
533,A,"Option A is cheaper and offers free cancellation, which provides flexibility. While Option B includes breakfast and has a slightly higher guest review score, the price difference and free cancellation of Option A are more appealing for a one-night stay. 

Final answer: A"
534,B,"While the Park Central Hotel is rated higher and has more amenities, the Hyatt Place offers free cancellation, included breakfast, and a lower price.  

Final answer: B"
537,A,"Option A is more expensive but offers a higher star rating, a larger room type (double vs. one-bedroom suite), and additional amenities like a restaurant and bar. While Option B has free cancellation and a kitchen, the trade-offs in star rating, room size, and amenities make Option A more appealing for a one-night stay. 

Final answer: A"
538,A,"While Option B is significantly cheaper and offers a kitchen, I value the extra star rating and amenities of the Park Central Hotel.  A 4-star hotel often implies a higher level of service and comfort.

Final answer: A"
541,A,"Option A is cheaper and offers free cancellation, which provides flexibility. While Option B has a higher review score and includes breakfast, the price difference and lack of free cancellation make Option A more appealing for a one-night stay. 

Final answer: A"
542,A,"Option A is significantly cheaper and includes breakfast, which can save money. While Option B has a slightly higher review score, the difference isn't substantial enough to justify the extra cost, especially considering the free cancellation option of Option B wouldn't be necessary for a one-night stay. 

Final answer: A"
545,B,"Option B is significantly cheaper while still offering a 4-star rating and comparable amenities. The slightly lower guest review score is not a major concern for a one-night stay.

Final answer: B"
546,A,"Option A is significantly cheaper while still offering comparable amenities and a slightly higher guest review score.  The lack of free cancellation in Option B doesn't outweigh the price difference for a one-night stay. 

Final answer: A"
549,A,"Option A is significantly cheaper and located in Midtown, a central location for exploring NYC. While Option B has a higher review score and amenities like a rooftop pool, the price difference is substantial for a one-night stay. 

Final answer: A"
550,A,"Option A is significantly cheaper and offers free cancellation, which is valuable for a one-night stay. While Option B has a higher review score and more amenities like a rooftop pool, the price difference is substantial and the extra features might not be worth it for a short trip. 

Final answer: A"
553,B,"Option A is in a more desirable location (Midtown) and has a higher guest review score. However, Option B offers free cancellation and breakfast included, which are valuable perks.  

Final answer: B"
554,A,"Option A is cheaper and has a slightly higher guest review score. While Option B includes breakfast, I don't prioritize that enough to justify the extra cost. 

Final answer: A"
557,A,"Option A has a significantly higher guest review score based on many more reviews. While Option B offers continental breakfast and city views, the difference in price and the overwhelmingly positive reviews for Option A make it the better choice. 

Final answer: A"
558,A,"Option A is cheaper and has more reviews, indicating a potentially larger and more established hotel. While Option B offers breakfast and city views, the price difference and higher review count for Option A make it the more appealing choice. 

Final answer: A"
561,A,"Option A has a significantly higher guest review score and is located in Midtown, which is generally considered a more desirable location than Times Square.  While Option B is slightly more expensive, the difference in price is not substantial enough to outweigh the advantages of Option A. 

Final answer: A"
562,A,"Option A has a significantly higher guest review score and is located in Midtown, which is generally considered a more desirable location than Times Square. While Option B is cheaper, the lower review score and less favorable location make it a less appealing choice. 

Final answer: A"
565,A,"Option A has a higher star rating and significantly more positive reviews, indicating a potentially better overall experience. While Option B offers free cancellation, the price difference isn't substantial enough to outweigh the potential benefits of Option A. 

Final answer: A"
566,A,"Option A has a higher star rating and better guest reviews, indicating a potentially more luxurious and enjoyable experience. While Option B offers free breakfast, the difference in price is negligible, and the amenities offered by both hotels are fairly similar. 

Final answer: A"
569,A,"Option A is significantly cheaper and has a much higher guest review score. While Option B is in Times Square, the price difference and better reviews of The New Yorker make it the more appealing choice. 

Final answer: A"
570,A,"Option A has a significantly higher guest review score, indicating a potentially better overall experience. While Option B is cheaper and located in Times Square, the superior reviews of Option A outweigh the price difference and location preference for me. 

Final answer: A"
573,A,"Option A has a higher star rating and guest review score, indicating potentially better quality. While Option B includes breakfast, the price difference is minimal and the amenities are largely similar. 

Final answer: A"
574,A,"While Option B is significantly cheaper, the higher star rating and guest review score of Option A suggest a better overall experience.  The additional amenities like a restaurant and bar are also appealing. 

Final answer: A"
577,A,"While Option B is significantly cheaper, the lower star rating and guest review score suggest a potentially less comfortable and enjoyable experience.  Option A offers a higher quality stay with more amenities despite the higher price. 

Final answer: A"
578,A,"While Option B is significantly cheaper, the lower star rating and guest review score suggest a potentially less comfortable and enjoyable experience.  Option A offers a higher quality stay with more amenities despite the higher price. 

Final answer: A"
581,A,"Option A has a higher guest review score and free cancellation, which are important factors for me. While Option B offers a more luxurious suite and spa amenities, the price difference isn't significant enough to outweigh the benefits of Option A. 

Final answer: A"
582,A,"While the Conrad offers a higher star rating and additional amenities like a spa, the New Yorker has significantly more guest reviews and a higher review score.  The price difference is substantial, and for a one-night stay, the extra amenities of the Conrad might not be worth the significant cost increase. 

Final answer: A"
585,A,"Option A is significantly cheaper, and while Option B has slightly better reviews and a rooftop bar, those amenities don't outweigh the price difference for a one-night stay. 

Final answer: A"
586,A,"Both hotels have similar star ratings and guest reviews. Option A is in Midtown, a more central location, while Option B is in NoMad, which might be slightly quieter.  Option A offers free cancellation, which provides flexibility. 

Final answer: A"
589,A,"While the InterContinental Barclay offers a higher star rating and additional amenities like a spa, the price difference of $165 is significant for a one-night stay.  The Executive Hotel Le Soleil has excellent reviews and provides essential amenities at a more affordable price. 

Final answer: A"
590,A,"While the InterContinental Barclay offers a higher star rating and more amenities, the price difference is significant.  For a one-night stay, the extra amenities and star rating don't justify the nearly threefold increase in cost. 

Final answer: A"
593,A,"While The Mercer is more luxurious and has free cancellation, its price is significantly higher.  For a one-night stay, the value proposition of the 4-star Executive Hotel Le Soleil with its good reviews and amenities at a much lower price point is stronger.

Final answer: A"
594,A,"While The Mercer is more luxurious and has higher ratings, its price is significantly higher.  A 4-star hotel in Midtown with free cancellation for under $220 offers good value for a one-night stay.

Final answer: A"
597,A,"Option A is more expensive but offers a higher star rating, a better location (Midtown), and includes breakfast. While Option B has free cancellation and a good review score, the lower star rating and lack of breakfast make it less appealing for this one-night stay. 

Final answer: A"
598,B,"Option A is in Midtown, closer to many attractions, and has a higher star rating. However, Option B is significantly cheaper.  

Final answer: B"
601,A,"While The New York EDITION is a 5-star hotel with more amenities, the MADE Hotel has a significantly higher guest review score and is considerably cheaper.  

Final answer: A"
602,A,"While The New York EDITION offers a higher star rating, breakfast, and more amenities, the MADE Hotel has significantly better guest reviews and is considerably cheaper.  

Final answer: A"
605,B,"While the MADE Hotel has a higher star rating and better guest reviews, the Hilton Garden Inn is significantly cheaper.  For a one-night stay, the price difference is substantial enough to outweigh the slight advantages of the MADE Hotel. 

Final answer: B"
606,A,"While the Hilton Garden Inn is cheaper and has more amenities like a fitness center, the MADE Hotel boasts a higher guest review score and is located in the bustling Midtown area.  

Final answer: A"
609,A,"Option A is significantly cheaper while still having a high guest review score and offering free WiFi. While Option B has a fitness center and restaurant, these amenities aren't essential for a one-night stay. 

Final answer: A"
610,B,"While Option A has a higher star rating and better guest reviews, Option B offers free cancellation which is valuable for a one-night stay.  The price difference is also relatively small. 

Final answer: B"
613,A,"Option A is in Midtown, which might be more centrally located than Times Square. It also has a higher guest review score and free cancellation. While Option B includes breakfast, the price difference isn't significant enough to outweigh those factors for me. 

Final answer: A"
614,A,"Option A is in Midtown, which might be more desirable for some travelers depending on their plans. It also has a higher guest review score and a rooftop bar, which could be appealing. However, Option B offers free breakfast and is located in Times Square, a popular tourist destination. 

Final answer: A"
617,A,"While The Langham offers a higher star rating and more amenities, its price is significantly higher.  The MADE Hotel provides a good balance of value with a solid guest review score, included breakfast, and key amenities at a much lower cost. 

Final answer: A"
618,A,"While The Langham offers a higher star rating, a better guest review score, and more amenities, its price is significantly higher.  For a one-night stay, the value proposition of MADE Hotel at $326 seems much stronger. 

Final answer: A"
621,A,"Option A is cheaper and has more amenities like a restaurant and bar. While Option B offers free breakfast, I value the additional amenities of Option A more. 

Final answer: A"
622,A,"Option A is in a trendy neighborhood and has more amenities like a restaurant and bar. While Option B offers free breakfast and is in Midtown East, which is convenient for many attractions, the lack of free cancellation and fewer amenities make it less appealing. 

Final answer: A"
625,B,"Option A is in a trendier neighborhood and has higher guest ratings. However, Option B offers free breakfast and is significantly cheaper.  

Final answer: B"
626,A,"Option A is in a trendy neighborhood and has higher guest ratings despite being 4 stars. While Option B offers breakfast and free cancellation, the price difference isn't significant enough to outweigh the other factors.

Final answer: A"
629,A,"Option A is slightly cheaper and has more guest reviews, indicating potentially higher reliability. While Option B offers a pool, I prioritize the convenience of free cancellation and the location in Manhattan offered by Option A. 

Final answer: A"
630,A,"Both hotels have similar star ratings and guest reviews. The Public Hotel offers breakfast included, while the McCarren Hotel has a pool.  I prefer having breakfast included, especially since it's free. 

Final answer: A"
633,B,"While Option A is in a more central location and has slightly higher ratings, Option B offers free cancellation and includes breakfast.  The price difference is also significant. 

Final answer: B"
634,B,"Option A is in Times Square, which is more central and lively, but also more expensive. Option B offers free breakfast and is slightly cheaper, though in a quieter neighborhood.  

Final answer: B"
637,A,"While Option B is cheaper and has a slightly higher guest review score, Option A offers a 4-star experience in the heart of Times Square.  The extra amenities and location are worth the price difference for a one-night stay.

Final answer: A"
638,B,"While the Hilton Garden Inn is more expensive and has a slightly lower star rating, it offers free cancellation which is valuable for a one-night stay.  The location in Midtown is also desirable. 

Final answer: B"
641,A,"While Option B is cheaper and offers a pool, I prioritize being in Times Square for its vibrant atmosphere and convenience.  The higher guest review score and included breakfast at Option A make it a more appealing choice. 

Final answer: A"
642,A,"Both hotels offer similar amenities and price points. However, the LUMA Hotel in Times Square has a higher guest review score and is located in a more vibrant and central area. 

Final answer: A"
645,A,"Option A is in Times Square, which is more central and lively, while Option B is in Chelsea, which is quieter.  The higher star rating and guest review score of Option A also suggest a potentially better experience. However, Option B is significantly cheaper. 

Final answer: A"
646,A,"Option A is in a more desirable location (Times Square) and has a higher guest review score. While Option B includes breakfast, the price difference and better reviews of Option A make it a more appealing choice. 

Final answer: A"
649,A,"While the Walker Hotel Tribeca has a slightly lower guest review score, it is located in the trendy TriBeCa neighborhood. However, the LUMA Hotel Times Square offers free cancellation and is significantly cheaper at $227 per night compared to $375 for the Walker Hotel. 

Final answer: A"
650,A,"While both hotels are 4 stars and have similar amenities, LUMA Hotel Times Square has a significantly higher guest review score and offers free cancellation.  The location in Times Square might also be more appealing for some travelers.

Final answer: A"
653,A,"While Option B is significantly cheaper, I value being in Times Square for the energy and convenience. The higher star rating and additional amenities of Option A outweigh the price difference for a one-night stay. 

Final answer: A"
654,A,"Option A is in Times Square, a more central and lively location, while Option B is in Downtown Brooklyn, which might be quieter.  The higher star rating and better guest reviews for Option A also suggest a potentially better experience. 

Final answer: A"
657,A,"While the Andaz 5th Avenue has a higher guest review score and additional amenities like wine hour and a restaurant, the significant price difference of $141 makes Option A a more budget-friendly choice.  

Final answer: A"
658,A,"Both hotels have similar star ratings and guest reviews. The Andaz offers additional amenities like wine hour and a restaurant, but it lacks free cancellation.  Since I value flexibility with my booking, I'll choose the option with free cancellation. 

Final answer: A"
661,A,"Option A is significantly cheaper and still has good reviews. While Option B offers more amenities and breakfast, the price difference is substantial for a one-night stay. 

Final answer: A"
662,A,"While the Crosby Street Hotel is more luxurious with higher ratings and additional amenities, its price is significantly higher.  For a one-night stay, the Bryant Park Hotel offers good value with solid reviews and essential amenities at a much lower cost. 

Final answer: A"
665,A,"Option A is in a more central location (Midtown) and has a slightly higher guest review score. While Option B offers breakfast included and free cancellation, the lower star rating and less desirable location make it a less appealing choice for me. 

Final answer: A"
666,A,"While Option B is significantly cheaper and includes breakfast, I prioritize location and amenities.  The Bryant Park Hotel's Midtown location offers better access to attractions and its 4-star rating suggests a higher quality experience.

Final answer: A"
669,B,"While the Bryant Park Hotel is slightly higher rated and has a more luxurious feel, the Hampton Inn offers free cancellation, included breakfast, and a lower price.  

Final answer: B"
670,B,"While the Bryant Park Hotel is slightly more luxurious and has better reviews, the Hampton Inn offers free cancellation, included breakfast, and a lower price.  

Final answer: B"
673,B,"While the Bryant Park Hotel has a higher star rating and slightly better guest reviews, the Hilton Garden Inn offers free cancellation and is located in the vibrant Times Square.  The price difference is also significant. 

Final answer: B"
674,A,"Option A is in Midtown, which might be more centrally located for sightseeing. It also includes breakfast, saving me money and time. While Option B is cheaper and has more amenities, I value location and breakfast more. 

Final answer: A"
677,B,"Option B is cheaper and includes breakfast, which can save money. While Bryant Park Hotel has a slightly higher guest review score, Times Square offers more attractions and entertainment options. 

Final answer: B"
678,A,"While Option B is cheaper and has more reviews, Option A boasts a higher guest review score and is located in the desirable Midtown neighborhood.  

Final answer: A"
681,A,"Option A is in Midtown, closer to many NYC attractions, and has a higher guest review score. While Option B offers breakfast included and is cheaper, its location in Brooklyn might require more travel time and expense. 

Final answer: A"
682,B,"Option A is in a more central location and has a higher star rating and guest review score. However, Option B offers free cancellation, breakfast included, and a lower price.  

Final answer: B"
685,A,"While The St. Regis offers a higher star rating and better guest reviews, the price difference is significant.  For a one-night stay, the added amenities of The St. Regis don't justify the extra $664. 

Final answer: A"
686,A,"While The St. Regis offers a higher star rating and more amenities like butler service, its price is significantly higher than the Bryant Park Hotel.  For a one-night stay, the extra amenities and star rating don't justify the substantial price difference. 

Final answer: A"
689,A,"While The Dominick Hotel offers more luxurious amenities and a better location in SoHo, its significantly higher price tag makes it less appealing for a one-night stay.  The NobleDEN Hotel provides a comfortable experience in Little Italy at a much more reasonable cost. 

Final answer: A"
690,A,"While The Dominick Hotel offers more luxurious amenities like a pool and spa, its price is significantly higher.  The NobleDEN Hotel provides excellent value with a high guest review score, included breakfast, and free cancellation at a much lower cost. 

Final answer: A"
693,A,"While Option B is cheaper and offers free cancellation, Option A boasts a higher guest review score and includes breakfast.  The location in Little Italy also appeals more than Times Square. 

Final answer: A"
694,A,"Option A has a higher guest review score and is located in Little Italy, which might be more charming. While Option B offers a fitness center, the lower review score and Times Square location (which can be noisy and crowded) make it less appealing. 

Final answer: A"
697,B,"Option A is in Little Italy, which might be more charming and less touristy than Times Square.  However, Option B offers breakfast included and has a higher number of reviews, suggesting more data points for its rating. 

Final answer: B"
698,B,"While Option A has a higher star rating and better guest reviews, its lack of free cancellation is a significant drawback.  Option B offers free cancellation, which provides peace of mind and flexibility for unexpected changes. 

Final answer: B"
701,A,"While The Peninsula offers more amenities and a higher star rating, its price is significantly higher.  For a one-night stay, I prioritize value and the excellent reviews of NobleDEN Hotel in a charming neighborhood. 

Final answer: A"
702,A,"While The Peninsula offers more luxurious amenities and a higher star rating, its price is significantly higher than NobleDEN Hotel.  For a one-night stay, I prioritize value and a good location, which NobleDEN provides with its excellent guest reviews and position in Little Italy. 

Final answer: A"
705,A,"Option A is significantly cheaper and offers free cancellation and breakfast, which are valuable perks for a one-night stay. While Option B has a slightly higher guest review score and is in a trendy neighborhood, the price difference and included amenities make Option A the more appealing choice. 

Final answer: A"
706,A,"Option A has a higher guest review score and includes breakfast, which are both valuable to me. While Option B is slightly cheaper, the lack of free cancellation and breakfast make it less appealing. 

Final answer: A"
709,A,"Option A is in a more desirable location (Theater District) and has a higher guest review score. While Option B offers free cancellation and breakfast, the lower star rating and less central location make it less appealing for a one-night stay. 

Final answer: A"
710,B,"Option A is in a more desirable location for theatergoers and has a higher guest review score. However, Option B is significantly cheaper.  

Final answer: B"
713,A,"Both hotels have similar star ratings and amenities. The Motto hotel has a slightly higher guest review score, but the W Hotel offers additional perks like a restaurant and bar.  Since I value good reviews and don't necessarily need a restaurant on-site, I'd choose the Motto. 

Final answer: A"
714,A,"Both hotels have similar star ratings and amenities. The Motto hotel has a slightly higher guest review score and is in Chelsea, while the W Hotel is in Union Square and offers a restaurant and bar.  

Final answer: A"
717,B,"Both hotels have similar star ratings, amenities, and free cancellation policies. The Kimpton Hotel Eventi is slightly cheaper and has a higher guest review score.  

Final answer: B"
718,A,"Both hotels have similar star ratings and guest reviews. The Kimpton Hotel Eventi is slightly more expensive but offers a wine hour, which could be appealing. However, the Hard Rock Hotel New York's location in Midtown might be more convenient depending on my planned activities. 

Final answer: A"
721,A,"While the Mandarin Oriental offers a luxurious experience with a stunning view and more amenities, its price is significantly higher.  For a one-night stay, the Hard Rock Hotel provides a comfortable stay in a central location at a much more affordable price. 

Final answer: A"
722,A,"While the Mandarin Oriental offers more amenities and a higher star rating, its price is significantly higher.  For a one-night stay, the Hard Rock Hotel provides good value with its solid guest reviews and key amenities at a much lower cost. 

Final answer: A"
725,A,"Both hotels are in Midtown, have similar amenities, and offer free cancellation. The Hard Rock Hotel has a slightly higher guest review score, suggesting a potentially better experience.  

Final answer: A"
726,B,"Both hotels are in Midtown, have similar amenities, and offer free cancellation. The Hard Rock Hotel has a slightly higher guest review score, but the Renaissance is $34 cheaper. 

Final answer: B"
729,A,"While the Hard Rock Hotel is more expensive, it has a higher star rating and guest review score.  The Midtown location might also be more convenient depending on my plans. 

Final answer: A"
730,B,"While the Hard Rock Hotel is 4 stars and has more amenities, the Moxy NYC Chelsea is significantly cheaper.  For a one-night stay, I prioritize value over extra amenities.

Final answer: B"
733,A,"Option A is in a more desirable location (Midtown) and has higher guest ratings. While Option B is cheaper and offers a fitness center, the included breakfast and wine hour at Option A are appealing perks. 

Final answer: A"
734,A,"Option A is in Midtown, a more central location for sightseeing and activities. It also includes breakfast, which can save money. While Option B has a fitness center and restaurant, these amenities are less important to me for a one-night stay. 

Final answer: A"
737,A,"Option A is in Midtown, closer to many attractions, and has complimentary wine hour. While Option B offers breakfast included and a rooftop bar, the lack of free cancellation and Williamsburg's distance from central Manhattan are drawbacks. 

Final answer: A"
738,A,"While The Hoxton Williamsburg is cheaper and offers free cancellation, I value the included breakfast and wine hour offered by The Pearl Hotel.  The higher guest review score also suggests a better overall experience. 

Final answer: A"
741,A,"While the Conrad offers more luxurious amenities and a higher star rating, the Pearl Hotel provides breakfast included and a significantly lower price.  The difference in guest review scores is minimal, and free cancellation isn't crucial for a one-night stay. 

Final answer: A"
742,A,"Option A is significantly cheaper and includes breakfast, which can save money. While Option B offers a higher star rating, a suite, and more amenities, those extras don't outweigh the cost difference for a one-night stay. 

Final answer: A"
745,A,"Option A has a higher guest review score and is located in the trendy NoMad neighborhood. While Option B is slightly cheaper and in Midtown, the lower review score and less desirable location make Option A the better choice for me. 

Final answer: A"
746,B,"Option A has a higher guest review score and is located in the trendy NoMad neighborhood. However, Option B is significantly cheaper.  

Final answer: B"
749,A,"While Option B is cheaper and has more reviews, I prefer the NoMad neighborhood over Times Square for its quieter atmosphere.  The slightly higher price of Option A is worth it for the potentially more relaxing location. 

Final answer: A"
750,A,"While both hotels have similar star ratings and guest reviews, I prefer the location of the Virgin Hotels New York City in NoMad.  The included breakfast is also a significant perk. 

Final answer: A"
753,A,"While The Greenwich Hotel offers a higher star rating, a better guest review score, and more amenities like a spa and pool, its price is significantly higher.  For a one-night stay, the value proposition of Virgin Hotels New York City at $240 seems more appealing. 

Final answer: A"
754,A,"While The Greenwich Hotel offers a higher star rating, a better guest review score, and more amenities like a spa and pool, its price is significantly higher.  For a one-night stay, the value proposition of Virgin Hotels New York City at $244 seems much stronger. 

Final answer: A"
757,A,"While The Carlyle offers a higher star rating and slightly better guest reviews, the price difference is significant.  For a one-night stay, the extra amenities at The Carlyle don't justify the nearly double cost compared to Virgin Hotels. 

Final answer: A"
758,A,"Option A is significantly cheaper and still has good reviews and amenities. While Option B offers a higher star rating, included breakfast, and live jazz, these are not essential to me for a one-night stay and the price difference is substantial. 

Final answer: A"
761,A,"Option A is in a more central location (NoMad) and has more amenities like a rooftop bar and fitness center. While Option B offers breakfast included and a lower price, the lack of free cancellation and fewer amenities make it less appealing for a one-night stay. 

Final answer: A"
762,A,"Option A is in a more central location (NoMad) and has more amenities (rooftop bar, fitness center). While Option B offers free cancellation and a slightly lower price, the trade-offs in location and amenities make Option A more appealing for a one-night stay. 

Final answer: A"
765,A,"Option A has a higher star rating and better guest reviews, suggesting a potentially more luxurious and enjoyable experience.  While Option B is cheaper and offers a kitchen, the Times Square location can be noisy and crowded. 

Final answer: A"
766,A,"Option A has a higher star rating and better guest reviews, suggesting a potentially more luxurious and enjoyable experience.  While Option B is cheaper and offers a kitchen, the NoMad neighborhood might be more appealing for its quieter atmosphere compared to the bustling Times Square. 

Final answer: A"
769,A,"While the Nine Orchard has a higher guest review score and offers a spa, the Arlo NoMad is significantly cheaper at $242 compared to $507.  The price difference is substantial enough to outweigh the slight difference in reviews and the addition of a spa. 

Final answer: A"
770,A,"While the Nine Orchard has a higher guest review score and offers a spa, the Arlo NoMad's free cancellation policy and included breakfast are appealing for a one-night stay.  

Final answer: A"
773,A,"While the Ink 48 Hotel is a higher star rating and offers city views, the Arlo NoMad is significantly cheaper and has free cancellation.  The difference in amenities doesn't outweigh the cost savings for a one-night stay.

Final answer: A"
774,A,"While the Ink 48 Hotel offers a higher star rating and additional amenities like a fitness center and city views, the significant price difference of $306 makes Option A a more financially sensible choice for a one-night stay.  

Final answer: A"
777,A,"Option A is in a trendy neighborhood and has a rooftop bar, which might be more appealing for a one-night stay. However, Option B offers free breakfast and a fitness center, which could be useful depending on my plans.  

Final answer: A"
778,B,"Option A is slightly cheaper and has a higher guest review score. However, Option B offers free cancellation, breakfast included, and additional amenities like a fitness center and business center.  

Final answer: B"
781,A,"Both hotels have similar star ratings and guest reviews.  I prefer the NoMad neighborhood to Times Square and the free cancellation of Option A is appealing. While breakfast is included in Option B, it's not a dealbreaker for me. 

Final answer: A"
782,A,"While the DoubleTree offers a fitness center, I prioritize location and value. The Arlo NoMad is in a trendy neighborhood with good reviews at a significantly lower price. 

Final answer: A"
785,A,"Option A is in a more desirable location (Midtown West) and has a slightly higher guest review score. While Option B offers free breakfast and a fitness center, the lack of free cancellation and less central location are drawbacks. 

Final answer: A"
786,B,"Option A is in a more desirable location (Midtown West) and has a higher guest review score. However, Option B offers free breakfast and is significantly cheaper.  

Final answer: B"
789,A,"Option A is in Midtown West, closer to many NYC attractions, and has a higher star rating. While Option B is cheaper and has good reviews, its location in Queens might require more travel time and expense. 

Final answer: A"
790,A,"Option A is in a more central location (Midtown West) and has a higher star rating with better guest reviews. While Option B is cheaper, the lower star rating and location in Queens might not be as convenient for exploring NYC. 

Final answer: A"
793,A,"Option A is cheaper and has a slightly higher guest review score. While Option B offers breakfast included, I value the lower price and potentially better location in Midtown West more. 

Final answer: A"
794,A,"Option A is significantly cheaper and has a higher guest review score. While SoHo is a trendy neighborhood, Midtown West offers convenient access to many attractions and transportation options. 

Final answer: A"
797,A,"Both hotels have similar star ratings and amenities. CIVILIAN Hotel has a higher guest review score and is located in Midtown West, which might be more convenient depending on my planned activities.  

Final answer: A"
798,A,"Option A is significantly cheaper and has more guest reviews, indicating a potentially larger and more established hotel. While TriBeCa is a trendy neighborhood, Midtown West offers easier access to many attractions. 

Final answer: A"
801,B,"While Hotel Scherman has a higher star rating and better guest reviews, Hampton Inn offers free cancellation, included breakfast, and a fitness center.  The price difference is also significant. 

Final answer: B"
802,A,"While Option B is slightly cheaper and includes breakfast, Option A has a higher guest review score and offers city views.  

Final answer: A"
805,A,"Option A is cheaper and includes breakfast, which can save money. While Option B has more amenities and free cancellation, I prioritize cost-effectiveness for a one-night stay. 

Final answer: A"
806,A,"Option A is significantly cheaper and includes breakfast, which can save money. While Option B has more amenities like a fitness center and restaurant, these aren't essential for a one-night stay. The location in Midtown is also generally considered more central for exploring NYC. 

Final answer: A"
809,A,"While the Moxy NYC Chelsea is significantly cheaper and has a rooftop bar and restaurant, the Hotel Scherman offers a higher star rating, better guest reviews, breakfast included, and city views.  

Final answer: A"
810,A,"While the Moxy NYC Chelsea is significantly cheaper and has more amenities like a rooftop bar, the Hotel Scherman offers a higher star rating, better guest reviews, and includes breakfast.  

Final answer: A"
813,A,"While The Marlton Hotel has a higher guest review score and is cheaper, I prioritize location and amenities. The New York Hilton Midtown's location in Midtown offers better access to attractions and transportation, and its fitness center and business center are more useful for my needs. 

Final answer: A"
814,B,"While the New York Hilton Midtown has slightly better amenities and is located in a more central area, The Marlton Hotel offers free cancellation and a higher guest review score.  The price difference is also significant. 

Final answer: B"
817,A,"While The Carlyle offers a higher star rating and better reviews, its price is significantly higher.  For a one-night stay, the value proposition of the Hilton Midtown at $360 seems more reasonable given its solid amenities and location in Midtown. 

Final answer: A"
818,A,"Option A is significantly cheaper and offers comparable amenities to Option B. While The Carlyle has a higher star rating and better guest reviews, the price difference is substantial for a one-night stay. 

Final answer: A"
821,A,"Option A is cheaper and includes breakfast, which can save money. While Option B has a higher guest review score, the difference isn't substantial enough to outweigh the cost savings of Option A. 

Final answer: A"
822,A,"Option A is significantly cheaper and offers free cancellation, which provides flexibility. While Option B has a higher guest review score and is in a trendy neighborhood, the price difference and lack of free cancellation make it less appealing for a one-night stay. 

Final answer: A"
825,A,"Option A is cheaper and located in Midtown, a central location for accessing many attractions. While Option B has a higher review score and amenities like a pool, its Brooklyn location might require more travel time and expense depending on my planned activities. 

Final answer: A"
826,A,"The Williamsburg Hotel has a higher guest review score and offers free cancellation, which is valuable for a one-night stay. However, the Hilton Midtown is in a more central location in Midtown Manhattan, which might be preferable depending on my planned activities. 

Final answer: A"
829,B,"While the Hilton Midtown is more luxurious and has better amenities, the Tempo offers free cancellation and a lower price.  The Times Square location might also be preferable for some travelers. 

Final answer: B"
830,A,"Option A is in Midtown, which might be more convenient for business travelers or those wanting to explore museums and cultural attractions. It also includes breakfast, saving money and time. While Option B is cheaper and has a kitchen, its Times Square location could be noisy and crowded. 

Final answer: A"
833,A,"Option A is more expensive but offers a higher star rating, a suite room type, and an evening reception. Option B is cheaper, has free cancellation, and a fitness center.  Since I value a comfortable room and amenities like the evening reception more than saving money and having free cancellation, I'll choose Option A. 

Final answer: A"
834,A,"While both hotels have similar guest review scores and are located in Times Square, Option A offers a double suite with two beds, free breakfast, and an evening reception, which are valuable perks for a one-night stay.  

Final answer: A"
837,A,"Option A is more expensive but offers a suite with two beds, free breakfast, and an evening reception. While Option B is cheaper and has a fitness center, I prioritize comfort and convenience for a one-night stay. 

Final answer: A"
838,B,"Option A is in a more desirable location (Times Square) and has slightly higher guest ratings. However, Option B is significantly cheaper.  

Final answer: B"
841,A,"While Hotel Hugo is cheaper and located in the trendy SoHo neighborhood, Embassy Suites offers a more spacious suite with breakfast included.  The higher guest review score also suggests a better overall experience. 

Final answer: A"
842,A,"While Hotel Hugo is cheaper and located in the trendy SoHo neighborhood, Embassy Suites offers free breakfast, an evening reception, and a higher guest review score.  The convenience of included meals and the positive reviews outweigh the slightly higher price and different location. 

Final answer: A"
845,B,"While both hotels have similar guest review scores and offer free WiFi and fitness centers, Option B offers breakfast included for a lower price.  

Final answer: B"
846,A,"Option A is cheaper and has a slightly higher guest review score. While Option B includes breakfast, I don't prioritize that for a one-night stay and the price difference is significant. 

Final answer: A"
849,A,"Option A is in Times Square, a more lively and central location, while Option B is in the Financial District, which might be quieter.  Option A also has a higher guest review score. While Option B includes breakfast, the other amenities are comparable. 

Final answer: A"
850,A,"Option A is in Times Square, a more lively and central location for sightseeing and entertainment. While Option B offers a larger suite with a kitchen, the Times Square location and included breakfast at Option A seem more appealing for a one-night stay focused on exploring the city. 

Final answer: A"
853,A,"While Option B has a higher price and no free cancellation, it boasts more amenities like a restaurant and bar. However, the significantly lower price of Option A and its good guest reviews make it a more attractive choice for a one-night stay. 

Final answer: A"
854,A,"While Option B has more amenities and a higher number of reviews, the significantly higher price makes it less appealing for a one-night stay.  Option A offers a good balance of price and features. 

Final answer: A"
857,A,"While both hotels are 4 stars and offer similar amenities, the Kimpton Theta has a slightly higher guest review score.  The Times Square location might be more convenient depending on my planned activities.

Final answer: A"
858,A,"While the W New York offers more amenities like a restaurant and bar, its higher price point and lack of free cancellation make it less appealing. The Kimpton Theta provides a good balance of comfort, location, and value with its lower price and free cancellation option. 

Final answer: A"
861,A,"While Option B is significantly cheaper and offers a pool, I prioritize being in Times Square for easy access to attractions and entertainment.  The slightly higher rating and free cancellation of Option A make it the more appealing choice. 

Final answer: A"
862,A,"Option A is cheaper and offers free cancellation, which is important for a one-night stay. While Option B has breakfast included and a pool, I prioritize location and price for this trip. 

Final answer: A"
865,A,"Option A is significantly cheaper and located in Times Square, which offers more immediate access to attractions and entertainment. While Option B has a pool and restaurant, its higher price and location in Williamsburg (requiring transportation) make it less appealing for a one-night stay focused on exploring Manhattan. 

Final answer: A"
866,A,"Option A is significantly cheaper and offers free cancellation, which is valuable for a one-night stay. While Option B has a slightly higher review score and more amenities, its location in Williamsburg might be less convenient for exploring Manhattan attractions. 

Final answer: A"
869,A,"Option A is in Times Square, offering more central access to attractions and nightlife. While it's slightly more expensive, the higher star rating and guest review score suggest a potentially better overall experience. 

Final answer: A"
870,A,"Option A is in Times Square, offering more excitement and access to attractions, while Option B is in a quieter Brooklyn neighborhood.  The slightly lower rating for Hotel Le Bleu is offset by its free cancellation policy. 

Final answer: A"
873,B,"Both hotels have similar star ratings and guest reviews. The Kimpton Theta is in Times Square, which might be more lively, while the Renaissance is in Midtown, potentially offering a quieter experience.  The included breakfast at the Renaissance is appealing, but the Kimpton Theta's wine hour could be a nice perk. 

Final answer: B"
874,A,"Option A is significantly cheaper and offers free cancellation, which is valuable for a one-night stay. While Option B has more amenities and reviews, the price difference and lack of free cancellation make Option A the better choice for me. 

Final answer: A"
877,A,"While both hotels have similar guest review scores and offer free cancellation, WiFi, and fitness centers, the Kimpton Theta offers a higher star rating and a wine hour amenity.  The extra amenities and slightly better overall experience justify the higher price for me. 

Final answer: A"
878,B,"Both hotels are in Times Square, offer similar amenities, and have high guest review scores. The Kimpton Theta is 4-star while Tempo by Hilton is 3-star, but the price difference is negligible.  The free cancellation option of Tempo by Hilton is appealing for a one-night stay.

Final answer: B"
881,B,"While The Hotel Chelsea has a higher star rating and better guest reviews, the Hampton Inn offers free cancellation, included breakfast, and is significantly cheaper.  

Final answer: B"
882,A,"While the Hampton Inn offers breakfast and is in a more central location, The Hotel Chelsea has a higher guest review score and offers a king-sized bed.  

Final answer: A"
885,A,"The Hotel Chelsea has a higher guest review score and includes breakfast, which is a plus. While the Hilton Garden Inn is slightly more expensive and lacks included breakfast, its Midtown East location might be more convenient depending on my plans.  

Final answer: A"
886,B,"While The Hotel Chelsea has a higher star rating and better guest reviews, the Hilton Garden Inn offers free cancellation and is significantly cheaper.  

Final answer: B"
889,A,"While the Kimpton Muse Hotel is in a more central location and offers free cancellation, The Hotel Chelsea has a slightly higher guest review score and is significantly cheaper.  

Final answer: A"
890,A,"Both hotels have similar star ratings and guest reviews. The Hotel Chelsea offers breakfast included while the Kimpton Muse Hotel has free cancellation.  Since I value having breakfast included more, I would choose Option A. 

Final answer: A"
893,A,"While the Park Hyatt offers more amenities and a higher star rating, the price difference is significant. The Hotel Chelsea provides a good balance of comfort, amenities, and value for a one-night stay. 

Final answer: A"
894,A,"While the Park Hyatt offers more amenities and a higher star rating, its price is significantly higher.  The Hotel Chelsea provides a good balance of comfort, amenities, and value for a one-night stay. 

Final answer: A"
897,A,"While The Mercer is more luxurious with a higher star rating and better reviews, its price is significantly higher.  The Hotel Chelsea offers a comfortable stay at a much lower cost, with similar amenities and free cancellation. 

Final answer: A"
898,A,"While The Mercer is more luxurious and has a higher review score, its price is significantly higher.  The Hotel Chelsea offers a comfortable stay in a desirable neighborhood at a much more affordable price. 

Final answer: A"
901,A,"While Option B is cheaper and includes breakfast, I value the higher star rating, better location in Boerum Hill, and positive guest reviews of the Ace Hotel Brooklyn more. 

Final answer: A"
902,B,"While the Ace Hotel Brooklyn has a higher star rating and better guest reviews, its location in Boerum Hill might be less convenient for exploring Manhattan attractions. The Holiday Inn Express offers free cancellation, included breakfast, and a prime Times Square location, making it a more practical choice for a one-night stay. 

Final answer: B"
905,A,"Both hotels have similar star ratings and guest reviews. The Ace Hotel Brooklyn is significantly cheaper, while The Standard High Line offers a beer garden as an additional amenity.  Given the price difference, I prioritize value for money. 

Final answer: A"
906,A,"The Standard High Line has a slightly higher guest review score and offers free cancellation, which could be valuable for a one-night stay. However, the Ace Hotel Brooklyn is $33 cheaper.  

Final answer: A"
909,A,"While the Crosby Street Hotel has a higher star rating and better guest reviews, its price is significantly higher. The Nine Orchard offers a comfortable stay with good amenities at a more affordable price. 

Final answer: A"
910,A,"While the Crosby Street Hotel is more luxurious and has additional amenities like a private theater and gym, the Nine Orchard offers a great value with its included breakfast and slightly lower price.  

Final answer: A"
913,A,"While Option B is significantly cheaper and located in the bustling Times Square, Option A offers a higher guest review score, free breakfast, and a spa, which are valuable amenities for a one-night stay. 

Final answer: A"
914,A,"While both hotels are 4 stars and offer similar amenities, the Nine Orchard has a higher guest review score and is located in the trendy Lower East Side.  

Final answer: A"
917,A,"While Option B is significantly cheaper and offers free cancellation, the lower star rating and guest review score suggest a less desirable experience.  Option A, despite being more expensive, boasts a higher rating, better amenities (spa!), and a trendy location in the Lower East Side. 

Final answer: A"
918,A,"While Option B is significantly cheaper, the lower star rating and guest review score suggest a less desirable experience.  Option A offers a higher quality stay with included breakfast and additional amenities like a spa, justifying the higher price for a one-night stay. 

Final answer: A"
921,A,"While the Crosby Street Hotel has a higher star rating and better guest reviews, the Andaz 5th Avenue is significantly cheaper.  The amenities offered by both hotels are comparable, and I prioritize value for money in this case.

Final answer: A"
922,A,"While the Crosby Street Hotel has a higher star rating and better guest reviews, its price is significantly higher.  The Andaz 5th Avenue offers comparable amenities at a much more affordable price point.

Final answer: A"
925,A,"While Option B is cheaper and located in the bustling Times Square, Option A boasts a higher guest review score and offers a wine hour amenity.  

Final answer: A"
926,A,"While Option B is cheaper and in the heart of Times Square, Option A boasts a higher guest review score and offers free cancellation.  The wine hour at Andaz 5th Avenue also seems appealing.

Final answer: A"
929,B,"While the Andaz 5th Avenue is more luxurious with higher ratings and additional amenities like a fitness center, its price is significantly higher.  The Arlo Midtown offers a good value proposition with a decent rating and key amenities at a much lower cost.

Final answer: B"
930,A,"While the Andaz 5th Avenue is more expensive and doesn't include breakfast, its higher star rating, better location in Midtown East, and additional amenities like a fitness center make it a more appealing choice for a one-night stay.  

Final answer: A"
933,B,"While the Andaz 5th Avenue offers more amenities and a higher guest review score, its location in Midtown East is likely to be more expensive and busier. The Henry Norman Hotel in Greenpoint, Brooklyn, offers a more affordable option with a unique loft suite and a peaceful garden setting.

Final answer: B"
934,A,"While the Andaz 5th Avenue is more expensive, it offers a higher guest review score, more amenities (wine hour and fitness center), and is located in Midtown East, a prime location for exploring Manhattan. The Henry Norman Hotel is significantly cheaper but has fewer amenities and is in Brooklyn, requiring transportation to reach Manhattan attractions.

Final answer: A"
937,B,"While The Wall Street Hotel is more luxurious with higher ratings and additional amenities like a bar, the Courtyard by Marriott offers free breakfast and a significantly lower price.  

Final answer: B"
938,B,"While Option A is more luxurious with a higher star rating and better guest reviews, Option B offers breakfast included and is significantly cheaper.  

Final answer: B"
941,A,"While The Plaza has a higher guest review score and more amenities, the price difference is significant.  For a one-night stay, I prioritize value and Ink 48 offers a comparable experience at half the cost.

Final answer: A"
942,A,"While The Plaza is more highly rated and has additional amenities like a spa and Palm Court, the price difference of $579 is significant for a one-night stay.  The Ink 48 offers a good balance of quality, amenities, and affordability.

Final answer: A"
945,B,"While the Ink 48 Hotel offers more luxurious amenities and a higher star rating, the Holiday Inn Express provides free cancellation, included breakfast, and a significantly lower price.  

Final answer: B"
946,A,"Option A offers a higher star rating, better guest reviews, and more desirable amenities like a rooftop bar and city views. While Option B is cheaper and includes breakfast, the lower star rating and lack of unique amenities make it less appealing for a one-night stay in NYC. 

Final answer: A"
949,B,"While the Ink 48 Hotel is more luxurious with a higher star rating and better city views, the Kimpton Hotel Eventi offers a significantly lower price point.  The difference in star rating and amenities doesn't outweigh the substantial cost savings for a one-night stay.

Final answer: B"
950,A,"Option A is significantly cheaper while still offering a high guest review score and desirable amenities like a rooftop bar and city views. While Option B has a slightly higher rating and includes wine hour, the price difference is substantial enough to make Option A the more appealing choice for a one-night stay. 

Final answer: A"
953,B,"While the Ink 48 Hotel offers a more luxurious experience with its higher star rating and amenities like a rooftop bar and city views, the Courtyard by Marriott is significantly cheaper.  For a one-night stay, the price difference is substantial and the amenities at both hotels are comparable enough that I wouldn't need the extra luxury.

Final answer: B"
954,B,"While the Ink 48 Hotel is more luxurious with a higher star rating and city views, the Courtyard by Marriott offers a comparable guest review score at a lower price.  

Final answer: B"
957,B,"While the Ink 48 Hotel offers a luxurious experience with stunning city views and amenities like a rooftop bar, the Hyatt Place provides free cancellation, included breakfast, and is more budget-friendly.  

Final answer: B"
958,B,"While the Ink 48 Hotel offers a luxurious experience with stunning city views and a rooftop bar, the Hyatt Place provides free cancellation, included breakfast, and is more budget-friendly.  

Final answer: B"
961,A,"While The St. Regis offers a higher guest review score and additional amenities like butler service, the price difference is significant.  For a one-night stay, the value proposition of Ink 48 Hotel with its lower price and still excellent reviews seems more appealing.

Final answer: A"
962,A,"While The St. Regis offers higher guest ratings and additional amenities like butler service, its price is significantly higher than Ink 48 Hotel.  For a one-night stay, the value proposition of Ink 48 with its rooftop bar, fitness center, and city views at a more affordable price point seems more appealing.

Final answer: A"
965,A,"While The Plaza is more luxurious and has free cancellation, its price is significantly higher.  The Knickerbocker offers comparable amenities at a much lower cost, making it the better value for a one-night stay. 

Final answer: A"
966,A,"While The Plaza is slightly more highly rated and offers additional amenities like a spa and Palm Court, its price is significantly higher.  The Knickerbocker offers comparable amenities at a much lower cost, making it the more value-driven choice for a one-night stay. 

Final answer: A"
969,B,"While The Knickerbocker is more luxurious with a higher star rating and better guest reviews, its location in Times Square might be too busy for some. The AC Hotel offers a good balance of amenities at a lower price point in the quieter Financial District. 

Final answer: B"
970,B,"While The Knickerbocker is more luxurious and has a higher guest review score, its location in Times Square might be too busy for some.  The AC Hotel offers a good balance of amenities at a lower price point in the quieter Financial District. 

Final answer: B"
973,A,"The Knickerbocker is a 5-star hotel with a higher guest review score and additional amenities like a rooftop bar and fitness center. While the NoMo SoHo is in a trendy neighborhood, the slightly lower rating and fewer amenities make The Knickerbocker a more appealing choice for a one-night stay.

Final answer: A"
974,B,"While The Knickerbocker is more luxurious with a higher star rating and better guest reviews, its location in Times Square might be too busy for some. NoMo SoHo offers a more trendy and relaxed atmosphere in the desirable SoHo neighborhood at a lower price point. 

Final answer: B"
977,A,"While the W New York offers free cancellation and is in Times Square, the Sofitel has a higher guest review score and includes amenities like a spa.  

Final answer: A"
978,B,"While the Sofitel offers a higher star rating and better guest reviews, the W New York provides free cancellation which is valuable for a one-night stay.  The price difference is also significant. 

Final answer: B"
981,A,"While The St. Regis has a slightly higher guest review score and offers butler service, the Sofitel is significantly cheaper at $553 compared to $868.  For a one-night stay, the price difference is substantial enough to make the Sofitel a more attractive option. 

Final answer: A"
982,A,"While The St. Regis has a higher guest review score and offers butler service, the Sofitel is significantly cheaper at $430 compared to $1244 for The St. Regis.  For a one-night stay, the price difference is substantial enough to make the Sofitel a more attractive option despite its slightly lower rating. 

Final answer: A"
985,B,"While the Sofitel offers a higher star rating and more amenities like a spa, the price difference is significant.  For a one-night stay, the slightly lower rating and fewer amenities of The Lexington Hotel offer better value for money. 

Final answer: B"
986,B,"While the Sofitel is more luxurious with a higher star rating and better guest reviews, the Lexington offers free cancellation, included breakfast, and a slightly lower price.  

Final answer: B"
989,A,"While The Dominick Hotel has a higher guest review score and offers a city view, its price is significantly higher.  The New York EDITION is still a 5-star hotel with excellent amenities at a more affordable price.

Final answer: A"
990,A,"While The Dominick Hotel has a higher guest review score and includes breakfast and free cancellation, I prioritize location and amenities. Midtown offers better access to attractions and transportation compared to SoHo.  The EDITION also boasts a spa and fitness center, which are important to me. 

Final answer: A"
993,A,"While The Fifth Avenue Hotel has a higher guest review score and offers free cancellation, I value having breakfast included and The New York EDITION's location in Midtown is more convenient for my needs. 

Final answer: A"
994,A,"While The Fifth Avenue Hotel has a higher guest review score and offers butler service, its price is significantly higher.  The New York EDITION offers comparable amenities at a more affordable price point. 

Final answer: A"
997,B,"While The New York EDITION offers luxury amenities and a prime location, the Fairfield Inn & Suites provides a more budget-friendly option with included breakfast.  

Final answer: B"
998,B,"While The New York EDITION offers luxury amenities and a prime location, its price is significantly higher.  The Fairfield Inn & Suites provides a comfortable stay with included breakfast at a much more affordable rate. 

Final answer: B"
1001,B,"While The New York EDITION is more luxurious with a higher star rating and additional amenities like a spa, the Wythe Hotel in Williamsburg boasts a higher guest review score and a more unique experience.  

Final answer: B"
1002,B,"The Wythe Hotel has a higher guest review score and offers free cancellation, which is valuable for a one-night stay. While The New York EDITION is more luxurious, its lack of free cancellation and slightly lower review score make the Wythe Hotel a better choice for me. 

Final answer: B"
1005,B,"While The Dominick Hotel offers luxury amenities and a prime location in SoHo, its price is significantly higher.  The Hampton Inn provides a comfortable stay with included breakfast at a much more affordable rate. 

Final answer: B"
1006,B,"While The Dominick Hotel offers luxury amenities and a prime location in SoHo, its higher price point and lack of free cancellation make it riskier.  The Hampton Inn provides a comfortable stay with included breakfast and free cancellation at a significantly lower cost. 

Final answer: B"
1009,B,"While The Dominick Hotel offers luxury amenities and a higher star rating, the price difference is significant.  For a one-night stay, the Courtyard by Marriott provides a comfortable experience in the same neighborhood at a more affordable price. 

Final answer: B"
1010,B,"While The Dominick Hotel offers a luxurious experience with higher star rating and amenities like a pool and spa, the Courtyard by Marriott provides a comfortable stay at a significantly lower price.  Since I only need a one-night stay and prioritize value, the Courtyard by Marriott seems like the better option. 

Final answer: B"
1013,B,"While The Dominick Hotel offers luxury amenities and a prime location in SoHo, its price is significantly higher. Pod Brooklyn, despite being a lower star rating, provides a comfortable stay in a trendy neighborhood at a much more affordable price.  

Final answer: B"
1014,A,"Option A offers a luxurious experience with higher star rating, better amenities (pool, spa), and a prime location in SoHo. However, it is significantly more expensive. Option B is much cheaper and still has good reviews, but lacks the luxury and amenities of Option A.  

Final answer: A"
1017,B,"While The Dominick Hotel offers higher star rating, a better location in SoHo, and more amenities like a pool and spa, its lack of free cancellation and significantly higher price make it less appealing for a one-night stay.  The Standard East Village provides good value with free cancellation and a lower price point. 

Final answer: B"
1018,B,"While The Dominick Hotel is more luxurious with higher star rating and amenities like a pool and spa,  The Standard East Village offers breakfast included and a lower price point.  Since I value a good breakfast and cost-effectiveness, I'd choose Option B. 

Final answer: B"
1021,A,"While The St. Regis offers butler service and a slightly higher guest review score, its price is more than double that of The Dominick.  The Dominick's location in SoHo and amenities like a pool and spa are appealing for a one-night stay. 

Final answer: A"
1022,A,"While The St. Regis offers a higher guest review score and includes breakfast, its lack of free cancellation and significantly higher price make it less appealing for a one-night stay.  The Dominick Hotel provides a good balance of amenities, location, and price. 

Final answer: A"
1025,B,"While the Crosby Street Hotel offers a luxurious experience with a higher star rating and included breakfast, the W New York - Union Square is significantly cheaper.  The price difference is substantial enough to outweigh the extra amenities and slightly higher guest review score of the Crosby Street Hotel for a one-night stay. 

Final answer: B"
1026,B,"While the Crosby Street Hotel is more luxurious with higher ratings and additional amenities, the significant price difference makes Option B a more financially sensible choice for a one-night stay. 

Final answer: B"
1029,B,"While the Crosby Street Hotel offers luxury and a higher guest review score, its price is significantly higher. The Hyatt Centric Midtown provides a comfortable stay at a much more affordable price point, making it the better value for a one-night stay. 

Final answer: B"
1030,A,"Option A is significantly more expensive but offers a higher star rating, better location (SoHo), and more amenities. Option B is cheaper, includes breakfast, and has good reviews, but lacks some of the luxury and unique features of Option A. 

Final answer: A"
1033,B,"While the Crosby Street Hotel is more luxurious with higher ratings and additional amenities, the Walker Hotel Tribeca offers significant savings at $376 less per night.  For a one-night stay, the difference in star rating and amenities doesn't justify the extra cost. 

Final answer: B"
1034,B,"While the Crosby Street Hotel is more luxurious with higher ratings and additional amenities, the Walker Hotel Tribeca offers significant savings at $240 per night compared to $802.  For a one-night stay, the price difference is substantial enough to outweigh the extra luxury. 

Final answer: B"
1037,B,"While The Whitby Hotel offers luxury and a higher guest review score, the Holiday Inn Express is significantly cheaper.  For a one-night stay, the extra amenities and star rating of The Whitby don't justify the price difference. 

Final answer: B"
1038,B,"While The Whitby Hotel offers luxury and high ratings, its price is significantly higher.  The Holiday Inn Express provides a comfortable stay with included breakfast and free cancellation at a much more affordable price. 

Final answer: B"
1041,B,"While The Whitby Hotel offers luxury and amenities, its high price and lack of free cancellation are deterrents.  The Fairfield Inn & Suites provides a comfortable stay at a significantly lower cost with the added benefits of free breakfast and cancellation. 

Final answer: B"
1042,B,"Option A offers a luxurious experience with higher ratings and amenities like a screening room and gym. However, it's significantly more expensive and lacks breakfast. Option B is more budget-friendly, includes breakfast, and has good reviews, making it a better value for a one-night stay. 

Final answer: B"
1045,B,"Option A offers a luxurious experience with higher ratings and amenities like a screening room and gym. However, Option B is significantly cheaper, includes breakfast, and has a kitchen which could be useful for longer stays.  Since this is a one-night stay, the price difference and included breakfast make Option B more appealing. 

Final answer: B"
1046,B,"While The Whitby Hotel offers luxury and higher ratings, its lack of free cancellation and included breakfast makes it riskier for a one-night stay.  The Residence Inn provides more value with free cancellation, breakfast, and a kitchen suite at a significantly lower price. 

Final answer: B"
1049,A,"While the Park Hyatt offers more amenities like a spa and pool, the Whitby Hotel has a slightly higher guest review score and includes breakfast.  The price difference is significant, making the Whitby a better value for a one-night stay. 

Final answer: A"
1050,A,"Both hotels are highly rated and offer similar amenities. The Park Hyatt has additional perks like a spa and pool, but it's also significantly more expensive.  Given the price difference and the fact that I only need a one-night stay, the slightly lower price and good reviews of The Whitby make it the better choice. 

Final answer: A"
1053,B,"While The Whitby Hotel offers luxury amenities and a higher guest review score, its price is significantly higher.  For a one-night stay, the value proposition of Wyndham New Yorker Hotel with its lower price point seems more appealing despite the lower star rating and fewer amenities. 

Final answer: B"
1054,B,"While The Whitby Hotel offers luxury and higher ratings, its price is significantly more than double that of the Wyndham New Yorker.  For a one-night stay, the difference in amenities and star rating doesn't justify the extra cost. 

Final answer: B"
1057,B,"While The Whitby Hotel offers luxury and amenities, its price is significantly higher.  The Henry Norman Hotel provides a comfortable stay in a trendy Brooklyn neighborhood at a much more affordable price. 

Final answer: B"
1058,B,"While The Whitby Hotel offers luxury and amenities like breakfast and a screening room, its price is significantly higher.  The Henry Norman Hotel provides a comfortable stay with free cancellation at a much lower cost, making it a better value for a one-night trip. 

Final answer: B"
1061,B,"Option A offers a luxurious experience with high ratings and amenities like a spa and pool, but it's significantly more expensive and lacks free cancellation. Option B is much cheaper, includes breakfast, and has good reviews, making it a better value for a one-night stay. 

Final answer: B"
1062,B,"Option A offers a luxurious experience with higher ratings and amenities like a spa and pool. However, it is significantly more expensive. Option B provides a more budget-friendly option in a central location with free breakfast.  

Final answer: B"
1065,A,"Both hotels have excellent ratings and similar amenities. The Four Seasons is in TriBeCa, which might be more desirable for some travelers seeking a trendy and artistic vibe. However, the Langham offers free cancellation, which provides peace of mind. 

Final answer: A"
1066,A,"Both hotels are highly rated and offer similar amenities. The Four Seasons is slightly more expensive but located in the trendy TriBeCa neighborhood with a pool, while The Langham is in Midtown and lacks a pool.  

Final answer: A"
1069,B,"While the Four Seasons offers luxury amenities and a prime location, its price is significantly higher.  The Even Hotel provides a comfortable stay with essential amenities at a much more affordable rate. 

Final answer: B"
1070,B,"While the Four Seasons offers luxury amenities and a prime location, its price is significantly higher than the Even Hotel.  For a one-night stay, I prioritize value and find the Even Hotel's reasonable price and decent reviews more appealing. 

Final answer: B"
1073,A,"While the Hampton Inn offers a lower price and free breakfast, the Baccarat Hotel provides a significantly more luxurious experience with its 5-star rating, prime Midtown location, spa, pool, and included breakfast.  

Final answer: A"
1074,B,"Option A offers luxury amenities and a prime location in Midtown, but it's significantly more expensive. Option B provides a comfortable stay in trendy SoHo with breakfast included at a much lower price.  

Final answer: B"
1077,B,"While the Baccarat Hotel offers luxury amenities and a prime location, its price is significantly higher than the Courtyard by Marriott.  For a one-night stay, the value proposition of the Courtyard, with its comfortable room and essential amenities at a much lower cost, outweighs the extra luxury of the Baccarat. 

Final answer: B"
1078,B,"Option A offers significantly more luxurious amenities and a higher guest review score, but it is considerably more expensive.  For a one-night stay, the price difference is substantial and the extra amenities might not be worth the cost. 

Final answer: B"
1081,B,"Option A offers luxury amenities and a prime location in Midtown, but it's significantly more expensive. Option B is much more affordable, includes breakfast, and has a kitchen, which could be helpful for saving money on meals. 

Final answer: B"
1082,B,"Option A offers a luxurious experience with high ratings and amenities like a spa and pool, but it's significantly more expensive. Option B is more budget-friendly, includes breakfast, and has a kitchen, which could be useful for saving money on meals.  

Final answer: B"
1085,B,"While The Fifth Avenue Hotel offers luxury amenities and a prime location, its price is significantly higher.  The Courtyard by Marriott provides a comfortable stay with essential amenities at a more affordable price point. 

Final answer: B"
1086,B,"While The Fifth Avenue Hotel offers luxury and amenities like breakfast and butler service, its price is significantly higher.  The Courtyard by Marriott provides a comfortable stay with essential amenities at a much more affordable price point. 

Final answer: B"
1089,A,"The William Vale has a higher star rating and better guest reviews. While the Hyatt Centric offers free cancellation, the location difference isn't a major factor for a one-night stay. 

Final answer: A"
1090,B,"While The William Vale is a 5-star hotel with more amenities like a rooftop pool, its lack of free cancellation and higher price make it less appealing for a one-night stay.  The Hyatt Centric Wall Street offers free cancellation, a lower price, and still has good reviews and essential amenities.

Final answer: B"
1093,A,"While both hotels have excellent reviews and amenities, The William Vale offers breakfast included, which is a significant value add.  Additionally, its rooftop pool might be more appealing for a one-night stay. 

Final answer: A"
1094,B,"The William Vale has a slightly higher guest review score and offers a rooftop pool, which could be appealing. However, The Beekman is significantly cheaper and located in a historic building with a beautiful atrium.  

Final answer: B"
1097,B,"While The William Vale offers a luxurious experience with its rooftop pool and higher star rating, the Wyndham New Yorker Hotel is significantly cheaper and still provides essential amenities like free WiFi and a fitness center.  

Final answer: B"
1098,B,"While The William Vale offers a higher star rating, a better location (Williamsburg is trendy), and more amenities, the price difference is significant.  For a one-night stay, I prioritize value and convenience. Midtown's central location is ideal for exploring NYC. 

Final answer: B"
1101,B,"While The William Vale offers more amenities and a higher star rating, the significant price difference makes Pod Brooklyn a more attractive option for a one-night stay.  

Final answer: B"
1102,B,"While The William Vale offers more amenities and a higher star rating, the significant price difference makes Pod Brooklyn a more attractive option for a one-night stay.  

Final answer: B"
1105,A,"While The Carlyle offers a slightly higher guest review score and live jazz, its price is more than double that of The William Vale.  The amenities at both hotels are comparable, and I value the free cancellation option offered by The William Vale. 

Final answer: A"
1106,A,"While The Carlyle offers a higher guest review score and includes breakfast, its price is significantly higher.  The William Vale provides comparable amenities at a much more affordable rate, making it the better value for a one-night stay. 

Final answer: A"
1109,A,"The William Vale is more expensive but offers a higher star rating, better guest reviews, and additional amenities like a rooftop pool and fitness center. While TriBeCa is a desirable neighborhood, Williamsburg's vibrant atmosphere and access to Brooklyn attractions appeal to me more. 

Final answer: A"
1110,A,"While Option B is cheaper and located in a trendy neighborhood, Option A offers a higher star rating, better guest reviews, a balcony, breakfast included, a rooftop pool, and a fitness center. These additional amenities and the higher overall value make it the more appealing choice for me. 

Final answer: A"
1113,B,"While The William Vale offers luxury amenities and a higher star rating, its price is significantly more expensive.  For a one-night stay, the value proposition of Hotel Le Bleu with its lower price point and decent reviews seems more appealing. 

Final answer: B"
1114,A,"While Hotel Le Bleu is significantly cheaper and has decent reviews, The William Vale offers a higher star rating, better amenities (rooftop pool and fitness center), and a more desirable location in Williamsburg.  

Final answer: A"
1117,B,"Option A offers luxury and amenities like a spa and restaurant, but it's significantly more expensive. Option B is much cheaper, includes breakfast, and still has decent reviews.  

Final answer: B"
1118,B,"Option A offers a luxurious experience with high ratings and amenities like a spa and restaurant, but it's significantly more expensive. Option B is much more affordable and still provides basic amenities like free WiFi and a fitness center.  

Final answer: B"
1121,B,"While The Plaza offers luxury and amenities like breakfast and a spa, its price is significantly higher.  The Sheraton provides a comfortable stay with essential amenities at a much more affordable price. 

Final answer: B"
1122,B,"While The Plaza offers luxury and a prime location, its price is significantly higher.  The Sheraton provides comfortable accommodations with good amenities at a much more affordable rate. 

Final answer: B"
1125,A,"While The Plaza is more expensive, its included breakfast and free cancellation are appealing for a one-night stay.  The slightly lower review score of the Lotte Palace doesn't outweigh these benefits. 

Final answer: A"
1126,A,"Both hotels are highly rated and offer similar amenities. The Plaza is slightly more expensive but has a higher guest review score and features a Palm Court, which could be a unique selling point.  

Final answer: A"
1129,B,"While the Equinox Hotel offers luxury amenities and a higher star rating, its price is significantly higher than the Hampton Inn.  The Hampton Inn provides free cancellation, breakfast, and a good review score at a much more affordable price. 

Final answer: B"
1130,B,"While the Equinox Hotel offers luxury amenities and a prime location, its high price and lack of free cancellation are deterrents. The Hampton Inn provides a comfortable stay with included breakfast and free cancellation at a significantly lower cost, making it a more practical choice for a one-night stay. 

Final answer: B"
1133,B,"While the Equinox Hotel offers luxury amenities and a prime location, its price is significantly higher. The Crowne Plaza provides a comfortable stay in a central location at a much more affordable price.  

Final answer: B"
1134,B,"While the Equinox Hotel offers luxury amenities and a higher star rating, its price is significantly more expensive. The Crowne Plaza provides a comfortable stay in a central location at a much lower cost, making it a better value for a one-night stay. 

Final answer: B"
1137,B,"Option A offers a luxurious experience with a rooftop pool and spa, but it's significantly more expensive. Option B is more affordable, includes breakfast, and is located in the vibrant Times Square.  

Final answer: B"
1138,B,"While the Equinox Hotel offers luxurious amenities and a higher star rating, its price is significantly higher. The Kimpton Muse Hotel provides a comparable guest review score at a much lower cost, making it a more budget-friendly option for a one-night stay. 

Final answer: B"
1141,A,"Both hotels have excellent reviews and similar amenities. The Equinox Hotel is cheaper and located in a trendy neighborhood, while the 1 Hotel offers a more central location with views of Central Park.  

Final answer: A"
1142,B,"While the Equinox Hotel is more luxurious and has a rooftop pool, the 1 Hotel Central Park offers a better location in Midtown and is significantly cheaper.  

Final answer: B"
1145,A,"While The Carlyle has a slightly higher guest review score and offers free cancellation, I value the amenities offered at Equinox Hotel, particularly the rooftop pool and fitness center.  The price difference is also not significant enough to sway me towards The Carlyle. 

Final answer: A"
1146,A,"The Carlyle has a slightly higher guest review score and offers live jazz, which could be appealing. However, the Equinox Hotel is located in the trendy Hudson Yards neighborhood and boasts a rooftop pool and spa, amenities that are important to me. 

Final answer: A"
1149,A,"Option A offers a higher star rating, better guest reviews, and includes breakfast. While Option B is cheaper and located in a trendy neighborhood, the lack of free cancellation and included breakfast make it less appealing for a one-night stay. 

Final answer: A"
1150,A,"Option A offers a higher star rating, better guest reviews, and includes breakfast. While Option B is significantly cheaper and located in a trendy neighborhood, the lack of breakfast and lower star rating make it less appealing for a one-night stay. 

Final answer: A"
1153,A,"While Option B is cheaper and located in the bustling Times Square, Option A offers free breakfast, which can save money, and has a higher guest review score.  

Final answer: A"
1154,A,"While the Arlo Midtown has a rooftop bar and restaurant, which sound appealing, the Hampton Inn offers free breakfast and a higher guest review score.  The location in Chelsea is also likely quieter than Times Square. 

Final answer: A"
1157,A,"Option A is in a more lively and central location (Times Square) with a higher guest review score. While Option B is slightly cheaper and has a 4-star rating, the lack of breakfast included and less desirable location make it less appealing for this one-night stay.

Final answer: A"
1158,A,"While Option B is cheaper and has a higher star rating, Option A offers free breakfast which can save money.  Additionally, Times Square is a more vibrant and exciting location for a one-night stay. 

Final answer: A"
1161,A,"While Option B is cheaper and has a pool and restaurant, Option A is in a more desirable location (Times Square) with higher guest ratings and includes breakfast.  

Final answer: A"
1162,A,"While Option B is cheaper and offers free cancellation, I value being in Times Square for its energy and convenience.  The slightly higher price of Option A is worth it for the location and included breakfast. 

Final answer: A"
1165,A,"Option A is significantly cheaper and includes breakfast, which can save money. While Option B has a higher star rating and additional amenities like a restaurant and bar, these aren't essential for a one-night stay. 

Final answer: A"
1166,A,"Option A is cheaper and offers free cancellation, which is valuable for a one-night stay. While Option B has a higher star rating and additional amenities like a restaurant and bar, the price difference and lack of free cancellation make Option A the more appealing choice. 

Final answer: A"
1169,A,"While The Boro Hotel has a higher star rating and better guest reviews, its location in Long Island City is further from the main attractions of Manhattan.  The Hampton Inn's Times Square location offers more convenience for exploring the city. 

Final answer: A"
1170,A,"While The Boro Hotel has a higher star rating and free cancellation, its location in Long Island City is farther from the main attractions of Manhattan.  The Hampton Inn's location in Times Square offers more convenience for exploring the city, despite lacking free cancellation and breakfast not being included. 

Final answer: A"
1173,A,"While The Westin offers a higher star rating and free cancellation, the Hampton Inn has a slightly better guest review score and is more affordable.  

Final answer: A"
1174,A,"Option A is cheaper and has a higher guest review score. While Option B is in a more desirable location and has a slightly higher star rating, the price difference and better reviews of Option A make it the more appealing choice for a one-night stay. 

Final answer: A"
1177,A,"Both options offer similar amenities and star ratings. Option A has a slightly higher guest review score and free cancellation, which are valuable for peace of mind. 

Final answer: A"
1178,A,"Both options offer similar amenities and price points. However, Option A has a higher guest review score and offers free cancellation, which provides more flexibility. 

Final answer: A"
1181,A,"While The Greenwich Hotel offers luxury amenities and a higher star rating, its price is significantly more than double that of the Hampton Inn.  For a one-night stay, I prioritize value and convenience, making the Hampton Inn a better choice despite its lower star rating. 

Final answer: A"
1182,A,"While The Greenwich Hotel offers luxury amenities and a higher star rating, its price is significantly more expensive.  The Hampton Inn provides a comfortable stay with included breakfast and free cancellation at a much lower cost, making it a better value for a one-night stay. 

Final answer: A"
1185,A,"Both hotels have similar star ratings and guest reviews. Option A offers breakfast included, which is convenient and cost-saving. While Option B has a rooftop bar and restaurant, these amenities don't outweigh the value of a free breakfast for me. 

Final answer: A"
1186,A,"While Option B is cheaper and has a slightly higher review score, I prefer being in Midtown for its proximity to many attractions and the convenience of having breakfast included. 

Final answer: A"
1189,B,"While both options have similar ratings and amenities, the Fairfield Inn & Suites is significantly cheaper.  The location in Brooklyn might be less convenient for exploring Manhattan, but the price difference is substantial. 

Final answer: B"
1190,A,"While Option B is significantly cheaper, Option A boasts a higher guest review score and is located in Manhattan's Financial District, a more central and potentially desirable location for exploring NYC. 

Final answer: A"
1193,A,"While the Sheraton is a higher star rating and has more amenities, the Hampton Inn offers free breakfast and a slightly better guest review score.  The Financial District is also less touristy and potentially quieter than Times Square. 

Final answer: A"
1194,A,"Option A is cheaper and includes breakfast, which can save money. While Option B is in a more central location, the difference in star rating and guest review score isn't significant enough to justify the extra cost. 

Final answer: A"
1197,A,"Option A is slightly cheaper and has free cancellation, which is valuable for a one-night stay. While Option B offers a higher star rating and additional amenities like a pool, the difference in price and the lack of free cancellation make Option A more appealing. 

Final answer: A"
1198,A,"Option A is more expensive but offers a King Room, which might be preferable for a single traveler. Option B has a pool and restaurant, which are nice amenities, but I prioritize location and room type. 

Final answer: A"
1201,A,"Option A is in Manhattan, closer to many attractions, and includes breakfast. While Option B is cheaper and has a restaurant, its location in Brooklyn might require more travel time and expense. 

Final answer: A"
1202,A,"Option A is more expensive but offers breakfast and is located in Manhattan, closer to many attractions. Option B is cheaper, has free cancellation, and is in Brooklyn, which might be preferable for some travelers.  

Final answer: A"
1205,A,"Option A is in Manhattan and includes breakfast, which are both appealing for a one-night stay. While Option B has a higher star rating and views, its location in Queens might be less convenient for exploring NYC. 

Final answer: A"
1206,A,"Option A is in a more central location (Financial District) and includes breakfast, which can be convenient. While Option B has a higher star rating and free cancellation, its location in Queens might require more travel time to reach Manhattan attractions. 

Final answer: A"
1209,A,"Option A is cheaper and includes breakfast, which can save money. While Option B is in a more central location, the price difference and included breakfast make Option A a better value for a one-night stay. 

Final answer: A"
1210,A,"While Option B is slightly more expensive and has a double room, I prefer the Financial District location for its proximity to historical sites and attractions.  

Final answer: A"
1213,A,"While the Hyatt Centric has a higher star rating and free cancellation, I prefer the Hampton Inn's included breakfast and its location in the Financial District. 

Final answer: A"
1214,A,"Option A is significantly cheaper and offers free breakfast, which can save money. While Option B has a higher star rating and better amenities like a restaurant and bar, these are not essential for a one-night stay. 

Final answer: A"
1217,A,"While Option B is cheaper, Option A has a higher guest review score and includes breakfast.  The Financial District location might also be preferable depending on my planned activities. 

Final answer: A"
1218,A,"While Option B is significantly cheaper, the free breakfast and free cancellation offered by Option A are valuable perks for a one-night stay.  The slightly higher guest review score also suggests a better overall experience. 

Final answer: A"
1221,A,"Option A is cheaper and includes breakfast, which can be a significant cost saving in NYC. While Option B has a higher star rating and amenities like a pool, I prioritize value for money and convenience. 

Final answer: A"
1222,A,"Option A is significantly cheaper and includes breakfast, which can save money. While Option B has a higher star rating and amenities like a pool, I prioritize value for money and the convenience of breakfast. 

Final answer: A"
1225,A,"While the InterContinental offers more luxury and amenities, its price is significantly higher.  The Hampton Inn provides a comfortable stay in a desirable location at a much lower cost, making it the better value for a one-night stay. 

Final answer: A"
1226,A,"While the InterContinental offers more luxury amenities and a higher star rating, the price difference is significant for a one-night stay. The Hampton Inn provides a comfortable stay in a desirable location at a much lower cost. 

Final answer: A"
1229,B,"Both options offer similar amenities and price points.  The Hampton Inn has a slightly higher guest review score but lacks free cancellation. The Courtyard by Marriott offers free cancellation, which is valuable for a one-night stay. 

Final answer: B"
1230,A,"Option A is significantly cheaper and located in the trendy SoHo neighborhood. While Option B has slightly better reviews and a restaurant, the price difference is substantial for a one-night stay. 

Final answer: A"
1233,A,"While the AC Hotel has a higher star rating and is located in Times Square, I prefer the Hampton Inn's included breakfast and slightly higher guest review score.  

Final answer: A"
1234,A,"Both options have similar guest review scores and offer free cancellation. Option A includes breakfast, which is a significant value add, while Option B offers a higher star rating and additional amenities like a restaurant and bar.  

Final answer: A"
1237,A,"While Option B is cheaper and has a pool, I value being in the trendy SoHo neighborhood more.  Option A also includes breakfast, which saves me money. 

Final answer: A"
1238,A,"Option A is in the trendy SoHo neighborhood and has free cancellation, which is valuable for a one-night stay. While Option B is a higher star rating with additional amenities like a pool, the lack of free cancellation and slightly higher price make it less appealing for this trip. 

Final answer: A"
1241,A,"Both hotels have similar guest reviews and are located in the desirable SoHo neighborhood.  Option A is more affordable and includes breakfast, which can be a significant cost saving. 

Final answer: A"
1242,A,"Both hotels have the same guest review score and are located in the desirable SoHo neighborhood.  Option A is significantly cheaper and includes breakfast, which adds value for the price. 

Final answer: A"
1245,A,"While the 1 Hotel offers more luxury amenities and a higher star rating, the Hampton Inn is significantly cheaper and includes breakfast.  For a one-night stay, I prioritize value and convenience.

Final answer: A"
1246,A,"While the 1 Hotel Central Park offers more luxury and amenities, its price is significantly higher.  For a one-night stay, the Hampton Inn Manhattan-SoHo provides good value with its included breakfast and convenient location in SoHo at a much lower cost.

Final answer: A"
1249,A,"Option A is cheaper and located in Midtown East, a more central location for many attractions. While Option B offers a suite with breakfast included, the higher price and Financial District location are less appealing for a one-night stay. 

Final answer: A"
1250,B,"Option B offers free cancellation and a larger room type (One-Bedroom Suite) for a lower price. While Option A is in a more central location, the difference in amenities and price point makes Option B more appealing. 

Final answer: B"
1253,A,"Option A is more expensive but offers a higher star rating, better location (Midtown East), and more amenities like a restaurant and fitness center. While Option B is cheaper with free cancellation, its lower star rating and fewer amenities make it less appealing for a one-night stay in NYC. 

Final answer: A"
1254,A,"While the hostel is significantly cheaper, I prioritize comfort and amenities for a one-night stay. The Hilton Garden Inn offers a higher star rating, better location, and more amenities like a restaurant and fitness center, making it a more worthwhile investment despite the higher price. 

Final answer: A"
1257,A,"While the NoMo SoHo has a higher star rating and is in a trendy neighborhood, the price difference is significant.  The Hilton Garden Inn offers comparable amenities at a much lower cost, making it the more value-driven choice for a one-night stay. 

Final answer: A"
1258,A,"While NoMo SoHo has a higher star rating and better guest reviews, its price is significantly higher.  The Hilton Garden Inn offers comparable amenities at a much lower cost, making it the more value-driven option for a one-night stay. 

Final answer: A"
1261,A,"Option A is in Midtown East, closer to many Manhattan attractions, and includes breakfast. While Option B has a higher star rating and views, its location in Queens might require more travel time and expense. 

Final answer: A"
1262,A,"Option A is in Midtown East, closer to many Manhattan attractions, and includes breakfast. While Option B has a higher star rating and views, its location in Queens might require more travel time and expense. 

Final answer: A"
1265,A,"Option A is cheaper and has slightly better reviews. While Option B offers free cancellation, I'm comfortable with the risk of not being able to cancel. 

Final answer: A"
1266,A,"Both hotels have similar star ratings and amenities. Option B is slightly more expensive but includes breakfast, which could save money on dining out. However, the Hilton Garden Inn has a higher guest review score and is located in Chelsea, a neighborhood I might prefer. 

Final answer: A"
1269,A,"While the Crowne Plaza has a higher star rating and free cancellation, the Hilton Garden Inn is significantly cheaper.  The difference in amenities and guest reviews isn't substantial enough to justify the extra cost for a one-night stay. 

Final answer: A"
1270,A,"While the Crowne Plaza has a higher star rating and slightly better reviews, the price difference of $82 is significant for a one-night stay.  The amenities offered by both hotels are very similar. 

Final answer: A"
1273,A,"While The Beekman offers a higher star rating and slightly better guest reviews, its location in the Financial District might be less convenient for exploring NYC attractions.  The Hilton Garden Inn's Midtown location is more central and offers free cancellation, making it a safer choice for a one-night stay. 

Final answer: A"
1274,A,"While The Beekman offers a luxurious experience with its 5-star rating and unique turret suite, the significantly higher price point makes it less appealing for a one-night stay.  The Hilton Garden Inn provides a comfortable stay in a central location with included breakfast at a much more reasonable cost.

Final answer: A"
1277,A,"Option A is more affordable and includes breakfast, which can save money. While Option B has a higher star rating and better reviews, the lack of free cancellation and included breakfast make it less appealing for a one-night stay. 

Final answer: A"
1278,A,"Option A is more affordable and includes breakfast, which can save money. While The Standard East Village has a higher star rating and is in a trendy neighborhood, the price difference and lack of included breakfast make Option A a better value for a one-night stay. 

Final answer: A"
1281,B,"Option B is significantly cheaper while still offering comparable amenities and a similar location. The lower star rating doesn't seem to be reflected in the guest reviews, which are very close. 

Final answer: B"
1282,B,"Option B is slightly cheaper and has a higher star rating, indicating potentially better quality. However, the difference in price is not significant, and the guest review scores are very close. 

Final answer: B"
1285,A,"While the InterContinental offers more luxury and amenities, its higher price point and lack of free cancellation are deterrents for a one-night stay. The Hilton Garden Inn provides a comfortable experience in a central location at a significantly lower cost with the flexibility of free cancellation. 

Final answer: A"
1286,A,"While the InterContinental offers more luxury and amenities, I prioritize location and value for a one-night stay. The Hilton Garden Inn's Times Square location is ideal for exploring the city, and its included breakfast makes it a better deal at $197 compared to the $567 InterContinental. 

Final answer: A"
1289,A,"Option A is cheaper and includes breakfast, which could save money. While Option B has a higher star rating and free cancellation, those benefits aren't as crucial for a one-night stay. 

Final answer: A"
1290,A,"Both hotels have similar guest review scores and offer comparable amenities. The Hilton Garden Inn includes breakfast, which is a valuable perk, while The Westin offers a more luxurious ""Heavenly Bed.""  

Final answer: A"
1293,A,"While The Mercer is significantly more luxurious and has higher ratings, its price is almost four times that of the Hilton Garden Inn.  For a one-night stay, the added luxury doesn't justify the substantial cost difference, especially considering the Hilton includes breakfast. 

Final answer: A"
1294,A,"While The Mercer is more luxurious and has a higher review score, its lack of free cancellation and breakfast inclusion are significant drawbacks for a one-night stay.  The Hilton Garden Inn offers a good balance of price, amenities, and location in Times Square. 

Final answer: A"
1297,A,"Option A is in Times Square, a more lively and central location for sightseeing and entertainment. While it costs more, the higher star rating suggests a potentially better overall experience.  

Final answer: A"
1298,A,"Option A is in a more desirable location (Times Square) and has a slightly higher guest review score. While Option B includes breakfast and has free cancellation, the lower star rating and less central location make it less appealing for a one-night stay. 

Final answer: A"
1301,A,"While the Lotte New York Palace offers a higher star rating and more amenities, the DoubleTree by Hilton is significantly cheaper.  For a one-night stay, the extra amenities of the Palace don't justify the double price difference. 

Final answer: A"
1302,A,"While the Lotte New York Palace has a higher star rating and better guest reviews, its price is significantly higher.  The DoubleTree by Hilton offers a good value for money with its amenities and location in Times Square. 

Final answer: A"
1305,B,"Option A is more expensive but offers a higher star rating and is located in the bustling Times Square. Option B is cheaper, has free cancellation, and boasts a rooftop, but is in the quieter Flatiron district.  

Final answer: B"
1306,A,"Option A is cheaper and has free cancellation, which is valuable for a one-night stay. While Option B offers breakfast and a rooftop, the higher price and lack of free cancellation make it less appealing. 

Final answer: A"
1309,A,"Option A is significantly cheaper, and while the guest review score for Option B is higher, the difference isn't substantial.  The amenities offered by both hotels are very similar. 

Final answer: A"
1310,A,"Both hotels are 4 stars with similar amenities and free cancellation. The Renaissance has a slightly higher guest review score, but the DoubleTree is in Times Square which might be more desirable for some travelers.  

Final answer: A"
1313,A,"While Option B is cheaper and has slightly higher guest ratings, I prefer being in Times Square for the vibrant atmosphere and easier access to attractions.  

Final answer: A"
1314,A,"Option A is cheaper and includes breakfast, which can save money. While Option B has a slightly higher review score and free cancellation, the price difference and included breakfast make Option A more appealing for a one-night stay. 

Final answer: A"
1317,A,"Option A is cheaper and has a slightly lower guest review score but still very good.  While Option B offers free cancellation and is in Times Square, the price difference is significant for a one-night stay. 

Final answer: A"
1318,A,"While the AC Hotel has a slightly higher guest review score and is located in the more vibrant Times Square, the DoubleTree offers a better value at $66 less per night.  

Final answer: A"
1321,A,"Option A is significantly cheaper and still has good reviews. While Option B offers more amenities and a higher star rating, the price difference is substantial for a one-night stay. 

Final answer: A"
1322,A,"Option A is significantly cheaper and still has good reviews. While Option B offers more amenities and a higher star rating, the price difference is substantial for a one-night stay and the extra amenities might not be worth it. 

Final answer: A"
1325,B,"While Option A is a higher star rating and has slightly more reviews, the price difference of $179 is significant for a one-night stay.  The amenities are very similar between the two options. 

Final answer: B"
1326,A,"Both hotels offer similar amenities and free cancellation. The Courtyard has a slightly higher guest review score but is 3 stars compared to the DoubleTree's 4 stars.  I'd prefer the slightly higher star rating.

Final answer: A"
1329,B,"Option B is slightly cheaper and offers free cancellation, which could be valuable for a one-night stay. While Option A has a higher guest review score, the difference is not substantial enough to outweigh the benefits of Option B. 

Final answer: B"
1330,B,"While Option A is in a more central location and has slightly better amenities, Option B offers free cancellation, included breakfast, and a higher guest review score. 

Final answer: B"
1333,A,"While the Park Hyatt offers more amenities and a higher star rating, the price difference is significant.  For a one-night stay, the extra amenities and breakfast at the Park Hyatt don't justify the nearly four times higher cost compared to the DoubleTree. 

Final answer: A"
1334,A,"While the Park Hyatt offers more amenities and a higher star rating, the price difference is significant.  For a one-night stay, the extra amenities and luxury of the Park Hyatt don't justify the nearly threefold increase in cost compared to the DoubleTree. 

Final answer: A"
1337,A,"While The Beekman is more luxurious and has a higher review score, its location in the Financial District might be less convenient for exploring NYC.  The DoubleTree's Midtown location offers better access to attractions and its included breakfast is a significant value add at $200 compared to $504. 

Final answer: A"
1338,A,"While The Beekman offers a higher star rating, a more unique room type, and breakfast included, its price is significantly higher.  The DoubleTree provides a solid 4-star experience in a convenient location at a more affordable price.

Final answer: A"
1341,A,"While The Marlton has a higher guest review score and is located in the charming Greenwich Village, I prefer the Midtown location of the DoubleTree for its proximity to more attractions and transportation options.  

Final answer: A"
1342,A,"Option A is significantly cheaper and located in Midtown, a central location for many attractions. While Option B has a higher guest review score and free cancellation, the price difference and desired location make Option A more appealing for a one-night stay. 

Final answer: A"
1345,A,"Both options offer similar amenities and price points.  The Times Square location of Option B might be more desirable for sightseeing and entertainment, but the slightly lower review score and lack of free cancellation make Option A a safer choice. 

Final answer: A"
1346,B,"While Option B is more expensive and has free breakfast, I value being in Times Square more than having breakfast included.  

Final answer: B"
1349,A,"Option A is significantly cheaper, and while Option B has a higher star rating and more amenities, the difference in guest review scores is negligible.  I prioritize saving money in this case. 

Final answer: A"
1350,A,"While the Sheraton has a higher star rating and more amenities, its location in Times Square might be busier and more expensive for activities. The Holiday Inn's lower price and convenient Financial District location are appealing for a one-night stay. 

Final answer: A"
1353,A,"While the Hyatt Regency offers a higher star rating and additional amenities like a restaurant and bar, its location in Times Square might be more crowded and expensive. The Holiday Inn in the Financial District is slightly cheaper and still offers free WiFi and a fitness center. 

Final answer: A"
1354,A,"While the Hyatt Regency offers a higher star rating and better guest reviews, its location in Times Square is likely to be more crowded and noisy. The Holiday Inn in the Financial District offers a quieter experience at a significantly lower price. 

Final answer: A"
1357,A,"Option A is significantly cheaper and still has decent reviews. While Option B offers more amenities and a higher star rating, those are not essential for a one-night stay and the price difference is substantial. 

Final answer: A"
1358,A,"While The Peninsula offers luxury amenities and a higher rating, its price is significantly more than double that of the Holiday Inn.  For a one-night stay, the added value of the Peninsula's amenities doesn't justify the substantial cost difference. 

Final answer: A"
1361,A,"Option A is cheaper and located in Manhattan, closer to many attractions. While Option B has higher ratings and more amenities, its location in Queens is farther from the main tourist areas and requires travel time. 

Final answer: A"
1362,A,"Option A is closer to Manhattan attractions and has free cancellation, which is valuable for a one-night stay. While Option B offers more amenities and a higher rating, its location in Queens and lack of free cancellation make it less appealing for a short trip focused on exploring NYC. 

Final answer: A"
1365,A,"While the Conrad offers more luxury amenities and a higher star rating, the price difference is significant for a one-night stay.  The Holiday Inn provides a comfortable room with good reviews at a much lower cost. 

Final answer: A"
1366,A,"While the Conrad offers more luxury amenities and a higher star rating, the significant price difference makes it less appealing for a one-night stay. The Holiday Inn provides a comfortable room with essential amenities at a much more affordable price. 

Final answer: A"
1369,A,"While the InterContinental offers more luxury and amenities, I prioritize value for money. The Holiday Inn Express provides a comfortable stay with breakfast included at a significantly lower price. 

Final answer: A"
1370,A,"While the InterContinental offers more luxury and amenities, I prioritize value for money. The Holiday Inn Express provides a comfortable stay with breakfast included at a significantly lower price. 

Final answer: A"
1373,A,"Option A is cheaper and has a higher guest review score despite having fewer reviews. While Option B offers free cancellation, breakfast, and a suite, the price difference is significant for a one-night stay. 

Final answer: A"
1374,A,"Option A is cheaper and has a higher guest review score. While Option B offers free cancellation and a kitchen, the slightly lower rating and higher price make Option A more appealing for a one-night stay. 

Final answer: A"
1377,A,"While the W New York offers a higher star rating and a more desirable location in Times Square, the Holiday Inn Express is significantly cheaper.  The difference in price outweighs the benefits of the W for a one-night stay. 

Final answer: A"
1378,A,"Option A is significantly cheaper and offers breakfast included, which can save money. While Option B has a higher star rating and a more desirable location in Times Square, the price difference and included breakfast make Option A a better value for a one-night stay. 

Final answer: A"
1381,A,"While Hotel Le Bleu is cheaper and has a restaurant, I prioritize location. Midtown West offers better access to Manhattan attractions and transportation.  

Final answer: A"
1382,A,"Option A is in Midtown West, closer to many NYC attractions, and has a higher guest review score. While Option B is cheaper and offers free cancellation, its location in Brooklyn might require more travel time and expense. 

Final answer: A"
1385,A,"Option A is significantly cheaper and includes breakfast, which can save money. While Option B has a higher star rating and free cancellation, those benefits don't outweigh the cost difference for a one-night stay. 

Final answer: A"
1386,A,"Option A is significantly cheaper and offers free breakfast, which can save money. While Option B has a higher star rating and better location for some, the price difference and included breakfast make Option A more appealing for a one-night stay. 

Final answer: A"
1389,B,"Option B is significantly cheaper despite having a higher star rating and guest review score. While Option A offers two double beds, I'm likely traveling alone and a king bed would be more comfortable. 

Final answer: B"
1390,A,"Option A is significantly cheaper and includes breakfast, which can save money. While Option B has a higher star rating and more amenities, the price difference is substantial for a one-night stay. 

Final answer: A"
1393,A,"While the Hyatt Centric is cheaper and has a slightly higher guest review score, the Crowne Plaza offers free cancellation which is important for a one-night stay.  

Final answer: A"
1394,A,"While the Hyatt Centric is significantly cheaper, the Crowne Plaza has a slightly higher guest review score and is located in Midtown, which might be more convenient depending on my planned activities. 

Final answer: A"
1397,A,"While the InterContinental offers a higher star rating and better reviews, the price difference is significant.  For a one-night stay, the extra amenities of the 5-star hotel don't justify the double cost compared to the Crowne Plaza.

Final answer: A"
1398,A,"While the InterContinental offers a higher star rating and better reviews, its price is significantly higher.  The Crowne Plaza provides a good value with breakfast included and a convenient location in Times Square. 

Final answer: A"
1401,A,"While The Renwick Hotel has a higher guest review score and is located in Midtown East, which might be preferable for some, the Crowne Plaza Times Square Manhattan offers a significantly lower price.  

Final answer: A"
1402,A,"Option A is more expensive but has a higher guest review score and is located in the bustling Times Square. Option B offers free cancellation and is slightly cheaper, but its location in Midtown East might be less exciting.  

Final answer: A"
1405,A,"Option A is in Times Square, which is more lively and central to attractions, while Option B is in Midtown East, which is quieter.  The price difference is significant, and breakfast isn't a dealbreaker for me. 

Final answer: A"
1406,A,"Both hotels offer similar amenities and have high guest review scores.  The InterContinental New York Times Square is slightly cheaper and located in the bustling Times Square area, while the InterContinental New York Barclay is in Midtown East. 

Final answer: A"
1409,A,"Option A offers a higher star rating and better guest reviews, suggesting a potentially more luxurious experience. However, Option B is significantly cheaper and includes breakfast, which could be a valuable perk.  

Final answer: A"
1410,B,"While the InterContinental offers a more luxurious experience with higher star rating and amenities like a spa, the Hyatt Place provides breakfast included and is significantly cheaper.  

Final answer: B"
1413,B,"While both hotels have great reviews and similar amenities, I prefer the free cancellation option offered by The Bowery Hotel.  The slightly lower star rating doesn't outweigh the peace of mind that comes with being able to cancel without penalty if my plans change. 

Final answer: B"
1414,B,"While the InterContinental offers a higher star rating and more amenities, The Bowery Hotel has a slightly higher guest review score and is significantly cheaper.  The East Village also offers a more local and less touristy experience compared to Times Square. 

Final answer: B"
1417,B,"Both hotels have similar guest review scores and offer free cancellation. The InterContinental is 5 stars with more amenities like a fitness center and spa, but it's also $30 more expensive.  I prefer the location of SoHo over Times Square and would rather save money.

Final answer: B"
1418,A,"Option A is more expensive but offers a higher star rating, better guest reviews, and additional amenities like a fitness center and spa. While Option B is in a trendy neighborhood, the trade-off for the lower price doesn't seem worth it given the extra value offered by Option A. 

Final answer: A"
1421,B,"While the InterContinental offers a luxurious experience with higher star rating and amenities like a spa, the Residence Inn provides a more practical option with a kitchen and a lower price point.  

Final answer: B"
1422,B,"Option A offers a more luxurious experience with higher star rating and amenities like a spa. However, Option B is significantly cheaper, includes breakfast, and has a kitchen which could be useful for saving money on meals.  

Final answer: B"
1425,B,"While the InterContinental offers more luxury and amenities, the Hyatt Place provides free cancellation and includes breakfast, which are valuable for a one-night stay.  

Final answer: B"
1426,B,"Option A offers a more luxurious experience with higher star rating and amenities like a spa and restaurant. However, Option B is significantly cheaper and includes breakfast, which can save money.  

Final answer: B"
1429,B,"While the InterContinental offers more amenities and is a higher star rating, the Walker Hotel provides free cancellation and is significantly cheaper.  The difference in star rating and amenities doesn't outweigh the value of free cancellation and lower price for a one-night stay. 

Final answer: B"
1430,A,"Option A is more expensive but offers a higher star rating, more amenities (fitness center, bar, spa), and is located in Midtown East, a central location. While Option B has a slightly lower price and good reviews, the trade-offs in amenities and location make Option A more appealing for a one-night stay. 

Final answer: A"
1433,A,"Option A is in Times Square, a more central and lively location, while Option B is in SoHo, known for its trendy boutiques and art galleries.  While Option B offers breakfast included and is significantly cheaper, I value the location and amenities of Option A more. 

Final answer: A"
1434,A,"Option A is in Times Square, which is more central and lively, while Option B is in SoHo, known for its trendy boutiques and art galleries.  The higher star rating and slightly better guest reviews of Option A are appealing, but the included breakfast of Option B is a significant perk. 

Final answer: A"
1437,A,"Option A is in a more lively and central location (Times Square) with slightly higher guest ratings. However, Option B offers free cancellation and a lower price.  

Final answer: A"
1438,A,"Option A is more expensive but offers a higher star rating, better guest reviews, and additional amenities like a bar and wine hour.  While Option B is cheaper and located in a different neighborhood, the trade-offs in quality and experience don't seem worth it for a one-night stay. 

Final answer: A"
1441,A,"While the Wyndham is significantly cheaper and has more reviews, the Kimpton Muse offers a higher star rating, a better location in Times Square, and additional amenities like a restaurant and wine hour. 

Final answer: A"
1442,A,"Option A is in a more desirable location (Times Square) and has better reviews. While it lacks free cancellation and breakfast, the additional amenities like a restaurant, bar, and wine hour might be worth the extra cost for a one-night stay. 

Final answer: A"
1445,A,"Option A offers a more comfortable and luxurious experience with its 4-star rating, better location in Times Square, and amenities like a restaurant and wine hour. However, it lacks free cancellation and costs significantly more. Option B is much cheaper, has free cancellation, and is located in a quieter neighborhood.  

Final answer: A"
1446,A,"Option A offers a higher star rating, better location (Times Square), and more amenities like a restaurant and wine hour. However, it is significantly more expensive. Option B is much cheaper but has fewer amenities and is located in a less central area. 

Final answer: A"
1449,A,"Option A is in Midtown, closer to many popular attractions, and has slightly higher guest ratings. While Option B is in a charming neighborhood and slightly cheaper, the location difference and slightly better reviews of Option A make it the more appealing choice for a one-night stay. 

Final answer: A"
1450,A,"Option A is significantly cheaper and has a slightly higher guest review score. While Option B offers breakfast and a higher star rating, the price difference is substantial and the location in Greenwich Village might not be as convenient for exploring Times Square. 

Final answer: A"
1453,A,"Option A has a higher guest review score and is located in Midtown East, which is generally considered a more central location. However, Option B offers free cancellation and includes breakfast, which could be valuable. 

Final answer: A"
1454,A,"Both hotels have similar star ratings and guest reviews. Option B includes breakfast, which could save money, but Option A offers free cancellation, providing more flexibility.  

Final answer: A"
1457,A,"Option A is significantly cheaper and offers free cancellation, which is valuable for a one-night stay. While Option B has a higher star rating and better reviews, the price difference is substantial and doesn't necessarily justify it for a short trip. 

Final answer: A"
1458,A,"Option A is significantly cheaper and offers free cancellation, which is valuable for a one-night stay. While Option B has a higher star rating and better reviews, the price difference is substantial and the amenities are not drastically different. 

Final answer: A"
1461,A,"Option A is significantly cheaper while still having good reviews and essential amenities.  The Standard High Line's higher price doesn't necessarily justify the additional amenities for a one-night stay. 

Final answer: A"
1462,A,"Option A is significantly cheaper and still has good reviews. While Option B offers breakfast and a more trendy location, the price difference is substantial for a one-night stay. 

Final answer: A"
1465,A,"Option A is significantly cheaper and still has good reviews. While Option B offers more amenities and a better location, the price difference is substantial for a one-night stay. 

Final answer: A"
1466,A,"While the Park Hyatt offers luxury amenities and a higher star rating, the significant price difference makes it impractical for a one-night stay. The Courtyard by Marriott provides comfortable accommodations in a convenient location at a much more reasonable price. 

Final answer: A"
1469,B,"Option B is cheaper and offers free cancellation, which could be useful if plans change. While Option A has slightly better reviews and additional amenities like a restaurant, the price difference and flexibility of Option B make it the more appealing choice for a one-night stay. 

Final answer: B"
1470,A,"While Option B is significantly cheaper, I value being in the Financial District more than saving $114.  The higher guest review score for Option A also suggests a better overall experience. 

Final answer: A"
1473,B,"Option B is significantly cheaper while still having a higher guest review score.  While Option A has more amenities and a larger room, the price difference is substantial enough to make Option B the better value. 

Final answer: B"
1474,A,"Option A is cheaper and includes breakfast, which can save money. While Option B has a higher star rating and free cancellation, the price difference and included breakfast make Option A more appealing for a one-night stay. 

Final answer: A"
1477,A,"Both hotels have similar star ratings and offer free cancellation. The Moxy NYC Chelsea has a slightly higher guest review score and a rooftop bar, which could be appealing. However, the Courtyard by Marriott is located in the Financial District, which might be more convenient depending on my planned activities. 

Final answer: A"
1478,B,"Both hotels have similar star ratings, review scores, and amenities. The Financial District (Option A) might be more convenient for business travelers, while Chelsea (Option B) is known for its art galleries and trendy atmosphere.  Since I don't have a preference for either neighborhood, the slightly lower price of Option B makes it the more appealing choice. 

Final answer: B"
1481,A,"While the Conrad offers more luxurious amenities and a higher star rating, the price difference is significant for a one-night stay.  The Courtyard provides comfortable accommodations with good reviews at a much lower cost, making it a better value option for my needs. 

Final answer: A"
1482,A,"While the Conrad offers more luxurious amenities and a higher star rating, the price difference is significant for a one-night stay. The Courtyard provides comfortable accommodations with good reviews at a much lower cost, making it the more practical choice. 

Final answer: A"
1485,A,"While the Sheraton offers a higher star rating and free cancellation, the Courtyard is significantly cheaper and has a slightly higher guest review score.  The difference in amenities isn't substantial enough to justify the extra cost. 

Final answer: A"
1486,A,"While the Sheraton offers a higher star rating and an additional bar amenity, the Courtyard is significantly cheaper.  The difference in price outweighs the slight increase in amenities and star rating for my one-night stay. 

Final answer: A"
1489,A,"While Option B is significantly cheaper, the higher star rating, better guest reviews, and included breakfast of Option A make it a more appealing choice for a comfortable and convenient stay. 

Final answer: A"
1490,A,"While Option B is significantly cheaper, the lower star rating and guest review score suggest a potentially less comfortable and enjoyable experience.  The Courtyard by Marriott offers more amenities and a better location in a generally more desirable neighborhood. 

Final answer: A"
1493,A,"While The Greenwich Hotel offers luxury amenities and a higher star rating, its price is significantly more expensive.  For a one-night stay, the value proposition of the Courtyard by Marriott with its lower price and good reviews seems more appealing. 

Final answer: A"
1494,A,"While The Greenwich Hotel offers luxury amenities and a higher star rating, its price is significantly more expensive.  The Courtyard by Marriott provides a comfortable stay with included breakfast at a much lower cost, making it a better value for a one-night trip. 

Final answer: A"
1497,A,"Option A is significantly cheaper and includes breakfast, which can save money. While Option B has a higher star rating and better amenities like a restaurant and bar, these aren't essential for a one-night stay. 

Final answer: A"
1498,A,"While The Standard East Village has a higher star rating and better guest reviews, the Fairfield Inn & Suites offers free breakfast, which can save money.  Additionally, I prefer having two beds for more sleeping space. 

Final answer: A"
1501,A,"Option A is significantly cheaper and offers free cancellation, which is important for a one-night stay. While Option B has higher star rating and more amenities, the price difference is substantial and doesn't justify it for a short trip. 

Final answer: A"
1502,A,"While the Loews Regency offers a higher star rating, a better guest review score, and more amenities, the significant price difference makes it less appealing for a one-night stay. The Fairfield Inn & Suites provides a comfortable room with breakfast included at a much lower cost, making it a more value-conscious choice. 

Final answer: A"
1505,A,"While Option B is in a more desirable location and has slightly higher guest ratings, the price difference of $125 is significant for a one-night stay.  Option A offers breakfast included and is still well-rated, making it a better value. 

Final answer: A"
1506,A,"While Option B is in a more desirable location and has a higher guest review score, the significantly higher price makes it less appealing for a one-night stay.  Option A offers good value with its lower price, included breakfast, and free cancellation. 

Final answer: A"
1509,A,"Option A is significantly cheaper and offers a studio suite with kitchen amenities, which could be useful for longer stays. While Option B has a higher star rating and free cancellation, the price difference is substantial and the additional amenities might not be necessary for a one-night stay. 

Final answer: A"
1510,A,"Option A is significantly cheaper and includes breakfast, which can save money. While Option B has a higher star rating and is in a trendy neighborhood, the price difference and included breakfast make Option A more appealing for a one-night stay. 

Final answer: A"
1513,A,"While The Beekman offers a higher star rating and more luxurious amenities, the significant price difference of $254 makes Option A a more financially sensible choice for a one-night stay.  

Final answer: A"
1514,A,"While The Beekman offers a higher star rating and more luxurious amenities, its price is significantly higher.  The Residence Inn provides a good value with included breakfast and free WiFi at a lower cost. 

Final answer: A"
1517,A,"Option A offers breakfast included and a suite with a kitchen for $320, while Option B is pricier at $368 and lacks breakfast but has a more trendy location and amenities like a restaurant and bar.  

Final answer: A"
1518,B,"Option A is cheaper and has a kitchen, which could be useful for saving money on meals. However, Option B is in a more trendy neighborhood with better amenities like a restaurant and bar, and offers free cancellation.  

Final answer: B"
1521,A,"Option A offers free breakfast and a kitchen, which can save money during a one-night stay. While Option B has a higher star rating and better reviews, the lack of free cancellation and breakfast makes it less appealing for a short trip. 

Final answer: A"
1522,A,"Option A is significantly cheaper and includes breakfast, which can save money. While The Standard High Line has a higher star rating and better amenities, the price difference is substantial for a one-night stay. 

Final answer: A"
1525,A,"Option A has a higher guest review score and includes breakfast, which are both valuable to me. While Option B is slightly cheaper, the lack of free cancellation and breakfast make it less appealing. 

Final answer: A"
1526,A,"Both hotels are in the same neighborhood, have similar star ratings and amenities, and offer queen/king bed options.  Option A is cheaper and offers free cancellation, which seems more valuable for a one-night stay. 

Final answer: A"
1529,A,"Both hotels have similar amenities and star ratings. The Hyatt Centric is more expensive but has slightly higher guest reviews. However, the price difference is significant, and the AC Hotel's location in Times Square might be more appealing for some travelers. 

Final answer: A"
1530,A,"Both hotels have similar star ratings, guest reviews, amenities, and price points. The Hyatt Centric is slightly cheaper, but the AC Hotel is located in Times Square, which might be more desirable for a one-night stay due to its vibrant atmosphere and proximity to attractions. 

Final answer: A"
1533,A,"Option A is in Times Square, offering more central access to attractions and nightlife. While it's pricier, the higher star rating and additional amenities like a fitness center and restaurant might be worth it for some travelers. 

Final answer: A"
1534,A,"While Option B is significantly cheaper and has good reviews, I prioritize being in Times Square for its energy and convenience.  The higher star rating and additional amenities of Option A outweigh the price difference for my one-night stay. 

Final answer: A"
1537,A,"Option A is in Times Square, offering more excitement and access to attractions, while Option B is quieter in Brooklyn with breakfast included.  However, the higher review count for AC Hotel suggests a better overall experience. 

Final answer: A"
1538,A,"Option A is in Times Square, offering more excitement and attractions within walking distance. While Option B has a larger room type, the location of Greenpoint might require more travel time to reach popular NYC destinations. 

Final answer: A"
1541,A,"Both hotels have similar amenities and free cancellation. The W New York has a higher guest review score despite more reviews, suggesting it might be a better overall experience.  The location in Times Square is also more central for exploring NYC attractions. 

Final answer: A"
1542,B,"While the W New York offers a more central location in Times Square, the Hyatt Centric Wall Street has a higher guest review score and is significantly cheaper. 

Final answer: B"
1545,A,"While both hotels are 4 stars and offer similar amenities, the NoMo SoHo has a higher guest review score. However, the W New York - Times Square offers free cancellation, which is valuable for a one-night stay.  

Final answer: A"
1546,A,"While NoMo SoHo has a higher guest review score and is located in the trendy SoHo neighborhood, the significantly higher price makes Option A more appealing.  

Final answer: A"
1549,A,"Option A offers a significantly higher star rating, better location (Union Square is more central), and more amenities. While Option B is much cheaper, the lower star rating and shared kitchen facilities suggest a less comfortable experience. 

Final answer: A"
1550,A,"Option A offers a higher star rating, better location (Union Square is more central), and more amenities. While Option B is significantly cheaper, the lower star rating and shared kitchen facilities might not be ideal for a one-night stay. 

Final answer: A"
1553,A,"While The Mercer is a 5-star hotel with a higher guest review score and a more luxurious room type, its price is significantly higher.  The W New York - Union Square offers a comfortable stay at a much lower cost, with comparable amenities and a good guest review score.

Final answer: A"
1554,A,"While The Mercer has a higher star rating and better guest reviews, its price is significantly higher.  The W New York offers comparable amenities at a more affordable price point, making it the better value for a one-night stay. 

Final answer: A"
1557,B,"Option A is in a more central location in Manhattan, while Option B is in Brooklyn.  The price difference is significant, and the amenities offered by both hotels are fairly similar. 

Final answer: B"
1558,A,"Option A is in a more central location in Manhattan, while Option B is in Brooklyn.  The higher guest review score for Option B is appealing, but I value the convenience of being closer to attractions and transportation in Manhattan. 

Final answer: A"
1561,A,"While Option B is slightly cheaper, I value the free cancellation policy offered by Option A.  The location in Midtown East is also preferable as it's generally considered quieter and more convenient for exploring the city. 

Final answer: A"
1562,A,"Both hotels have similar star ratings, amenities, and review scores. The Westin New York Grand Central is slightly cheaper and offers a room with two double beds, which might be preferable for some travelers.  

Final answer: A"
1565,A,"The Bowery Hotel has a higher guest review score and more unique amenities like a fireplace lounge. However, it is significantly more expensive than The Westin New York Grand Central.  

Final answer: A"
1566,A,"The Bowery Hotel has a higher guest review score and more unique amenities like a fireplace lounge. However, it is significantly more expensive.  Since I only need a room for one night, I'm willing to prioritize value over the extra amenities. 

Final answer: A"
1569,B,"While The Westin offers a higher star rating and more amenities, the Arlo Midtown's location in Times Square is highly desirable and its free cancellation policy provides peace of mind.  

Final answer: B"
1570,A,"Option A is in Midtown East, which is generally considered a more central and convenient location than Times Square.  While Option B has a slightly lower price, the higher star rating and guest review score of The Westin suggest a potentially better overall experience. 

Final answer: A"
1573,A,"Option A is closer to major attractions in Midtown Manhattan, while Option B offers a pool and is in the trendy Williamsburg neighborhood.  However, the higher review score and more reviews for The Westin make it seem like a safer bet. 

Final answer: A"
1574,A,"While Option B is significantly cheaper and has a pool, I prioritize location and convenience. The Westin's Midtown East location offers easy access to Manhattan attractions and transportation, making it more suitable for a one-night stay. 

Final answer: A"
1577,A,"Option A is more expensive but offers a higher star rating, better amenities (fitness center), and is located in Midtown East, a prime location for exploring Manhattan. Option B is significantly cheaper and has good reviews but is in Brooklyn and lacks some amenities. 

Final answer: A"
1578,B,"Option A is in a more central location in Midtown East, which is convenient for accessing many attractions. It also has a higher star rating and amenities like a fitness center. However, Option B is significantly cheaper and includes breakfast, which can save money.  

Final answer: B"
1581,A,"While The Boro Hotel has slightly better reviews and a lower price, being in Times Square offers more immediate access to attractions and entertainment.  

Final answer: A"
1582,A,"While The Boro Hotel has a slightly higher guest review score and is cheaper, its location in Long Island City means it's further from the main attractions of Manhattan.  The Westin's Times Square location offers more convenience for exploring the city. 

Final answer: A"
1585,A,"While the Park Hyatt offers more amenities and a higher star rating, the Sheraton is significantly cheaper.  For a one-night stay, I prioritize value over luxury. 

Final answer: A"
1586,A,"While the Park Hyatt offers more amenities and a higher star rating, its price is significantly higher.  The Sheraton provides a comfortable stay with good reviews at a much lower cost, making it the better value for a one-night stay. 

Final answer: A"
1589,A,"While The Marlton Hotel has a higher guest review score and is located in the trendy Greenwich Village, the Sheraton Brooklyn offers free cancellation and is significantly cheaper.  

Final answer: A"
1590,A,"While The Marlton has a higher guest review score and is located in the trendy Greenwich Village, the Sheraton offers breakfast included and additional amenities like a pool and fitness center.  

Final answer: A"
1593,A,"Option A is significantly cheaper and offers similar amenities to Option B. While Midtown East might be more convenient for some attractions, Downtown Brooklyn is still well-connected and offers a different vibe.  

Final answer: A"
1594,A,"While The Renwick Hotel has a higher guest review score and offers free cancellation, its price is significantly higher.  The Sheraton Brooklyn New York Hotel offers comparable amenities at a much lower cost, making it the more value-driven option for a one-night stay. 

Final answer: A"
1597,B,"Option A is more centrally located in Midtown East, which might be preferable for accessing attractions and transportation. However, Option B offers free cancellation, a rooftop pool, and a spa, which could be appealing amenities.  The slightly lower price of Option B also makes it attractive.

Final answer: B"
1598,A,"Option A is significantly cheaper and located in Midtown East, a central location for exploring Manhattan. While Option B has a higher guest review score and more amenities like a rooftop pool and spa, its Brooklyn Heights location might require more travel time to reach popular Manhattan attractions. 

Final answer: A"
1601,B,"Option A is closer to major attractions in Midtown Manhattan, while Option B offers free cancellation and a slightly higher guest review score. However, the price difference is significant, and I value flexibility over location for a one-night stay. 

Final answer: B"
1602,A,"While The Hoxton Williamsburg has a higher guest review score and is cheaper, I prioritize being in Midtown East for easier access to attractions and transportation.  The included breakfast at Hyatt Grand Central New York also adds value. 

Final answer: A"
1605,A,"While the Conrad offers a higher star rating, a suite room, and additional amenities like a spa, the price difference is significant.  The Hyatt Grand Central provides a comfortable stay with good reviews at a more affordable price point. 

Final answer: A"
1606,A,"While the Conrad offers a higher star rating, a suite, and breakfast included, the Hyatt is slightly cheaper and has more guest reviews, suggesting a potentially wider range of experiences.  

Final answer: A"
1609,A,"Both hotels have similar star ratings, guest reviews, and amenities. The Hyatt Centric is in Midtown, which is more central to many attractions, while The Ludlow is in the trendy Lower East Side.  

Final answer: A"
1610,B,"The Ludlow Hotel has a slightly higher guest review score and is less expensive. While the Hyatt Centric Midtown offers a more central location in Midtown, the difference in price and the positive reviews of The Ludlow make it the more appealing option for me. 

Final answer: B"
1613,A,"Option A is in Times Square, offering more excitement and access to attractions, while Option B is in a quieter beach location.  Since I value being in the heart of the action, I'll choose Option A despite the higher price. 

Final answer: A"
1614,A,"Option A is in Times Square, offering more excitement and access to attractions, while Option B is in a quieter beach location.  The slightly higher price of Option A is justified by its prime location for exploring NYC. 

Final answer: A"
1617,A,"Option A is more expensive but offers a higher star rating, better location in Times Square, and additional amenities like a fitness center and restaurant. While Option B is cheaper and has a rooftop bar, its lower star rating and location in Queens might not be as desirable for a one-night stay in NYC. 

Final answer: A"
1618,A,"Option A is more expensive but offers a higher star rating, better location in Times Square, and includes breakfast. While Option B is cheaper and has a rooftop bar, the lower star rating and lack of breakfast make it less appealing for a one-night stay. 

Final answer: A"
1621,A,"Option A is cheaper and offers free cancellation, which provides flexibility. While Option B has a slightly higher review score and amenities like a rooftop pool and spa, the price difference and lack of free cancellation make Option A more appealing for a one-night stay. 

Final answer: A"
1622,A,"Option A is significantly cheaper and offers free cancellation, which provides flexibility. While Option B has a higher review score and amenities like a rooftop pool and spa, the price difference is substantial for a one-night stay. 

Final answer: A"
1625,A,"While the 1 Hotel Central Park has a higher star rating and better guest reviews, its price is significantly higher.  The Hyatt Regency Times Square offers a good value for money with its lower price and convenient location in Times Square.

Final answer: A"
1626,A,"While the 1 Hotel Central Park has a higher star rating and better guest reviews, its price is significantly higher.  The Hyatt Regency Times Square offers a comparable experience at a more affordable price point.

Final answer: A"
1629,B,"While the Hyatt Regency has a higher star rating and more reviews, the Tempo by Hilton offers a kitchen which could be useful for saving money on meals.  The price difference is also significant. 

Final answer: B"
1630,A,"While Option B is significantly cheaper and has a slightly higher guest review score, the free breakfast and free cancellation offered by Option A are valuable perks for a one-night stay. 

Final answer: A"
1633,B,"While the Park Hyatt offers luxury amenities and a prime location, its price is significantly higher. The Marlton provides a comfortable stay in a charming neighborhood at a much more affordable rate.  

Final answer: B"
1634,B,"While the Park Hyatt offers luxury amenities and a higher star rating, its price is significantly more than The Marlton.  For a one-night stay, I prioritize value and location, and The Marlton's Greenwich Village location appeals to me. 

Final answer: B"
1637,B,"While the Park Hyatt offers more amenities like a bar and a slightly higher guest review score, The Greenwich Hotel is significantly cheaper and still boasts excellent reviews and comparable amenities. 

Final answer: B"
1638,A,"While The Greenwich Hotel has a slightly higher review score and includes breakfast, I value free cancellation more.  The Park Hyatt also offers a wider range of amenities. 

Final answer: A"
1641,A,"Both hotels are 5 stars with similar amenities and prices. The Park Hyatt has a slightly higher guest review score, making it the more appealing choice.

Final answer: A"
1642,A,"While The Peninsula has a slightly higher guest review score and offers free cancellation, the price difference is significant.  For a one-night stay, the extra amenities and slightly lower score of the Park Hyatt are not worth the substantial cost increase. 

Final answer: A"
1645,B,"While the Park Hyatt offers luxury amenities and a higher star rating, its price is significantly more expensive. The Hoxton Williamsburg provides a comfortable stay with good reviews at a much lower cost, making it a better value for a one-night stay. 

Final answer: B"
1646,B,"While the Park Hyatt offers luxury amenities and a prime location, its high price and lack of free cancellation are deterrents. The Hoxton Williamsburg provides a more affordable option with good reviews and the flexibility of free cancellation, making it a better value for a one-night stay. 

Final answer: B"
1649,A,"While The Ritz-Carlton offers breakfast included and a slightly higher guest review score, the Park Hyatt is significantly cheaper.  The amenities offered by both hotels are very similar. 

Final answer: A"
1650,A,"While The Ritz-Carlton is more highly rated, the Park Hyatt offers a significantly lower price for comparable amenities.  The difference in guest reviews isn't substantial enough to justify the extra cost. 

Final answer: A"
1653,A,"While The Mercer has a higher guest review score and a more unique room type, the price difference is significant.  The Beekman offers comparable amenities at a much lower cost, making it the more value-driven choice for a one-night stay. 

Final answer: A"
1654,A,"The Mercer has a higher guest review score and is located in the trendy SoHo neighborhood. However, it costs significantly more than The Beekman.  

Final answer: A"
1657,B,"While The Beekman offers a luxurious experience with its 5-star rating and historic atrium, its price is significantly higher.  The Boro Hotel provides a comfortable stay in a desirable location with Manhattan views at a more affordable price.

Final answer: B"
1658,B,"Option A offers a more luxurious experience with its 5-star rating, prime location in the Financial District, and unique Turret Suite. However, Option B is significantly cheaper, includes breakfast, and boasts stunning Manhattan views.  

Final answer: B"
1661,A,"While the 1 Hotel Central Park offers more luxury amenities and a higher guest review score, the significant price difference of $335 makes it less appealing for a one-night stay.  The Wyndham New Yorker Hotel provides a comfortable room in a convenient location at a much more affordable price.

Final answer: A"
1662,A,"While the 1 Hotel Central Park offers more luxurious amenities and a higher guest review score, the significant price difference of $287 makes it less appealing for a one-night stay.  The Wyndham New Yorker Hotel provides a comfortable stay in a convenient location at a much more affordable price.

Final answer: A"
1665,B,"While Option B is more expensive and has fewer reviews, its higher star rating, better location (Flatiron), free cancellation policy, and additional amenities like a restaurant and rooftop make it a more appealing choice for a one-night stay. 

Final answer: B"
1666,B,"While Option B is more expensive and doesn't include breakfast, it has a higher star rating, better guest reviews, and desirable amenities like a restaurant, bar, and rooftop.  The free cancellation policy also provides peace of mind. 

Final answer: B"
1669,B,"Option A is significantly cheaper, but Option B has a higher star rating and better guest reviews.  While Midtown East is more central, I value the rooftop bar amenity and slightly better experience offered by Z Hotel. 

Final answer: B"
1670,A,"Option A is cheaper and located in Midtown East, a more central location for exploring Manhattan. While Option B has a higher star rating and a rooftop bar, its location in Queens might require more travel time to reach popular attractions. 

Final answer: A"
1673,A,"Option A is significantly cheaper and offers free cancellation, which is valuable for a one-night stay. While Option B has a higher star rating and additional amenities, the price difference and lack of free cancellation make it less appealing for this trip. 

Final answer: A"
1674,A,"Option A is significantly cheaper, and while it has a lower star rating and review score, the difference isn't drastic.  The location in Midtown might be more convenient depending on my plans. 

Final answer: A"
1677,A,"Option A is significantly cheaper and offers free breakfast, which can be a big plus for budget travelers. While Option B has a higher star rating and more amenities, its location in Williamsburg might not be as convenient for exploring Manhattan attractions, and the lack of breakfast adds to the cost. 

Final answer: A"
1678,A,"Option A is significantly cheaper and located in Midtown, closer to many major attractions. While Option B has a higher star rating and more amenities, its location in Williamsburg might require more travel time and expense to reach popular NYC destinations. 

Final answer: A"
1681,A,"While Pod Brooklyn has a higher star rating and better guest reviews, its location in Williamsburg is farther from Manhattan attractions. The Jane Hotel's West Village location offers more convenience for exploring NYC at a significantly lower price. 

Final answer: A"
1682,A,"While Pod Brooklyn has a higher star rating and better guest reviews, its location in Williamsburg is farther from Manhattan attractions. The Jane Hotel's West Village location offers more convenience for exploring NYC at a significantly lower price. 

Final answer: A"
1685,A,"While The Pierre offers luxury amenities and a higher star rating, its price is significantly more expensive. For a one-night stay, I prioritize value and location. The Jane Hotel's lower price point and West Village location are more appealing for my needs. 

Final answer: A"
1686,A,"Option A is significantly cheaper and has decent reviews for its price point. While Option B offers more luxury amenities, they are not essential for a one-night stay and the price difference is substantial. 

Final answer: A"
1689,A,"While the McCarren Hotel offers more amenities and a higher star rating, its price is significantly higher. The Jane Hotel, despite being a lower-rated option, is considerably cheaper and still has decent reviews and basic amenities like WiFi. 

Final answer: A"
1690,A,"While the McCarren Hotel offers more amenities and a higher star rating, its price is significantly higher. The Jane Hotel, despite being a lower-rated option, is considerably cheaper and still has decent reviews and essential amenities like WiFi. 

Final answer: A"
1693,A,"Option A is significantly cheaper, but lacks amenities like a restaurant and fitness center. Option B offers more luxury and convenience, but at a much higher price.  

Since I'm only staying for one night and prioritize saving money, I'll choose the cheaper option. 

Final answer: A"
1694,A,"While The James New York NoMad offers more amenities and a higher star rating, its price is significantly higher.  The Local NYC provides a good guest review score at a much lower cost, making it a better value for a one-night stay. 

Final answer: A"
1697,A,"While Option B has a higher star rating and a queen bed, Option A is cheaper and offers a shared kitchen which could be useful for saving money on meals.  The guest reviews are also very similar. 

Final answer: A"
1698,A,"Option A is significantly cheaper and offers free cancellation, which is valuable for a one-night stay. While Option B has a higher star rating and a fitness center, the price difference and lack of free cancellation make Option A more appealing. 

Final answer: A"
1701,A,"Option A is significantly cheaper and has a higher guest review score. While Option B offers more amenities and a prime location in Times Square, those benefits don't outweigh the cost difference for a one-night stay. 

Final answer: A"
1702,A,"Option A is significantly cheaper and has a higher guest review score. While Option B offers more amenities and a better location, the price difference is substantial and the lower review score makes me hesitant. 

Final answer: A"
1705,A,"Option A is significantly cheaper and still has good reviews. While Option B offers more luxury amenities, I don't need them for a one-night stay and would rather save money. 

Final answer: A"
1706,A,"Option A is significantly cheaper, but it's a 2-star hotel with a shared kitchen and bunk beds. Option B is a luxurious 5-star hotel with many amenities, but it's much more expensive.  

Final answer: A"
1709,A,"While Z Hotel has slightly more reviews and is in a different borough, Pod Brooklyn offers free cancellation which is valuable for a one-night stay.  The price difference isn't significant enough to outweigh the flexibility of free cancellation. 

Final answer: A"
1710,A,"While Z Hotel has a slightly higher guest review score and more reviews, Pod Brooklyn offers free cancellation which is valuable for a one-night stay.  The price difference isn't significant enough to outweigh the flexibility of free cancellation. 

Final answer: A"
1713,A,"Option A is significantly cheaper and has good reviews. While Option B offers more amenities and a prime location, I prioritize affordability for a one-night stay. 

Final answer: A"
1714,A,"Option A is significantly cheaper and has good reviews. While Option B offers more amenities and a prime location, I prioritize affordability for a one-night stay. 

Final answer: A"
1717,A,"While The Ritz-Carlton offers luxury amenities and breakfast, its price is significantly higher than Pod Brooklyn.  For a one-night stay, I prioritize value and a good location, which Pod Brooklyn provides with its high guest rating and trendy Williamsburg neighborhood. 

Final answer: A"
1718,A,"Option A is significantly cheaper and still has good reviews. While Option B offers more amenities and luxury, they are not essential for a one-night stay and the price difference is substantial. 

Final answer: A"
1721,A,"While The Boro Hotel is significantly cheaper and offers Manhattan views, The Bowery Hotel's location in the East Village, included breakfast, and higher guest review score make it a more appealing option for a one-night stay. 

Final answer: A"
1722,A,"While The Boro Hotel is significantly cheaper and offers Manhattan views, I value being in a more central location like the East Village.  The included breakfast at The Bowery Hotel also adds to its appeal. 

Final answer: A"
1725,B,"The Bowery Hotel has a higher guest review score and is located in a trendy neighborhood. However, the Marriott Marquis is significantly cheaper and offers additional amenities like a fitness center.  

Final answer: B"
1726,B,"While The Bowery Hotel has a higher guest review score and more appealing amenities like a fireplace lounge, its location in the East Village might be less convenient for exploring Times Square attractions.  The Marriott Marquis offers a lower price and is directly in the heart of Times Square. 

Final answer: B"
1729,A,"While Option B is significantly cheaper, Option A offers a higher star rating, better location in Greenwich Village, and includes breakfast.  

Final answer: A"
1730,B,"While The Marlton Hotel is more luxurious and has a higher guest review score, its lack of free cancellation and breakfast included are drawbacks.  The Paper Factory Hotel offers free cancellation, breakfast, and is significantly cheaper. 

Final answer: B"
1733,B,"The Standard High Line is significantly cheaper and has a slightly higher guest review score. While The Standard East Village offers free cancellation, I prioritize cost-effectiveness in this case. 

Final answer: B"
1734,A,"The Standard High Line has a slightly higher guest review score and offers free cancellation, which could be valuable. However, the price difference is significant ($104), and the amenities are largely similar.  

Final answer: A"
1737,A,"While Hotel Hugo is cheaper and in the trendy SoHo neighborhood, The Standard High Line offers breakfast included and has a higher guest review score.  The amenities at The Standard also seem more appealing for a one-night stay. 

Final answer: A"
1738,A,"The Standard High Line has a slightly higher guest review score and offers more amenities like a beer garden. While Hotel Hugo is cheaper and located in SoHo, which can be appealing, the extra amenities and better reviews of The Standard High Line make it the more attractive option for me. 

Final answer: A"
1741,A,"While The St. Regis offers a higher star rating and more amenities, its price is significantly higher than NoMo SoHo.  The difference in guest review scores is not substantial enough to justify the extra cost for a one-night stay. 

Final answer: A"
1742,A,"While The St. Regis offers a higher star rating and more amenities like butler service and a fitness center, the price difference is significant.  For a one-night stay, the extra amenities and location in Midtown might not be worth the extra $460. 

Final answer: A"
1745,A,"While Option B is significantly cheaper and has a slightly higher guest review score, I value free cancellation and included breakfast.  The 4-star rating of NoMo SoHo also suggests a potentially better overall experience.

Final answer: A"
1746,B,"While the NoMo SoHo has a higher star rating and slightly better guest reviews, the Moxy NYC Chelsea is significantly cheaper.  The difference in price outweighs the minor differences in quality for a one-night stay. 

Final answer: B"
1749,B,"While The Mercer is more luxurious and has a higher guest review score, the significant price difference makes Option B more appealing.  The Wythe Hotel still offers good amenities and a desirable location in Williamsburg for a fraction of the cost. 

Final answer: B"
1750,B,"While The Mercer is more luxurious and has excellent reviews, the Wythe Hotel offers breakfast included and is significantly cheaper.  The location in Williamsburg is also appealing. 

Final answer: B"
1753,B,"Option A has a higher guest review score and more amenities like a rooftop pool and spa. However, Option B is significantly cheaper.  Since I value a good night's sleep and don't need all the extra amenities, I'd choose the cheaper option with a decent review score. 

Final answer: B"
1754,B,"Option A has a higher guest review score and more amenities like a rooftop pool and spa. However, it is significantly more expensive than Option B.  

Final answer: B"
1757,A,"Option A is more expensive but offers a higher star rating, better location (Midtown), and additional amenities like a spa and fitness center. While Option B includes breakfast and has good reviews, the lack of free cancellation and fewer amenities make it less appealing for a one-night stay. 

Final answer: A"
1758,B,"While the 1 Hotel Central Park offers a luxurious experience with a higher star rating and included breakfast, the Walker Hotel Tribeca provides free cancellation and is significantly cheaper.  

Final answer: B"
1761,B,"While the Mandarin Oriental offers luxury amenities and a stunning view, the Wythe Hotel provides a more affordable option with comparable amenities and a trendy Brooklyn location.  

Final answer: B"
1762,B,"While the Mandarin Oriental offers luxury amenities and a prime location with a stunning view, its price is significantly higher. The Wythe Hotel provides a comfortable stay in a trendy neighborhood at a much more affordable price. 

Final answer: B"
1765,B,"While the Mandarin Oriental offers a luxurious experience with a stunning view and included breakfast, the Conrad provides free cancellation and is significantly cheaper.  

Final answer: B"
1766,B,"While the Mandarin Oriental offers a stunning view and more amenities like a pool, the Conrad is significantly cheaper and still boasts high ratings and essential amenities.  

Final answer: B"
1769,B,"While The Carlyle offers luxury and amenities like breakfast and live jazz, Smyth Tribeca is significantly cheaper.  For a one-night stay, I prioritize value over extra perks. 

Final answer: B"
1770,B,"While The Carlyle offers luxury and amenities, its price is significantly higher than Smyth Tribeca.  The difference in star rating and included amenities doesn't justify the extra cost for a one-night stay. 

Final answer: B"
1773,B,"While the Lotte New York Palace offers more amenities and a higher star rating, its price is significantly higher.  The Arlo Midtown provides a good location in Times Square at a much lower cost, making it a better value for a one-night stay. 

Final answer: B"
1774,B,"While the Lotte New York Palace offers more luxury and amenities, its price is significantly higher.  For a one-night stay, the Arlo Midtown provides a good location in Times Square at a much more affordable price. 

Final answer: B"
1777,B,"While the Lotte New York Palace is more luxurious with additional amenities like a spa, the price difference of $265 for a one-night stay is significant.  The Renwick Hotel offers comparable guest reviews and essential amenities at a much lower cost. 

Final answer: B"
1778,B,"While the Lotte New York Palace is more luxurious with a higher star rating and included breakfast, the Renwick Hotel offers free cancellation and a lower price.  For a one-night stay, the potential flexibility of free cancellation outweighs the added amenities of the Palace. 

Final answer: B"
1781,A,"While the Marriott is rated higher and has more amenities, its location in the Financial District might be less convenient for exploring NYC. The Arlo Midtown's Times Square location offers easy access to attractions and entertainment, making it a better fit for a one-night stay focused on experiencing the city. 

Final answer: A"
1782,A,"While the Marriott is a higher star rating and has more reviews, the Arlo Midtown's location in Times Square offers more immediate access to attractions and entertainment.  The price difference isn't substantial enough to outweigh the convenience of being closer to the heart of NYC. 

Final answer: A"
1785,A,"While the Smyth Tribeca has a slightly higher star rating and is in a trendy neighborhood, The Renwick Hotel offers free cancellation and is significantly cheaper.  

Final answer: A"
1786,A,"Option A is cheaper and has slightly higher guest ratings. While Option B offers free cancellation, I don't anticipate needing it for a one-night stay. 

Final answer: A"
1789,A,"While Option B is significantly cheaper and offers a pool, I prioritize location and guest reviews. TriBeCa is generally considered more desirable than Williamsburg, and the Walker Hotel has a higher guest review score. 

Final answer: A"
1790,B,"While the Walker Hotel Tribeca has a slightly higher guest review score and is located in a trendy neighborhood, the McCarren Hotel & Pool offers free cancellation and a pool at a significantly lower price.  

Final answer: B"
1793,A,"Option A has a higher guest review score and is located in the trendy TriBeCa neighborhood. However, Option B offers free cancellation and a fitness center, which could be valuable amenities.  

Final answer: A"
1794,B,"Option A has a slightly higher guest review score and is located in the trendy TriBeCa neighborhood. However, Option B offers free cancellation, which provides peace of mind, and includes a fitness center.  

Final answer: B"
1797,B,"While the Marriott Marquis is more luxurious and has more amenities, its location in Times Square might be noisy and crowded. The Moxy NYC Chelsea offers a good value with a higher guest review score and a desirable location in Chelsea. 

Final answer: B"
1798,B,"While the Marriott Marquis offers more amenities and a higher star rating, its price is significantly higher. The Moxy NYC Chelsea has excellent reviews, free cancellation, and a lower price point, making it a more attractive option for a one-night stay. 

Final answer: B"
