task_id,choice,raw_output
1,B,"Option A is much cheaper ($89) but has lower quality indicators (2-star rating, 7.8 score) and no free cancellation. Option B costs more ($303) but has a higher guest score (8.2), a 4-star hotel, better amenities (fitness and restaurant), and includes free cancellation, reducing risk if plans change. Overall, the added comfort and flexibility make Option B the better choice despite the higher price.  
Final answer: B"
2,B,"Option A is much cheaper ($96 vs. $295) and offers free cancellation, but it’s only 2 stars and has a lower review score (7.7 vs. 8.2) with fewer amenities. Option B costs more and doesn’t allow free cancellation, but it has a significantly higher star rating, better guest reviews, and includes more facilities like a fitness center and on-site restaurant. For one night, I’d prioritize overall comfort and quality given the better rating, accepting the higher cost and fixed cancellation policy.  
"
5,B,"Option A is much cheaper ($114 vs. $214) but has a lower review score (8.0 vs. 8.7) and fewer amenities, with no breakfast and only basic perks like WiFi and air conditioning. Option B costs more but offers a clearly higher-rated hotel (8.7), is in a desirable area (NoMad), and includes more value-added amenities (restaurant, rooftop bar, fitness center) despite also lacking breakfast and having no free cancellation.  

Final answer: B"
6,B,"Option A is much cheaper ($99 vs. $282) and has free cancellation and similar basic amenities (WiFi, A/C), but it has a lower guest score (7.7 vs. 8.7) and only 2-star quality. Option B costs more, yet offers a far higher guest review score (8.7), a more premium 4-star setting in NoMad, and added amenities (restaurant, rooftop bar, fitness center). Overall, the better experience and guest satisfaction make Option B worth the extra cost.  
Final answer: B"
9,B,"Option A is far cheaper ($82) but has a lower review score (7.8) and fewer amenities, and it doesn’t include breakfast either. Option B costs much more ($783) but has a much higher review score (8.9) plus major amenities (rooftop pool, spa, fitness center, restaurant) in a premium location. If I’m prioritizing value, I’d pick A; if I’m prioritizing a higher-quality, amenity-rich stay, I’d pick B.  

Final answer: B"
10,A,"Option A is far cheaper ($76) but has a lower review score (7.6) and a much more basic setup (no breakfast, fewer amenities). Option B costs much more ($783) but offers a significantly higher review score (8.8) and premium amenities (rooftop pool, spa, fitness, restaurant) in a strong location. Given the large difference in price, I’d choose Option A for value unless I specifically need luxury facilities.  

Final answer: A"
13,B,"Option A is much cheaper ($112) but has a lower guest score (7.7) and no free cancellation or breakfast. Option B costs more ($371) but offers a higher rating (8.0), includes breakfast, and has more amenities (restaurant, fitness center, “Heavenly Bed”), making it the better overall value for comfort.  
Final answer: B"
14,B,"Option A is much cheaper ($79) and has free cancellation and good-enough amenities (free WiFi, A/C), but it’s a 2-star hotel with a lower guest score (7.7) and no breakfast. Option B costs far more ($327) but offers a higher guest score (8.1), 4-star experience, and more amenities (restaurant, fitness center, and Heavenly Bed), with the same free cancellation and no breakfast. I’d choose the better overall guest experience and comfort despite the higher price.  

Final answer: B"
17,B,"Option A is much cheaper ($106 vs. $241) with similar free cancellation, but it’s only 3 stars and has a lower guest score (8.0 vs. 8.7). Option B costs more, yet the higher review score and 4-star setup (plus nicer amenities like rain shower and Smart TV) make it the better overall value if budget allows.  
Final answer: B"
18,B,"Option A is much cheaper ($128 vs $258) and offers free cancellation and solid reviews (8.0/10), but it’s only 3 stars and lacks the upgraded room features beyond basic amenities. Option B costs more, yet has a higher review score (8.7/10) and 4 stars, with more appealing amenities (rain shower and smart TV) and the same free cancellation. Overall, the better guest score and upgraded comfort are worth the extra cost.  
Final answer: B"
21,B,"Option A is much cheaper ($95 vs. $150) and offers free cancellation, but it’s lower-rated (7.9 vs. 8.5) and doesn’t include breakfast. Option B costs more and has no free cancellation, but it has a higher guest score, better comfort features (soundproofing, rain shower, smart TV), and a private king bed. Overall, the better reviews and room quality make Option B the stronger choice despite the higher price.  
Final answer: B"
22,B,"Option B costs much more ($327 vs. $141), but it offers a higher guest score (8.8 vs. 8.1) and better 4-star amenities like soundproof rooms and rain showers, which can materially improve the stay. Since both include free cancellation and no breakfast, the key difference is value vs. comfort/location—I'd pay extra for the noticeably higher reviews and soundproofing.  
Final answer: B"
25,B,"Option A is much cheaper ($107) but has a lower review score (7.9 vs 8.4) and no free cancellation or breakfast. Option B costs more ($481), yet offers higher guest satisfaction, includes breakfast, and has more amenities (spa/fitness) plus a 5-star experience. I’ll choose the value-for-quality upgrade despite the higher price.  
Final answer: B"
26,A,"Option A is much cheaper ($105 vs. $415) and offers free cancellation, which reduces risk, though it’s only 3 stars and has a lower review score (7.9 vs. 8.5). Option B has a stronger reputation, more amenities (spa/fitness/bar), and a better area, but it costs far more and has no free cancellation. For a one-night stay where flexibility and value matter most, I’d choose Option A.  

Final answer: A"
29,B,"Option A is much cheaper ($127 vs. $285) and still has solid amenities (WiFi, rooftop bar, restaurant), but it’s in a more casual 3-star setup and you can’t cancel and won’t get any breakfast included. Option B costs more, but offers a higher guest score (8.2 vs. 7.8), a 4-star hotel with a fitness center, and free cancellation, which reduces risk if plans change.  
Final answer: B"
30,A,"Option A is much cheaper ($97 vs $357) but has no free cancellation and a slightly higher review score (8.0 vs 7.9). Option B costs far more but offers free cancellation and a more traditional, higher-star hotel experience (4 stars, fitness center) in Midtown East. Given the large price difference for one night, I’d prioritize value while accepting the risk of no cancellation.  
Final answer: A"
33,B,"Option A is cheaper ($116) but has a lower review score (7.6), no free cancellation, and fewer amenities (no fitness center/restaurant). Option B costs more ($173) but is higher rated (8.1), offers free cancellation, and includes better facilities (restaurant and fitness center) for a similar one-night stay.  
Final answer: B"
34,B,"Option A is much cheaper ($92 vs. $192) but has no free cancellation, lower guest score (7.5 vs. 8.0), and fewer amenities (only free WiFi and a shared lounge). Option B costs more but offers free cancellation, a higher review score, and better facilities like a restaurant and fitness center, making it a safer choice if plans might change. I’d choose Option B for flexibility and overall quality.  
Final answer: B"
37,B,"Option A is much cheaper ($131 vs. $290) and offers free cancellation, which reduces risk, but it’s only 2 stars and has a lower review score (7.5 vs. 8.0) with more limited amenities. Option B costs more and has no free cancellation, but its higher star rating, better guest score, and added amenities (rooftop bar/restaurant) make it a more comfortable choice despite the risk.  
Final answer: B"
38,B,"Option A is cheaper ($164) but has lower reviews (7.4 vs 7.9) and no free cancellation, so you have less flexibility if plans change. Option B costs a bit more ($182) but offers a higher-rated 4-star hotel, a more comfortable room type (king bed), and free cancellation for added risk protection.  

Final answer: B"
41,B,"Option A is cheaper ($144) but has a lower guest score (7.6 vs 8.2) and weaker amenities (only free WiFi and a shared lounge, no breakfast). Option B costs more ($194) but offers a higher-rated hotel, a better amenity set (fitness center and breakfast included), and a more substantial 3-star option near Times Square.  
Final answer: B"
42,B,"Option A is much cheaper ($99 vs. $249) but has a lower review score (7.7 vs. 8.2), no breakfast, and no free cancellation. Option B costs more, yet it offers higher-rated service, breakfast included, and better amenities like a fitness center. Overall, for a one-night stay, the added comfort and included breakfast make Option B the better value despite the higher price.  

Final answer: B"
45,B,"Option A is much cheaper ($126) and has a decent review score (7.7) but it’s a 2-star property with a smaller “pod” style room and fewer amenities, plus no free cancellation and no breakfast. Option B costs far more ($520) but offers a higher review score (8.7), a true king room, and significantly better amenities in a prime area. Overall, the quality and comfort gap outweighs the price difference for me.  
Final answer: B"
46,B,"Option A is much cheaper ($143 vs. $467) but has no free cancellation, no breakfast, and a lower guest score (7.5 vs. 8.6). Option B costs more, yet offers better reviews, free cancellation, and includes breakfast plus more amenities (fitness, restaurant/bar). For a one-night stay where flexibility and overall experience matter, I’d choose Option B despite the higher price.  
Final answer: B"
49,B,"Both options have the same guest review score (7.4) and no free cancellation or breakfast, so the main differences are location, room type, and amenities. Option A is cheaper by $67/night and includes a shared lounge and free WiFi, but it’s a smaller “pod” room and has only basic amenities. Option B costs more but offers a larger, more standard queen room and a fitness center in Midtown. I’d choose the better room/amenity value despite the higher price.  

Final answer: B"
50,A,"Option A is cheaper ($168 vs. $234) and offers free cancellation, which reduces booking risk, with a very similar guest score (7.3 vs. 7.2). Option B has a higher star rating and a fitness center, but costs more and has no free cancellation, and the review base is larger though the score is slightly lower. Given the close ratings and the value of free cancellation, I’d choose Option A.  

Final answer: A"
53,B,"Option A is much cheaper ($115) but has no free cancellation and a lower review score (7.5) for a smaller “pod” room in NoHo. Option B costs more ($262) but offers a higher review score (8.5), a more conventional queen room, and free cancellation, plus a restaurant on-site. For most people, the added comfort and flexibility make Option B the better overall choice.  
Final answer: B"
54,B,"Option A is far cheaper ($122 vs. $376) but has a much lower review score (7.3 vs. 8.5) and fewer amenities (no restaurant, shared lounge). Option B costs more, yet it’s in a better-reviewed, higher-star hotel (4 stars, 8.5/10) and includes a restaurant, which may improve comfort and overall experience for a single night.  
Final answer: B"
57,B,"Option A is cheaper ($165) but has lower reviews (7.4 vs 8.0), no breakfast, and is a 2-star property with fewer amenities beyond WiFi and a shared lounge. Option B costs $25 more but offers better guest scores (8.0), includes breakfast, and has stronger amenities (pool and restaurant) in a 4-star hotel. Overall, the added value and higher satisfaction make Option B the better choice.  

Final answer: B"
58,B,"Option B costs $26 more but offers a higher guest score (7.9 vs 7.7), a more comfortable room type (king bed), and stronger amenities (pool and restaurant) while both lack breakfast and free cancellation. Given the better overall rating and added facilities, I’d choose Option B.  
Final answer: B"
61,A,"Option A is much cheaper ($77 vs. $208) and offers free cancellation, plus a solid review score (7.9). Option B has a slightly higher review score (8.1) and is in a more central-feeling area (Lower East Side) with more amenities (rooftop bar) and 3 stars, but it costs far more and has no free cancellation.  
Final answer: A"
62,A,"Option A is much cheaper ($91 vs $254) and both options offer free cancellation and no breakfast, so the main difference is quality/reviews and amenities. Option B has a higher guest score (8.2 vs 7.9), a higher star rating (3 vs 2), and better “experience” amenities (rooftop bar) while still including free WiFi and an on-site restaurant. Given the relatively small score gap but a large price gap, I’d prioritize value and choose Option A.  
Final answer: A"
65,B,"Option A is cheaper ($132) with free cancellation, but it’s a lower-rated (8.2) 2-star hotel and doesn’t include breakfast. Option B costs more ($257) but has a higher guest score (8.5), is 3-star, and includes breakfast plus a fitness center. For a one-night stay, the included breakfast and better overall rating make Option B the stronger value despite the higher price.  

Final answer: B"
66,B,"Option A is cheaper ($123) and still has a solid score (8.1), but it’s 2-star, lacks breakfast, and has fewer amenities. Option B costs more ($162) but is in a more central area (Times Square), is 3-star, has a higher review score (8.5), and includes breakfast plus a fitness center.  
Final answer: B"
69,B,"Option A is much cheaper ($108 vs. $772) but has a low 2-star rating and a noticeably lower guest score (7.9 vs. 9.5). Option B costs far more yet offers a 5-star experience, a much higher review score, and better amenities (gym and screening room). With the trade-off being price versus quality, I’d choose the higher-rated overall experience.  
Final answer: B"
70,B,"Option A is far cheaper ($114 vs. $966) but has a much lower star rating (2 stars) and lower guest score (8.1 vs. 9.4). Option B costs much more, yet it offers a top-tier 5-star experience, a higher review score, and better amenities (notably gym and a screening room). Since the question is about choosing the better overall stay despite the cost, I choose Option B.  
Final answer: B"
73,B,"Option A is much cheaper ($87) but is lower-rated (7.9) and offers no free cancellation. Option B is far more expensive ($808) but has a higher rating (8.4) in Midtown and includes free cancellation, plus stronger amenities (spa and fitness). Given the significant value of free cancellation and better overall guest satisfaction, I choose Option B.  

Final answer: B"
74,A,"Option A is much cheaper ($107) and has free cancellation, but it’s only 2-star and in Washington Heights with fewer amenities. Option B costs far more ($1,236), has no free cancellation, but is a much more premium 5-star Midtown stay with a slightly higher review score and major amenities (spa, fitness center, Palm Court). Given the large price difference, I’d prioritize value and flexibility.  
Final answer: A"
77,A,"Option A is much cheaper ($75 vs $486) and still has a solid review score (8.0/10), but it’s only 2 stars and lacks extra amenities like a spa or fitness center. Option B costs far more, yet offers a much higher star level (5 stars) and a better review score (8.5/10) plus additional amenities (fitness center and spa). Since the choice is between comfort/amenities and major price savings, I’d choose the value-focused option.  

Final answer: A"
78,B,"Option A is much cheaper ($83) and still has a solid guest score (8.0), but it’s 2 stars and has no free cancellation or breakfast. Option B costs far more ($414) but offers a much higher-rated experience (8.4), 5-star amenities (fitness/spa), and free cancellation, which reduces risk. Given the value of flexibility and the much better facility/quality, I choose Option B.  

Final answer: B"
81,A,"Option A is much cheaper ($82 vs. $915) and also offers free cancellation, with a decent review score (8.0). Option B costs far more but provides a significantly higher review score (9.0) and much better amenities (spa, pool, fitness center) plus a premium location/room view. For most one-night trips, the big price difference makes Option A the better value unless you specifically need luxury amenities.  

Final answer: A"
82,A,"Option A is far cheaper ($113 vs. $1,356) and still has a strong review score (8.2) with free WiFi and free cancellation, though it lacks extra perks like a spa/pool and doesn’t include breakfast. Option B costs much more but offers a higher review score (8.8) and premium amenities (spa, pool, fitness center) in a higher-rated 5-star hotel. For most one-night stays, the massive price difference makes A the better value.  

Final answer: A"
85,B,"Option A is cheaper ($99) with a higher guest score (8.2 vs 7.9), but it lacks free cancellation and breakfast. Option B costs more ($175) but offers free cancellation, breakfast included, and a rooftop bar, plus the slightly higher star rating. Given the value of flexibility and included breakfast, I choose Option B.  

Final answer: B"
86,A,"Option A is cheaper ($125 vs. $190) and has a higher guest score (8.0 vs. 7.8) with free cancellation, with WiFi plus both a restaurant and bar. Option B has the higher star rating (3 vs. 2) and a rooftop bar, but costs more and scores slightly lower. Overall, the better value and stronger reviews make Option A the safer choice.  
Final answer: A"
89,B,"Option A is much cheaper ($87) but has a lower review score (7.3) and no free cancellation, so there’s more risk if plans change. Option B costs more ($393) but offers a higher-rated hotel (8.5), more amenities (restaurant, concierge, fitness), and free cancellation for flexibility. Given the choice, I’d prioritize value plus flexibility and better overall quality.  
Final answer: B"
90,B,"Option A is much cheaper ($147 vs. $233) but has a lower guest score (7.3 vs. 8.7) and no free cancellation, which increases risk if plans change. Option B costs more, but the higher rating and free cancellation make it a better overall value and more reliable choice for a one-night stay.  
Final answer: B"
93,B,"Option A is much cheaper ($104) but has lower reviews (7.7) and fewer perks, with no free cancellation or breakfast. Option B costs more ($260) but offers significantly better guest scores (8.7), includes breakfast, and provides free cancellation along with more amenities like a restaurant and concierge. Given the value of cancellation flexibility and higher guest satisfaction, I choose Option B.  
Final answer: B"
94,B,"Option A is much cheaper ($125 vs $435) but is only 2 stars and lacks breakfast, and it also includes fewer amenities. Option B costs more, but it’s in a better-rated 4-star hotel (8.6 vs 7.7) with breakfast included and more facilities like a restaurant and concierge.  
Final answer: B"
97,B,"Option A is far cheaper ($112) but has a lower guest score (7.6) and fewer amenities, with no breakfast either. Option B costs much more ($501) but offers a much higher guest score (8.6), a 4-star hotel, and additional amenities like a restaurant and bar. Given the big difference in quality signals and amenities, I’d choose the better experience overall.  
Final answer: B"
98,B,"Option A is far cheaper ($95) but offers no free cancellation and no breakfast, with a lower review score (7.5/10) and fewer amenities. Option B costs much more ($483) but provides free cancellation, breakfast, a higher review score (8.5/10), and more amenities (restaurant/bar), which likely makes it the better overall value if budget allows.  
Final answer: B"
101,B,"Option A is cheaper ($111) but has worse reviews (7.6 vs 8.0), fewer amenities, and no free cancellation or breakfast. Option B costs more ($217) but offers better guest scores, free cancellation, and breakfast included, which are meaningful added value and flexibility for a one-night NYC stay. I’d choose the option that reduces risk and adds convenience despite the higher price.  
Final answer: B"
102,B,"Option A is much cheaper ($122 vs. $243) and offers free cancellation and Wi‑Fi, but it’s a lower-rated property (7.6 vs. 8.2) and doesn’t include breakfast. Option B costs more, yet it’s in a better-reviewed 3‑star hotel and includes breakfast, which likely adds value for a one-night stay.  
Final answer: B"
105,B,"Option A is much cheaper ($107 vs $215) but has a lower review score (7.4 vs 7.9) and is only a 2-star hotel in Midtown. Option B costs more, but offers a higher review score, a 3-star property, and includes a restaurant (though still no breakfast). Overall, the better guest score and slightly better amenities seem worth the extra cost.  
Final answer: B"
106,B,"Option A is cheaper ($70 vs $129) and has free cancellation, but it lacks included breakfast and is a lower-rated (7.8) 2-star hotel in Midtown. Option B costs more, but offers a higher guest score (8.1), includes breakfast, and has a 3-star rating with a restaurant, which is better overall value if you’ll use breakfast and the on-site dining.  
Final answer: B"
109,B,"Option A is cheaper ($137 vs $212) and has a slightly higher guest score (8.1 vs 8.0), but it lacks free cancellation. Option B costs more but offers free cancellation, which reduces booking risk, and has a similar amenity set. If cancellation flexibility matters, I’d pick B; otherwise A is the better value.  
Final answer: B"
110,A,"Option A is much cheaper ($88 vs $199) but has a lower review score (8.0 vs 8.3) and includes an on-site restaurant while Option B includes fewer amenities. Since both are 3-star, in the same neighborhood, and neither offers free cancellation or breakfast, the main differentiators are price and reviews. I’ll choose the better value with the slightly lower rating.  
Final answer: A"
113,A,"Option A is much cheaper ($148 vs $281) while both have free cancellation, no breakfast included, similar room type, and strong review scores (8.0 vs 8.2). Option B has the advantage of being a 4-star hotel with slightly higher reviews (8.2) and adds a wine hour, but the $133 price difference is substantial for a similar overall experience. I’d choose the better value.  

Final answer: A"
114,B,"Option A is much cheaper ($86 vs $173) and has free cancellation, but it has a lower guest review score (7.8 vs 8.4). Option B costs more, yet offers the higher-rated hotel (8.4) and similar essentials (free WiFi, fitness center) plus added perks like a wine hour.  
Final answer: B"
117,B,"Option A is cheaper ($158 vs $191) but has a lower guest score (7.9 vs 8.4) and is in Hell’s Kitchen rather than directly in Times Square. Option B costs more, but the higher rating and 4-star hotel quality suggest a better overall experience.  
Final answer: B"
118,A,"Option A is much cheaper ($146 vs $266) and offers free cancellation, which reduces risk if plans change; its review score (8.1) is solid. Option B has a higher star rating (4 vs 3) and better guest score (8.4), but costs substantially more and removes free cancellation. For a one-night stay where value and flexibility matter, I’d choose Option A.  

Final answer: A"
121,B,"Option A is much cheaper ($109 vs $224) and still has solid amenities, but it has a lower guest review score (7.9 vs 8.3) and a smaller bed setup (Standard King) with fewer overall perks listed. Option B costs more but offers a higher review score and more room flexibility (2 double beds) plus a slightly richer amenity set (includes a bar). I’d pick the better-reviewed, more versatile option despite the higher price.  
Final answer: B"
122,B,"Option A is much cheaper ($85 vs $317) but has worse guest ratings (7.7 vs 8.0) and no free cancellation, so you’re more exposed if plans change. Option B costs far more, but it’s a higher-rated 4-star hotel with free cancellation, which adds flexibility. Since free cancellation is a meaningful risk-reducer for a one-night NYC trip, I’d pick the better-reviewed option with that flexibility.  
Final answer: B"
125,A,"Option A is much cheaper ($159 vs. $333) and has a higher guest review score (8.0 vs. 7.7), but it has no free cancellation and no breakfast included. Option B costs more and has a slightly lower score, but it’s 4-star, offers free cancellation, and has more amenities. For a one-night stay where flexibility matters and the price difference is large, I’d choose Option A.

Final answer: A"
126,A,"Option A is much cheaper ($117 vs. $271) and offers free cancellation, which is a strong risk-reducer for a one-night stay. Its guest score is also slightly higher (7.9 vs. 7.6) and while it’s a 3-star hotel, the key amenities are still solid (WiFi, restaurant, fitness). Option B is better for star rating and location/extra features, but the lack of free cancellation and much higher price make it less attractive given the small review-score gap.  

Final answer: A"
129,A,"Option A is much cheaper ($149 vs $507) while still offering a solid review score (8.0) and free cancellation, with comparable essentials like free WiFi and a fitness center. Option B offers a higher quality rating (8.3), a more premium 5-star hotel, and added amenities like a spa and bar, but the extra cost is substantial and there’s no breakfast included in either option.  
Final answer: A"
130,B,"Option A is much cheaper ($171 vs. $391) but has a lower guest score (7.8 vs. 8.4), no free cancellation, and breakfast isn’t included. Option B costs more, but it offers stronger reviews, includes breakfast, and provides free cancellation plus higher-end amenities (spa and bar). For a one-night stay where flexibility and overall quality matter, I’d choose Option B.  
Final answer: B"
133,B,"Option A is cheaper ($183 vs. $221) and has free cancellation, but it lacks breakfast and has a much lower guest score (7.4 vs. 8.4). Option B costs more and can’t be cancelled for free, but it includes breakfast and offers a clearly better guest experience. Overall, the higher review score plus breakfast makes Option B the better value despite the cancellation restriction.  

Final answer: B"
134,B,"Option A is $20 more expensive, has a lower guest review score (7.5 vs 8.4), and does not include breakfast. Option B costs less, has the better-reviewed hotel, and includes free breakfast with the same free cancellation policy. The extra amenities listed for Option A (terrace) don’t outweigh the breakfast and higher rating.  
Final answer: B"
137,B,"Option A is cheaper ($185) but has no free cancellation, no breakfast included, and a lower review score (7.7 vs 8.1). Option B costs more ($206) but offers free cancellation, breakfast included, and higher guest ratings, which improves flexibility and likely overall experience. I’ll choose the option with better value in terms of services and reliability.  
Final answer: B"
138,B,"Option A is cheaper ($154 vs. $201) and still has free cancellation, free Wi‑Fi, and similar facilities, but it has a lower guest score (7.6 vs. 8.0) and no breakfast included. Option B costs more, yet offers better reviews and includes breakfast, which can offset some of the price difference. Overall, the higher satisfaction and included breakfast make Option B the better value.  
Final answer: B"
141,B,"Option A is much cheaper ($202 vs. $414) and still has free cancellation and solid amenities, but it has a lower guest score (7.7 vs. 8.2) and fewer “premium” features. Option B costs more, but the higher review score and 5-star setting plus rooftop bar and city views make it a better quality/better-reviewed stay. I’d choose the higher-rated, more upscale experience despite the higher price.  
Final answer: B"
142,A,"Option A is far cheaper ($153 vs. $532) and includes free cancellation, but it has a lower guest score (7.4) and fewer standout amenities. Option B costs much more, yet it has a higher guest score (8.1) and a more premium 5-star experience with city views and a rooftop bar. Given the large price difference, I’d prioritize value unless you specifically want the higher-rated, luxury option.  
Final answer: A"
145,B,"Option A is cheaper ($168) but has worse reviews (7.4 vs 7.7), no free cancellation, and no breakfast included. Option B costs slightly more ($177) but offers free cancellation and includes breakfast, with better guest ratings and amenities that overlap (WiFi and fitness). The added flexibility and breakfast make Option B the better overall value.  

Final answer: B"
146,B,"Both hotels have the same overall guest score (7.6/10) and 3-star rating, but Option B is cheaper ($116 vs. $153). Option B also includes breakfast and has free cancellation, which adds flexibility and value; Option A lacks both and offers similar amenities. I’d choose the option that saves money and reduces risk.  
Final answer: B"
149,B,"Option A is much cheaper ($201 vs. $652) and has the same free-cancellation flexibility, but it has a lower review score (7.7 vs. 9.4). Option B costs far more, yet it’s a 5-star hotel with a much higher guest satisfaction score and more amenities (spa, pool, restaurant), which is likely the better experience if budget allows.  
Final answer: B"
150,B,"Option A is far cheaper ($118) but has a much lower review score (7.5) and fewer amenities for the price. Option B costs much more ($791) but has a significantly higher review score (9.1) and includes stronger amenities (restaurant, spa, pool) in a nicer area (TriBeCa). I’d choose the better overall experience despite the cost.  
Final answer: B"
153,B,"Option B has a higher guest review score (8.1 vs 7.7), suggesting better overall quality, and it includes breakfast (even though the “no free cancellation” applies to both). Option A is cheaper ($163 vs $184) but lacks breakfast and has a lower rating. With only a one-night stay, the higher-rated hotel and included breakfast in Option B are the stronger value.  

Final answer: B"
154,B,"Option B costs more ($304 vs. $233), but it offers a higher guest review score (8.3 vs. 7.9) and includes breakfast, which adds clear value for a one-night stay. Since both options have free cancellation and similar core amenities (WiFi and a fitness center), I’d prioritize the better-reviewed option with breakfast included.  
Final answer: B"
157,A,"Option A is cheaper ($219 vs $274) and offers free cancellation, which reduces risk, while both are the same 3-star area and have similar amenities (WiFi, fitness). Option B has a slightly higher review score (7.9 vs 7.7) and a restaurant/business center, but costs more and has no free cancellation. With the small review difference and the added flexibility from free cancellation, I choose Option A.  

Final answer: A"
158,B,"Both options are in Times Square, have the same 3-star rating and identical guest review score (8.1) with free cancellation, so the main differences are room setup, breakfast, and price. Option A is cheaper ($193) but breakfast isn’t included; Option B includes breakfast and is $52 more, while also having a likely more flexible bed setup (2 double beds). Given that breakfast is included at no extra per-meal logistics and many travelers value it, I’d choose the better overall value despite the hi"
161,A,"Option A is much cheaper ($132 vs. $494) with free cancellation and similar baseline amenities (free WiFi, fitness, bar), but it has a lower guest review score (7.7 vs. 8.2) and no breakfast. Option B costs substantially more, yet offers a higher-rated hotel, a 5-star experience, and extra amenities like a restaurant and spa. Since the goal is just a one-night stay and both lack included breakfast, I’d prioritize value while still getting a solid experience.  
Final answer: A"
162,A,"Option A is much cheaper ($210 vs $404) and offers the same basic setup (king room, Times Square location, free cancellation, free WiFi, fitness center, bar) with a solid 7.8/10 review score. Option B costs far more, but it has a higher guest score (8.3/10) and extra amenities like a restaurant and spa, which may be worth it only if you’ll use them. For most one-night stays focused on value, I’d choose the better price while still having a good experience.  

Final answer: A"
165,A,"Option A costs more ($198 vs. $157) but offers a much higher guest review score (8.1 vs. 6.9) and includes free cancellation, which reduces risk if plans change. Both lack breakfast, and while Option A has extra amenities (fitness center and a bar), Option B’s main advantage is the lower price. Given the substantial review-score gap and the added flexibility, I’d choose Option A.

Final answer: A"
166,A,"Option A costs more ($152 vs. $87) but is in a better-rated hotel (7.9 vs. 6.9) with more reviews, offers free cancellation, and includes stronger amenities (WiFi plus fitness center and a bar). Option B is cheaper, but has lower reviews and no free cancellation, with fewer amenities. Overall, the higher quality and flexibility of Option A outweigh the price difference.  
Final answer: A"
169,A,"Option A is cheaper ($185 vs $252) with a slightly higher guest score (8.1 vs 8.0), making it the better value for the same 3-star category and no free cancellation/breakfast in both. Option B offers a rooftop bar and a different bed type, but the added cost outweighs those minor perks.  
Final answer: A"
170,B,"Option A is much cheaper ($127 vs. $219) but has a lower guest score (8.0 vs. 8.2) and no free cancellation. Option B costs more, but offers free cancellation and slightly better reviews, plus a rooftop bar instead of a fitness center. For a one-night stay where flexibility matters, I’d prioritize free cancellation and the better-reviewed option.  

Final answer: B"
173,A,"Option A is much cheaper ($133 vs $276) and offers similar 3-star quality with a solid 8.0 review score, along with free WiFi and a fitness center. Option B is pricier but has a higher review score (8.3) and better-suited amenities for work travel (business center), while breakfast is not included in either case. Given the large price difference for a small improvement in reviews, I’d choose Option A.  

Final answer: A"
174,B,"Option B is more expensive ($289 vs. $153) but has a higher guest score (8.3 vs. 8.0) and includes breakfast, which adds clear value for a one-night stay. Option A is cheaper and still has good amenities, but it lacks breakfast and has a lower review score. Overall, the better reviews plus included breakfast make Option B the stronger choice despite the higher price.  
Final answer: B"
177,A,"Both options have the same guest review score (8.3) and offer free cancellation with no breakfast included, so the main differences are price, star rating, and room type/location. Option A is dramatically cheaper ($111 vs $373) with good amenities, while Option B offers higher star rating and a better neighborhood/room capacity (2 double beds) at a much higher cost. Given the identical review score and added cost, I’d choose the better value.  
Final answer: A"
178,B,"Option A is much cheaper ($182 vs $388) but has no free cancellation and is a 3-star hotel with lower reviews (8.0). Option B costs more, but offers better guest scores (8.6) in a central Times Square location and includes free cancellation, which reduces booking risk.  

Final answer: B"
181,A,"Option A is far cheaper ($115 vs. $365) and has a better guest review score (8.2 vs. 7.9), with the same lack of free cancellation and no breakfast in both options. Option B is more premium (5-star, rooftop bar, city views) but you pay much more for slightly lower reviews. Overall, the price-to-review value strongly favors Option A.  
Final answer: A"
182,A,"Both options have the same guest score (8.0/10) and neither includes breakfast or free cancellation, so those factors don’t differentiate them. Option A is far cheaper ($190 vs. $510) and still offers core amenities like free WiFi, a fitness center, a bar, and a restaurant, making it the better value for a one-night stay. I’d choose the lower-cost option unless the premium experience of a 5-star hotel is essential.  
Final answer: A"
185,B,"Option A is cheaper ($166 vs. $203) and has a higher guest review score (8.2 vs. 7.9), but it doesn’t include breakfast. Option B costs more, but it includes breakfast and offers a more spacious One-Bedroom Suite with a kitchen, which adds value for a one-night stay. I’d choose the option that adds the most practical value despite the higher price: Option B.  
Final answer: B"
186,A,"Option A is much cheaper ($146 vs $324) while both offer free cancellation and are in the same Financial District neighborhood with similar review scores (8.2 vs 8.0). Option B is more expensive and doesn’t include breakfast either, but it offers a larger room format (Studio Suite) and a kitchen; since both lack included breakfast, I’d prioritize value.  
Final answer: A"
189,A,"Option A is cheaper ($177 vs. $236) and has a slightly lower review score (8.0 vs. 8.1), with similar 3-star quality and free cancellation. Option B offers breakfast and a better location feel (Chelsea) plus extra space (2 beds), but the higher price makes it less cost-effective for a one-night stay if you don’t need breakfast. I’ll choose the better value.  
Final answer: A"
190,B,"Option A is much cheaper ($148 vs. $271) but has no free cancellation and no included breakfast. Option B costs more, but offers free cancellation and breakfast included, with nearly the same review score (8.2 vs. 8.3). If flexibility and added value (breakfast) matter, B is the better choice despite the higher price.  

Final answer: B"
193,B,"Option A is cheaper ($210) and has a solid review score (8.3) in the lively Lower East Side, but it’s only 3 stars and lacks fitness center amenities. Option B costs more ($325) but has a higher review score (8.6) and better overall amenities (4 stars with fitness center) in the Financial District. I’d prioritize the better-reviewed, higher-quality stay with more amenities despite the higher price.  
Final answer: B"
194,A,"Option A is much cheaper ($223 vs. $490) and offers free cancellation, with a solid but lower guest score (8.2 vs. 8.8). Option B has the better rating (8.8) and is 4-star with a larger amenity set (fitness center, bar), but it costs far more and doesn’t allow free cancellation. For a one-night stay, the value and flexibility of Option A are the main deciding factors.  
Final answer: A"
197,B,"Option B costs more ($326 vs. $244) and doesn’t offer free cancellation, but it has a much higher guest score (8.9 vs. 8.1) and is a 5-star hotel with a more premium room type (Turret Suite) plus extra amenities like a fitness center and historic atrium. Option A is cheaper, has free cancellation, and still offers solid value with good WiFi and an on-site rooftop bar/restaurant, but the lower rating and fewer amenities make it less compelling for a one-night stay.  
Final answer: B"
198,A,"Option A is much cheaper ($189 vs $636) with solid satisfaction (8.2/10) for a one-night stay, but it lacks the higher-end amenities and atmosphere of a luxury hotel. Option B costs far more, yet offers clearly stronger guest ratings (9.0/10) and more premium amenities (fitness center and historic atrium) in the Financial District. For most travelers prioritizing value, I’d pick Option A.  
Final answer: A"
201,A,"Option A is much cheaper ($136 vs. $252) and has a higher guest score (8.0 vs. 7.7), but it offers no free cancellation and lacks breakfast/kitchen amenities. Option B costs significantly more, but includes free cancellation and offers a one-bedroom suite with a kitchen and fitness center—better flexibility and space. Given the large price difference and better reviews, I’d choose Option A.  
Final answer: A"
202,B,"Both options have the same star rating, equal guest review score (8.0), and free cancellation, so the main differences are price, location, and amenities. Option B is much cheaper ($171 vs $279) and includes breakfast, plus a kitchen and fitness center, which adds practical value for a one-night stay. Option A offers a more nightlife-oriented location (Lower East Side) and a rooftop bar/restaurant, but without breakfast and at a significantly higher price.  
Final answer: B"
205,B,"Option A is cheaper ($243 vs $374) with a slightly lower guest score (8.1 vs 8.4), but it has no free cancellation, which increases risk if plans change. Option B costs more, but the higher review score and free cancellation make it the safer and more reliable choice for a one-night stay.  
Final answer: B"
206,A,"Option A is cheaper ($271 vs. $304) and offers free cancellation, which reduces risk for a one-night stay. Option B has a slightly higher review score (8.5 vs. 8.4) and is a higher 4-star hotel, but it costs more and lacks free cancellation. Given the small difference in ratings and the value of flexibility, I’d choose Option A.  

Final answer: A"
209,B,"Both options have the same guest review score (8.2), so quality looks comparable. Option B costs more ($296 vs $200) but offers free cancellation, which is a significant flexibility advantage for a one-night stay. Since both lack included breakfast, the main decision comes down to price vs cancellation and slightly better amenities; I’d prioritize flexibility over saving $96.  
Final answer: B"
210,B,"Option A is cheaper ($215 vs. $335) and has higher review score (8.4 vs. 8.3), but it doesn’t include breakfast and offers fewer amenities (no breakfast, though it has a rooftop bar). Option B costs more, but the 4-star rating and included breakfast add more value, and the WiFi/restaurant amenities are similar. I’d choose the better overall value for a one-night stay with included breakfast despite the higher price.  
Final answer: B"
213,B,"Option A is cheaper ($247 vs. $279) and has a slightly higher guest score (8.2 vs. 8.0), but it doesn’t include breakfast and has fewer amenities. Option B costs more but includes breakfast and offers a kitchen and fitness center, plus you’re staying closer to Times Square.  
Final answer: B"
214,A,"Option B has a slightly higher review score (8.2 vs 8.1) and includes breakfast plus a kitchen and fitness center, which improves value and convenience for a one-night stay. However, it’s much more expensive ($332 vs $135) and has no free cancellation, which increases risk. Option A is far cheaper and offers free cancellation, making it the better choice if cost and flexibility matter most.  
Final answer: A"
217,B,"Option A is cheaper ($215 vs. $255) and has a slightly higher guest score (7.9 vs. 7.7), but it has no free cancellation and fewer amenities than Option B. Option B costs more, but offers free cancellation (a meaningful risk buffer) and better amenities (fitness center and pool) with a larger review base.  
Final answer: B"
218,B,"Option A is cheaper ($132 vs. $218) and has a higher guest review score (8.1 vs. 7.8), but it lacks free cancellation. Option B costs more but offers free cancellation and better amenities overall (fitness center and pool) at the cost of a slightly lower review score. If you value flexibility and comfort amenities, I’d pick B; otherwise the better value and reviews point to A.  

Final answer: B"
221,A,"Option A is much cheaper ($133 vs $217) and offers free cancellation, which reduces risk, though breakfast isn’t included and amenities focus more on a rooftop/restaurant than a fitness center. Option B costs more, has a slightly lower review score, but includes breakfast and has a fitness center, which may be worth it only if you value those extras and don’t need cancellation flexibility.  
Final answer: A"
222,A,"Option A costs more ($204 vs. $178) but has a higher guest review score (8.1 vs. 7.3) and is in the East Village, which may be preferable if you want a more lively neighborhood. Both options offer free cancellation and no breakfast, so the main trade-off is value/reviews vs. room size/area; Option B has two double beds and a fitness center, while Option A offers a rooftop bar and restaurant.  
Final answer: A"
225,B,"Option A has a slightly higher guest score (8.3 vs 8.2) and is in Chelsea, but it costs much more ($241 vs $147) and offers no free cancellation or breakfast. Option B is cheaper, includes breakfast, and has free cancellation, with a nearly identical review score. Overall, the value and flexibility of Option B outweigh the small difference in rating.  

Final answer: B"
226,A,"Option A costs more ($237 vs. $210) but has a higher guest review score (8.6 vs. 8.0) and offers free cancellation, which is a meaningful risk-reduction. Option B is cheaper and includes breakfast, but it lacks free cancellation and has a lower overall review score. With the higher satisfaction and better flexibility, I’d choose Option A.  

Final answer: A"
229,A,"Option A is cheaper ($142 vs. $203) and both hotels offer free cancellation and no included breakfast. Option B has a higher star rating and slightly more features (rooftop bar/restaurant) but comes with a noticeably higher price and a slightly lower guest score (8.1 vs. 8.4). Since the review scores are close but the cost difference is significant, I’d choose the better value.  
Final answer: A"
230,A,"Both options have the same guest review score (8.2) and no free cancellation or breakfast, so those factors don’t differentiate them. Option A is significantly cheaper ($157 vs $220) and still offers core amenities like free WiFi and a fitness center, making it the better value for a one-night stay. I’d choose the lower cost option.  
Final answer: A"
233,B,"Option A is much cheaper ($137 vs. $949) and has a solid review score (8.5) but lacks free cancellation and breakfast. Option B costs far more, though it offers a higher review score (9.0) plus free cancellation and more amenities (spa/pool/restaurant). Since the largest practical benefit is the ability to cancel and the ratings are strong, I choose Option B.  
Final answer: B"
234,A,"Option A is dramatically cheaper ($188 vs. $1,484) and offers free cancellation plus a solid review score (8.5/10), with good core amenities (WiFi, fitness, bar). Option B has a much higher quality signal (9.2/10, 5-star amenities like spa/pool/restaurant) but the price is far higher and there’s no free cancellation and no included breakfast. Given the huge cost difference and the value of flexibility, I’d choose Option A.  

Final answer: A"
237,A,"Option A is much higher priced ($243 vs $129) and both options offer no free cancellation and no breakfast, so the key difference is value versus experience quality. Aloft Chelsea has a better guest score (8.4 vs 7.6) and adds a bar, but Holiday Inn Wall Street is far cheaper and still has core amenities (free WiFi, fitness). I’d choose the better overall guest satisfaction despite the higher cost.  
Final answer: A"
238,A,"Option A is cheaper ($159 vs $240) and has a higher guest score (8.5 vs 7.6), which suggests better overall value and satisfaction, though breakfast isn’t included. Option B costs more but includes breakfast and still offers basic amenities like Wi‑Fi and a fitness center. Since you’re paying $81 more for breakfast and the reviews are notably lower, I’d pick the better-rated and much cheaper option.  
Final answer: A"
241,B,"Option A is much cheaper ($212 vs. $741) with a solid guest score (8.4) and free cancellation, but it doesn’t include breakfast and has fewer amenities. Option B costs far more, but it offers a higher review score (8.6) plus breakfast and more extensive facilities (restaurant and spa), which may be worth it for a one-night stay if you’ll use them.  
Final answer: B"
242,A,"Option A is much cheaper ($195 vs. $631) with similarly good amenities (WiFi, fitness, bar) and free cancellation, and it has a solid review score (8.3). Option B offers a higher review score (8.9) and extra perks like restaurant and spa, but the cost premium is large for a one-night stay and breakfast isn’t included in either. I’d prioritize value unless those luxury amenities are a must.  
Final answer: A"
245,A,"Option A is much cheaper ($86 vs $737) and offers free cancellation, with decent reviews (7.7/10) and basic amenities like WiFi, a pool, and a bar. Option B has far higher quality signals (5-star, 9.2/10) and a stronger amenity set, but costs nearly 9x more and has no free cancellation and no breakfast included. For a one-night stay, the huge price difference and flexibility of free cancellation make Option A the better value choice.  

Final answer: A"
246,B,"Option A is much cheaper ($143) but has a lower guest score (7.6) and no free cancellation or breakfast included. Option B costs significantly more ($1,083) but offers a much higher guest score (9.5) and includes free cancellation, plus strong amenities (gym and restaurant). For most travelers, the standout improvements in quality and flexibility make the better overall choice despite the higher price.  
Final answer: B"
249,B,"Option A is much cheaper ($176 vs. $642) with free cancellation, and it offers solid basics (WiFi, pool, bar/restaurant) but has a lower guest score (7.5) and only 3-star quality. Option B costs far more, yet it has a much higher guest score (9.0) and premium facilities (5-star experience, spa, fitness center) in a great area with the same free-cancellation flexibility. Given the large difference in quality signals and reviews, I’d choose the better overall experience despite the cost.  
Final a"
250,B,"Option A is much cheaper ($146) but has lower reviews (7.8), no free cancellation, and breakfast isn’t included. Option B costs more ($495) but offers higher guest satisfaction (8.9), free cancellation, and includes breakfast, plus stronger amenities (spa/fitness) and a more premium 5-star stay. I’d choose the value-and-flexibility of Option B despite the higher price.  
Final answer: B"
253,B,"Option A is cheaper ($122 vs $186) but offers no free cancellation and no breakfast, with amenities including pool/bar/restaurant instead of a fitness center. Option B costs more, but provides free cancellation and breakfast included, which adds clear value for a one-night stay, and has a slightly lower review score (7.5 vs 7.7). Overall, the flexibility and included breakfast make Option B the safer, better value despite the higher price.  
Final answer: B"
254,B,"Option B is slightly better on guest satisfaction (7.7 vs 7.6) and offers free cancellation, which is a clear risk-reduction for a one-night stay. While Option A is in Midtown West, Option B is cheaper ($123 vs $135) and includes breakfast with a similar overall value.  
Final answer: B"
257,B,"Option A is cheaper ($142) and has solid basics, but it has no free cancellation and no breakfast, plus a lower review score (7.3). Option B costs more ($360) but offers a much higher review score (8.8), includes breakfast, has free cancellation, and added amenities like a spa. For a one-night stay where flexibility and overall quality matter, I’d choose Option B.  

Final answer: B"
258,B,"Option A is much cheaper ($88) but has a lower guest score (7.2) and no breakfast, which reduces overall value. Option B costs more ($463) but has a significantly higher guest score (9.0) and includes breakfast and a spa, making it the better experience despite the price. I’d choose Option B for the stronger quality and included perks.  
Final answer: B"
261,B,"Option A is much cheaper ($147 vs. $302) and still offers solid basics (free WiFi, fitness, restaurant) in Times Square, but it lacks free breakfast and has a lower review score (7.4 vs. 8.3). Option B costs more but gives better guest ratings and includes breakfast, which can offset some of the price for a one-night stay.  
Final answer: B"
262,B,"Option A is much cheaper ($125 vs $325) but has worse guest ratings (7.5 vs 8.5), no free cancellation, and no breakfast included. Option B costs more, but offers a significantly higher review score, includes breakfast, and has free cancellation, which adds flexibility for a one-night NYC stay. I’d prioritize quality and flexibility over the extra cost.  
Final answer: B"
265,B,"Option A is much cheaper ($98 vs. $175) with similarly solid reviews (7.6 vs. 7.7) and free cancellation, but it doesn’t include breakfast. Option B costs more, yet adds breakfast (value boost) and extra amenities like a pool and a higher star rating, with a slightly better review score. I’d choose the option that balances cost and included value for one night: Option B.  

Final answer: B"
266,A,"Option A is much cheaper ($86 vs $172) and offers free cancellation, which reduces risk, but it’s a lower star rating and lower review score (7.3 vs 7.6) with fewer amenities (no pool). Option B is better rated and has more amenities (pool) and higher comfort potential (4-star, king room), but costs almost twice as much and doesn’t allow free cancellation. Given the strong price difference and the value of free cancellation for a one-night stay, I choose Option A.  
Final answer: A"
269,A,"Option A is $11 more but includes breakfast and has a slightly higher review score (7.5 vs 7.3) and more amenities (restaurant). Option B is cheaper and offers free cancellation, but you’d pay for breakfast separately and the room reviews are a bit lower. If you’re confident you won’t need to cancel, Option A is the better value; otherwise Option B’s free cancellation is safer. I’ll choose the option that’s slightly higher quality and includes breakfast.  

Final answer: A"
270,A,"Both options have the same star rating and identical guest review score (7.4/10), with similar competitiveness for location in Midtown. Option A is cheaper ($168 vs $223) and includes breakfast, while both have no free cancellation; Option B also lacks the restaurant/breakfast offering. Considering cost and included breakfast, I choose Option A.  
Final answer: A"
273,B,"Option A is much cheaper ($156 vs. $519) but has a lower review score (7.4) and no free cancellation. Option B costs more, but it’s in a nicer area (Brooklyn Heights), has a higher review score (8.8), and includes free cancellation, plus stronger amenities (rooftop pool and spa).  
Final answer: B"
274,B,"Option A is much cheaper ($117 vs. $328) but has a lower review score (7.6) and no free cancellation. Option B costs more, but it’s in a higher-rated hotel (8.8), offers free cancellation, and has stronger amenities (rooftop pool and spa). I’d choose the better overall value and flexibility with Option B.  

Final answer: B"
277,A,"Option A is dramatically cheaper ($106 vs. $1,336) and has a higher guest review score (9.2 vs. 8.3), with free cancellation and WiFi plus a kitchenette—great value for a one-night stay. Option B offers luxury amenities and a prime Midtown location, but the payoff doesn’t seem worth the ~ $1,230 premium given the lower review score and no breakfast included.  
Final answer: A"
278,A,"Option A is far cheaper ($135 vs $1,269) and still has an excellent review score (9.2) in a good area, but it’s only 3 stars and lacks the luxury amenities. Option B offers 5-star facilities and upscale amenities, yet the review score is lower (8.6) and the cost is much higher. For most travelers prioritizing value and guest satisfaction on a one-night stay, Option A is the better trade-off.  

Final answer: A"
281,A,"Option A is cheaper ($159 vs $181), offers free cancellation, and has a higher guest review score (9.1 vs 8.1), making it the better value and lower-risk choice. Option B is only better on amenities like a restaurant and fitness/business centers, but it costs more and doesn’t allow free cancellation.  
Final answer: A"
282,A,"Option A is far cheaper ($99 vs. $246) and has a much higher guest review score (9.4 vs. 8.2) with free cancellation, making it the better value and quality bet. Option B offers more amenities (restaurant, fitness, business center) but doesn’t justify the much higher price given the lower reviews.  
Final answer: A"
285,A,"Option A is far cheaper ($138 vs $370) and even has a higher guest review score (9.2 vs 8.5), so value and satisfaction are stronger, though you lose free cancellation and have no breakfast included. Option B offers higher star rating and more amenities (fitness/restaurant/bar) plus free cancellation, but at a much higher price and lower reviews. For a single night, the price difference and higher review score make Option A the better overall pick.  

Final answer: A"
286,A,"Option A is much cheaper ($123 vs. $242) and has the higher guest review score (9.4 vs. 8.3), with free cancellation and a kitchenette that could add convenience. Option B is a higher-star hotel and offers more amenities (fitness center, restaurant, bar), but the cost premium is large and the reviews are noticeably lower. I’d prioritize value and quality based on the higher satisfaction and lower price.  

Final answer: A"
289,A,"Option A is much cheaper ($91 vs $186) and has a higher guest review score (9.3 vs 8.4), but it has no free cancellation. Option B costs more but offers free cancellation and a higher-star hotel (4 vs 3), with views as a bonus. If the priority is value and proven guest satisfaction and you’re fine committing, choose A; otherwise, choose B for flexibility.  
Final answer: A"
290,A,"Option A is much cheaper ($123 vs $167) and has a far higher guest score (9.4 vs 8.4), which suggests better overall value and satisfaction despite being only 3 stars and on the Upper West Side. Option B costs more, has a lower review score, and while it’s 4 stars with Manhattan views, both options lack breakfast and both have no free cancellation. I’d prioritize quality per dollar and the much stronger reviews.  

Final answer: A"
293,B,"Option A is much cheaper ($158 vs. $286) and still offers solid value with strong amenities (free WiFi, fitness center), but it has a lower review score (8.1 vs. 9.0) and 3-star accommodations. Option B costs more, yet provides a notably higher guest satisfaction score, a higher 4-star experience, and extra perks like a rooftop bar. Overall, the better reviews and upgraded experience make Option B the better choice despite the higher price.  

Final answer: B"
294,B,"Option A is much cheaper ($112 vs. $211) but has a lower guest score (8.1 vs. 9.0) and lacks free cancellation. Option B costs more, but offers a clearly better-rated, higher-star experience, plus free cancellation and extra amenities like a rooftop bar. Since the question is about choosing between the two, I’d prioritize the better value in terms of experience and flexibility.  

Final answer: B"
297,A,"Option A is much cheaper ($182 vs. $333) with free cancellation, which is a strong risk-reducer for a one-night stay, though it’s a 3-star hotel and lacks extra amenities beyond WiFi and a fitness center. Option B has a higher review score (8.6 vs. 8.2) and more amenities (restaurant and bar) but costs substantially more and offers no free cancellation.  
Final answer: A"
298,A,"Both options have the same guest review score (8.2) and both offer free cancellation and no breakfast, but Option A is drastically cheaper ($125 vs. $418). Option B offers higher star rating and extra amenities (restaurant and bar) plus a larger bed configuration, yet those don’t offset the large price difference for a one-night stay.  
Final answer: A"
301,A,"Option B has a higher review score (8.5 vs 8.1) and a 4-star hotel with additional amenities (restaurant and lobby bar), which may make the stay feel more premium. However, it costs $254 vs $161 and has no free cancellation, adding risk for a one-night NYC trip. For value and flexibility, Option A is the safer, cheaper choice.  
Final answer: A"
302,B,"Option A is cheaper ($183 vs $246) but is non-refundable and lacks restaurant/lobby bar amenities, with a slightly lower review score (8.2 vs 8.4). Option B costs more, but it has free cancellation (a meaningful risk-reduction) and a higher guest review score, plus it includes dining amenities. Overall, the combination of better reviews and free cancellation makes Option B the stronger choice.  

Final answer: B"
305,A,"Option A is much cheaper ($105 vs. $425) and still has a solid review score (8.0) with free cancellation and WiFi/fitness, but it’s only 3 stars and lacks restaurant/bar amenities. Option B costs far more, but offers higher guest satisfaction (8.8), 4 stars, and added on-site conveniences (restaurant and bar). I’d choose the better value unless the premium amenities and location are essential, so I pick A.  
Final answer: A"
306,A,"Option A is much cheaper ($159 vs. $383) and still offers free cancellation and breakfast, with solid amenities (free WiFi and a fitness center). Option B costs far more but has a higher guest review score (8.7 vs. 7.9) and adds more amenities (restaurant and bar) in a different location (Financial District). Given the large price gap, I’d prioritize value unless the significantly better reviews and extra dining/bar access are essential.  
Final answer: A"
309,B,"Option A is cheaper ($187 vs. $258) and has free cancellation, but it has a lower guest review score (8.0 vs. 8.4) and lacks an on-site restaurant. Option B costs more, yet it offers better reviews and includes a restaurant along with similar amenities and free cancellation.  
Final answer: B"
310,B,"Option A is much cheaper ($207 vs. $350) but has lower reviews (7.9 vs. 8.2) and no free cancellation or restaurant amenity. Option B costs more, but you get a higher guest score, free cancellation, and the convenience of having a restaurant on-site. I’d prioritize flexibility and slightly better guest satisfaction despite the higher price.  

Final answer: B"
313,A,"Option A is much cheaper ($189 vs. $316) and has a higher guest review score (8.1 vs. 7.4), though it lacks free cancellation. Option B costs more and has a lower review score, but it offers free cancellation and more amenities (restaurant/bar) plus a higher star rating. Given the strong value and better reviews, I’d choose Option A despite the no free-cancellation policy.  
Final answer: A"
314,A,"Option A is much cheaper ($156 vs. $262) and has a stronger guest review score (8.1 vs. 7.5) with similar core amenities (free WiFi and fitness) and free cancellation. Option B is pricier but offers 4 stars, breakfast included, and additional on-site facilities (restaurant/bar). Given the clear value in both price and reviews, I’d choose Option A.  
Final answer: A"
317,B,"Option A is cheaper ($183 vs. $298) but is a lower-rated 3-star hotel with a lower guest score (7.8 vs. 8.1). Option B costs more, but it has a higher guest review score and better overall amenities (restaurant and bar) while still offering free cancellation and no breakfast at both. I’d choose the better-reviewed, more full-featured stay despite the higher price.  
Final answer: B"
318,A,"Option A is much cheaper ($145 vs. $326) and includes breakfast, making it the better value, though it has a slightly lower review score (8.1 vs. 8.3) and fewer amenities. Option B offers higher-star rating, a better review score, and more onsite features (restaurant/bar) but lacks breakfast and costs far more. Given the price difference and the fact that breakfast is included in A, I’d choose A for overall value.  
Final answer: A"
321,A,"Option A is much cheaper ($154 vs. $283) with a slightly higher review score (8.2 vs. 8.1), and both lack free cancellation and breakfast. Option B offers more amenities (rooftop bar/restaurant) and a higher star rating, but the extra cost is large for marginal quality improvement. I’d prioritize value and the better guest score.  
Final answer: A"
322,A,"Option A is much cheaper ($100 vs. $262) and includes breakfast with free cancellation, but it has a slightly lower review score (8.2 vs. 8.3) and fewer amenities (no rooftop bar/restaurant). Option B costs more and excludes breakfast, though it’s a 4-star hotel in SoHo with slightly better reviews and added dining/social amenities.  
Final answer: A"
325,A,"Option A is much cheaper ($161 vs. $684) and offers free cancellation, with a solid review score (8.2). Option B is higher-rated (8.5) and adds luxury amenities (spa, bar) and a 5-star setting, but costs over 4x more and has no free cancellation and no breakfast included. For a one-night stay, the cost savings and flexibility of A are the strongest deciding factors.  
Final answer: A"
326,A,"Option B costs much more ($584 vs $206) with no included breakfast, but it offers higher quality signals: 5-star property and slightly better guest score (8.6 vs 8.5) plus more amenities (bar, spa). Since both have free cancellation and no breakfast is included, the main differentiator is value for money versus extra facilities. I’d choose Option A for a significantly lower price while still getting a strong, comparable review score and key amenities.  
Final answer: A"
329,A,"Both options have the same guest review score (8.4/10), so quality based on reviews looks comparable. Option A is much cheaper ($133 vs. $236) and offers similar core amenities (free WiFi and a restaurant), but it lacks free cancellation. Option B costs more and is in Times Square, but it’s 4-star, has free cancellation (more flexibility), and includes extra perks like a bar and wine hour. I’d prioritize value while still keeping flexibility moderately important, so I choose Option A unless you "
330,A,"Both options have the same guest review score (8.4) and no free cancellation, so the main differences are price, star rating, and location. Option A is much cheaper ($215 vs. $299) and is still in a highly regarded area (Upper West Side), with solid amenities. Option B offers higher 4-star branding and a Times Square location, but you’d pay about $84 more for that.  
Final answer: A"
333,A,"Option A is $2 cheaper and has a much higher guest review score (8.5 vs 7.9), but it lacks free cancellation and doesn’t include breakfast. Option B costs slightly more, offers free cancellation, and includes breakfast plus free WiFi and fitness, though the overall reviews are weaker. I’d prioritize better overall quality while only $2 different, and choose Option A.  

Final answer: A"
334,A,"Option A costs $27 more per night ($167 vs. $140) but has a higher guest review score (8.5 vs. 8.1) and offers similar amenities, including free WiFi and breakfast. Since both have no free cancellation and both are 3-star with breakfast included, the main difference is value vs. quality—I'd prioritize the stronger reviews.  
Final answer: A"
337,A,"Option A costs more ($178 vs. $140) but offers a higher guest review score (8.1 vs. 7.9) and includes free cancellation, which reduces risk if plans change. Option B is cheaper and has a rooftop and bar, but it can’t be cancelled and has a slightly lower review score.  
Final answer: A"
338,A,"Option A is cheaper ($185 vs $260) and includes breakfast, which adds clear value since neither option offers free cancellation. Option B has a slightly lower guest score (7.9 vs 8.2) and fewer “practical” inclusions (no breakfast), even though it’s in Flatiron. Overall, the higher reviews and included breakfast make Option A the better deal.  
Final answer: A"
341,B,"Option B is slightly cheaper ($202 vs. $203) and has a higher guest review score (8.3 vs. 8.2). More importantly, it includes free breakfast and offers free cancellation, which reduces the risk if plans change. Option A lacks both free cancellation and breakfast, so I’d choose the option with better value and flexibility.  
Final answer: B"
342,B,"Option A is cheaper ($173 vs. $191) and has free cancellation, but it doesn’t include breakfast and has a lower guest review score (8.1 vs. 8.3). Option B costs more and can’t be cancelled, but it offers breakfast included and a better-reviewed, more reliably appealing stay overall. Overall, the added value of breakfast plus the higher rating makes Option B the better choice for a one-night stay.  
Final answer: B"
345,A,"Option A is cheaper ($251 vs $354) and offers free cancellation, which reduces booking risk, though it lacks restaurant/bar amenities. Option B has a higher review score (8.4 vs 8.1) and more hotel amenities, but costs much more and has no free cancellation. I’d prioritize value and flexibility, so I choose Option A.  
Final answer: A"
346,A,"Option A is much cheaper ($191 vs. $351) and offers a solid 8.2 rating with free cancellation, but it has fewer amenities (no restaurant/bar) and is only 3-star. Option B costs more, though it has the higher guest score (8.4) and better overall amenities (restaurant and bar) in a central Midtown location. With the main difference being a large price gap, I’d prioritize value over the extra amenities.  
Final answer: A"
349,A,"Option A is much cheaper ($173 vs $352) with free cancellation and solid reviews (8.2/10), plus free WiFi and a fitness center. Option B has a higher star rating and better amenities (rooftop bar/restaurant) but costs far more and lacks free cancellation, and its review score is only slightly lower (8.1/10). For a one-night stay, the cost savings and flexibility make Option A the better trade-off.  

Final answer: A"
350,B,"Option A is cheaper ($156 vs. $205) and has a solid review score (8.1) with key amenities that include free WiFi and a fitness center, but it’s less upscale (3-star) and has no breakfast. Option B costs more, but it offers a higher review score (8.2) and a better 4-star experience with added perks like a rooftop bar and an in-house restaurant in SoHo. I’d choose the better overall experience despite the higher price.  

Final answer: B"
353,A,"Option A is cheaper by $124 and still has a strong review score (8.1) with similar core amenities (free WiFi, fitness), so it offers better value. Option B costs more, but provides a higher star rating and a larger amenity set (restaurant and bar) with a slightly lower review score (8.0). For a one-night stay with no breakfast and no free cancellation in either case, I’d prioritize value.  
Final answer: A"
354,B,"Option A is cheaper ($224 vs. $374) but has no free cancellation, no breakfast, and a slightly higher guest score (8.2 vs. 7.9). Option B costs more but offers free cancellation and breakfast, plus extra amenities (restaurant/bar) at a 4-star level. For flexibility and added value (especially free cancellation + breakfast), I’d choose B.  
Final answer: B"
357,A,"Both options cost the same ($288) and have similar strong review scores with free cancellation. Option A includes breakfast and has a fitness center, which adds value for a one-night stay, while Option B is newer/4-star and has dining amenities but no breakfast is included. Given the equal price, I’d prioritize the included breakfast.  
Final answer: A"
358,A,"Option A is more expensive but offers free cancellation and includes breakfast, which adds clear value and flexibility for a one-night NYC stay. Option B is cheaper and has a slightly higher guest score, but it lacks free cancellation and breakfast, and it’s in Brooklyn rather than Midtown, which may affect convenience.  
Final answer: A"
361,A,"Option A costs more ($282 vs. $221) but includes breakfast and offers free cancellation, which reduces risk for a one-night trip. Option B is cheaper and has a higher review score (8.5 vs. 8.0) but charges you for breakfast (not included) and has no free cancellation, increasing potential downside. Overall, the added value and flexibility of breakfast + free cancellation in A make it the safer choice despite the price.  
Final answer: A"
362,B,"Option A is much cheaper ($153 vs $286) and still has a solid 8.2 review score with breakfast included, but it has no free cancellation. Option B costs more, has a slightly higher review score (8.4), and offers free cancellation plus more amenities (restaurant/bar) and a higher 4-star rating. For a one-night stay where flexibility matters, I’d choose B despite the higher price.  

Final answer: B"
365,A,"Option A costs more ($288 vs $214) but has a higher guest review score (8.2 vs 7.7) and includes breakfast, which Option B does not—so the effective value may be closer than the sticker price suggests. Both offer free cancellation and similar amenities (free WiFi and a fitness center), so the main deciding factors are comfort/quality (reviews) and breakfast inclusion.  
Final answer: A"
366,B,"Option A is in Midtown and has a higher guest review score (8.0 vs 7.7) but costs more ($235) and does not include breakfast. Option B is cheaper ($198), includes breakfast, and also offers free cancellation; the main downside is the lower rating and being in Brooklyn instead of Midtown. I’d choose the better overall value with breakfast included and still-solid reviews.  
Final answer: B"
369,A,"Option A costs more ($206 vs. $74) but offers a private suite with 2 double beds, higher guest satisfaction (8.0 vs. 7.2), and breakfast included, making it the more comfortable and straightforward choice for a one-night stay. Option B is much cheaper, but you’re in a dorm bunk with no breakfast and fewer amenities, which may be less ideal.  

Final answer: A"
370,A,"Option A costs much more ($152 vs. $51) but offers a private suite with breakfast included, free cancellation, a higher review score (8.2 vs. 7.0), and better amenities (fitness center, WiFi, breakfast). Option B is far cheaper, but it’s a dorm bunk bed, no breakfast, no free cancellation, and fewer amenities, plus a lower rating. For a one-night NYC stay where comfort and flexibility matter, I’d pick Option A.  

Final answer: A"
373,B,"Option B costs $6 less, is in a more central Midtown location, and has a much higher guest review score (9.1 vs 8.1), with more amenities (bar) while both lack breakfast. Option A is cheaper only on paper relative to nothing (it’s actually more expensive) and offers no free cancellation, so the flexibility advantage goes to B. I’d choose the higher-rated, cheaper, and fully flexible option.  
Final answer: B"
374,B,"Option A is cheaper ($275) and still has solid reviews (8.1) with key amenities like free WiFi and a fitness center, but it’s a 3-star property. Option B costs more ($315) but is higher rated (8.9) and 4-star, and it includes additional amenities like a bar and a restaurant with a room setup that’s better if you want two beds. Overall, the significantly better guest score and higher star rating make Option B the stronger choice.  
Final answer: B"
377,A,"Option A is much cheaper ($161 vs. $434) and has free cancellation, but it has a lower review score (8.0) and breakfast isn’t included. Option B costs far more, but it has a higher review score (9.2) and includes breakfast, plus it has better amenities; the downside is no free cancellation. For one night, I’d prioritize overall value and flexibility, so I choose the cheaper, cancelable option.  
Final answer: A"
378,B,"Option A is much cheaper ($184 vs. $390) with free cancellation and solid amenities, but it doesn’t include breakfast and has a lower review score (7.8 vs. 9.0). Option B costs more, yet offers a higher-quality guest rating, includes breakfast, and likely delivers a better overall experience despite the higher price.  
Final answer: B"
381,B,"Option A is slightly cheaper ($255 vs. $256) but has a lower guest review score (8.2 vs. 8.3) and is a 3-star hotel. Option B costs $1 more, has a marginally better guest score, and is a 4-star hotel with an added standout amenity (rooftop bar). With both offering no breakfast and no free cancellation, the small quality/experience difference points to Option B.  
Final answer: B"
382,B,"Option A is slightly more expensive ($260 vs. $250) and has a lower guest review score (7.9 vs. 8.4), so it offers less overall satisfaction for the money. Option B is cheaper, rated higher, and provides a notable extra amenity (rooftop bar) while offering the same basic setup (no free cancellation or breakfast in either case). I’d choose the better-reviewed and better-value option.  
Final answer: B"
385,A,"Option A is far cheaper ($185 vs. $1,456) while still delivering a very strong review score (8.6) with free cancellation and breakfast included, making it the best value and lowest risk. Option B is more luxurious (5-star, spa, Palm Court) but lacks breakfast, can’t be cancelled, and costs vastly more for only a slightly lower review score (8.5). I’d choose the option that maximizes comfort per dollar and flexibility.  
Final answer: A"
386,A,"Option A offers much better value at $179 with free cancellation and free WiFi, plus a solid 8.3/10 score and a convenient Times Square location. Option B is vastly more expensive ($1,493), doesn’t include breakfast, and has no free cancellation; although it’s higher-rated (8.5/10) and more luxurious, the cost and cancellation downside aren’t worth it for a one-night stay.  

Final answer: A"
389,A,"Both options have the same guest score (8.6/10) and no free cancellation, so the key differences are price and included amenities. Option A is much cheaper ($221 vs. $448) but doesn’t include breakfast, while Option B includes breakfast and offers significantly more premium facilities (restaurant/bar/spa) in a 5-star setting. For a one-night stay, the large price gap makes Option A the better value unless the spa/dining is a must-have.  

Final answer: A"
390,A,"Option A is much cheaper ($263 vs. $619) and includes breakfast, with a very strong guest score (8.6 vs. 8.5) and free cancellation. Option B offers more luxury amenities (spa/restaurant/bar) but doesn’t include breakfast and costs substantially more for a small difference in ratings. For a one-night stay, the value of including breakfast at the far lower price makes Option A the better pick.  
Final answer: A"
393,B,"Option A is closer to Times Square, has a higher review score (8.4 vs 8.0), and includes breakfast, but it’s $16 more and has no free cancellation. Option B is cheaper, offers free cancellation, and includes a suite with a kitchen, but breakfast isn’t included and reviews are lower.  
Final answer: B"
394,A,"Option A is cheaper ($258 vs. $303) and offers free cancellation, which reduces booking risk. It also has a higher guest review score (8.5 vs. 8.1), suggesting better overall satisfaction, while both include breakfast and free WiFi. Option B adds a kitchen and a suite, but the lack of free cancellation and lower review score make it a less attractive value for a one-night stay.  
Final answer: A"
397,A,"Option A has the higher guest review score (8.6 vs 8.1) and includes free cancellation, which reduces risk if plans change; it also offers two double beds, which may be more flexible. Option B is much cheaper ($173 vs $304) but is non-cancellable and has a lower review score, so it’s better if you’re confident about the stay and want value. I’d prioritize flexibility and stronger reviews for NYC lodging.  
Final answer: A"
398,A,"Option A is cheaper by $2, has a higher guest review score (8.5 vs 7.8), and includes breakfast, which adds clear value for a one-night stay. Option B offers nicer perks like a rooftop and restaurant/bar, but without breakfast and with a lower overall rating, it’s the riskier choice. I’d prioritize comfort and reviews plus the included breakfast.  
Final answer: A"
401,A,"Option A is in a more central NYC location (Times Square) with a higher guest score (8.4 vs 7.9) and includes breakfast, but it costs much more and has no free cancellation. Option B is cheaper and offers free cancellation, but it’s farther away (Park Slope, Brooklyn), has lower reviews, and doesn’t include breakfast.  
Final answer: A"
402,A,"Option A costs more but offers a stronger guest score (8.4 vs 8.1), includes breakfast, and has free cancellation—so you get better value and flexibility for the same star level in a more central Manhattan location. Option B is cheaper, but it lacks breakfast and doesn’t allow free cancellation, and it has fewer reviews and a slightly lower rating.  
Final answer: A"
405,A,"Option A is much cheaper ($238 vs. $501), has a better cancellation policy (free cancellation), and has strong ratings (8.2/10 with many reviews). Option B is pricier but offers a higher rating (8.4/10), includes breakfast, and adds amenities like a rooftop pool and members club—however it lacks free cancellation. I’d prioritize value and flexibility, especially for a one-night stay, so I choose A.  
Final answer: A"
406,A,"Option A is much cheaper ($256 vs. $582) and includes free cancellation, which adds flexibility if plans change. Option B has a higher review score (8.6 vs. 8.1) and more “premium” amenities (rooftop pool, members club, 4 stars), but it lacks free cancellation and costs substantially more. Given the value and risk of nonrefundable booking, I’d choose Option A.  

Final answer: A"
409,B,"Both options have the same 3-star level and the same guest review score (8.2), but Option B has better value for a one-night stay: breakfast is included and free cancellation is available, which reduces risk. Although Option B costs more ($321 vs. $199), the added included breakfast and flexibility make it the better overall choice.  
Final answer: B"
410,B,"Option B is $31 more expensive, but it has a slightly higher guest review score (8.3 vs 8.2) and includes breakfast, which Option A does not. Both offer free cancellation, similar room types, and free WiFi, so the main deciding factors are cost vs breakfast and marginally better reviews. I’d choose the better overall value in the same category: B.  

Final answer: B"
413,B,"Option B is cheaper ($164 vs. $241) and has a higher guest review score (8.4 vs. 8.1), but it doesn’t include breakfast and has fewer amenities (no restaurant/business center). Option A includes breakfast and has more facilities, but the higher price and slightly lower reviews make it less appealing for a one-night stay.  
Final answer: B"
414,B,"Both options are 3-star Midtown hotels with the same guest score (8.4/10) and similar room type, but the prices differ greatly ($281 vs $164). Option A includes breakfast and has a restaurant/business center, which adds convenience, while Option B offers free WiFi and fitness with in-room training instead, but no breakfast and lower overall cost. Given the large price gap for one night and both being non–free-cancellation, I’d prioritize value unless breakfast is a must.  

Final answer: B"
417,A,"Option A is much cheaper ($227 vs. $1,263) with strong value for a Midtown stay, and it offers free cancellation and the essentials (WiFi, fitness, dining). Option B has a far higher star rating and better review score (9.0 vs. 8.3) plus extra luxury amenities (spa/pool/bar), but the price premium is very large for just a one-night stay with no breakfast included in either option.  
Final answer: A"
418,A,"Option A is much cheaper ($240 vs. $921) and offers free cancellation plus breakfast, with a solid 3-star rating and good guest reviews (8.4). Option B has a higher review score (9.3) and more luxury amenities (spa/pool) and breakfast, but it costs far more and doesn’t allow free cancellation. For value and flexibility on a one-night stay, I choose Option A.  

Final answer: A"
421,A,"Option A is pricier ($285 vs $223) but has a higher guest review score (8.4 vs 8.0) and includes more amenities (restaurant and business center). Option B is cheaper and offers a room with a kitchen (studio suite), but its lower reviews and fewer amenities make it less appealing overall for a one-night stay.  
Final answer: A"
422,B,"Option A costs more ($249 vs. $150) but has a higher guest review score (8.0 vs. 7.8) and offers a restaurant and business center, which may be convenient. Option B is significantly cheaper and includes free cancellation, giving more flexibility, and the studio suite likely offers more space with a kitchen. With the small review difference, I’d prioritize value and flexibility.  
Final answer: B"
425,B,"Option A is cheaper ($232) with free cancellation and decent amenities, but it’s a 3-star hotel with a lower review score (7.8) and no breakfast included. Option B costs more ($282) and lacks free cancellation, but it’s higher quality overall (4 stars, 9.2 review score) and includes breakfast. Given the strong reviews and included breakfast, I’d choose Option B.  

Final answer: B"
426,B,"Option B costs more ($292 vs $140) but offers a notably better guest review score (9.2 vs 8.0) and is a higher-category 4-star hotel with an in-house restaurant. Since both lack free cancellation and neither includes breakfast, the main differences are overall quality and value, and the much higher ratings suggest Option B is the better stay despite the price.  

Final answer: B"
429,B,"Option A is cheaper ($238 vs $270) and offers free cancellation, which reduces booking risk, though it’s a 3-star hotel in the Financial District. Option B is slightly better reviewed (8.3 vs 8.1) and is 4 stars in Midtown, but costs more and has no free cancellation. I’d prioritize location and slightly higher quality if plans are firm, and I’m okay with the higher price since the review score is better.  
Final answer: B"
430,A,"Option A is much cheaper ($126 vs $317) and includes breakfast plus free cancellation, which reduces both cost and risk if plans change. Option B has a higher review score (8.2 vs 7.9) and is in Midtown with a 4-star rating, but it charges far more and lacks both breakfast and free cancellation. Since the main difference is price and added flexibility, I’d choose the value and certainty of Option A.  
Final answer: A"
433,B,"Option A is cheaper ($202 vs. $219) and includes breakfast, but it has a lower guest review score (7.8) and is only 3-star. Option B costs more, has no included breakfast, but it offers a higher guest review score (8.6) and is 4-star with similar core amenities and city views. Since the biggest differentiator is guest satisfaction, I choose Option B.  

Final answer: B"
434,B,"Option A is cheaper ($202 vs. $278) but has lower reviews (8.1 vs. 8.5), no free cancellation, and no breakfast included. Option B costs more, but offers free cancellation, higher guest scores, and breakfast included, plus a higher 4-star rating and better amenities (continental breakfast, city views). Overall, the added flexibility and included breakfast make Option B the better value despite the higher price.  
Final answer: B"
437,B,"Option A is cheaper ($166) but has lower review score (8.0 vs 8.3), no free cancellation, and no breakfast included. Option B costs more ($298) but offers better reviews, free cancellation, and breakfast included, which improves both flexibility and value for a one-night stay. Overall, the added benefits of B outweigh the higher price.  
Final answer: B"
438,B,"Option A is cheaper ($222 vs. $315) and has a solid review score (8.1) with free cancellation, but it doesn’t include breakfast. Option B costs more, yet it has a higher review score (8.4) and includes breakfast, plus free cancellation. Given the better guest feedback and added breakfast, I’d choose B despite the higher price.  

Final answer: B"
441,B,"Option B costs more ($355 vs $189), but it has a meaningfully higher guest review score (8.5 vs 7.8) and includes free cancellation, which is a valuable flexibility for one night. Both include breakfast and have similar core amenities, so the main trade-off is price vs better experience and cancel flexibility. I’d choose the option that reduces risk and likely provides a better stay.  
Final answer: B"
442,B,"Option A is cheaper ($222) and includes breakfast, but it has a lower guest score (7.8 vs 8.4) and no free cancellation, which increases risk if plans change. Option B costs more ($303) but offers a clearly better review score and free cancellation, making it the safer and higher-quality choice overall.  

Final answer: B"
445,B,"Option B has the higher guest review score (8.1 vs 7.9) and includes free cancellation, which lowers the risk if plans change. Although it costs more ($301 vs $222), it also offers a One-Bedroom Suite with a kitchen, which is a meaningful upgrade in space and convenience. Option A is cheaper but lacks free cancellation.  
Final answer: B"
446,B,"Option B is more expensive ($284 vs $202) but has a higher guest score (8.3 vs 8.0) and includes breakfast, plus a more spacious Studio Suite with a kitchen—useful if you want more convenience for a one-night stay. Option A is cheaper, still has free cancellation and solid amenities, but lacks breakfast and the room is just a Standard King. Overall, the better value for comfort and satisfaction tips toward Option B despite the higher price.  

Final answer: B"
449,B,"Both hotels are 3-star with the same guest review score (8.1) and neither includes free cancellation or breakfast, so those factors don’t differentiate. Option B in Chelsea costs $153 vs. $192 for Option A, and both have free WiFi; Option B also offers a rooftop bar, which is a nice perk. I’d choose the better value.  
Final answer: B"
450,A,"Option A is cheaper ($125 vs. $130), has a slightly higher guest score (8.2 vs. 8.1), and includes breakfast plus a fitness center—better overall value for a one-night stay. Option B’s main advantages are the rooftop bar and Chelsea location, but it costs more and doesn’t include breakfast. I’d choose A for the better value and amenities.  

Final answer: A"
453,B,"Option B is significantly cheaper ($194 vs. $289) and has a higher review score (8.7 vs. 8.4) with free cancellation in both cases. The main downside is that breakfast isn’t included and the room type is smaller than A’s one-bedroom suite with a kitchen. Overall, the value and better guest reviews make B the better pick.  
Final answer: B"
454,B,"Option B is cheaper by $52 per night and has a higher guest review score (8.6 vs 8.3), while both lack free cancellation and breakfast. Option A adds a kitchen (and “Breakfast” is listed in amenities, though breakfast isn’t included), but if you don’t need in-room cooking, the better value and better reviews make Option B the stronger choice.  
Final answer: B"
457,A,"Option A is cheaper ($230 vs $329) and offers free cancellation, which lowers the risk if plans change, and it includes breakfast and a kitchen. Option B has a higher guest score (8.6 vs 8.3) and more amenities (rooftop pool, restaurant, members club) but costs more and has no free cancellation. Overall, the combination of significantly lower price and free cancellation makes Option A the better value for a one-night stay.  

Final answer: A"
458,B,"Option A is cheaper ($233 vs $354) and includes breakfast, which adds immediate value, but it’s in Chelsea with a lower review score (8.1). Option B costs more, doesn’t include breakfast, but has a higher review score (8.6) and stronger amenities for leisure/work (rooftop pool, restaurant, members club) in NoMad. Overall, the better guest experience and standout facilities make Option B the better choice despite the higher price.  
Final answer: B"
461,B,"Both options have the same star rating and identical guest review scores (8.1/10), so value comes down to cancellation and included perks. Option B is $45 cheaper and includes breakfast, plus it offers free cancellation, which adds flexibility. Option A lacks free cancellation and breakfast and is more expensive, despite having a kitchen.  

Final answer: B"
462,B,"Option A costs much more ($269 vs $152) but offers included breakfast and a kitchenette-style advantage (Kitchen amenity), plus a higher guest score (8.4 vs 8.0). Option B is significantly cheaper and still has free cancellation and free WiFi/fitness, but breakfast isn’t included and the room is just a standard King Room. Given the large price difference, I’d prioritize value while accepting the missing included breakfast.  
Final answer: B"
465,A,"Option A is cheaper ($196 vs. $332), has a slightly higher guest score (8.3 vs. 8.1), and includes breakfast, plus it offers a suite with a kitchen. Option B has free cancellation and a better location alternative (Upper East Side), but it costs much more and doesn’t include breakfast. With the added value of breakfast and lower cost, I’d choose A unless cancellation flexibility is critical.  
Final answer: A"
466,A,"Option A is $44 more expensive but offers free breakfast, a kitchenette, and a slightly higher guest rating (8.2 vs 8.0). Option B is cheaper and includes free cancellation, but you’d pay more out of pocket for meals since breakfast isn’t included and you have no kitchen. If you value cost certainty and flexibility, B; if you value included breakfast and more in-room convenience, A.  

Final answer: A"
469,A,"Option A is much cheaper ($302 vs. $1,063) and still offers free cancellation and strong amenities, making it the better value for a one-night stay. Option B is significantly more expensive, but it has a higher review score (9.4 vs. 8.3) and more luxury features (spa/pool/restaurant), which matter less if you only need a comfortable place to sleep and you’re not using those facilities.  
Final answer: A"
470,A,"Option A is much cheaper ($211 vs. $1,037) and offers free cancellation, which reduces booking risk, though the guest score is lower (8.4 vs. 9.3) and there’s no breakfast included. Option B has a significantly higher review score and is a 5-star property with strong amenities (spa/pool/restaurant), but the price is far higher and there’s no free cancellation. I’d choose the value + flexibility of Option A.  
Final answer: A"
473,A,"Option A is cheaper ($163 vs. $210), has a higher guest review score (8.5 vs. 8.3), and includes both free cancellation and breakfast—clear value and flexibility. Option B has a better location only if you specifically prefer Downtown Brooklyn, but it costs more and lacks breakfast and free cancellation.  
Final answer: A"
474,A,"Option A is $55 more per night but offers breakfast included and a One-Bedroom Suite with a kitchen, which adds more space and convenience for a one-night stay; its higher review score (8.3 vs 8.2) is also a slight plus. Option B is much cheaper and has free cancellation, but you give up breakfast and the room is smaller (queen room) with fewer amenities.  
Final answer: A"
477,A,"Option A is much cheaper ($180 vs. $464), includes breakfast, and has free cancellation, making it a safer and better value choice for a one-night stay. Option B has a slightly higher review score (8.6 vs. 8.5) and more amenities, but the lack of free cancellation and no included breakfast significantly increase the downside and overall cost.  
Final answer: A"
478,A,"Option A is cheaper ($261 vs $407), includes breakfast, and has strong reviews (8.3) despite being 3 stars. Option B is pricier and excludes breakfast, but it’s in a better-reviewed 5-star hotel (8.9) with more amenities like a spa and restaurant/bar. Since breakfast and cost savings are significant for a one-night stay and both have no free cancellation, I’d choose the better value with breakfast included.  
Final answer: A"
481,A,"Both options are solid 4-star hotels with the same overall guest score (8.5/10), but Option A has a much higher review volume (3,227 vs 1,140), which makes its reputation feel more reliable. Option A is also cheaper by flexibility since it offers free cancellation, while Option B is cheaper upfront but nonrefundable. I’d prioritize cancellation flexibility for a one-night trip in NYC.  

Final answer: A"
482,A,"Option A (citizenM New York Bowery) has a higher guest review score (8.6 vs 8.3) and is in Manhattan’s Lower East Side, which is typically more convenient than Brooklyn for many NYC plans. Option B is slightly cheaper ($179 vs $190) but has fewer reviews and a lower score, with amenities that don’t clearly outweigh the better location and ratings.  
Final answer: A"
485,B,"Both are similar 4-star options with close review scores, but Option B is cheaper ($242 vs $283) and includes free cancellation, which is a valuable flexibility. Option A has a rain shower and a rooftop bar, but it’s pricier and lacks free cancellation. I’d prioritize cost plus cancellation flexibility.  
Final answer: B"
486,B,"Option A is in the Lower East Side and has a higher review score (8.7 vs 8.3), but it has no free cancellation and breakfast isn’t included. Option B costs the same, is in Midtown, has free cancellation and breakfast included, though the guest score is a bit lower. Since cancellation and included breakfast are meaningful upsides with no added cost, I’d choose B.  
Final answer: B"
489,B,"Option B has a higher guest review score (8.8 vs 8.5) and is in a strong, convenient location (Chelsea), while both offer free cancellation and no breakfast. Option A is cheaper ($215 vs $242) and adds a rooftop bar and rain shower, but its overall satisfaction is slightly lower. I’ll prioritize slightly better reviews and location over the extra amenities and lower price.  
Final answer: B"
490,A,"Both hotels have the same star rating and the same review score (8.7), but Option A is much cheaper ($159 vs $274). Since breakfast isn’t included in either and both offer similar core amenities (free WiFi and a king bed), the main decision is value versus flexibility. I’d choose Option A because it offers the best price for essentially equal guest satisfaction, despite lacking free cancellation.

Final answer: A"
493,A,"Option A has the higher guest review score (8.8 vs 7.9) and a slightly higher price ($266 vs $260), with amenities that include a rain shower and a rooftop bar—nice quality-of-stay perks. Option B is cheaper by $6 and has a fitness center plus an on-site restaurant/bar, but the notably lower review score makes it the riskier choice. With free cancellation and no breakfast in either, I’d prioritize the stronger overall guest satisfaction.  

Final answer: A"
494,A,"Option A is cheaper ($227 vs. $367) and has a significantly higher guest review score (8.8 vs. 7.9), with similar 4-star quality and strong perks like free WiFi and a rooftop bar. Option B is more expensive with lower reviews, though it offers a fitness center and on-site restaurant/bar. Overall, the better value and guest satisfaction point to Option A.  
Final answer: A"
497,A,"Option A is much cheaper ($285 vs. $927) and offers free cancellation, making it a lower-risk choice, with strong reviews (8.8/10) and solid amenities like a rain shower and WiFi. Option B is in a more upscale setting (5 stars, TriBeCa) with higher reviews (9.4/10) and extra amenities (spa/pool/fitness), but the price is significantly higher and there’s no free cancellation, increasing downside risk.  
Final answer: A"
498,A,"Option A is much cheaper ($206 vs $706) and has free cancellation, which reduces booking risk, with a solid guest score (8.7/10) and strong basics like free Wi‑Fi and a rain shower. Option B is far more expensive and has no free cancellation, though it offers a higher score (9.3/10) and more amenities (spa/pool/fitness) in a more upscale area. For a one-night stay, the value and flexibility of Option A outweigh the extra amenities.  
Final answer: A"
501,A,"Option A costs more ($287 vs. $190) but offers a higher guest review score (8.9 vs. 7.9), a better-rated 4-star hotel, breakfast included, and free cancellation—meaning less risk if plans change. Option B is cheaper, but it’s lower quality by reviews, no breakfast, and no free cancellation, so the trade-off is mostly price.  
Final answer: A"
502,A,"Option A costs more ($236 vs. $108) but offers a higher guest score (8.7 vs. 7.8), is in a more central Manhattan neighborhood (Lower East Side), and includes free cancellation plus stronger amenities (rain shower and smart TV, rooftop bar). Option B is much cheaper but has a lower rating, no free cancellation, fewer amenities, and is across the river in Long Island City. I’d prioritize the better experience and flexibility.  
Final answer: A"
505,A,"Option A is cheaper ($175 vs. $257) and has a higher guest review score (8.9 vs. 8.7), so it’s the better value if you’re okay with non-cancellable terms and fewer amenities listed beyond basic comforts (though it has soundproofing and a rain shower). Option B costs more but offers free cancellation, which reduces risk in case plans change.  
Final answer: A"
506,A,"Both are 4-star NYC options with similar guest scores, but Option B has a slightly higher review score (8.6 vs 8.5). Option A is cheaper ($209 vs $218) and offers free cancellation, which is a strong practical advantage for a one-night stay. Considering cost and flexibility, I’d pick Option A.  

Final answer: A"
509,A,"Option A is much cheaper ($255 vs. $1,009) and offers free cancellation, making it the safer value choice if plans might change. Option B has a higher guest score (9.3 vs. 8.9) and more luxury amenities, but the price difference is large and there’s no free cancellation.  
Final answer: A"
510,A,"Option A is far cheaper ($251 vs. $760) but has a lower guest score (8.7 vs. 9.5) and no extras beyond core amenities like WiFi, soundproofing, and a rain shower. Option B costs much more, yet offers a noticeably higher review score and additional premium facilities (restaurant, gym, terrace, private theater). For most one-night stays, the strong value of Option A outweighs the luxury price premium.  
Final answer: A"
513,B,"Option A is much cheaper ($310 vs. $546) but has no free cancellation and a slightly lower review score (8.9 vs. 9.1). Option B costs more, yet offers free cancellation (a meaningful risk reducer) and a higher-rated, more premium 5-star experience with added amenities like spa and pool. Given the better reviews and the flexibility of free cancellation, I’d choose Option B.  
Final answer: B"
514,A,"Option B is pricier ($588 vs $288) and offers no breakfast and no free cancellation, but it has a higher star rating and similar guest satisfaction (8.9 vs 8.8) plus stronger luxury amenities (spa/pool/restaurant/fitness). Option A is nearly as well reviewed, includes free cancellation, and still has solid in-room comforts (soundproof, rain shower, smart TV) for much less.  
Final answer: A"
517,A,"Option A is far cheaper ($198 vs. $836) and has the slightly higher guest score (8.7 vs. 8.5), so it’s the better value for a one-night stay. Option B offers free cancellation and luxury amenities (spa, rooftop pool), but the extra cost is very large despite a slightly lower review score. With no breakfast difference and only one night, I’d prioritize value.  
Final answer: A"
518,A,"Option A is far cheaper ($216 vs. $946) and has a higher guest review score (8.9 vs. 8.5), with strong room amenities like soundproofing and a rain shower—well-suited for a comfortable one-night stay. Option B is a more premium 5-star experience with extras (rooftop pool/spa/fitness/restaurant), but the large price increase doesn’t seem justified for a single night.  

Final answer: A"
521,A,"Option A is much cheaper ($208 vs. $418) while still being a 4-star hotel and has a higher guest review score (8.9 vs. 8.1), with both offering free cancellation and no included breakfast. Since both have similar basic needs (free WiFi, private rooms) and the main differences are price and amenities, I’d prioritize value and consistent guest satisfaction.  

Final answer: A"
522,A,"Option A is cheaper ($168 vs. $274) and has a higher guest review score (8.6 vs. 8.1), making it a better value if you’re prioritizing overall satisfaction and cost. Option B offers free cancellation, but the added price is significant and breakfast isn’t included in either option.  
Final answer: A"
525,B,"Option B costs $35 more but offers a much higher guest review score (9.3 vs 7.6), includes breakfast, and has free cancellation (whereas A doesn’t). If you value comfort and flexibility for a single night, the better reviews plus included breakfast and cancellation make B the stronger choice despite the higher price.  

Final answer: B"
526,B,"Option B costs more ($290 vs. $267) and has no free cancellation, but it has a much higher guest review score (9.4 vs. 7.8), suggesting a better overall experience. Both include breakfast and offer solid amenities, so the main trade-off is price/cancellation flexibility versus quality. I’d prioritize the stronger reviews despite the higher cost and stricter cancellation policy.  

Final answer: B"
529,B,"Option A is more expensive ($334 vs. $235) and has a lower guest review score (7.5 vs. 8.1), while both offer free cancellation, no included breakfast, and similar amenities. Option B also provides a slightly different room setup (queen bed vs. double beds) but overall seems like better value and higher-rated stay. I would choose the better-reviewed, lower-cost option.  

Final answer: B"
530,A,"Option B has the better guest review score (8.1 vs 7.5), and it costs $30 less per night ($231 vs $261). However, Option A includes breakfast and offers free cancellation, which reduces risk and adds immediate value for a one-night stay. Since you’re optimizing for overall comfort and flexibility, the included breakfast and free cancellation in Option A are likely worth the extra $30.  
Final answer: A"
533,B,"Option A is cheaper ($223 vs $256) and offers free cancellation, but it lacks included breakfast and has a lower review score (7.6 vs 8.2). Option B is slightly more expensive and non-cancellable, yet it includes breakfast and has better guest satisfaction. For a one-night stay, the included breakfast and higher review score are likely the stronger overall value despite the no free-cancellation.  
Final answer: B"
534,B,"Option A is more expensive ($330 vs $255) and has a lower guest score (7.5 vs 8.3), plus no free cancellation and no breakfast included. Option B offers better reviews, includes breakfast, and has free cancellation, making it the better value and lower-risk choice for a one-night stay.  
Final answer: B"
537,B,"Option A costs more ($350 vs. $214) and offers a slightly lower review score (7.7 vs. 7.9), but it has free cancellation, which adds flexibility, and it includes hotel conveniences like a restaurant/bar. Option B is much cheaper and has a better review score, but lacks free cancellation and includes a kitchen (useful for a suite stay). For a one-night NYC booking where price and comfort both matter, I’d prefer the higher-rated, lower-cost option despite the no-free-cancellation risk.  
Final ans"
538,B,"Both options have the same review score (7.7/10) and both include free cancellation and no breakfast. Option A is more expensive ($270 vs $145) but is a 4-star Park Central Hotel with a standard king room and more amenities (restaurant and bar). Option B is much cheaper and offers a studio suite with a kitchen, which may be more convenient for a one-night stay. I’d choose the better value with the kitchen.  
Final answer: B"
541,B,"Option B has a higher guest review score (8.0 vs 7.6) and includes breakfast, which adds clear value for a one-night stay. Option A is cheaper ($286 vs $310) and offers free cancellation, but it lacks breakfast and has lower ratings. Overall, the better reviews plus breakfast tip the balance toward Option B despite the $24 extra cost and non-refundable policy.  
Final answer: B"
542,A,"Option B has the higher guest score (8.2 vs 7.7) and offers free cancellation, which reduces booking risk, but it costs much more ($427 vs $260) and doesn’t include breakfast. Option A is significantly cheaper and includes breakfast, but you lose the ability to cancel for free and the review score is lower. Given the large price difference, I’d prioritize value with included breakfast unless cancellation flexibility is critical.  

Final answer: A"
545,B,"Option A and B are both 4-star Midtown hotels with free cancellation and no breakfast included, so the main differences are price, guest scores, and amenities. Option B is significantly cheaper ($221 vs. $307) and has a higher review score (8.5 vs. 8.1). Option A includes an on-site restaurant as an extra amenity, but the added cost seems hard to justify given the higher satisfaction rating and better value of Option B.  
Final answer: B"
546,A,"Option A is cheaper ($231 vs. $373) and offers free cancellation, which reduces risk if plans change. While Option B has a slightly higher review score (8.2 vs. 8.1), it costs much more and doesn’t include free cancellation. With both lacking breakfast, the main advantage goes to Option A.  
Final answer: A"
549,A,"Option A is much cheaper ($264 vs $536) and is still a solid 4-star choice with a good review score (8.0). Option B has a noticeably higher review score (8.6) and better perks (rooftop pool and members club), but the price is almost double and there’s no included breakfast in either case. With the biggest difference being value versus amenities/upgraded experience, I’d choose the better overall value.  
Final answer: A"
550,A,"Option A is much cheaper ($319 vs. $587), offers free cancellation, and still has a solid 8.3/10 guest score with strong Midtown location—plus basic amenities like WiFi and a fitness center. Option B has a higher guest score (8.7/10) and more “experience” amenities (rooftop pool, members club), but the price is nearly double and there’s no free cancellation, which adds risk. Overall, the value and flexibility make Option A the better choice.  

Final answer: A"
553,B,"Option A is pricier ($288 vs. $160) and has worse value on flexibility since there’s no free cancellation, though it does offer a higher review score (8.3 vs. 7.9) and 4-star amenities. Option B costs far less, includes breakfast and free cancellation, and still has solid reviews (7.9). For a one-night stay, the combination of lower price, breakfast, and flexibility makes Option B the better overall trade-off.  

Final answer: B"
554,A,"Option A is cheaper ($194 vs. $272) and has a higher guest score (8.4 vs. 8.1) in Midtown, with free cancellation and WiFi. Option B costs more, and while it includes breakfast (a potential value add), both options share free cancellation and WiFi. Given the better overall value from the lower price and higher review score, I’d choose A.  
Final answer: A"
557,A,"Option A is cheaper ($301 vs. $338) and has a much higher guest review score (9.0 vs. 8.7) with far more reviews, which suggests more consistent quality. Both offer free cancellation and no breakfast, so the main difference is amenities: Option B includes continental breakfast, but it would still cost more and doesn’t improve the review score as much as the price gap. Overall, the better value and stronger ratings favor Option A.  
Final answer: A"
558,A,"Both are 4-star Midtown hotels with free cancellation and no breakfast included. Option A has a higher guest review score (8.8 vs 8.7) and far more reviews, making it a more reliable choice, plus it’s cheaper ($242 vs $289). Option B offers continental breakfast and city views, but since breakfast isn’t included, those added amenities don’t clearly outweigh the price difference.  
Final answer: A"
561,A,"Option A is cheaper ($222 vs $231), has a much higher guest review score (9.1 vs 7.3), and both have the same 4-star rating, no free cancellation, no breakfast included, and similar amenities. Since the main differences are price and guest satisfaction—and both are strongly in favor of A—I’d choose A.  
Final answer: A"
562,A,"Option A costs more ($319 vs $214) but offers a much higher guest review score (8.8 vs 7.3), which is a strong indicator of overall satisfaction, and it includes free cancellation for flexibility. Option B is cheaper and has the same basic amenities, but the lower reviews and no free cancellation increase the risk if the stay doesn’t meet expectations. Overall, the combination of better reviews and free cancellation makes Option A the safer choice despite the higher price.  

Final answer: A"
565,A,"Option A is cheaper ($247 vs. $273) and has a much higher guest review score (9.0 vs. 7.7) with similar amenities and breakfast included, but it has no free cancellation. Option B costs more but offers free cancellation, making it safer if plans might change, though the reviews are noticeably worse. If I value reliability of the stay over flexibility, I’d pick A; otherwise B for the cancellation protection.  

Final answer: A"
566,A,"Option A is in Midtown, has a much higher guest review score (9.1 vs 7.7) and offers free cancellation, but breakfast isn’t included and the price is slightly higher. Option B is in Chelsea, costs $2 less, includes breakfast, and also has free cancellation, but has a notably lower review score and fewer amenities listed. Given the big difference in guest satisfaction, I’d prioritize the better-rated hotel despite missing breakfast.  

Final answer: A"
569,A,"Option A is cheaper by $101, has a much higher guest review score (9.1 vs 7.9) with far more reviews, and both options offer the same 4-star level, free cancellation, no breakfast, and similar amenities. Although Option B has a nicer-sounding room type (king), the significantly lower satisfaction in reviews makes it the riskier choice.  

Final answer: A"
570,A,"Option A has a much higher guest review score (9.1 vs 7.7) with far more reviews, suggesting more reliable quality for the stay. Both options are 4-star, have free cancellation, similar amenities, and neither includes breakfast, but Option A costs $61 more—yet the quality signal seems strong enough to justify it for a one-night trip.  
Final answer: A"
573,A,"Option A is cheaper ($212 vs. $220) and has a much higher guest review score (9.0 vs. 7.6) with strong amenities (WiFi, fitness, restaurant, bar), though breakfast isn’t included and there’s no free cancellation. Option B is slightly more expensive but includes breakfast, yet it has a lower overall guest satisfaction score and fewer amenities. Since the review score difference is large and breakfast can be added separately, I’d pick Option A.  
Final answer: A"
574,A,"Option A costs much more ($400 vs. $139) but has a clearly higher guest review score (8.8 vs. 7.3) and includes free cancellation, which reduces risk for a one-night trip. Option B is far cheaper but has lower ratings and no free cancellation, so you’re less protected if plans change. Overall, the strong reviews plus free cancellation in Option A are worth the extra cost.

Final answer: A"
577,A,"Option A costs much more ($327 vs. $88) but offers a higher-rated 4-star hotel with far better guest scores (8.9 vs. 6.5) and more amenities (fitness center, restaurant/bar) while both have free cancellation and no breakfast included. For a one-night stay in NYC, the much stronger reviews and overall quality make Option A the safer choice despite the higher price.  
Final answer: A"
578,A,"Option A costs much more ($320 vs $122) but offers a higher 4-star hotel, far better guest satisfaction (9.1 vs 6.7), and free cancellation, plus stronger amenities (WiFi, fitness center, restaurant/bar). Option B is cheaper, but lacks free cancellation and has notably lower reviews and fewer amenities.  
Final answer: A"
581,A,"Option A is cheaper ($400 vs. $464), has a higher guest review score (9.0 vs. 8.3), and includes free cancellation, which reduces booking risk. Option B has a higher star rating and a nicer room category (Deluxe Suite) plus a spa, but it costs more and cannot be cancelled.  
Final answer: A"
582,A,"Option A is much cheaper ($266 vs. $625) with a higher guest review score (9.0 vs. 8.5) despite being 4 stars instead of 5. Both have no free cancellation and no breakfast included, so the main difference is the extra luxury features in Option B (spa) and a suite room type. Given the strong reviews and large price gap for just one night, I’d choose Option A.  
Final answer: A"
585,B,"Option A is cheaper ($200 vs. $353) and also has solid amenities (WiFi, fitness center, restaurant), but it has a lower guest score (8.2 vs. 8.7) despite similar 4-star status. Option B costs more, yet offers a noticeably better guest review score and additional amenities (rooftop bar) in the NoMad area, which is likely more appealing for location and experience.  
Final answer: B"
586,A,"Option A is slightly higher rated (8.6 vs 8.5) and offers free cancellation, which is a meaningful risk-reducer for a one-night stay. Option B is cheaper ($263 vs $270) and has a better amenity “fit” for nightlife (rooftop bar), but you lose free cancellation. With the small price difference, I’d prioritize flexibility and the marginally better review score.  

Final answer: A"
589,A,"Option B costs much more ($404 vs $239), but it offers a higher guest review score (8.7 vs 8.4) and additional amenities (bar and spa) while both have free cancellation, no breakfast included, and similar room types. If budget matters, Option A gives strong value with only slightly lower reviews. If you prioritize top experience and extra facilities, Option B is the upgrade.  
Final answer: A"
590,A,"Option A is much cheaper ($203 vs $661) while still offering a strong location in Midtown and a good review score (8.4). Option B has higher reviews (8.8) and better amenities (notably spa and bar) plus a higher 5-star rating, but the added cost is substantial for a one-night stay.  
Final answer: A"
593,B,"Option A is much cheaper ($201 vs. $805) and still has a solid 4-star rating with strong reviews (8.2/10) in Midtown. However, it lacks free cancellation and breakfast. Option B costs significantly more, but it offers a higher review score (8.9/10), 5-star experience in SoHo, and the benefit of free cancellation. I’d choose Option B for the better quality and flexibility despite the higher price.  

Final answer: B"
594,A,"Option A is much cheaper ($214 vs $656) and offers free cancellation, with a solid review score (8.4) in Midtown. Option B is more expensive and non-refundable, but has a higher review score (9.1) and a 5-star SoHo location with a penthouse loft. With the strong budget and flexibility advantage of A, I’d choose A.  
Final answer: A"
597,B,"Both hotels have the same review score (8.3), but Option A costs $339 vs $201 for Option B. Option A includes breakfast and is in Midtown, but it has no free cancellation, while Option B offers free cancellation and still includes free WiFi and a fitness center. For a one-night stay where flexibility matters, I’d prioritize the cheaper price plus free cancellation.  
Final answer: B"
598,B,"Option A is pricier ($355 vs. $240) and offers no breakfast in either case, so the main advantage is its 4-star rating and slightly more amenities (adds a restaurant). Option B is cheaper and has a marginally higher guest review score (8.3 vs. 8.2) with free cancellation and similar core amenities (free WiFi, fitness). With only a one-night stay and no breakfast difference, I’d pick the better value.  
Final answer: B"
601,A,"Option A is much cheaper ($278 vs $573) and has a higher guest review score (8.7 vs 7.8) with free cancellation and WiFi, so it’s the better value for comfort. Option B offers a higher star rating and more upscale amenities (spa/fitness/restaurant), but the lower reviews and more than double the price make it less attractive for a one-night stay.  
Final answer: A"
602,A,"Option A is much cheaper ($277 vs. $573) and has a higher guest review score (8.8 vs. 7.6), which suggests better overall satisfaction. However, it doesn’t include breakfast, while Option B includes breakfast but has a lower review score and offers more premium amenities (spa, restaurant, fitness). For a one-night stay with no free cancellation and a strong value difference, I’d prioritize price and guest satisfaction.  

Final answer: A"
605,A,"Option A costs much more ($357 vs. $184) and both options have the same constraints: no free cancellation and no breakfast included. However, A has a higher guest review score (8.8 vs. 8.0) and a higher 4-star rating, which likely improves overall experience. Given the significant review advantage despite the higher price, I’d choose A.  

Final answer: A"
606,A,"Option A costs more ($228 vs. $151) but offers a higher guest review score (8.8 vs. 8.0) and a 4-star hotel in Midtown, plus a rooftop bar and allergy-free rooms. Option B is cheaper, also has free cancellation and no breakfast, and provides more standard amenities like a fitness and business center. Given the notably better reviews and overall quality signal from A, I’d choose A despite the higher price.  
Final answer: A"
609,A,"Option A is cheaper ($225 vs. $296) and has a higher guest review score (8.8 vs. 8.1), with free cancellation and no breakfast in either case. Option B offers a fitness center and restaurant, but the lower rating and higher price make it less attractive for a one-night stay.  

Final answer: A"
610,A,"Option A has a higher guest review score (8.8 vs 8.0) and is in Midtown, but costs more ($366 vs $335) and has no free cancellation. Option B is cheaper and offers free cancellation, but has a lower review score and includes fewer “premium” features (no rooftop bar/allergy-free rooms listed).  
Final answer: A"
613,A,"Option A is cheaper ($219 vs $262), higher rated (8.9 vs 7.8), and offers free cancellation, plus it’s in Midtown (often central for many NYC stops). Option B includes breakfast, but the lack of free cancellation and the lower review score make it riskier value despite the 3-star rate.  
Final answer: A"
614,A,"Option A is a higher-rated (8.8 vs 7.8) 4-star hotel in Midtown, but it lacks breakfast and is more expensive ($208 vs $179) with no free cancellation. Option B costs less and includes breakfast and a fitness center, but has a lower review score and is only 3 stars. Given the big comfort/quality signal from the higher review score, I’d pay the extra for Option A.  

Final answer: A"
617,A,"Option A is much cheaper ($264 vs. $706) and includes breakfast, but it has no free cancellation and a lower review score (8.6). Option B offers a higher-rated, more premium 5-star experience with free cancellation and strong amenities, but you pay a large price premium and breakfast isn’t included. I’d choose the value and included breakfast while accepting the lack of free cancellation.  
Final answer: A"
618,B,"Option A is much cheaper ($326 vs $890) but has no free cancellation and a lower review score (8.7 vs 9.2). Option B costs significantly more, yet offers free cancellation (a clear risk-reducer) and better guest satisfaction, plus more amenities like spa. Overall, the combination of higher quality feedback and free cancellation makes Option B worth the extra cost.  

Final answer: B"
621,B,"Option A is cheaper ($268 vs. $314) and has a slightly lower but still good review score (8.1 vs. 8.3). Option B costs more, but it includes breakfast (which adds real value) and has a higher review score with more reviews (2,581 vs. 2,162), suggesting slightly better overall experience. Given breakfast inclusion and the better-reviewed hotel, I’d choose Option B.  
Final answer: B"
622,A,"Both options have the same guest review score (~8.2) with similar review volumes, so quality seems comparable. Option A is cheaper ($208 vs. $260) and offers free cancellation, but it doesn’t include breakfast. Option B includes breakfast and costs more, and it doesn’t offer free cancellation, so the added value of breakfast doesn’t outweigh the higher price and loss of flexibility for me.  

Final answer: A"
625,B,"Option A has a higher guest review score (8.4 vs 8.2) and is in the Lower East Side, but it costs $93 more and doesn’t include breakfast. Option B is cheaper, includes breakfast, and still has a solid review score and comparable key amenities (WiFi and fitness). Given the price difference and the added breakfast value, I’d choose Option B.  
Final answer: B"
626,B,"Option A is cheaper ($314 vs. $334), has better free-cancellation flexibility, and a slightly higher review base in total volume, but it lacks included breakfast and has a king room only. Option B costs more and doesn’t offer free cancellation, but it has the higher guest score (8.4 vs. 8.2), includes breakfast, and offers stronger amenities for the stay (breakfast + WiFi + fitness). Given breakfast inclusion and the higher rating, I’d choose Option B despite the cancellation drawback.  
Final a"
629,A,"Option A is cheaper ($178 vs $203), has a higher guest review score (8.1 vs 7.9), and includes free cancellation, which lowers booking risk. Option B offers a pool, but it costs more and removes free cancellation. I’d prioritize better value and flexibility.  
Final answer: A"
630,A,"Option A is $5 cheaper and includes breakfast, which adds clear value for a one-night stay; it also has a slightly higher guest score (8.1 vs 8.0) with many more reviews. Option B has a pool and a king bed, but it costs more and breakfast isn’t included, so the added amenities are less certain to outweigh the cost.  
Final answer: A"
633,B,"Option A is a more central/lively location (Times Square) with a higher guest score (8.6 vs 8.3) but costs much more ($304 vs $178) and has no free cancellation or breakfast included. Option B is cheaper, offers free cancellation, and includes breakfast while still having a solid review score. Overall, the cost savings plus flexibility make Option B the better deal.  
Final answer: B"
634,B,"Both options have no free cancellation and similar guest satisfaction (A: 8.4 vs B: 8.2), with A being more expensive ($372 vs $241). Since B includes breakfast, has more reviews (3,050 vs 2,238), and offers the same double room setup, the extra cost of A doesn’t seem justified for a one-night stay.  
Final answer: B"
637,B,"Option A costs more ($254 vs. $195) but has a slightly higher guest score (8.4 vs. 8.3) and is a 4-star hotel in Times Square, while Option B is 3-star in Midtown with similar core amenities (free WiFi, restaurant, fitness center) and free cancellation. Since the differences are small and breakfast isn’t included in either, I’d prioritize the better value for a one-night stay.  
Final answer: B"
638,A,"Both options have the same guest score (8.4/10), but Option A is much cheaper ($210 vs $324) and offers similar amenities. Option B’s only clear advantage is free cancellation, while it has a lower star rating and costs significantly more. For a one-night stay, I’d prioritize value given the identical review score.  
Final answer: A"
641,A,"Option A is in Times Square and has a higher guest review score (8.4 vs 7.8) plus breakfast included, which adds real value since Option B doesn’t include breakfast. Option B is cheaper by $34 and has a pool, but the lower review score and no included breakfast make it less appealing overall.  
Final answer: A"
642,A,"Both options are 4-star, same price ($215), same room type, and include free cancellation with no breakfast. LUMA Times Square has a higher guest review score (8.4 vs 7.7) and is also in a more central, busier location for typical NYC sightseeing, while Sheraton Brooklyn’s main added perk is a pool. With no breakfast either way and the bigger quality signal from reviews, I’d choose LUMA.  
Final answer: A"
645,A,"Option A is more expensive ($214 vs $144) but offers a higher guest score (8.4 vs 8.0) and a 4-star hotel closer to Times Square, with similar free cancellation and breakfast included. Option B is cheaper and also has free cancellation and breakfast, but it has a lower review score and fewer amenities listed beyond WiFi, breakfast, and fitness.  
Final answer: A"
646,B,"Option A is costlier ($348 vs $183) but has a higher guest review score (8.7 vs 7.8) and is in Times Square, which may better match a more central sightseeing vibe; it also has similar amenities (Wi‑Fi and fitness) though no breakfast. Option B is much cheaper and includes breakfast, but the lower rating suggests a somewhat less consistent experience.  

Final answer: B"
649,A,"Option A is cheaper ($227 vs. $375), has a higher guest review score (8.5 vs. 8.3), and offers free cancellation, which reduces risk if plans change. Option B is in a more upscale/quiet area (Tribeca) and includes fewer amenities (no fitness center listed) while also being non-refundable.  
Final answer: A"
650,A,"Option A is in Times Square and has a much higher guest review score (8.6 vs 8.1) and a larger review base, which suggests more consistent quality. It’s also $15 more but offers free cancellation, which reduces risk, while both options don’t include breakfast and have similar basic amenities. Given the better ratings plus the flexibility of free cancellation, I’d choose Option A.  
Final answer: A"
653,A,"Option A is more expensive ($316 vs $173) but offers a higher star rating (4 vs 3), free cancellation, and more amenities (restaurant and bar) in Times Square. Option B is cheaper and still has a strong review score (8.3), but lacks free cancellation and offers fewer amenities. Since flexibility matters for a one-night NYC stay, I’d choose the option with free cancellation despite the higher price.  
Final answer: A"
654,A,"Option A costs $25 more but offers a higher guest review score (8.7 vs 8.4), a 4-star hotel, free cancellation, and includes more amenities (restaurant/bar), which adds value for a one-night stay in a central area like Times Square. Option B is cheaper but has no free cancellation and fewer amenities, and it’s also in Downtown Brooklyn rather than Midtown.  
Final answer: A"
657,B,"Option B is more expensive ($410 vs $269) but offers a noticeably higher guest review score (8.9 vs 8.3) and more amenities (wine hour and an in-house restaurant). Since both have the same star level, no free cancellation, and breakfast not included, the main decision is value vs higher satisfaction and added features; I’ll choose the better-reviewed hotel with extra amenities.  
Final answer: B"
658,B,"Option A is more flexible due to free cancellation, but it has a lower guest review score (8.4 vs 8.7) and costs more ($353 vs $332). Option B costs less and has better reviews, but lacks free cancellation. With the choice mainly based on value and guest satisfaction (and cost), I’d pick Option B.  
Final answer: B"
661,B,"Option A is much cheaper ($394 vs. $750) and still has a strong location in Midtown with solid reviews (8.4/10) plus free cancellation. Option B costs more, but it offers a higher guest score (9.4/10) and includes breakfast and more amenities (restaurant, gym, terrace, private theater), which improve overall value if those perks matter. Since the question is about choosing, the better-quality experience and included breakfast tip the balance to Option B.  

Final answer: B"
662,B,"Option B costs much more ($984 vs. $346), but it offers a higher guest review score (9.2 vs. 8.2), a higher star rating (5 vs. 4), and more upscale amenities (restaurant, terrace, private theater). Option A is far better value, and since both include free cancellation and no breakfast, the main differentiator is comfort/experience versus price. I’d choose the higher-quality stay despite the cost.  
Final answer: B"
665,B,"Option A costs more ($296 vs. $219) and doesn’t include breakfast, but it has a higher review score (8.4 vs. 8.1) and free cancellation. Option B is cheaper and includes breakfast and WiFi, but it lacks free cancellation and has a slightly lower review score.  
Final answer: B"
666,B,"Both options have the same guest review score (8.1/10) and offer free cancellation, so quality and flexibility look comparable. Option A costs much more ($376 vs $194) but doesn’t include breakfast, while Option B includes breakfast (a clear added value) and has a larger review base. I’d choose the better overall value with breakfast included.  
Final answer: B"
669,B,"Option A is more expensive ($448 vs. $322) and has no free cancellation or breakfast included. Option B costs less, includes breakfast, and offers free cancellation, with a slightly higher guest review score (8.4 vs. 8.3). While Option A is 4-star vs. 3-star, the added cost without breakfast or cancellation makes Option B the better overall value.  
Final answer: B"
670,B,"Both options have the same guest review score (8.5), but Option B is significantly cheaper ($185 vs. $283) and offers free cancellation plus breakfast included. Option A is in Midtown and has 4 stars, but it lacks breakfast and free cancellation, making its added value harder to justify for a one-night stay. I’d choose the better value and flexibility.  

Final answer: B"
673,B,"Option A is pricier ($362 vs $277) and has no free cancellation, but it has a higher guest review score (8.4 vs 8.1) and is in Midtown. Option B is cheaper and offers free cancellation, though it’s a lower-rated (still solid) 3-star option and in Times Square. Overall, the higher satisfaction of A is attractive, but the risk of no free cancellation plus the higher price makes B the better value for a one-night stay.  
Final answer: B"
674,A,"Option A costs more ($237 vs. $210) but has the higher guest score (8.2 vs. 8.1) and includes breakfast, plus it’s a 4-star hotel. Option B is cheaper and offers more room capacity (2 double beds) and extra facilities like a business center, but it doesn’t include breakfast. If price isn’t the top priority and you want breakfast and a slight quality edge, Option A is the better overall pick.  
Final answer: A"
677,A,"Option A is pricier ($302 vs. $267) and doesn’t include breakfast, but it has a higher guest review score (8.5 vs. 7.7), which suggests better overall satisfaction. Option B is cheaper and includes breakfast, but the lower review score and more crowded Times Square location make it a slightly higher risk for comfort. Overall, the much stronger reviews make Option A the better choice despite the extra cost.  
Final answer: A"
678,A,"Option A has a higher guest review score (8.1 vs 7.7) despite costing $67 more, and it’s located in Midtown rather than Times Square (often a plus for quieter stays). Option B is cheaper and also offers free cancellation with similar core amenities, but it has more mixed reviews. I’d prioritize the better-reviewed stay and location.  
Final answer: A"
681,B,"Option A offers a higher star rating (4 vs 3) and a better guest score (8.2 vs 7.8), but it’s much more expensive ($220 vs $128) and breakfast isn’t included. Option B costs far less and includes breakfast, with solid—though lower—reviews and similar core amenities (WiFi and fitness). For a one-night stay, the value trade-off strongly favors Option B.  
Final answer: B"
682,B,"Option A is in a more central Midtown location and has a higher guest review score (8.2 vs 7.5) with better WiFi/fitness, but it costs double and has no free cancellation or breakfast. Option B is cheaper ($125), offers free cancellation and breakfast, and includes the same core amenities, making it the better value despite the lower score and being farther from Midtown.  
Final answer: B"
685,A,"Option A is much cheaper ($390 vs. $1,054) and has free cancellation and solid guest reviews (8.2/10), with similar basics like free WiFi and a fitness center. Option B costs far more, but offers a higher quality experience signals: 5-star rating, much better reviews (9.1/10), and added perks like butler service plus more on-site dining. Given the large price gap, I’d choose the better value unless you specifically want the luxury extras.  

Final answer: A"
686,A,"Both are in Midtown with free cancellation and no breakfast included, so the main trade-offs are price and overall experience. Option B has a much higher guest review score (8.9 vs 8.2) and is 5-star with stronger amenities (notably butler service and on-site dining/bar), but it costs $705 vs $294. For best value while still having solid ratings, I’ll choose Option A.  

Final answer: A"
689,B,"Option A is cheaper ($384 vs. $657) but has no free cancellation and no breakfast included, with fewer amenities. Option B costs more but offers 5-star quality, free cancellation, breakfast included, and more facilities (pool/spa/city views) with a slightly lower review score. Overall, the flexibility and included breakfast plus fuller amenities make Option B the better choice despite the higher price.  
Final answer: B"
690,A,"Option A is much cheaper ($292 vs. $573) while offering a higher guest review score (9.2 vs. 8.9) and includes breakfast and free cancellation. Option B is more expensive and, despite being 5-star, has a lower review score, though it adds extras like a pool, spa, and city views. Since the goal is a one-night stay and value plus guest satisfaction matter, I’d choose Option A.  
Final answer: A"
693,A,"Option A offers a higher guest review score (9.0 vs 7.8) and includes breakfast, but it’s more expensive ($387 vs $279) and has no free cancellation. Option B is cheaper and has free cancellation, but lacks breakfast and has a notably lower review score. Overall, the much better ratings and breakfast in Option A outweigh the higher price for a one-night stay where breakfast is valuable.  

Final answer: A"
694,A,"Option A has a much higher guest review score (9.1 vs 7.6) and offers free cancellation, making it a safer choice if plans change; it’s also slightly more expensive ($352 vs $325). Option B is cheaper and includes a fitness center, but the lower reviews and no free cancellation make it less appealing for a one-night stay.  
Final answer: A"
697,B,"Option A has a higher guest score (8.9 vs 7.8) and a nicer 4-star hotel, but it’s more expensive ($365 vs $275) and doesn’t include breakfast. Option B is cheaper and includes breakfast, but the ratings are lower and it’s only 3 stars. With the price difference and breakfast included, I’d pick Option B for better overall value despite the lower review score.  
Final answer: B"
698,A,"Option A is costlier ($367 vs. $203) but offers a much higher guest score (9.1 vs. 7.5) and a 4-star hotel with a strong location in Little Italy, which likely improves overall experience. Option B is cheaper and has free cancellation, but its lower rating and 3-star status make it a higher risk if service quality matters most.  
Final answer: A"
701,B,"Option A is much cheaper ($217 vs $869) and has a strong review score (9.0) in Little Italy, but it lacks free cancellation and doesn’t include breakfast (same as B). Option B offers a higher review score (9.3), free cancellation, and significantly better amenities (spa, pool, fitness center, bar), which may be worth the large price premium.  
Final answer: B"
702,A,"Option A is much cheaper ($270 vs $1,187) with a higher guest review score (9.3 vs 9.1) and offers free cancellation, making it a lower-risk choice. Option B has more amenities and a more central Midtown location, but the lack of free cancellation and the huge price premium outweigh that for a one-night stay.  
Final answer: A"
705,A,"Option A is cheaper ($220 vs. $364), has a higher guest review score (9.1 vs. 8.5), and includes both free cancellation and breakfast, which reduces risk and added costs. Option B costs much more and lacks breakfast and free cancellation, with a lower overall satisfaction score.  
Final answer: A"
706,A,"Option A is $9 more but offers free cancellation and breakfast included, plus a higher review score (9.0 vs 8.5), which is a strong value/comfort trade-off for one night. Option B is cheaper, but you’d pay more in effective cost via no free cancellation and no breakfast, and it has lower guest satisfaction.  
Final answer: A"
709,A,"Option A costs more ($268 vs $151) but offers a higher guest score (9.2 vs 8.2), 4-star quality, breakfast included, and free 24-hour refreshments—worth it if you prioritize comfort and reviews and don’t need cancellation flexibility. Option B is cheaper and has free cancellation, but it lacks included breakfast and has a lower review score and only 3-star rating.  
Final answer: A"
710,A,"Option A costs much more ($411 vs. $211) but offers a higher guest score (9.2 vs. 7.9) and is in the Theater District, which may be more appealing depending on your plans. Option B is far cheaper and includes breakfast and Wi‑Fi as well, but the overall guest satisfaction is noticeably lower and it’s a 3‑star hotel. Given the large review-score gap, I’d prioritize quality despite the higher price.  
Final answer: A"
713,A,"Option A has the higher guest review score (8.7 vs 8.1) and is slightly more expensive by $16, with both offering free cancellation and no breakfast included. Option B is cheaper and has extra convenience amenities (on-site restaurant and bar), but the lower reviews make it a bigger risk. Overall, I’d prioritize the better-reviewed stay.  
Final answer: A"
714,A,"Option A is in Chelsea and has a higher guest review score (8.8 vs 8.2) at a lower overall quality risk, while still offering free cancellation and no-breakfast included. Option B is $10 cheaper and adds more amenities (restaurant and bar), but its reviews are notably lower. With price difference small, I’d prioritize the better-reviewed hotel.  
Final answer: A"
717,B,"Both are 4-star NYC hotels with free cancellation and no breakfast included, and both offer similar core amenities and a King room. Option B is cheaper ($322 vs. $369) and has a slightly higher guest review score (8.8 vs. 8.5), while Option A’s extra amenities don’t clearly outweigh the cost difference.  
Final answer: B"
718,A,"Option A is cheaper ($231 vs. $284) and both hotels have 4 stars, free cancellation, and no breakfast included. Option B has a slightly higher guest review score (8.5 vs. 8.4) and is in a different neighborhood (Chelsea instead of Midtown), plus it offers a “wine hour” perk. Overall, the $53 savings makes Option A the better value unless you specifically want the wine hour and the Chelsea location.  
Final answer: A"
721,B,"Option A is much cheaper ($225) but has no free cancellation, lower guest score (8.6), and fewer amenities (no spa/pool) with a double-bed room. Option B costs significantly more ($853), but offers higher guest satisfaction (9.0), free cancellation, and premium amenities (spa and pool) with a higher-end room view.  
Final answer: B"
722,A,"Option A is much cheaper ($243 vs. $833) and is still well-reviewed (8.3/10) with free cancellation, but it does not include breakfast and lacks spa/pool amenities. Option B costs far more, yet it has a higher review score (8.7/10) and includes breakfast plus premium facilities like spa and pool. For a one-night stay, the value difference is large, so I’d prioritize cost while still getting a solid, cancellable Midtown hotel.  
Final answer: A"
725,A,"Both options are in Midtown, 4-star, offer free cancellation, no breakfast, and have the same key amenities and room type. Option A costs $25 more but has a higher guest review score (8.5 vs 7.9) with fewer reviews, suggesting better overall satisfaction. I’d choose the option with the stronger guest ratings for the slightly higher price.  
Final answer: A"
726,A,"Option A has a higher guest review score (8.6 vs 8.1) with both options offering the same 4-star rating, Midtown location, similar amenities, king room, and free cancellation. However, Option B is cheaper by $34 per night ($377 vs $411). Given the noticeable difference in overall guest satisfaction, I’d prioritize the better-reviewed option despite the higher cost.  
Final answer: A"
729,A,"Option A costs much more ($398 vs $234), but it offers a higher guest review score (8.2 vs 7.9), a 4-star hotel vs 3-star, and free cancellation, which reduces risk if plans change. Option B is cheaper and has good basics (WiFi, restaurant, rooftop bar) but lacks free cancellation and has a slightly lower review score. Since the only clear downside to A is price, I’d choose the option with better quality signals and flexibility.  
Final answer: A"
730,B,"Option A costs much more ($392 vs. $194) for the same room type and both include free cancellation and no breakfast. Option A has a slightly higher review score (8.4 vs. 8.3) and a higher star rating (4 vs. 3) plus a fitness center, while Option B offers a rooftop bar and lower price. I’d choose the better value given the nearly identical reviews and cancellation terms.  
Final answer: B"
733,A,"Option A costs much more ($355 vs $188), but it offers a higher guest review score (9.2 vs 8.0) and includes breakfast plus additional perks like a wine hour. Option B is nearly $167 cheaper and has free cancellation, but it excludes breakfast and has a lower review score. For a one-night stay where food and overall guest satisfaction matter, the better-rated and breakfast-included option is the stronger value despite the higher price.  
Final answer: A"
734,A,"Option A is cheaper ($180 vs $238), has a much higher guest review score (9.2 vs 8.0), and includes free breakfast, plus free cancellation. Option B costs more, lacks breakfast, and while it has amenities like a fitness center and bar, the overall value and consistency of reviews favor Option A.  
Final answer: A"
737,A,"Option A is cheaper ($336 vs $342) and has free cancellation, plus a higher guest review score (9.0 vs 8.6). Option B includes breakfast but has non-refundable terms and a lower review score, and it’s farther from Midtown (Brooklyn Williamsburg). Overall, the better reviews and flexibility make Option A the safer choice.  
Final answer: A"
738,B,"Option A is $55 more but offers a higher guest score (8.9 vs 8.6) and includes breakfast, which reduces the effective cost and adds convenience; it also has “wine hour.” Option B is cheaper and has free cancellation, but you’d pay for breakfast separately and the overall guest score is lower. For a one-night stay where flexibility matters, I’d pick the cheaper option with free cancellation.  

Final answer: B"
741,A,"Option A is much cheaper ($231 vs $507) and includes breakfast, which adds immediate value; it also has a higher guest review score (8.8 vs 8.4). Option B is a 5-star property with more amenities and free cancellation, but it’s over twice the price and doesn’t include breakfast. Given the strong reviews and lower total cost, I’d choose A.  

Final answer: A"
742,A,"Option A is much cheaper ($256 vs $398) and includes breakfast, plus it has a higher guest score (8.9 vs 8.6). Option B is a higher-star, offers free cancellation, and has more premium amenities (spa/restaurant/bar), but breakfast isn’t included. If the main priorities are value and breakfast with strong reviews, I’d pick A; otherwise, if free cancellation and a more premium stay matter most, B.  

Final answer: A"
745,A,"Option A is more expensive but offers a substantially higher guest review score (8.8 vs 7.9) in a great location (NoMad) and includes a similar set of amenities, so you’re likely getting a better overall experience. Option B is cheaper and also offers free cancellation, but the lower review score and fewer amenities (no rooftop bar) make it less appealing.  
Final answer: A"
746,A,"Option A costs more ($355 vs. $257) but has a much higher guest review score (8.7 vs. 7.8) while offering free cancellation and similar core amenities (WiFi, restaurant, fitness). Option B is cheaper, but its reviews are notably lower, and it’s in Midtown rather than NoMad. I’d prioritize the significantly better guest experience despite the higher price.  
Final answer: A"
749,A,"Option A costs more ($297 vs. $245) but offers a higher review score (8.6 vs. 8.5) and, importantly, free cancellation, which reduces booking risk. Option B is cheaper and still highly reviewed, but non-refundable makes it riskier if plans change. With only a one-night stay and no breakfast included in either, the cancellation flexibility tips the balance toward A.  

Final answer: A"
750,B,"Both options have the same star rating and identical guest review score (8.4/10), so quality looks comparable. I’d prefer Option B because it’s $110 cheaper and offers free cancellation, which lowers risk, and it’s in a central Times Square location. The trade-off is no free breakfast and a different room setup (queen vs king), but the cost and cancellation flexibility are more compelling.  

Final answer: B"
753,B,"Option B costs much more ($706 vs $240), but it offers a significantly higher guest score (9.5 vs 8.4) and free cancellation, which reduces risk if plans change. Both lack included breakfast, so the main difference is value vs comfort/quality. Given the large comfort/satisfaction gap and the added flexibility of free cancellation, I’d choose B despite the higher price.  
Final answer: B"
754,B,"Option A is far cheaper ($244 vs $1,080) and is in a convenient central area (NoMad) with strong amenities like WiFi, restaurant, rooftop bar, and fitness—though it lacks free cancellation and has a lower review score. Option B costs much more, but it has a much higher guest score (9.3 vs 8.5) and includes free cancellation plus more premium amenities (spa and pool), which reduces risk on the booking.  
Final answer: B"
757,A,"Option B is much more expensive ($771 vs $341) despite both options offering free cancellation and no breakfast. Option A has a strong review score (8.5) and includes solid amenities (WiFi, rooftop bar, fitness center) at a far better value. With the only clear advantage for B being the higher rating and upscale features like spa and live jazz, the price difference is too large for a one-night stay.  

Final answer: A"
758,A,"Option B is much more expensive ($1,428 vs $315) but offers a higher guest score (9.0 vs 8.6), includes breakfast, and has extra amenities like a spa and live jazz—plus it’s a 5-star hotel in a prime Upper East Side location. Option A is far better value and includes free cancellation, but it doesn’t include breakfast and has fewer “experience” perks. With the need for a one-night stay, I’d pay for the better experience only if budget isn’t a concern; otherwise the value and flexibility of Optio"
761,B,"Option A offers a slightly higher review score (8.6 vs 8.5) in a more central Manhattan neighborhood (NoMad) and includes strong amenities, but it’s $69 more and lacks breakfast, with free cancellation available. Option B is cheaper, includes breakfast, has a decent review score, but is in Brooklyn (Greenpoint) and does not offer free cancellation. For a one-night stay where value and included breakfast matter most, I’d choose Option B.  
Final answer: B"
762,B,"Option A is slightly better for guest satisfaction (8.8 vs 8.6) and offers more amenities (restaurant and rooftop bar plus a fitness center), but it lacks free cancellation. Option B is $17 cheaper and includes free cancellation, with only WiFi and a garden as standout amenities. For a one-night stay, the better flexibility and lower price make Option B the safer pick.  
Final answer: B"
765,A,"Option A costs more but offers a higher guest review score (8.7 vs 8.1) and is in NoMad rather than the busier Times Square area. Both include free cancellation and no breakfast, but Option A’s 4-star status and stronger overall amenities (restaurant and rooftop bar) are better value if you’ll enjoy the hotel.  
Final answer: A"
766,A,"Option A costs more ($273 vs. $245) but offers a higher guest review score (8.8 vs. 8.2) and a higher 4-star rating, plus extra amenities like a rooftop bar and restaurant. Option B is cheaper with similar basics (WiFi, fitness, free cancellation) and a slightly more “home-like” kitchen, but the lower review score makes it riskier.  
Final answer: A"
769,B,"Option A is much cheaper ($242 vs $507) with the same room type and free cancellation, but it has a lower review score (8.2 vs 8.9). Option B costs more, yet it’s better reviewed and adds a spa, while still lacking included breakfast. I’d choose the better overall guest rating given the similar core terms, accepting the higher price.  
Final answer: B"
770,A,"Option A is cheaper ($310 vs $435), includes breakfast, and offers free cancellation, making it lower risk if plans change. Option B is better reviewed (8.9 vs 8.0) and has additional amenities like a spa, but it lacks breakfast and has no free cancellation. Given the strong value and flexibility of A at much lower cost, I choose A.  

Final answer: A"
773,A,"Both options have the same guest review score (8.1/10), but Option A is much cheaper ($151 vs. $346) and offers free cancellation, which reduces risk for a one-night booking. Option B has higher star rating and extras like city views and a fitness center, but those don’t justify the large price jump given the identical review score and no breakfast in either case.  
Final answer: A"
774,A,"Both options have the same guest review score (8.1) and free cancellation, with no breakfast included. Option A is dramatically cheaper ($159 vs. $465) while still offering strong amenities like free WiFi plus a rooftop bar and restaurant in a central NoMad area, whereas Option B’s extra features (fitness center and city views) don’t justify the large price increase for a one-night stay.  
Final answer: A"
777,B,"Option A costs more ($208 vs. $185) and doesn’t include breakfast, though it’s in a good NoMad location with similar overall satisfaction (8.0/10). Option B is cheaper, has a slightly higher review score (8.2/10), includes breakfast, and offers practical amenities like a fitness center and business center with free cancellation.  
Final answer: B"
778,B,"Option A is cheaper ($172) but has no free cancellation and breakfast isn’t included, which could add to the total cost and reduce flexibility. Option B costs more ($222) but offers free cancellation and includes breakfast, plus it’s slightly higher value on convenience (fitness/business center). Given the importance of flexibility and the likely added cost of breakfast, I choose Option B.  

Final answer: B"
781,B,"Both options have the same 4-star rating and identical guest review score (7.9/10), so the deciding factors are price, included perks, and flexibility. Option A is $1 cheaper and offers free cancellation, but it does not include breakfast. Option B costs $1 more, includes breakfast, but has no free cancellation. I’d choose the option with better included value and minimal extra cost.  

Final answer: B"
782,A,"Option A is much cheaper ($165 vs. $281) while offering a slightly higher guest score (8.0 vs. 7.9) and free cancellation, with similar “no breakfast included” conditions. Option B has a fitness center instead of a rooftop bar, but the extra cost is large for a minor amenities difference.  
Final answer: A"
785,B,"Option A is pricier ($321 vs. $220) but offers a higher guest score (8.5 vs. 8.3) and free cancellation, which reduces risk if plans change. Option B is cheaper and includes breakfast (and has a fitness center), but you give up free cancellation and it has a slightly lower review score. For a one-night stay, the included breakfast plus lower price makes Option B the better overall value if you’re confident about dates.  

Final answer: B"
786,B,"Option A costs more ($334 vs. $201) but has a higher guest score (8.6 vs. 8.1) and is in Midtown West. Option B is cheaper and includes breakfast plus a fitness center, with only a modest drop in review score, making it the better value for a one-night stay.  
Final answer: B"
789,A,"Option A costs more ($289 vs $126) but offers a 4-star hotel in a more central area (Midtown West) with a slightly higher review score (8.5 vs 8.3) and more traditional amenities (restaurant/bar). Option B is far cheaper, also has free cancellation and WiFi, but is in Long Island City, Queens and has fewer amenities (shared kitchen) with a lower overall rating. For a one-night stay, I’d pay the extra for location and a higher-quality experience.  
Final answer: A"
790,A,"Option A costs more ($194 vs $110) but offers a higher guest review score (8.8 vs 8.1) and a higher star rating (4 vs 2), plus more traditional amenities like a restaurant and bar in Midtown West (more central than Long Island City). Option B is much cheaper but has lower ratings and fewer on-site amenities (shared kitchen), and the neighborhood is farther from Midtown.  
Final answer: A"
793,A,"Option A is cheaper ($281 vs. $343) and has a higher guest review score (8.5 vs. 8.1), with free cancellation in both. Option B costs more, but includes breakfast and is located in SoHo rather than Midtown West. Since the price difference is substantial and A offers both better ratings and a lower cost, I’d choose A.  
Final answer: A"
794,A,"Option A is much cheaper ($321 vs. $480) and offers free cancellation, reducing risk if plans change. It also has a higher guest review score (8.9 vs. 8.3), while amenities and breakfast inclusion are the same (no breakfast, WiFi/restaurant/bar). The only downside is that it’s in Midtown West rather than SoHo, but overall value and flexibility favor Option A.  
Final answer: A"
797,A,"Option A is $16 more per night but has a noticeably higher guest review score (8.8 vs 8.3) and a much larger review base (1,424 vs 524), suggesting more consistent quality. Both lack free cancellation and breakfast, and both offer free WiFi and a restaurant, so the main trade-off is location and the stronger overall ratings. I’d choose the option with better, more reliable guest feedback.  
Final answer: A"
798,A,"Option A is cheaper by $79 per night ($255 vs. $334) while offering a higher guest review score (8.8 vs. 8.3) and both include free cancellation and no breakfast in either case. The main trade-off is that Option A is in Midtown West instead of TriBeCa, but based on value and quality (reviews + price), Option A is the better overall choice.  
Final answer: A"
801,B,"Option A is pricier ($355 vs. $239) and has no free cancellation and no breakfast included, though it offers a 4-star stay and a slightly higher review score (8.5 vs. 8.4) plus city views. Option B costs much less, includes breakfast, and offers free cancellation, with a strong volume of reviews (2,732), making it the better value and lower-risk choice.  
Final answer: B"
802,B,"Option A has a higher guest review score (8.6 vs 8.5) but costs more ($219 vs $202). Option B is cheaper and is in a similar Midtown area, and while both don’t guarantee free breakfast in the listing text, Option B explicitly includes “Breakfast included” as a key amenity (also listing breakfast in amenities), making it the better value. I’ll choose the lower price with the more clearly stated breakfast benefit.  
Final answer: B"
805,A,"Option A is cheaper ($241 vs $370) and includes breakfast, plus it has a much higher guest review score (8.5 vs 7.9). Option B offers free cancellation, which is valuable, but it costs substantially more and doesn’t include breakfast. Overall, the stronger reviews and lower total cost make Option A the better pick.  
Final answer: A"
806,A,"Option A is cheaper ($240 vs. $367), has a higher guest score (8.7 vs. 7.9), and includes breakfast with free cancellation, which is strong overall value. Option B is in a different area (Financial District) but lacks breakfast and costs much more despite only a modest rating.  
Final answer: A"
809,A,"Option A costs more but offers a higher guest review score (8.5 vs 7.9), is in Midtown with a 4-star property, and includes breakfast plus free cancellation. Option B is cheaper and also has free cancellation, but it lacks breakfast and has a lower overall review score. For a one-night stay, I’d prioritize the better-reviewed hotel and included breakfast.  
Final answer: A"
810,B,"Option A is more expensive ($304 vs. $132) and has a slightly higher review score (8.5 vs. 8.3) in Midtown, and it includes breakfast, which adds value for a one-night stay. Option B is far cheaper, but it lacks breakfast and has a lower (though still good) review score in Chelsea. Given the substantial price difference, I’d choose the better value unless breakfast is a must.  

Final answer: B"
813,B,"Option A is in Midtown, has free cancellation, and offers more business-style amenities, but it costs much more ($387 vs. $211) and has a lower review score (7.7 vs. 8.4). Option B is almost $176 cheaper, has substantially better guest reviews, but lacks free cancellation and includes fewer amenities (no fitness/business center listed). Given the strong review difference and the large price gap for a one-night stay, I’d pick Option B despite the cancellation downside.  

Final answer: B"
814,B,"Option A is in Midtown and has a higher overall reputation by volume (11,713 reviews) but its score is lower (7.8) and it offers no free cancellation. Option B has a better guest review score (8.3) despite fewer reviews, is cheaper by $98, and includes free cancellation, while both lack breakfast.  
Final answer: B"
817,B,"Option A is much cheaper ($360 vs $911) and still offers solid amenities and a good location in Midtown, but its review score is notably lower (7.6/10 vs 9.2/10). Option B is far more expensive, yet it has a much higher guest satisfaction score and 5-star offerings (including spa and live jazz), which may better justify the cost for a one-night stay.  
Final answer: B"
818,B,"Option A is much cheaper ($252 vs. $1,035) and still offers solid amenities (WiFi, restaurant, fitness, business center) in Midtown, but its guest score is notably lower (7.7). Option B costs more, yet it has a higher-quality experience indicators: a 5-star hotel, much better guest score (9.1), and premium extras like a spa and live jazz, though breakfast isn’t included in either and cancellation is the same (no). I’d choose the consistently higher guest-rated luxury experience despite the steep"
821,B,"Option B has a much higher guest review score (8.4 vs 7.5) despite fewer reviews, which suggests better overall guest satisfaction. Option A is cheaper ($284 vs $322) and includes breakfast, but its reviews are notably lower. Given the large gap in satisfaction and only a $38 difference, I’d choose the higher-rated option.  
Final answer: B"
822,B,"Option A is cheaper ($234 vs. $326) and offers free cancellation, which adds flexibility, but it has a lower review score (7.6 vs. 8.2) and fewer amenities (no fitness center/business center listed). Option B costs more and has no free cancellation, but it has a higher guest review score and better-mentioned amenities for a smaller set (still includes restaurant and WiFi). Overall, the better guest satisfaction in Option B outweighs the price/cancellation difference for a one-night stay.  
Final"
825,B,"Option A is cheaper ($306 vs. $379) but has no free cancellation and a lower guest score (7.7 vs. 8.2). Option B costs more, yet it offers higher guest satisfaction and free cancellation, which reduces risk if plans change; I’d prioritize those.  
Final answer: B"
826,B,"Option A is cheaper ($319 vs. $357) but has a lower guest review score (7.6 vs. 8.2) and no free cancellation. Option B costs more, but offers better reviews and free cancellation, plus a pool. I’d prioritize better overall guest satisfaction and flexibility.  
Final answer: B"
829,B,"Option B is cheaper ($230 vs $388) and has free cancellation, plus a higher guest review score (8.2 vs 7.5), so it offers better value and flexibility. Option A is a higher star hotel with a stronger amenities set (restaurant, business center) but costs much more and lacks free cancellation, with lower ratings. Given the better reviews and lower price for just one night, I’d choose Option B.  

Final answer: B"
830,A,"Option A costs more ($236 vs. $185) but includes breakfast, has higher volume reviews with a similar good score, and is a 4-star Hilton property. Option B is cheaper and has a slightly higher review score (8.0 vs. 7.8), but it lacks breakfast and has fewer amenities (no restaurant/business center and includes a kitchen).  
Final answer: A"
833,B,"Option A is pricier ($318 vs. $199) but offers a higher review score (8.6 vs. 8.4), a higher star rating (4 vs. 3), and extra perks like an evening reception and a restaurant. Option B is much cheaper and has free cancellation, with breakfast included and still strong reviews. Since the big difference in value is the much lower price plus flexibility, I’d choose Option B.  

Final answer: B"
834,B,"Both hotels have the same guest review score (8.4) and offer free cancellation in Times Square, so the main differences are price and included extras. Option A costs much more ($401 vs. $240) but includes breakfast and an evening reception plus a larger suite layout (double beds). Option B is cheaper and still provides free WiFi and a fitness center, but breakfast isn’t included.  

Final answer: B"
837,A,"Option A is pricier ($452 vs. $297) but offers higher guest satisfaction (8.2 vs. 8.0), free cancellation, and includes breakfast and an evening reception—clear value if you might change plans or want meals included. Option B is cheaper but has no free cancellation and doesn’t include breakfast. Since the added flexibility and included amenities are worth the extra cost for a one-night stay, I choose Option A.  
Final answer: A"
838,A,"Option A is more expensive ($387 vs $285) but offers a 4-star hotel in Times Square with a higher guest score (8.3 vs 8.1) and a Double Suite, plus an evening reception. Option B is cheaper and has similar basics (no free cancellation, breakfast and Wi‑Fi included), but it’s a 3-star property with slightly lower reviews and fewer included extras. Since the price difference is $102 and A also has better ratings and more amenities, I’d choose A.  

Final answer: A"
841,A,"Option A is more expensive ($351 vs $232) but offers a higher guest rating (8.4 vs 8.1) and includes breakfast, plus an evening reception—better overall value for a one-night stay. Option B is cheaper and also has free cancellation and good reviews, but lacks breakfast and has fewer included extras.  
Final answer: A"
842,A,"Option A costs more but offers a higher guest score (8.6 vs 8.1), free cancellation, and breakfast included, plus a suite with an evening reception—better overall value and flexibility for one night. Option B is cheaper but adds uncertainty due to no free cancellation and you’d pay extra for breakfast while getting a lower-rated, non-suite room.  
Final answer: A"
845,B,"Both options are in Times Square and have the same guest review score (8.1/10), but Option A is pricier ($244 vs. $198). Option B includes breakfast, which adds clear value for a one-night stay, and it has stronger review volume (more reviews). I’d choose Option B for better overall value despite having 3 stars instead of 4.  

Final answer: B"
846,A,"Option A is cheaper ($162 vs. $204) and has the higher guest review score (8.5 vs. 7.8), while both offer free cancellation and are in the same Times Square area. Option B includes breakfast, which could offset the higher price, but its lower review score suggests less satisfaction overall. Overall, the better value plus stronger reviews makes Option A the safer choice.  

Final answer: A"
849,A,"Option A has a higher star rating (4 vs 3), better guest score (8.3 vs 8.0), and offers free cancellation, which reduces risk. Option B is slightly cheaper and includes breakfast and a kitchen, but it has no free cancellation and a lower review score. Given the small price difference and the value of free cancellation plus stronger reviews, I choose Option A.  
Final answer: A"
850,A,"Option A offers a higher guest review score (8.1 vs 7.8) in a central Times Square location, and is slightly more consistent for quality based on more favorable ratings. Option B is $10 cheaper and includes a kitchen plus a larger one-bedroom suite, but has a lower score despite many reviews. Given the small price difference and the better overall guest satisfaction for the same free cancellation and breakfast, I’d choose Option A.  

Final answer: A"
853,A,"Option A is much cheaper ($171 vs $345) and still has a strong 4-star rating with a higher review score (8.3 vs 8.1). Although it lacks free cancellation and breakfast, both options don’t include breakfast and A’s free cancellation disadvantage seems less important given the large price gap. I’d choose the better value and slightly better guest satisfaction.  
Final answer: A"
854,A,"Option A is cheaper ($210 vs. $351) while both hotels are 4-star, in the same Times Square area, and have no free cancellation and no breakfast included. Option A also has the higher guest review score (8.5 vs. 8.3). Option B adds more amenities (restaurant and bar), but the price premium is large for a one-night stay.  
Final answer: A"
857,B,"Option A has a higher guest review score (8.5 vs 8.1) but costs more ($318 vs $273) and offers fewer amenities (no restaurant/bar). Option B is cheaper and still has strong amenities (restaurant and bar), with a large review base despite the slightly lower score. Given the better value and comparable 4-star experience, I’d choose Option B.  
Final answer: B"
858,A,"Option A is cheaper by $166 and offers free cancellation, which reduces the risk if plans change. It also has a slightly higher guest score (8.4 vs 8.3) with fewer reviews but still strong feedback, and while breakfast isn’t included for either, Option A’s amenities (including wine hour) still feel like good value. Option B has extra perks (restaurant and bar) but the lack of free cancellation and much higher price make it less attractive for a one-night stay.  
Final answer: A"
861,A,"Option A is pricier ($312 vs $185) but offers a higher guest score (8.3 vs 8.1) and free cancellation, which lowers the risk if plans change. Option B is much cheaper and has a pool, but it lacks free cancellation and has slightly lower reviews.  
Final answer: A"
862,B,"Both options are 4-star with similar guest scores and free cancellation. Option B costs more but includes breakfast and adds a pool, which gives more value for a one-night stay. Although Option A is cheaper and in Times Square, the added breakfast + pool of Option B seems like the better trade-off overall.  
Final answer: B"
865,A,"Option A is cheaper ($201 vs. $280) and has the higher guest review score (8.4 vs. 8.2), with similar core perks like free WiFi and a fitness option, though it lacks a pool/restaurant. Option B costs more and has slightly lower reviews, but offers more amenities (pool and on-site dining/bar) and is in Brooklyn rather than Times Square. Overall, the better value and higher satisfaction score make Option A the safer choice.  

Final answer: A"
866,A,"Option A is cheaper ($161 vs $279) and has free cancellation, which reduces risk if plans change, though it’s in Times Square and has fewer amenities (no pool/bar/restaurant listed). Option B costs more and lacks free cancellation, but it has a slightly higher review score (8.4 vs 8.3) and offers more facilities like a pool and more on-site dining/bar. Given the big price gap and the value of free cancellation for a one-night stay, I’d choose Option A.  

Final answer: A"
869,A,"Option A is in a more convenient central location (Times Square), has a higher guest review score (8.5 vs 7.9), and is cheaper ($179 vs $187), though it offers fewer amenities than a restaurant on-site. Since cancellation and breakfast are the same for both and the decision is mainly price + quality, Option A is the better overall value.  
Final answer: A"
870,B,"Option A is slightly cheaper ($192 vs. $196) and has a higher review score (8.3 vs. 8.0) plus extra amenities (wine hour and fitness center), but it lacks free cancellation. Option B costs a bit more yet offers free cancellation, which reduces risk if plans change, though it has a lower review score and fewer included amenities.  
Final answer: B"
873,B,"Both hotels are 4-star and have similar guest scores (A: 8.2 vs B: 8.1) with free cancellation. Option B is cheaper ($279 vs $294) and includes breakfast, which is a clear added value compared to Option A’s breakfast not included. While A offers a wine hour, B’s overall package (breakfast + restaurant/bar) makes it the better deal.  

Final answer: B"
874,A,"Option A is cheaper ($176 vs. $258) and has free cancellation, plus a slightly higher guest score (8.3 vs. 8.1). Option B offers two double beds and additional amenities (restaurant/bar) but costs more and can’t be canceled. With the goal of a one-night stay, I’d prioritize value and flexibility.  
Final answer: A"
877,B,"Both options are in Times Square, offer free cancellation, and have the same guest review score (8.4) with different review counts. Option A is 4-star and costs much more ($317 vs. $208), while Option B is 3-star but includes a kitchen and still has solid reviews. Since there’s no breakfast difference and both include core amenities like free WiFi and a fitness center (with A adding wine hour, B adding a kitchen), the better value is Option B.  
Final answer: B"
878,B,"Option A is slightly cheaper ($327 vs $330) but has no free cancellation, and lacks a kitchen amenity. Option B is marginally more expensive but has better cancellation flexibility (free cancellation) and an extra practical feature (kitchen) with a comparable guest score (8.3 vs 8.2). The small price difference favors choosing the option with less risk.  
Final answer: B"
881,B,"Option A costs much more ($374 vs. $253) and doesn’t include breakfast or free cancellation. Option B is cheaper, has free cancellation and breakfast included, and still has strong reviews (8.5 vs. 8.8), with similar basics (free WiFi and a fitness center). The only clear advantage of A is the slightly higher rating and 4-star/Chelsea location, but the added cost plus lack of flexibility and breakfast makes B the better overall value.  
Final answer: B"
882,B,"Option B costs $27 more but offers a higher guest score (8.5 vs 8.4) and includes breakfast, which adds clear value for a one-night stay. Option A is cheaper ($261) and has a 4-star hotel, but it lacks breakfast and both have no free cancellation, so flexibility isn’t a differentiator. I’d choose Option B for the better overall value.  
Final answer: B"
885,A,"Option A is in Chelsea and has a higher guest review score (8.8 vs 8.2) plus breakfast included, and it’s cheaper ($250 vs $262). Option B has a slightly more “standard” 3-star listing but offers no breakfast and costs more, so the extra cost doesn’t clearly buy better value.  
Final answer: A"
886,B,"Option A is pricier ($448 vs $213) but offers a 4-star hotel, slightly higher review score (8.5 vs 8.3), and a king bed in Chelsea with concierge and free cancellation not included. Option B is much cheaper, has free cancellation, and still includes breakfast and free WiFi, though it’s only 3 stars and in Midtown East with double beds. Overall, the large cost difference plus free cancellation makes Option B the better trade-off for a one-night stay.  

Final answer: B"
889,A,"Option A is much cheaper ($239 vs. $402) and has a higher guest review score (8.8 vs. 8.4), but it offers no free cancellation and no breakfast. Option B costs far more, though it does include free cancellation, which reduces booking risk. Overall, the strong value and better reviews make Option A the better choice.  
Final answer: A"
890,B,"Both hotels have the same 4-star rating and identical guest review scores (~8.4) with similar review counts, so quality looks comparable. Option A is cheaper ($347 vs. $371) and includes breakfast, but lacks free cancellation. Option B costs more and doesn’t include breakfast, but offers free cancellation, which is a valuable flexibility for a one-night NYC stay.  
Final answer: B"
893,B,"Option B is much more expensive ($861 vs. $468), but it delivers a higher guest review score (9.2 vs. 8.7) and a 5-star hotel experience in Midtown with more amenities (spa and pool). Since both include breakfast and free cancellation, the key trade-off is value: Option A offers solid quality at less than half the price. I choose Option B for the notably better reviews and premium facilities.  

Final answer: B"
894,B,"Option B costs much more ($1,125 vs. $441), but it offers a higher guest review score (9.3 vs. 8.8) and a clear upgrade in amenities (spa and pool) plus free cancellation, which reduces booking risk. Option A is better value but has no free cancellation and fewer premium facilities.  
Final answer: B"
897,A,"Option A is much cheaper ($422 vs. $949) while still offering free cancellation and breakfast, plus strong amenities like WiFi, restaurant, concierge, and a fitness center. Option B costs far more, but it has a higher guest score (9.1 vs. 8.6) and a more upscale 5-star SoHo penthouse experience (and only bar instead of fitness).  
Given the large price gap, I’d choose the better value with strong reviews: **Final answer: A**."
898,A,"Option A is much cheaper ($234 vs. $937) and offers free cancellation, but it has a lower review score (8.7) and fewer amenities (no bar) and no breakfast. Option B costs far more and doesn’t allow free cancellation, but it has a higher review score (9.1) and is a 5-star penthouse loft in a prime SoHo location with a bar.  
Final answer: A"
901,B,"Option A is in a nicer-sounding Brooklyn neighborhood (Boerum Hill) and has a higher review score (8.4 vs 7.8) but costs much more ($299 vs $187) and doesn’t include breakfast. Option B is cheaper, has free breakfast listed as an amenity (even though both say “Breakfast included: No,” it’s still noted in amenities), and offers a lower but acceptable review score with free cancellation. Given the much lower price and potential breakfast benefit, I’d pick Option B.  

Final answer: B"
902,B,"Option A offers a higher guest review score (8.5 vs 7.7) and a 4-star hotel, but it costs more ($273 vs $217) and lacks free cancellation and breakfast. Option B is cheaper, includes breakfast, and offers free cancellation, though the review score is lower (3-star). For a one-night stay, the combination of cost savings, breakfast, and flexibility makes Option B the better overall value.  

Final answer: B"
905,A,"Both options are 4-star hotels with the same guest review score (8.6) and free cancellation, but Option A is much cheaper ($288 vs. $420). While Option B’s Meatpacking location and extra amenities (beer garden) are appealing, the price difference is large for a one-night stay with no breakfast included in either option. I’d choose the better value.  

Final answer: A"
906,B,"Option B costs $33 more but has a higher guest review score (8.5 vs 8.2) and offers free cancellation, which reduces risk. Both options don’t include breakfast, so the decision mainly comes down to location/amenities and flexibility—B also has more appealing amenities (bar/beer garden) and a larger review base. I’d choose the more consistently well-reviewed and flexible option.  
Final answer: B"
909,B,"Option A is cheaper ($399 vs. $663) and offers free cancellation, which reduces risk if plans change, though it has a lower review score (8.7 vs. 9.6) and fewer standout amenities (no private theater/terrace). Option B delivers a notably higher guest satisfaction (9.6/10) in a more premium 5-star setting, but you pay much more and lose free cancellation. I’d prioritize overall quality and reviews despite the higher cost.  
Final answer: B"
910,B,"Option B is pricier ($788 vs $473) and doesn’t include breakfast, but it offers a higher guest review score (9.3 vs 8.8), a 5-star rating, and extra amenities like a private theater and terrace in SoHo. Option A is much cheaper, includes breakfast, and still has strong reviews with free cancellation.  
Final answer: B"
913,A,"Option A costs more ($373 vs. $229) but offers a much higher guest review score (8.8 vs. 7.9), free breakfast, and free cancellation, which reduces risk if plans change. Option B is cheaper and has solid amenities, but lacks breakfast and free cancellation and has lower reviews.  
Final answer: A"
914,A,"Option A is slightly more expensive but offers a higher guest review score (8.8 vs 8.0), suggesting better overall quality, and includes a spa (while B has a fitness center instead). Option B is cheaper and in Times Square, but its lower review score makes it a weaker bet for the same “no breakfast” and free-cancellation terms.  
Final answer: A"
917,A,"Option A is in the Lower East Side, has a much higher guest review score (8.8 vs 6.6) and more amenities (WiFi plus Restaurant/Spa), but it costs $371 and offers no free cancellation. Option B is far cheaper ($81), includes free cancellation, but has a lower star level, lower review score, and fewer amenities. For a one-night stay, the combination of substantially better reviews and added amenities in Option A is likely worth the extra cost despite the lack of free cancellation.  

Final answer:"
918,A,"Option A costs more ($269 vs. $143) but has a much higher guest review score (9.0 vs. 6.9), is a higher-rated 4-star hotel, includes breakfast, and offers more amenities (WiFi plus restaurant and spa), which likely improves the overall experience for a one-night stay. Option B is significantly cheaper and has free cancellation, but the lower quality indicators and no breakfast make it less appealing.  
Final answer: A"
921,B,"Option A is much cheaper ($483 vs $767) while offering strong reviews (8.9/10) and the same free-cancellation policy, but it lacks some “wow” amenities like a private theater and terrace and has a 4-star rating. Option B costs more, yet it has a higher review score (9.4/10) and a 5-star rating, plus standout amenities (private theater, terrace) that could make the stay more memorable.  
Final answer: B"
922,B,"Option B is much higher rated (9.3 vs 8.7) and is a 5-star hotel, suggesting a better overall guest experience, and it includes distinctive amenities (private theater and terrace). Although it costs significantly more ($1,183 vs $451), both offer free cancellation and no breakfast in either case, so the main difference is quality vs price. I’d choose the better-reviewed, higher-end option for a one-night stay.  
Final answer: B"
925,A,"Option A costs more ($336 vs $256) but has a higher guest review score (8.7 vs 7.8), which suggests better overall experience. Both include free cancellation and no breakfast, so the main differences are quality/comfort (King bed vs 2 doubles) and amenities (Option A adds a wine hour). I’d choose the option with the stronger reviews and more distinctive perks.  
Final answer: A"
926,A,"Option A has a much higher guest review score (8.8 vs 7.9) and includes free cancellation, which adds flexibility for the one-night trip. It’s also in Midtown East, generally a bit less hectic than Times Square, though it costs $70 more per night. With no breakfast included in either option, the best value comes from the combination of better reviews and refundable booking despite the higher price.  

Final answer: A"
929,B,"Option A is much more expensive ($349 vs. $169) and offers no free cancellation or breakfast in either case, so the main difference is quality signals and amenities. A has a higher guest score (8.8 vs. 8.0) and a 4-star rating with better amenities (including a fitness center and wine hour), which is worth paying extra for one night if comfort and consistency matter. Given the large price gap, I’d choose the lower-cost option unless I strongly prioritize the higher-rated hotel experience.  

Fin"
930,A,"Option A costs much more ($501 vs. $220) but has a higher guest review score (8.8 vs. 7.9), better star rating (4 vs. 3), and includes free cancellation, which adds flexibility. Option B is far cheaper but has no free cancellation and a lower review score, making it a riskier choice if plans change.  
Final answer: A"
933,A,"Option A costs much more ($557 vs. $165) but offers a higher guest score (8.8 vs. 8.4) and more amenities like a fitness center and an on-site restaurant, which can add value for a one-night stay in Midtown East. Option B is far cheaper and still solidly rated, but it has fewer amenities (just WiFi and a garden) and is farther from central Manhattan.  
Final answer: A"
934,B,"Option A is far more expensive ($471 vs $159) but offers a higher review score (8.8 vs 8.5) and more amenities for a typical NYC hotel stay (fitness center, restaurant, wine hour). Option B is much cheaper and still has a decent 4-star rating and solid guest reviews, but it has fewer amenities (notably no restaurant/fitness) and the location is outside Manhattan (Greenpoint). I’d prioritize value for a one-night trip while keeping a reasonable quality score, so I choose the cheaper option.  
Fin"
937,B,"Option A is more expensive ($533 vs. $293) and lacks breakfast, though it has a higher guest review score (8.6 vs. 7.9) and is a 4-star hotel. Option B is cheaper by a large margin and includes breakfast, with solid amenities (though fewer than A) and a still-decent review score. Given the big price difference for one night, I’d choose the better value with breakfast included.  
Final answer: B"
938,B,"Option A costs much more ($377 vs. $178) but offers a higher guest score (8.5 vs. 7.8), free cancellation, and extra amenities like a bar. Option B is cheaper by $199 and includes breakfast, though it has lower reviews and a 3-star rating. Since the price difference is large and breakfast is included with similar location and free cancellation, I’d choose the better value.  
Final answer: B"
941,A,"Option A is much cheaper ($476 vs. $811) and offers free cancellation, which reduces risk if plans change, with a solid albeit lower rating (7.9/10). Option B has a stronger guest score (8.5/10) and iconic amenities like Palm Court and a spa, but costs far more and doesn’t offer free cancellation.  
Final answer: A"
942,A,"Option A is much cheaper ($373 vs. $952) while still offering strong amenities (free WiFi, rooftop bar, fitness center, city views) and free cancellation. Option B is in a prime Midtown location and has a higher review score (8.6 vs. 8.1), plus more “classic” luxury features (spa, restaurant, Palm Court), but the extra cost is substantial. Given the big price gap with both lacking included breakfast, I’d choose the better value.  
Final answer: A"
945,B,"Option A offers a much higher star rating, better guest score (8.0 vs 7.8), and added perks like a rooftop bar and city views, but it’s far more expensive ($474 vs $210) and has no free cancellation or breakfast. Option B is significantly cheaper, includes breakfast, and has free cancellation, making it a better value and lower-risk choice for a one-night stay.  

Final answer: B"
946,A,"Option A costs more ($315 vs. $220) but offers a higher guest score (8.1 vs. 7.8), a 5-star hotel, and free cancellation, which reduces booking risk. Option B is cheaper but is 3 stars, has no free cancellation, and despite listing breakfast as included in the key amenities, it contradicts “Breakfast included: No,” making it less reliable overall.  
Final answer: A"
949,B,"Option A is much pricier ($520 vs $268) and lacks breakfast in both cases, so the main benefit is a higher star rating and slightly more amenities (rooftop bar and city views). Option B has the better overall guest score (8.5 vs 8.1) and offers multiple amenities that likely improve the stay (restaurant and wine hour) while costing far less. I’d choose the better value with the higher review score.

Final answer: B"
950,B,"Option A is cheaper ($298 vs. $357) and offers strong amenities like a rooftop bar and city views, with a similar 5-star offering and free cancellation. However, Option B has a higher guest review score (8.6 vs. 8.1) and is slightly more compelling for overall guest satisfaction, while still including free cancellation and solid amenities (restaurant and wine hour). Given the better reviews and comparable value for a one-night stay, I’d choose Option B.  

Final answer: B"
953,B,"Option A costs much more ($516 vs $193) but offers a higher star rating (5-star) and a better review score (8.0 vs 7.8), plus added amenities like a rooftop bar and city views. Option B is far cheaper and has the same free cancellation and no-breakfast policy, with solid basic amenities (WiFi, fitness, restaurant). Since the price difference is large and amenities beyond basics may not justify the extra cost for a one-night stay, I’d choose the better value.  
Final answer: B"
954,A,"Both options have the same guest review score (8.0/10), similar free-cancellation policies, and no breakfast included, so the main differences are hotel quality, location, and amenities vs. price. Option A is pricier ($334 vs $270) but offers a 5-star hotel and extra perks like a rooftop bar and city views, which are likely more enjoyable for a short NYC stay. Option B is better value with essentials and a restaurant, but it lacks the standout amenities of A.  
Final answer: A"
957,B,"Option A has the higher star rating and a better “city view” room, but it costs much more ($433 vs $284) and offers no free cancellation and no breakfast. Option B is cheaper, includes breakfast, has free cancellation, and even has a slightly higher guest score (8.0 vs 7.9). Overall, the added flexibility and included breakfast make B the better value for a one-night stay.  

Final answer: B"
958,B,"Option A is a higher-end 5-star hotel in Hell’s Kitchen with a better room setup for a single king bed and nicer extras like a rooftop bar, but it costs $316 and lacks free cancellation and breakfast. Option B is cheaper ($197), includes breakfast, and offers free cancellation, with a slightly higher review score (8.3 vs 8.0) though it’s a lower 3-star option and has a double-bed room. Overall, the value and flexibility of Option B make it the better choice.  

Final answer: B"
961,B,"Option A is much cheaper ($447 vs. $993) with essentially comparable basics (free WiFi and a fitness center) and free cancellation. However, Option B offers a significantly higher guest score (8.9 vs. 7.9) and extra luxury touches like butler service and more full-service amenities, which are worth paying for if you value quality and service most.  
Final answer: B"
962,A,"Option A is much cheaper ($377 vs. $1,122) while still offering strong value with a good location (Hell’s Kitchen), solid review score (8.2), and key perks like free WiFi, rooftop bar, and a fitness center. Option B is more expensive but has a higher review score (8.8) and extra luxury amenities like butler service and a more classic Midtown address. For a one-night stay with no breakfast and no free cancellation, I’d choose the better overall value.  
Final answer: A"
965,A,"Option A is much cheaper ($450 vs $1,324) while both hotels are 5-star with similar guest scores (8.6 vs 8.5). The main advantage of Option B is free cancellation, but since neither includes breakfast, the added cost for cancellation and amenities like a spa isn’t worth it for a one-night stay.  
Final answer: A"
966,A,"Option A is much cheaper ($445 vs $784) while offering the same room type and very strong reviews (8.8 vs 8.6), so it delivers better value. Both include no breakfast and have no free cancellation, so the main deciding factor is price and overall guest satisfaction. I’ll choose the higher-scoring, lower-cost option.  
Final answer: A"
969,B,"Option A costs $341 vs. $235 for Option B, so you pay an extra $106 for a 5-star hotel and a higher review score (8.7 vs. 8.0). Since both lack free cancellation and both don’t include breakfast, the main practical differences are location and amenities: Option A offers a rooftop bar and is in Times Square, while Option B is in the Financial District with a bar instead. For value and still-solid comfort, I’d choose Option B.  
Final answer: B"
970,A,"Option A costs more ($316 vs. $242) but offers a higher guest review score (9.0 vs. 7.9), a 5-star property, and similar included extras like free WiFi and free cancellation, with additional perks (notably a rooftop bar). Option B is cheaper and still has free cancellation and key amenities, but its lower rating and 4-star status make it a less attractive overall value. I’d choose the higher-quality, better-reviewed stay despite the higher price.  

Final answer: A"
973,A,"Option A is cheaper ($436 vs $447) and has a higher guest review score (8.9 vs 8.2) and more amenities (rooftop bar and fitness center). Option B is in SoHo and costs slightly more with a lower review score, while amenities are fewer.  
Final answer: A"
974,A,"Option A costs more ($466 vs. $381) but has a higher guest review score (8.8 vs. 8.0) and is a 5-star hotel in Times Square, with stronger amenities like a rooftop bar and fitness center. Option B is cheaper and still well-reviewed, but it has fewer amenities and a lower review score.  
Final answer: A"
977,B,"Option A is cheaper ($346 vs. $362) and has a higher guest review score (8.6 vs. 7.8), but it lacks free cancellation and doesn’t include breakfast. Option B costs a bit more, has a lower review score, but offers free cancellation, which reduces risk if plans change. For a one-night stay where flexibility matters, I’d choose Option B.  

Final answer: B"
978,A,"Option A is pricier ($484 vs. $344) but offers a higher review score (8.5 vs. 7.9) and more amenities (spa plus fitness) in Midtown. Option B costs less and is more flexible due to free cancellation, though the guest rating is lower and there’s no spa mentioned. For a one-night stay where quality matters, I’d favor the better-rated hotel despite the higher cost and lack of free cancellation.  
Final answer: A"
981,A,"Both are 5-star Midtown options with the same room type and no free cancellation or breakfast, so the main differences are guest satisfaction and amenities versus cost. Option B has a higher review score (8.9 vs 8.6) but costs substantially more ($868 vs $553); the added value is mainly “butler service.” I’d choose the better price while still staying at a highly rated hotel.  
Final answer: A"
982,A,"Option A is much cheaper ($430 vs. $1,244) and offers free cancellation, which reduces risk for a one-night trip; the amenities are strong enough (WiFi, restaurant, spa, fitness). Option B has a higher review score (9.0 vs. 8.7) and includes luxury features like butler service, but it costs nearly 3x more and has no free cancellation.  
Final answer: A"
985,B,"Option A costs much more ($522 vs. $214) but offers higher star rating (5★ vs. 4★), a better guest score (8.5 vs. 8.2), and more upscale amenities (spa). Option B is far cheaper, still in Midtown, has solid reviews, and includes free cancellation and no-breakfast either way, so the main difference is value versus added comfort. I’d choose Option B for the strong price-to-experience trade-off.  
Final answer: B"
986,B,"Option A (Sofitel New York) is higher rated (8.8 vs 8.0) and offers extra amenities like a spa, but it costs more ($508 vs $413) and has no free cancellation and no breakfast included. Option B is cheaper, includes breakfast, and has free cancellation, with only a modest drop in guest score (8.0) and otherwise similar core amenities.  
Final answer: B"
989,B,"Option B is more expensive ($675 vs. $440) but offers a much higher guest review score (9.0 vs. 7.8) and includes attractive add-ons like city views and a pool. Both have 5-star ratings, free cancellation, and no breakfast included, so the main trade-off is value for money versus overall guest satisfaction and amenities. I’d choose the better-rated hotel with the stronger experience, even at the higher price.  
Final answer: B"
990,B,"Option B costs more ($454 vs. $372) but offers better value through a higher guest score (9.0 vs. 7.7), free cancellation, and breakfast included. Option A is cheaper but has no free cancellation and no breakfast, with a notably lower review score.  
Final answer: B"
993,B,"Option A is cheaper ($491 vs $578) and includes breakfast, but it has a lower guest score (7.8 vs 9.0) and no free cancellation, which increases risk if plans change. Option B costs more, lacks breakfast, but offers a significantly better guest review score and free cancellation for flexibility.  
Final answer: B"
994,A,"Option A is much cheaper ($350 vs $880) with the same free cancellation and no breakfast included, and it still offers strong amenities (WiFi, spa, restaurant, fitness). Option B costs far more but has a higher review score (9.3 vs 8.0) and includes butler service, which may be worth it only if you strongly value service and premium experience.  
Final answer: A"
997,B,"Both options have the same guest review score (7.8) and offer free cancellation, so the main differences are price, neighborhood, and value-adds. Option B is much cheaper ($231 vs $547) and includes breakfast, while Option A is a higher-end 5-star Midtown hotel without breakfast. Given equal review score and the strong value of included breakfast at a far lower cost, I choose Option B.  

Final answer: B"
998,B,"Option A is a much more upscale 5-star hotel in Midtown with a slightly lower review score, but it’s far more expensive ($476) and offers no free cancellation or breakfast. Option B costs dramatically less ($137), includes breakfast (a clear value add), and has a slightly higher review score, with the trade-off being lower star rating and a different, more downtown location.  
Final answer: B"
1001,B,"Option A is more expensive ($433 vs $388) and has a lower guest review score (7.8 vs 8.6), though it offers more amenities like a spa and fitness center. Option B is cheaper, has a higher guest review score, and includes basics like free WiFi plus a restaurant and rooftop bar. For a one-night stay prioritizing overall guest satisfaction and value, I’d choose the higher-rated, lower-cost option.  
Final answer: B"
1002,B,"Option A is cheaper ($332) but has a lower guest score (7.7 vs 8.7) and no free cancellation. Option B costs more ($363) but offers a significantly better guest review score plus free cancellation, making it the lower-risk choice if plans change.  
Final answer: B"
1005,B,"Option A is much more expensive and offers a higher star rating, plus extra amenities like a spa and pool, but it lacks free breakfast. Option B costs far less, still has a solid guest score, includes free breakfast and WiFi, and also offers free cancellation—so the overall value is much better for a one-night stay.  
Final answer: B"
1006,B,"Option A offers a much higher comfort level (5-star, better review score, pool/spa, city views) but it’s far more expensive and has no free cancellation, so there’s greater financial risk. Option B is dramatically cheaper with free cancellation, includes breakfast, and has a solid (though lower) review score, plus it offers a practical fitness center. Considering cost vs. value and the protection of free cancellation, I’d choose Option B.  

Final answer: B"
1009,A,"Option A costs more ($538 vs $367) but offers a higher guest review score (9.1 vs 8.1) and clearly better amenities for a SoHo stay (pool and spa, plus city views). Option B is cheaper and still has free cancellation and WiFi, but it’s a lower-star, less impressive amenity set.  
Final answer: A"
1010,A,"Both are in SoHo and don’t include breakfast, so the main trade-offs are price, review score, amenities, and cancellation flexibility. Option A is $120 more but has a much higher guest score (9.1 vs 8.0), 5-star quality, and stronger amenities (pool/spa/city views) plus free cancellation. Option B is cheaper but has no free cancellation and fewer amenities at 3 stars.  
Final answer: A"
1013,A,"Option A costs much more ($624 vs. $123) but offers a 5-star hotel in SoHo with a higher review score (8.8 vs. 8.2) plus breakfast and more amenities (pool and spa) and likely more comfort. Option B is far cheaper, but it’s only 3 stars, has no breakfast, and offers fewer amenities (mainly free WiFi and a rooftop bar) with a lower review score.  
Final answer: A"
1014,B,"Option A offers a much higher-end 5-star experience in SoHo with stronger reviews (8.9 vs 8.2) and more amenities like WiFi, a pool, and spa, but it costs far more ($394 vs $95) and has no free cancellation or breakfast either. Option B is drastically cheaper and still has a decent review score, but it’s only 3 stars with fewer amenities and is farther from Manhattan in Williamsburg. Given the goal is only a one-night stay, the major value difference makes Option B the smarter pick unless you sp"
1017,B,"Option A is significantly more expensive ($700 vs. $313) but offers higher ratings (8.8 vs. 8.4), a 5-star experience, and better amenities like a pool and spa plus city views. Option B is much cheaper and includes free cancellation, which reduces risk, while having a good (though slightly lower) review score and fewer amenities. For a one-night stay, the cost savings and free cancellation in Option B are the strongest practical advantages.  
Final answer: B"
1018,B,"Option A costs significantly more ($622 vs. $349) but offers a higher guest score (8.8 vs. 8.5), free cancellation, and more amenities (pool/spa/city views). Option B is much cheaper and includes breakfast, but it has lower rating and no free cancellation. For a one-night stay, the cost savings plus breakfast in Option B is compelling despite the cancellation downside.  
Final answer: B"
1021,A,"Option B costs much more ($873 vs $448), but it offers a slightly higher guest score (8.9 vs 8.8) and the major benefit of free cancellation. Since neither includes breakfast, the main differentiators are value (A) versus flexibility (B) and some amenity differences (A has pool/spa and city views; B has butler service and fitness). I’d choose the option that minimizes risk and cost while still being very well reviewed.  
Final answer: A"
1022,B,"Option B costs more ($930 vs. $602) but has a higher guest review score (9.1 vs. 8.9) and includes breakfast, which partially offsets the price. Option A is in SoHo with free cancellation and more resort-style amenities (pool/spa), while Option B offers more upscale service (butler) and a fitness center but no free cancellation. For a one-night stay, I’d prioritize the better-rated experience and included breakfast despite the higher price.  

Final answer: B"
1025,A,"Option A is far pricier ($782 vs. $324) but offers higher guest satisfaction (9.6 vs. 8.0), includes breakfast, and has more premium amenities (private theater, terrace, gym). Option B is much cheaper and still has WiFi plus a fitness center and restaurant/bar, but you pay for breakfast and the reviews/overall quality appear lower. For the best overall experience despite the cost, I choose A.  
Final answer: A"
1026,B,"Option A costs much more ($1,147 vs. $470) but offers a higher guest review score (9.6 vs. 8.1) in a more premium 5-star SoHo location, plus standout amenities like a private theater/terrace. Option B is far cheaper with solid amenities (WiFi, fitness, restaurant/bar) and is in Union Square, but the lower review score suggests less consistent quality.  
Final answer: B"
1029,A,"Option A costs much more ($941 vs. $309) but offers a higher guest review score (9.6 vs. 8.3), 5-star quality, and free cancellation, plus a more upscale amenity set (e.g., private theater, terrace). Option B is far cheaper and still has good amenities, but it’s only 4 stars, has lower satisfaction, and lacks free cancellation. Given the large price gap and my preference for lower risk via free cancellation and consistently strong reviews, I’d choose Option A.  
Final answer: A"
1030,B,"Option A has the stronger overall experience markers: higher guest review score (9.3 vs 8.4) and 5-star quality in SoHo, but it’s much more expensive ($829) and offers no breakfast or free cancellation. Option B costs far less ($367), includes breakfast, and still provides core amenities, though the ratings and star level are lower. For best value and added benefit (breakfast), I choose Option B.  

Final answer: B"
1033,A,"Option A costs much more ($696 vs. $320) but offers a higher guest score (9.4 vs. 8.4) and more amenities (notably a gym and terrace, plus a private theater). Option B is far cheaper, but with fewer amenities and a lower review score. I’d choose Option A for the noticeably better experience despite the higher price.  

Final answer: A"
1034,A,"Option A costs much more ($802 vs. $240) and both options don’t include breakfast or offer free cancellation, so the major differences are mainly hotel quality and amenities. Crosby Street Hotel (9.4/10 vs 8.1/10) is clearly more highly rated and offers more amenities (gym, terrace, private theater), which could justify the premium for a one-night stay. Still, the price gap is huge, and Option B is far better value if you mainly want a good location and WiFi without extra extras. I’d prioritize "
1037,A,"Option A is far more expensive ($808 vs. $231) but offers a higher-end 5-star hotel in a prime area (Upper Midtown), a much stronger guest score (9.5 vs. 8.0), and additional amenities like a restaurant and screening room. Option B is budget-friendly, has similar perks (free cancellation and breakfast), but the hotel is lower-rated (3 stars) with fewer amenities and a lower review score.  
Final answer: A"
1038,B,"Option A is much more expensive ($740 vs. $188) and has no free cancellation or breakfast, but it offers a higher review score (9.5) and a 5-star hotel with a nicer room setup (King with terrace) in Upper Midtown. Option B is far cheaper, includes breakfast, and offers free cancellation, though it has a lower review score (8.2) and a 3-star rating with a basic double-bed room. Given the huge price difference and the value add of free cancellation + breakfast, I choose Option B.

Final answer: B"
1041,B,"Option A offers a much higher guest score (9.4 vs 8.1), a 5-star experience, and a superior terrace room, but it’s far more expensive and has no free cancellation or breakfast. Option B costs dramatically less, includes breakfast and free cancellation, though it has a lower star level and lower review score. For one night, the value and flexibility of B outweigh the added luxury of A.  

Final answer: B"
1042,B,"Option A is a much more expensive 5-star stay with a higher review score (9.2) and a premium room, but it doesn’t include breakfast. Option B costs far less, has free cancellation and breakfast included, and while its review score is lower (7.8), it has strong value for a one-night trip. Given the large price difference and breakfast inclusion, I choose B.  

Final answer: B"
1045,B,"Option A is a much higher-end 5-star hotel with a far higher guest score (9.3 vs 8.2) and free cancellation, but it’s dramatically more expensive ($832) and breakfast isn’t included. Option B costs far less ($244), includes breakfast, has useful amenities like a kitchen, but it’s only 3 stars, has a lower review score, and doesn’t offer free cancellation. Given the large price difference and breakfast inclusion, I’d choose the value-focused option despite the lower rating and cancellation policy"
1046,B,"Option A offers a much higher guest score (9.4 vs 7.9) and a 5-star hotel, but it’s far more expensive and lacks free cancellation and breakfast. Option B costs much less, includes breakfast and free cancellation, and offers a suite with a kitchen, though it’s lower-rated and only 3 stars. For most value and flexibility, I’d choose Option B.  
Final answer: B"
1049,A,"Option A costs $400 less and still has excellent reviews (9.3 vs 9.1), plus breakfast is included, making it the better overall value for a one-night stay. Option B offers a larger amenity set (spa/pool) but doesn’t include breakfast and is much pricier. I’d choose the more cost-effective option with breakfast and higher review score.  
Final answer: A"
1050,A,"Option A is cheaper by $148 per night and has a slightly higher guest review score (9.4 vs 9.2) with free cancellation and no breakfast included for either option. Option B offers more amenities (spa, pool, bar), but the added cost is significant for one night. I’d choose the better-value option with the stronger reviews.  
Final answer: A"
1053,A,"Option A costs far more ($833 vs $166), but it’s a 5‑star hotel in a strong location with a much higher guest score (9.1 vs 7.6) and includes breakfast, plus more amenities like a gym and restaurant. Option B is much cheaper, but it lacks breakfast and has a substantially lower review score with fewer amenities. Overall, the big quality difference and included breakfast make Option A worth it despite the higher price.  

Final answer: A"
1054,B,"Option A is much more expensive ($910 vs $178) but offers a higher guest score (9.3 vs 7.4) and a 5-star hotel experience with stronger amenities (restaurant, screening room, gym). Option B is far cheaper but has a lower rating and fewer amenities, though it still provides essentials like WiFi and a fitness center. Given the huge price difference, I’d choose the value option unless you strongly prioritize luxury and top reviews.  

Final answer: B"
1057,A,"Option A is far more expensive ($646 vs $148) but offers a higher star rating (5 vs 4), a much stronger guest score (9.2 vs 8.4), and a better location (Upper Midtown) with more amenities (gym, restaurant, screening room). Option B is a budget choice with free cancellation and a garden, but the lower review score and less central location make it riskier if you prioritize overall quality and NYC convenience.  
Final answer: A"
1058,A,"Option A costs much more ($638 vs. $168) but offers a higher review score (9.4 vs. 8.5), 5-star quality, a prime Upper Midtown location, free breakfast, and includes more amenities (gym, restaurant, screening room). Option B is far cheaper and has free cancellation, but it’s in Brooklyn (Greenpoint), has a lower review score, and doesn’t include breakfast and has fewer amenities. Given the large quality advantage and included breakfast despite the higher price, I choose A.  

Final answer: A"
1061,B,"Option A offers a much higher guest score (9.2 vs 7.7) and significantly more amenities, but it costs $610 and includes no breakfast with no free cancellation. Option B is far cheaper ($192), includes breakfast, and has acceptable amenities, though the review score is lower and it’s a 3-star property. Given the large price difference and that breakfast is included in B, I choose B.  

Final answer: B"
1062,A,"Option A is much more expensive ($542 vs $285) but offers a far higher guest score (9.2 vs 7.6) and a top-tier 5-star experience in TriBeCa with stronger amenities like spa and pool. Option B is cheaper and has a similar free-cancellation policy, but the lower-rated, 3-star hotel in Times Square and fewer amenities make it less appealing despite the slightly better match on breakfast being included (though both list “Breakfast included: No”).  
Final answer: A"
1065,A,"Both hotels are 5-star and have the same guest review score (9.1), but Option A costs more ($931 vs. $868). Option A offers free cancellation, while Option B does not, so A provides better flexibility for the same overall rating quality. Since there’s no breakfast included in either, the main deciding factor is cancellation policy, so I prefer A.  
Final answer: A"
1066,A,"Option A costs more ($601 vs. $535) but offers free cancellation, which reduces booking risk, and has a slightly higher review score (9.2 vs. 9.1). Option B is cheaper and also high-rated, but you lose free cancellation and breakfast is not included in either. With a one-night stay, the added flexibility from free cancellation makes Option A the better choice despite the higher price.  

Final answer: A"
1069,A,"Option A is much more expensive ($828 vs $202) but offers a higher-end 5-star hotel, better guest rating (9.0 vs 8.4), and key amenities like a spa and pool, plus free cancellation for flexibility. Option B is far cheaper but has fewer amenities, a lower rating, and no free cancellation, increasing risk if plans change. For value-per-satisfaction with flexibility, I’d choose Option A.  

Final answer: A"
1070,B,"Option A costs much more ($963 vs. $165) but offers a 5-star hotel with significantly higher guest rating (9.0 vs. 8.2) plus better amenities like spa and pool. Option B is vastly cheaper with similar core value (free WiFi and fitness) but has fewer amenities and a lower rating. Given the extreme price difference, I’d choose the better value unless I specifically need spa/pool luxury.  
Final answer: B"
1073,A,"Option A costs much more ($969 vs $270) but offers a significantly higher guest score, a more premium 5-star property in Midtown, and includes breakfast plus free cancellation. Option B is far cheaper and in a fun SoHo location, but it has a lower review score, no breakfast included, and no free cancellation. For a one-night stay where flexibility and overall quality matter, I’d choose Option A.  
Final answer: A"
1074,B,"Option A costs far more ($1,166 vs. $274) but offers a higher star rating and a much higher review score (9.0 vs. 8.2), plus luxury amenities like spa and pool. Option B is much cheaper and includes breakfast and free cancellation, with a solid (though lower) review score and fitness center instead of spa/pool. For a one-night stay, the large price difference and included breakfast make Option B the better value unless you specifically want luxury facilities.  

Final answer: B"
1077,B,"Option A is much more expensive ($1,022 vs. $298) but offers a luxury 5-star stay in Midtown with a higher guest score (9.0 vs. 8.0) and more amenities like a spa and pool. Option B is far better value, still has free cancellation and a solid guest score, but it’s a 3-star property with fewer amenities. I’d choose Option B to maximize value for a one-night stay while still getting a reliable, well-reviewed hotel.  
Final answer: B"
1078,B,"Option A is dramatically more expensive ($1,624 vs. $231) but offers a much higher guest score (9.3 vs. 8.0) and luxury amenities (spa/pool/restaurant/bar), plus free cancellation. Option B is far better value, though it’s lower-rated and lacks free cancellation and the richer amenities. I’ll choose the better overall deal with strong reviews and manageable risk only if cancellation isn’t critical—so I pick B.  
Final answer: B"
1081,B,"Option A is far more expensive ($1,007 vs. $199) with no breakfast included, though it has a much higher review score (9.2 vs. 8.0) and more luxurious amenities (spa/pool/restaurant). Option B costs dramatically less, includes breakfast, and still has a solid guest rating with key conveniences like WiFi and a fitness center. For most value-focused one-night stays, the big price difference and included breakfast make Option B the better choice.  
Final answer: B"
1082,B,"Option A is far more expensive ($841 vs. $267) and doesn’t include breakfast, but it’s a luxury 5-star stay in Midtown with higher reviews (9.3 vs. 8.2) and more amenities like a spa and pool. Option B is much cheaper, includes breakfast, has a kitchen, and still offers free cancellation and solid reviews (8.2). For a one-night stay, the strong value of Option B—especially free breakfast and kitchen—outweighs the luxury upgrades of Option A.  
Final answer: B"
1085,A,"Option A costs much more ($673 vs. $303) but offers a higher guest review score (9.2 vs. 7.9), 5-star quality, and includes breakfast, plus extra amenities like butler service and a more extensive full-service setup. Option B is far cheaper, has free cancellation, and includes basic amenities (WiFi, fitness, restaurant) but excludes breakfast and has a notably lower review score.  
Final answer: A"
1086,A,"Option A costs much more ($1,008 vs $271) but offers a higher guest score (9.0 vs 7.8), 5-star quality, free breakfast, and free cancellation—reducing both cost risk and added expenses. Option B is far cheaper, but has no free cancellation or breakfast and a significantly lower review score with fewer amenities.  
Final answer: A"
1089,B,"Option A is cheaper ($293 vs. $311) and has a slightly higher review score (8.7 vs. 8.6), but it lacks free cancellation and is in Williamsburg (longer commute to Manhattan). Option B costs more but offers free cancellation, which is a meaningful flexibility benefit for a one-night trip, and it’s more centrally located in the Financial District.  
Final answer: B"
1090,B,"Both options have the same guest review score (8.7/10), so quality appears comparable. Option A is more expensive ($512 vs. $317) and offers no free cancellation, while Option B is cheaper and includes free cancellation, reducing risk. Although Option A has a rooftop pool, Option B still includes key amenities like WiFi, fitness, and a restaurant.  
Final answer: B"
1093,A,"Both options are 5-star and have the same guest review score (8.7/10) with free cancellation, so the main differences are location and value. Option A costs $86 more but includes breakfast and offers a balcony room plus a rooftop pool; Option B is cheaper and still has strong amenities, but breakfast isn’t included. I’d choose Option A for the added breakfast value and the extra standout amenities (balcony and rooftop pool).  
Final answer: A"
1094,A,"Option A is pricier ($472 vs. $370) but has a higher guest review score (8.8 vs. 8.6) and adds a balcony plus a rooftop pool. Option B costs less and still offers strong amenities (WiFi, restaurant/bar, fitness) with a central Financial District location, but it lacks the balcony/pool and has slightly lower reviews. I’ll prioritize better reviews and the balcony/pool despite the higher cost.  
Final answer: A"
1097,A,"Option A costs much more ($450 vs. $148) but offers a higher guest review score (9.0 vs. 7.2) and better amenities for the stay, including a rooftop pool and restaurant, in a distinct neighborhood (Williamsburg). Option B is far cheaper and includes free cancellation and WiFi, but it’s in Midtown and has fewer amenities and a lower review score.  
Final answer: A"
1098,A,"Option A is much pricier ($370 vs $217) but offers a higher guest score (9.0 vs 7.3), a 5-star hotel, and nicer perks like a rooftop pool and a balcony. Option B is cheaper and still includes free WiFi and fitness, but you give up the better quality rating and additional amenities. For a one-night stay where comfort and experience matter, I’d choose the better-reviewed, amenity-rich option despite the cost.  
Final answer: A"
1101,A,"Option A costs much more ($294 vs. $101) but offers a higher guest score (8.7 vs. 8.3), 5-star quality, and more amenities (rooftop pool, restaurant, fitness center). Option B is far cheaper with free cancellation and free WiFi, but fewer facilities and a lower review score. Overall, the better reviews and fuller amenities of Option A justify the higher price for a one-night stay.  
Final answer: A"
1102,A,"Option A costs much more ($438 vs. $163) but offers a 5-star experience, a far higher guest score (8.9 vs. 7.9), better amenities (rooftop pool, restaurant, fitness center), and free cancellation. Option B is significantly cheaper and still has free WiFi and a rooftop bar, but it’s 3-star, has a lower review score, and you can’t cancel.  
Final answer: A"
1105,A,"Option A is much cheaper ($505 vs $1,157) and includes free cancellation, which reduces booking risk; it also has slightly lower reviews (8.8 vs 8.9) and no breakfast either way. Option B has a marginally better review score and more premium perks (spa, live jazz) but costs far more and has no free cancellation. I’d choose Option A for the better value and flexibility.  

Final answer: A"
1106,A,"Option A is much cheaper ($328 vs. $1,172) and still offers a 5-star stay with strong reviews (8.8/10), free cancellation, and solid amenities like a rooftop pool and fitness center. Option B costs far more but has higher guest satisfaction (9.2/10) and adds value with breakfast included plus a spa and live jazz. For a one-night stay where price and included value matter, I’d choose the better overall trade-off: Option A.  
Final answer: A"
1109,A,"Option A costs more ($327 vs. $245) but offers a higher guest review score (8.9 vs. 8.2) and stronger amenities like a rooftop pool and fitness center. Both have free cancellation and no breakfast, so the main trade-off is price versus better overall guest satisfaction and facilities. I’d choose the better-reviewed hotel with more amenities despite the higher cost.  

Final answer: A"
1110,A,"Option A costs more ($293 vs. $211) but offers a higher guest review score (8.8 vs. 8.0), 5-star quality, and includes breakfast plus extra amenities like a rooftop pool and fitness center—making it a better overall value if those perks matter to you. Option B is cheaper and also has free cancellation and WiFi, but you give up breakfast and the additional amenities, and its reviews are notably lower.  

Final answer: A"
1113,A,"Option A costs much more ($493 vs. $166) but offers a higher guest score (8.7 vs. 8.2), a 5-star property, free cancellation, and extra amenities like a rooftop pool and fitness center. Option B is far cheaper and still has a decent score, but it’s only 3 stars and has no free cancellation, plus fewer amenities. Overall, for flexibility and a better experience, I’d choose Option A.  

Final answer: A"
1114,A,"Option A costs much more ($355 vs $169) but offers a higher review score (9.0 vs 8.1), a 5-star hotel, and better amenities like a rooftop pool and fitness center, plus free cancellation for flexibility. Option B is significantly cheaper, but it’s only 3 stars, has lower reviews, and has no free cancellation and fewer amenities. I’d choose the value and amenities trade-off in favor of Option A given the strong reviews and free cancellation.  
Final answer: A"
1117,B,"Option A is much more expensive ($1,072 vs. $151) and doesn’t include breakfast, though it offers a higher rating (8.5 vs. 7.6) and more premium amenities in Midtown. Option B is vastly cheaper, includes breakfast and free cancellation, with solid (though lower) reviews in Brooklyn. Given the extreme price difference for a one-night stay, I’d choose value with included breakfast.  
Final answer: B"
1118,B,"Option A is vastly more expensive ($1,275 vs. $196) but offers a higher review score (8.6 vs. 7.7) and premium amenities (spa, Palm Court, restaurant) in Midtown. Option B costs far less, has a decent review score for its class (7.7), and includes breakfast plus WiFi and a fitness center, though it’s in Brooklyn and lacks the luxury amenities. Given the huge price difference and that neither includes breakfast in Option A, I’d choose the better value with breakfast.

Final answer: B"
1121,A,"Option A costs far more ($1,176 vs. $201) but offers a higher guest score (8.7 vs. 7.6), includes breakfast, and has more premium amenities (spa, Palm Court, restaurant, fitness). Option B is much cheaper and has free cancellation, free WiFi, and a pool, but it lacks breakfast and has lower reviews. With the strong review score and included breakfast, I’d choose the comfort/value trade-off that justifies the price.  
Final answer: A"
1122,A,"Option A costs far more ($945 vs $221) but offers a much higher guest review score (8.4 vs 7.7), is a 5-star hotel in Midtown, and includes premium amenities like a spa and Palm Court. Option B is dramatically cheaper and still includes key basics (WiFi, restaurant, fitness, pool), but the lower rating suggests a less consistently satisfying stay. Given the large gap in quality signals and amenities, I’d choose the better-reviewed, higher-end experience despite the higher price.  
Final answer: "
1125,A,"Option A costs more ($854 vs $539) but offers free cancellation and includes breakfast, which reduces risk and overall out-of-pocket cost. It also has a higher guest review score (8.6 vs 8.4) and includes amenities like Palm Court, plus free cancellation makes booking more flexible. Option B is cheaper, but you lose free cancellation and breakfast, and it has slightly lower reviews.  
Final answer: A"
1126,B,"Both are 5-star Midtown hotels with free cancellation and similar amenities, and both include no breakfast. Option A has a higher guest review score (8.5 vs 8.4) and offers extra amenities (Palm Court), but it costs much more ($1,004 vs $661). Given the small review difference versus the large price gap, I’d choose the better value.  
Final answer: B"
1129,B,"Option A offers a much more premium 5-star experience, higher cleanliness/comfort expectations, and stronger amenities (spa and rooftop pool), but it’s far more expensive and has no free cancellation or breakfast. Option B is drastically cheaper, includes breakfast and free cancellation, and still has a solid review score. For a one-night stay, the value and flexibility of Option B outweigh the added luxury of Option A.  
Final answer: B"
1130,B,"Option A offers a much higher-end 5-star stay in Hudson Yards with better overall reviews (8.6 vs 8.2) and luxury amenities like a rooftop pool and spa, but it’s dramatically more expensive ($1,143 vs $242) and has no free cancellation or breakfast. Option B is far cheaper, includes breakfast and free cancellation, and still has a solid review score (8.2) with core amenities (WiFi and fitness). The cost savings and included perks make B the better practical choice for a one-night stay.  

Final "
1133,A,"Option A costs much more but offers a higher guest rating (8.8 vs 7.5), 5-star quality, included breakfast, and free cancellation, plus better amenities like a rooftop pool and spa. Option B is far cheaper, but has a lower rating, no breakfast, no free cancellation, and fewer amenities for a similar stay. I’d choose the option that provides comfort and flexibility despite the higher price.  
Final answer: A"
1134,A,"Option A is much more expensive ($870 vs. $327) but offers a higher guest score (8.9 vs. 7.6), a premium 5-star hotel, and extra amenities like a rooftop pool and spa, which improves the overall experience. Option B saves a large amount of money, but with lower reviews and fewer standout amenities, it’s a less compelling choice if quality matters.  
Final answer: A"
1137,B,"Option A is much more expensive ($923 vs $373) but offers a higher star rating (5-star) and a slightly higher review score (8.7 vs 8.5), plus extra amenities like a rooftop pool and spa. Option B costs far less and includes breakfast, which improves value, though it’s in a different location (Times Square) with fewer listed amenities. For a one-night stay, the large price difference and included breakfast make Option B the better trade-off.  
Final answer: B"
1138,B,"Both options have the same guest score (8.6), but Option A is far more expensive ($986 vs $253). I’d rather prioritize value and comparable satisfaction, so the cheaper, well-reviewed Kimpton in Times Square wins despite fewer amenities and no free cancellation.  
Final answer: B"
1141,A,"Both hotels are 5-star and have the same guest review score (8.8) and offer free cancellation and no included breakfast. Option A is much cheaper ($571 vs. $795), while both include WiFi, restaurant, spa, and fitness; the main added perk in A is a rooftop pool. Given the strong savings for largely similar amenities, I’d choose Option A.  
Final answer: A"
1142,B,"Option A is much more expensive ($1,057 vs. $574) and the main additional perks over B are a rooftop pool and free cancellation, while both are 5-star, have similar guest scores, and include the core amenities like WiFi, spa, and fitness. If free cancellation is important to you, A is better; otherwise, B offers far better value for a one-night stay despite nonrefundable terms. I’d choose the better value with similar quality.  
Final answer: B"
1145,B,"Option B costs more, but it has a higher guest review score (8.9 vs 8.6) and offers free cancellation, which reduces risk if plans change. Option A is cheaper and includes strong amenities like a rooftop pool and spa, but the lower rating and no free cancellation are the trade-offs.  
Final answer: B"
1146,B,"Option A is cheaper ($1,131 vs. $1,351) and still offers strong amenities (WiFi, rooftop pool, spa, fitness, restaurant) in a newer, central Hudson Yards area. Option B costs more but has a higher guest review score (9.1 vs. 8.6) and includes a more classic experience (notably live jazz) in the Upper East Side. Given the substantial difference in reviews and likely overall guest satisfaction, I’d choose B despite the higher price.  

Final answer: B"
1149,A,"Option A costs more ($289 vs. $155) but offers a higher guest review score (8.1 vs. 7.2), better star rating (3 vs. 2), free cancellation, and breakfast included—making it the safer, more value-predictable choice. Option B is much cheaper, but lacks free cancellation and breakfast, and has a lower review score.  
Final answer: A"
1150,A,"Option A costs more ($210 vs. $87) but is in a slightly different area with a much higher guest score (8.1 vs. 7.4), includes breakfast, and has key basic amenities like a fitness center. Option B is far cheaper, but it lacks breakfast and has a lower review score. Given the significant quality difference and the value of included breakfast, I choose Option A.  
Final answer: A"
1153,A,"Option A costs more ($229 vs. $148) but has a higher guest review score (8.2 vs. 7.9), includes breakfast, and offers free cancellation, plus a fitness center—better for value and risk-free flexibility for one night. Option B is cheaper and has a rooftop bar/restaurant, but lacks breakfast and can’t be cancelled, with a lower review score.  
Final answer: A"
1154,A,"Option A is cheaper ($193 vs. $246) and includes breakfast, while both options are 3-star with similar room types and no free cancellation. Option A also has a higher guest review score (8.4 vs. 7.8) and a fitness center, making it the better value overall despite being in Chelsea instead of Times Square.  
Final answer: A"
1157,A,"Option A costs more ($308 vs $215) but has a higher guest review score (8.5 vs 7.9), a 3-star property in Times Square, and includes breakfast plus free cancellation. Option B is cheaper and a bit higher rated by stars (4-star) with a king bed, but it lacks breakfast and has a lower review score overall. With the value boost from included breakfast and stronger guest satisfaction, I’d choose Option A.  

Final answer: A"
1158,A,"Option A costs more ($299 vs $241) but offers a higher guest review score (8.2 vs 8.0), includes breakfast, and is in the Times Square area. Option B is cheaper and also has free cancellation, but lacks breakfast and has a slightly lower rating. Overall, the included breakfast and better reviews make Option A the better value.  
Final answer: A"
1161,A,"Option A costs more but offers free cancellation, includes breakfast, has a higher guest review score (8.4 vs 7.9), and is in Times Square for a more central NYC base. Option B is cheaper, but breakfast isn’t included and there’s no free cancellation, plus the review score is lower. I’d prioritize flexibility and better reviews with breakfast included.  
Final answer: A"
1162,A,"Option A is pricier ($274 vs $186) but offers free breakfast and a slightly higher guest score (8.1 vs 8.0). Option B is cheaper and has free cancellation, plus extra amenities like a pool, but you don’t get breakfast included. For a one-night stay, the value of free breakfast and the better review score in A outweigh the lack of cancellation, so I’d choose A.  

Final answer: A"
1165,A,"Option A is cheaper ($285 vs. $388), has a higher guest review score (8.5 vs. 8.2), and includes breakfast, which adds extra value. Option B is a 4-star property with similar location and free cancellation, but you’d pay much more and would miss the included breakfast.  
Final answer: A"
1166,A,"Both are in Times Square with very similar guest scores (8.3 vs 8.2), so location and general quality are comparable. Option A is cheaper ($288 vs $369) and offers free cancellation, which reduces risk, but it lacks breakfast and is only 3-star. Option B costs more and has no free cancellation, though it’s a 4-star property and includes a restaurant/bar. Overall, the price difference and free cancellation make Option A the better deal for a one-night stay.  
Final answer: A"
1169,B,"Option B is cheaper ($241 vs. $249) and has a slightly higher guest score (8.4 vs. 8.2) for a similar “no free cancellation” and no breakfast-included situation. Option A is in Times Square, which may be more convenient for Manhattan sightseeing, but Boro’s Manhattan views and bar add appeal for the $8 savings and better ratings. Overall, the better value and reviews tip the choice to B.  
Final answer: B"
1170,B,"Both hotels have the same guest review score (8.4/10), so quality looks comparable. Option A is more expensive ($322 vs. $215) but includes breakfast and a fitness center, while Option B offers free cancellation (valuable if plans change) and is significantly cheaper, though breakfast isn’t included. Given the price difference and the added flexibility of free cancellation, I’d choose Option B.  

Final answer: B"
1173,B,"Option A is cheaper ($276 vs. $332) and has a slightly higher guest score (8.2 vs. 8.0), with breakfast included. However, Option A has no free cancellation. Option B costs more but offers free cancellation and a better location match to Times Square, plus a higher-star rating (4 vs. 3).  
Final answer: B"
1174,A,"Option A is cheaper ($224 vs $259) and has a notably higher guest review score (8.6 vs 7.7), with the same room type and no breakfast in either case. While Option B is 4-star and has extra amenities like a restaurant/bar, the weaker reviews and higher price make it less compelling for a one-night stay.  
Final answer: A"
1177,A,"Option A costs more ($196 vs. $188) but offers a higher guest review score (8.3 vs. 8.0) and includes free cancellation, which reduces risk. Both include breakfast and have similar amenities, so the main trade-off is price vs. flexibility and better ratings. I’d choose Option A for the better reviews and cancellation flexibility.  

Final answer: A"
1178,A,"Option A is slightly more expensive ($183 vs. $181) but offers a higher guest review score (8.4 vs. 7.9) and includes free cancellation, which reduces booking risk. Since both include breakfast and have the same general amenities, I’d prioritize the better rating and flexibility.  
Final answer: A"
1181,A,"Option A is much cheaper ($205 vs $707) and still offers solid value with a good review score (8.3/10) and key amenities like free WiFi and a fitness center, but it lacks breakfast and is only 3 stars. Option B costs far more but delivers a higher comfort/luxury level (5 stars) and a much stronger guest score (9.4/10) with added perks like a spa and pool—though it still has no breakfast and no free cancellation. I’d choose value and balance given the huge price gap.  
Final answer: A"
1182,A,"Option A is much cheaper ($180 vs. $991), includes breakfast, and offers free cancellation, making it the lower-risk choice for a one-night stay, with a solid (though lower) review score (8.1). Option B offers a significantly higher-rated, luxury experience (9.4, 5-star, spa/pool) but lacks breakfast, has no free cancellation, and costs far more.  
Final answer: A"
1185,B,"Option A is cheaper and includes breakfast, which adds clear value for a one-night stay, though it has nonrefundable booking. Option B costs slightly more but offers free cancellation, includes a rooftop bar/restaurant, and still matches the same overall guest score. Since flexibility usually matters and the price difference is small, I’d prioritize free cancellation.

Final answer: B"
1186,A,"Option A costs more ($216 vs $189) but includes breakfast and offers free WiFi and a fitness center, which adds clear day-to-day value since breakfast isn’t included in Option B. Option B is cheaper and has a slightly higher review score (8.2 vs 8.0) with similar WiFi, but you’d be paying for meals and lose the fitness center. Overall, the included breakfast makes Option A the better deal for a one-night stay.  

Final answer: A"
1189,B,"Both options are 3-star hotels with the same guest review score (7.9/10), same room type, no free cancellation, and both include breakfast and key amenities. The main difference is location and price: Option A is in Manhattan’s Financial District and costs $227, while Option B is in Brooklyn and costs $126. I’d choose the much better value with the same overall guest satisfaction: Option B.  

Final answer: B"
1190,A,"Option A costs much more ($249 vs. $130) but offers a clearly higher guest review score (8.3 vs. 7.5) in a more central Manhattan area (Financial District). Both options are 3 stars, include breakfast, and have free cancellation, so the main trade-off is price versus reviews/location. I’d choose the better-reviewed, more convenient Manhattan hotel despite the higher cost.  
Final answer: A"
1193,A,"Option A is cheaper ($264 vs. $330), has a higher guest review score (8.0 vs. 7.4), includes breakfast, and offers free cancellation—so it delivers better overall value. Option B is 4-star and has on-site dining/bar, but the lack of breakfast and the lower review score make it less attractive for a one-night stay. I’d choose Option A for value and guest satisfaction.  

Final answer: A"
1194,A,"Option A is cheaper ($243 vs. $289), has a higher guest review score (8.2 vs. 7.7), and includes breakfast, which adds clear value for a one-night stay. Option B is in a more central tourist area and is 4-star vs. 3-star, but it costs more and lacks breakfast. Overall, the better reviews and included breakfast make Option A the stronger deal.

Final answer: A"
1197,A,"Option A is cheaper ($218 vs. $225) and has a higher guest review score (8.2 vs. 7.7) plus free cancellation, which adds flexibility. Option B offers a higher star rating and slightly more amenities (pool and restaurant), but it costs more and lacks free cancellation. Given the better value, better reviews, and cancellation flexibility, I’d choose Option A.  
Final answer: A"
1198,B,"Option A is in Manhattan’s Financial District with the same guest review score, higher price, and free cancellation, but it lacks free breakfast. Option B is much cheaper, has more amenities (restaurant and pool) and the same review score, but you lose free cancellation and it’s in Downtown Brooklyn rather than Manhattan. Given the large price difference and similar satisfaction, I’d choose the cheaper option while accepting the cancellation trade-off.  
Final answer: B"
1201,A,"Option A is slightly better reviewed (8.2 vs 8.1) and includes breakfast, which likely adds real value for a one-night stay; it’s also in Manhattan’s Financial District, closer to many major sights. Option B is $49 cheaper, but it lacks included breakfast and is farther out in Brooklyn (Park Slope). Given the small review difference and the benefit of free breakfast, I’d pick the more convenient and inclusive option.  
Final answer: A"
1202,A,"Option A is in Manhattan’s Financial District with a higher guest review score (8.2 vs 7.9) and includes breakfast, but it costs much more and doesn’t offer free cancellation. Option B is cheaper by a large margin and has free cancellation, but it’s in Brooklyn and doesn’t include breakfast and has a lower review score. I’d prioritize the better location and quality/value with breakfast for a costly NYC stay.  

Final answer: A"
1205,B,"Option A is pricier ($285 vs. $207) and slightly lower-rated (8.1 vs. 8.3), but it includes breakfast and offers a more central Financial District location. Option B is cheaper and has a higher review score, but breakfast isn’t included and it’s in Long Island City, which may mean a bit more commute time to Manhattan. I’ll choose the better overall value with the higher rating despite the no-breakfast downside.  
Final answer: B"
1206,A,"Option A costs more ($170 vs. $148) but includes breakfast, has a similar strong review score (8.2 vs. 8.3), and is in Manhattan’s Financial District—more convenient for many NYC sights. Option B is cheaper and has free cancellation, with a slightly higher score (8.3) and a 4-star property, but it does not include breakfast and is in Long Island City (Queens), farther from Manhattan. Overall, the breakfast inclusion and Manhattan location make Option A the better value for a one-night stay where"
1209,A,"Option A is cheaper ($251 vs. $330) and has a higher guest review score (8.1 vs. 7.9), plus breakfast is included. Option B is in Midtown East with a similar 3-star rating and has a restaurant, but you’d pay more and skip included breakfast. Overall, the better value and satisfaction in Option A make it the stronger choice.  
Final answer: A"
1210,A,"Option B costs more ($281 vs $215) but has a slightly higher guest review score (7.9 vs 7.8) and includes more space/flexibility with two beds. Since both have free cancellation and breakfast included, the main trade-off is price vs a marginal improvement in reviews and room layout. I’d choose the better value with strong reviews and the king room for $215.  
Final answer: A"
1213,B,"Option B is cheaper ($262 vs $274), has a higher guest review score (8.5 vs 8.1), and includes free cancellation, which reduces risk if plans change. Option A offers free breakfast and is in the Financial District, but it lacks free cancellation and has the lower rating. Overall, the better value and flexibility of Option B outweigh the breakfast difference.  

Final answer: B"
1214,B,"Option A is cheaper ($201 vs. $318) and includes breakfast with free cancellation, but it has a lower review score (7.8) and is a 3-star hotel in the Financial District. Option B costs more, has a higher review score (8.2) and is a 4-star hotel in Midtown, but breakfast isn’t included. Overall, I’d prioritize the better guest experience and higher star rating despite the extra cost.  
Final answer: B"
1217,A,"Option A costs more ($217 vs. $184) but has a higher guest review score (8.0 vs. 7.3) and includes breakfast, which adds clear value for a one-night stay. Option B is cheaper and in Midtown, but it excludes breakfast and has a notably lower review score despite more reviews.  
Final answer: A"
1218,A,"Option A costs more ($252 vs. $123) but offers free breakfast and free cancellation, plus a slightly higher review score (7.8 vs. 7.5). Option B is much cheaper, but you pay for breakfast, lose free cancellation, and have a lower guest score. For a one-night NYC stay where flexibility and included breakfast matter, I’d choose Option A.  

Final answer: A"
1221,A,"Both options have the same guest review score (7.9), but Option A is cheaper ($197 vs. $217) and includes breakfast, which adds value for a one-night stay. Option B offers free cancellation (a clear risk-reduction) and a higher 4-star hotel with a pool, but it costs more and skips breakfast. For a one-night booking where cost and included amenities matter most, I’d choose Option A.  

Final answer: A"
1222,A,"Option A is cheaper ($141 vs. $255) and includes breakfast, which is a meaningful value for a one-night stay, with a very solid location in Manhattan (Financial District) and an only slightly lower review score (8.0 vs. 8.1). Option B offers higher star rating and a pool/restaurant, but you pay much more and lose breakfast, and it’s in Williamsburg, which may be less convenient depending on your plans. Overall, the price plus breakfast makes Option A the better trade-off.  
Final answer: A"
1225,B,"Option A is much cheaper ($317 vs. $675) and includes breakfast, but has no free cancellation and a lower review score (8.2 vs. 8.7). Option B costs more, doesn’t include breakfast, but offers free cancellation, a higher-rated hotel, and more amenities (spa/restaurant/bar). Given the one-night trip and the value of free cancellation plus the higher quality score, I’d choose Option B despite the higher price.  

Final answer: B"
1226,B,"Option B costs much more ($561 vs $281) with no included breakfast in either case, so the main advantage is the higher quality signal (5 stars, 8.9/10 vs 3 stars, 8.2/10) and added amenities (restaurant/bar/spa). For a one-night stay where breakfast isn’t included, I’d prefer the better-reviewed, more full-service hotel experience despite the price.  
Final answer: B"
1229,B,"Option A is pricier ($289 vs. $265) and has no free cancellation, though it has a slightly higher review score (8.4 vs. 8.1). Option B costs less and offers free cancellation, while still including breakfast and similar amenities. With a one-night stay, the cancellation flexibility and lower price make Option B the better trade-off.  

Final answer: B"
1230,A,"Option A is cheaper ($173 vs. $268) and has a slightly higher guest review score (8.3 vs. 8.1) while offering the same included breakfast and no free cancellation for either. Option B provides more space flexibility (2 double beds) and has a restaurant on-site, but that costs substantially more. With the priority on value and overall guest rating, I’d choose Option A.  

Final answer: A"
1233,B,"Option A is in SoHo, has a higher review score (8.4 vs 8.1), and includes breakfast, but it’s more expensive ($228 vs $212) and has no free cancellation. Option B is cheaper, has free cancellation, and is also well-reviewed, but it lacks included breakfast and has slightly lower reviews. For a one-night stay where flexibility matters, I’d choose the cheaper, refundable option.  
Final answer: B"
1234,A,"Both options have the same guest score (8.2) and offer free cancellation, so the main differences are neighborhood, breakfast, and overall amenities. Option A includes free breakfast and is in SoHo (likely more laid-back), at a slightly higher price ($309 vs. $308). Since breakfast is a tangible value and both are similarly reviewed, I’d choose Option A.  
Final answer: A"
1237,A,"Option A is pricier ($315 vs. $226) but offers a higher guest review score (8.2 vs. 7.7) and includes breakfast, which adds clear value for a one-night stay. Option B has a lower price and better amenities like a pool and 4-star rating, but breakfast is not included and the review score is lower. Overall, the better reviews plus free breakfast make Option A the stronger choice.  

Final answer: A"
1238,A,"Option A is cheaper ($211 vs $229), has a better guest review score (8.2 vs 7.7), and offers free cancellation, which reduces risk if plans change. Option B is pricier and has no free cancellation, though it’s 4-star and includes more amenities (restaurant and pool). Given the higher satisfaction score and flexibility, I choose Option A.  
Final answer: A"
1241,A,"Both options are in SoHo, have the same guest review score (8.2) and offer free cancellation, so the main differences are star rating and included breakfast. Option A is cheaper by $42 and includes breakfast, while Option B is a higher-rated 4-star hotel but lacks breakfast and costs more. Overall, the value win is Option A.  
Final answer: A"
1242,A,"Both options have the same neighborhood (SoHo), the same guest review score (8.4), and free cancellation, so the main differences are star rating and included value. Option A is much cheaper ($215 vs. $403) and includes breakfast, but has fewer on-site amenities (no restaurant/bar listed). Option B offers a higher star rating and dining/bar amenities, but you’d pay nearly double and miss breakfast.  
Final answer: A"
1245,A,"Option A is much cheaper ($312 vs. $708), offers free cancellation, and includes breakfast, with a solid 8.3/10 rating. Option B has a slightly higher rating (8.5/10) and more upscale amenities (spa/restaurant) but costs far more and does not include breakfast or allow free cancellation. For a one-night stay, the value and flexibility of Option A outweigh the added luxury of Option B.  
Final answer: A"
1246,A,"Option A is far cheaper ($241 vs. $715) and includes breakfast and free cancellation, with a solid 3-star rating and strong Wi-Fi/fitness amenities. Option B has a higher guest score (8.6 vs. 8.4) and more upscale facilities (spa/restaurant) but you pay much more and breakfast isn’t included. For a one-night stay, the value and included breakfast make Option A the better trade-off.  

Final answer: A"
1249,B,"Option A is cheaper ($181) and has a slightly higher review count, but it doesn’t include breakfast and offers a simpler room type (double beds). Option B costs $16 more ($197) but includes breakfast and offers a more spacious one-bedroom suite with a kitchen, plus a slightly higher guest score (8.0 vs 7.9). Overall, the included breakfast and suite amenities make Option B the better value.  

Final answer: B"
1250,B,"Both options have the same 3-star rating and an 8.0/10 guest score, so the biggest differences are price, location, and flexibility. Option B is $33 cheaper and includes a kitchen and free cancellation, which is a clear value advantage, while both exclude breakfast. I’d choose Option B for the lower cost and added flexibility.  

Final answer: B"
1253,A,"Option A costs much more ($287 vs. $84) but offers a higher guest score (8.2 vs. 6.9), a 3-star hotel setting, and better amenities like a fitness center and restaurant, which usually improves comfort and reliability for a one-night stay. Option B is far cheaper and has free cancellation, but it’s a 1-star hostel with fewer private comfort features and a lower review score.  

Final answer: A"
1254,A,"Option A is much more expensive ($218 vs. $61) but offers a higher star rating (3 vs. 1), a much better guest score (8.1 vs. 6.9), and better amenities like a fitness center and restaurant, with a private hotel room setting. Option B is far cheaper, but with a lower review score and shared facilities (shared kitchen/lounges) typical of a hostel. For most travelers prioritizing comfort and quality, the higher-rated, full-service option is the safer choice despite the cost.  
Final answer: A"
1257,A,"Both options have similar guest scores, but Option A is far cheaper ($187 vs $477). Option B offers higher star rating and free cancellation, but with no breakfast in either case the extra cost for the cancellation flexibility isn’t worth it for a single night. I’d prioritize value for money over amenities I’m not getting (since both have WiFi and an on-site restaurant).  
Final answer: A"
1258,A,"Option A is much cheaper ($171 vs. $369) and has strong reviews (8.1) for a 3-star hotel, with similar “must-haves” like free WiFi and a restaurant/fitness/business facilities. Option B offers a higher star rating and slightly higher reviews (8.3) in SoHo, but the price premium is large and it lacks some amenities (e.g., fitness/business center) and both options have no free cancellation or included breakfast. I’d choose value for money while staying in a good location, so I pick Option A.  

Fi"
1261,A,"Option A costs more but offers free cancellation, breakfast included, and strong amenities like a fitness and business center—plus it’s in Midtown East, closer to central Manhattan. Option B is cheaper with a higher review score and offers Manhattan views, but it lacks breakfast and has no free cancellation. For a one-night stay, the added flexibility and included breakfast in Option A tip the balance despite the higher price.  
Final answer: A"
1262,B,"Option A costs much more ($310 vs. $189) but includes breakfast and has a wider standard amenity set (restaurant, fitness, business center) with a slightly higher review volume. Option B is cheaper by $121, has a higher review score (8.4 vs. 8.1), and offers a more distinctive feature (Manhattan views), though it lacks breakfast and has fewer listed amenities. I’d choose the better value with the higher score and lower price despite skipping breakfast.  
Final answer: B"
1265,A,"Option A is cheaper ($200 vs. $239) and has a higher guest review score (8.0 vs. 7.8), but it has no free cancellation, and breakfast isn’t included. Option B costs more but offers free cancellation, which adds flexibility if plans change, with slightly lower reviews. Given the trade-off, the higher-rated and cheaper option (A) is the better value if you’re confident you won’t need to cancel.  

Final answer: A"
1266,A,"Option A is cheaper ($263 vs $287) and has a higher guest score (8.1 vs 7.9), with the only notable drawback being that breakfast isn’t included. Option B costs more but includes breakfast, which could offset the price difference, and it has very similar amenities with slightly fewer features than A (no business center listed). With the higher review score and lower total cost, I’d choose A unless breakfast is especially valuable to you.  

Final answer: A"
1269,B,"Option A is cheaper ($217 vs $307) but has no free cancellation and a slightly lower guest score (8.3 vs 8.5). Option B costs more, yet offers free cancellation and better guest satisfaction, with a similar set of core amenities (WiFi, fitness, restaurant) while upgrading from 3-star to 4-star. I’d prioritize flexibility and the higher-rated hotel despite the higher cost.  
Final answer: B"
1270,A,"Option A is much cheaper ($183 vs. $265) and both options are in Midtown with similar review scores (8.3 vs. 8.5), so the main difference is value and slightly higher quality in Option B (4-star, king room, slightly better rating). Since both include no breakfast and neither has free cancellation, the added cost for Option B is only worth it if you specifically prefer the 4-star experience/king room.  
Final answer: A"
1273,A,"Option A is much cheaper ($322 vs. $498) and offers free cancellation, which reduces risk if plans change. Option B has a higher hotel star rating and slightly better guest score, but it costs substantially more and has no free cancellation, and breakfast is not included in either. For a one-night stay, the value and flexibility of Option A are the stronger trade-off.  
Final answer: A"
1274,A,"Option A is much cheaper ($228 vs. $522) and includes breakfast, but it’s a lower-rated 3-star hotel. Option B is more expensive yet has the higher guest score (8.7 vs. 8.2) and more luxury/unique features, but no breakfast is included. Overall, the strong value of Option A with breakfast included tips the decision for a one-night stay.  
Final answer: A"
1277,A,"Option A is cheaper ($191 vs. $244), includes breakfast, and offers free cancellation, making it a safer value if plans change; its review score is also solid (8.2). Option B has a slightly higher review score (8.4) and is 4-star, but costs more and lacks both breakfast and free cancellation.  

Final answer: A"
1278,A,"Option A is cheaper ($271 vs. $325) and includes breakfast, plus it has a slightly higher guest review score (8.4 vs. 8.1). Option B has a higher star rating and is in a trendier neighborhood, but it costs more and doesn’t include breakfast. For a one-night stay with value and satisfaction, I’d choose Option A.  
Final answer: A"
1281,A,"Option A costs more ($306 vs. $211) but has a higher guest review score (8.1 vs. 7.6) while both offer free cancellation, no included breakfast, and similar amenities. Since both are in the same area and room type is identical, the better-reviewed option is the value trade-off despite the higher price.  
Final answer: A"
1282,A,"Option A is pricier ($253 vs. $239) but has a higher guest review score (8.0 vs. 7.6) with the same basic inclusions (no free cancellation, no breakfast) and similar amenities. Both are in Times Square and offer free WiFi and a fitness center, so the main difference is value for money versus overall guest satisfaction. Given the noticeably better review score, I’d choose Option A.  

Final answer: A"
1285,A,"Option A is much cheaper ($330 vs. $552) and includes free cancellation, which lowers risk for a one-night stay; reviews are decent (8.0/10). Option B has a higher review score (8.7/10) and more upscale amenities (5-star with spa), but costs substantially more and doesn’t offer free cancellation.  
Final answer: A"
1286,A,"Option B has a much higher star rating and a better guest score (8.7 vs 8.0), and offers a more upscale experience (spa, bar) in Midtown East. However, it costs far more ($567 vs $197) and does not include breakfast, while Option A includes breakfast and has free cancellation. For a one-night stay, the big price difference with breakfast included makes Option A the better value.  

Final answer: A"
1289,B,"Option A is cheaper ($299 vs $322) and includes breakfast, but it’s 3 stars, non-refundable, and has a slightly lower review score (7.9 vs 8.0). Option B is pricier, but it offers free cancellation, higher overall guest sentiment, and is a 4-star hotel with a great sleep setup (Heavenly Bed).  
Final answer: B"
1290,B,"Both options have the same guest score (8.1) and no free cancellation, so the main differences are price, location, and breakfast. Option B is cheaper ($269 vs $279) and in Midtown East near Grand Central, while Option A includes breakfast. Since it’s one night, I’d choose the cheaper option unless breakfast is a dealbreaker.  

Final answer: B"
1293,A,"Option A is much cheaper ($262 vs $927) and includes breakfast, plus strong convenience amenities (WiFi, restaurant, fitness, business center) in Times Square, though the guest score is lower (7.9). Option B offers a far higher experience signal (9.0), is a 5-star hotel in SoHo, but costs substantially more and does not include breakfast; also fewer amenities are listed (no fitness center). Given the large price difference and the value of included breakfast, I’d choose Option A.  

Final answer"
1294,A,"Option A is much cheaper ($276 vs. $715) and includes both free cancellation and breakfast, which lowers overall risk and adds value. Option B has a higher star rating and better review score (8.9 vs. 8.1), but costs substantially more and doesn’t include breakfast or allow free cancellation.  
Final answer: A"
1297,A,"Both options have the same guest review score (7.8/10) and similar amenities (free WiFi, fitness center) with no breakfast included. Option A is in a more central tourist area (Times Square) and offers free cancellation, but costs significantly more ($350 vs $247). Option B is cheaper and in a convenient business area (Financial District) but doesn’t allow free cancellation. I’d choose the option with better risk protection for a same-score stay: **Option A**.

Final answer: A"
1298,B,"Option A is in Times Square with a higher guest score (7.8 vs 7.5) and offers free cancellation, but it costs more ($242 vs $215) and does not include breakfast. Option B is cheaper and includes breakfast, but has a lower review score and no free cancellation. Overall, the price difference plus included breakfast makes Option B the better value despite slightly lower ratings and less flexibility.  
Final answer: B"
1301,A,"Option A is much cheaper ($251 vs $496) while offering the same included benefits (free cancellation and breakfast) and a solid review score (8.0). Option B has a higher review score (8.3) and is 5-star with more amenities (spa, bar) but at nearly double the price. For a one-night stay, the value of Option A is the stronger trade-off.  
Final answer: A"
1302,B,"Option A is cheaper ($301 vs. $431) but has a lower guest review score (7.6 vs. 8.5) and a less premium 4-star, Times Square area experience with fewer amenities. Option B costs more, but the higher 5-star rating and better guest satisfaction suggest a more consistently higher-quality stay, and it offers richer amenities (spa, bar) though breakfast is still not included.  
Final answer: B"
1305,B,"Option A is pricier ($208 vs. $137) and has no free cancellation, though it’s a higher-rated 4-star property in Times Square. Option B is cheaper, offers free cancellation, has a slightly higher guest score (8.0 vs. 7.8), and includes amenities like WiFi plus a rooftop, making it the better value and flexibility choice.  
Final answer: B"
1306,B,"Option A is cheaper ($191 vs. $252) and has free cancellation, but it lacks included breakfast and has a lower review score (7.8 vs. 8.1). Option B costs more and has no free cancellation, but it offers a better-reviewed hotel (8.1), includes breakfast, and is in Flatiron with more amenities (including a rooftop). Overall, the higher guest score and included breakfast make Option B the better value if the stay is firm.  
Final answer: B"
1309,B,"Option A is cheaper ($254 vs $327) and both are 4-star with similar amenities, but its guest score is lower (7.6 vs 8.2) and it’s in Times Square, which can be busier. Option B costs more, yet it has a notably better review score and a king room, making it the better overall value in quality.  

Final answer: B"
1310,B,"Option B is cheaper by $8 and has a significantly higher guest review score (8.3 vs 7.7) while offering similar core amenities (free WiFi and fitness center, plus a restaurant). Both include free cancellation and exclude breakfast, so the main differences come down to location/room type; I’d prioritize overall guest satisfaction and value.  

Final answer: B"
1313,B,"Option A is in Times Square and costs more ($322) with a lower review score (7.6 vs 8.0), though it offers free cancellation. Option B is cheaper ($252), has a better guest score (8.0), and includes similar core amenities, but it lacks free cancellation and has no breakfast. With the higher-rated, lower-cost option and assuming cancellation flexibility isn’t critical, I’d choose B.  

Final answer: B"
1314,B,"Option B has a higher guest review score (8.1 vs 7.6) and offers free cancellation, which reduces risk if plans change, but it costs more and doesn’t include breakfast. Option A is cheaper and includes breakfast, but has no free cancellation and the lower review score makes it a bit less reliable. I’d prioritize overall guest satisfaction and flexibility.  
Final answer: B"
1317,B,"Option A is cheaper ($297 vs $362) but has worse guest reviews (7.8 vs 8.1) and no free cancellation, which adds risk if plans change. Option B costs more, but it has higher review scores and includes free cancellation, plus similar amenities with a bar. I’d choose the better-reviewed option with lower booking risk.  
Final answer: B"
1318,A,"Both hotels are 4-star with very similar review scores (A: 8.0, B: 8.1) and neither includes breakfast or offers free cancellation, so the main differences are location, room setup, and price. Option A is significantly cheaper ($244 vs $310) but is in the Financial District and has two double beds. Option B costs more for Times Square access and a queen bed, plus a bar amenity. I’d choose the better value while keeping quality comparable.  
Final answer: A"
1321,B,"Option A is much cheaper ($158 vs. $625) but has no free cancellation and a lower review score (8.1 vs. 8.7). Option B costs more, but offers free cancellation and a higher-quality experience signals (5-star rating, better reviews, and more amenities like spa/bar).  
Final answer: B"
1322,A,"Option A is much cheaper ($296 vs. $587) and includes free cancellation, which reduces risk if plans change; however, its guest score is lower (7.8 vs. 8.8) and it lacks the added perks like spa/bar. Option B costs substantially more and can’t be cancelled, but it offers a higher-rated hotel in a more upscale 5-star setting with stronger amenities. Overall, I’d prioritize value and flexibility while staying in a well-reviewed mid-to-high option.  
Final answer: A"
1325,B,"Option A costs much more ($351 vs. $172) while offering fewer advantages: both have no free cancellation and neither includes breakfast. Option B is in a similar Midtown area and has a higher guest review score (8.0 vs. 7.7) with comparable key amenities. Given the large price difference and better reviews, I’d choose the more cost-effective option with the higher satisfaction.

Final answer: B"
1326,B,"Option B is slightly cheaper ($231 vs. $237) and has a higher guest review score (8.0 vs. 7.7) with a similar Midtown East/Midtown location. Both offer free cancellation, no breakfast, and comparable key amenities, so the better overall reviews and value point to Option B.  
Final answer: B"
1329,B,"Option B is cheaper ($194 vs. $219), has a higher guest review score (8.5 vs. 8.1), and offers free cancellation, which reduces risk. The trade-off is the room type (king vs. two doubles) and both options exclude breakfast, so there’s no breakfast value difference. Overall, the better reviews plus lower price and free cancellation make Option B the stronger choice.  
Final answer: B"
1330,B,"Option B costs less ($218 vs. $259) and has a higher guest review score (8.6 vs. 7.8). It also includes breakfast and offers free cancellation, which reduces risk if plans change. Option A has free WiFi and a restaurant/fitness center too, but lacks free cancellation and breakfast, so it’s less attractive overall.  

Final answer: B"
1333,B,"Option A is much cheaper ($320 vs. $1,148) with free cancellation in Midtown, but it does not include breakfast and has fewer amenities. Option B costs more, yet it offers a higher guest score (9.1 vs. 8.0) and includes breakfast plus a fuller amenity set (spa/pool/bar). Overall, the better experience and included breakfast make Option B the better choice despite the price.  
Final answer: B"
1334,B,"Option A is much cheaper ($342 vs. $962) but lacks free cancellation and has a lower guest review score (8.0 vs. 9.3). Option B offers a significantly higher-rated 5-star stay with more amenities (spa/pool/bar) and free cancellation, which reduces risk if plans change. Given the much better reviews and flexibility, I’d choose the higher-quality option despite the higher cost.  
Final answer: B"
1337,A,"Option A is much cheaper ($200 vs. $504) and includes free breakfast with free cancellation, making it lower-risk and better value. Option B is pricier, lacks breakfast, and doesn’t offer free cancellation, though it has a higher review score (8.7 vs. 7.9) and is 5-star. Overall, the cost difference and included amenities make Option A the better practical choice.  
Final answer: A"
1338,B,"Option A is much cheaper ($316 vs. $555) but has no breakfast included and a lower guest score (8.0 vs. 8.9), with fewer standout amenities. Option B costs more, but the significantly higher review score plus included breakfast and premium 5-star features in the Financial District make it the stronger overall value for comfort and experience. I’d choose the better-reviewed, breakfast-included option despite the higher price.  
Final answer: B"
1341,B,"Option A is cheaper ($185 vs. $205) but has a much lower guest review score (7.8 vs. 8.7). Since both have similar “no free cancellation” and neither includes breakfast, the biggest differentiator is guest satisfaction and the slightly different amenities. I’d choose the higher-rated, more positively reviewed option in a more desirable neighborhood.

Final answer: B"
1342,B,"Option A is cheaper ($271 vs $364) but has a lower guest score (7.7 vs 8.4) and no free cancellation. Option B costs more, yet offers a meaningfully better review score and includes free cancellation, which reduces booking risk. I’d prioritize the higher-rated hotel plus flexibility.  
Final answer: B"
1345,B,"Option A is slightly cheaper ($151 vs. $152) but has lower guest ratings (7.6 vs. 7.9) and no free cancellation, which adds risk if plans change. Option B has the better review score and includes free cancellation while also offering breakfast and similar amenities. I’d choose the option with better value and flexibility.  
Final answer: B"
1346,B,"Option B costs more ($237 vs. $141), but it has a higher guest score (7.9 vs. 7.7) and includes breakfast, which adds clear value for a one-night stay. Both are 3-star, non–free cancellation, and offer similar amenities (free WiFi and a fitness center). Given the better reviews and included breakfast, I’d choose B despite the higher price.  
Final answer: B"
1349,A,"Option A is cheaper ($136 vs. $209) and has a slightly higher guest review score (7.9 vs. 7.6), but it offers fewer amenities. Option B costs more, has a lower review score, but provides a better-located (Times Square) 4-star hotel with added amenities like a restaurant and bar. Overall, the value and higher reviews make Option A the better choice.  

Final answer: A"
1350,B,"Option A is cheaper only slightly higher, has a better review score (7.7 vs 7.6), but lacks free cancellation and is 3-star in the Financial District. Option B is $17 cheaper, has free cancellation, and offers more facilities (restaurant and bar) at a 4-star property, with essentially the same guest satisfaction. Given the small difference in score and the value of free cancellation, I’d choose B.  

Final answer: B"
1353,A,"Option A is much cheaper ($243 vs. $374) and offers free cancellation, which adds flexibility, with an essentially comparable guest score (7.9 vs. 7.8). Option B is pricier and has no free cancellation, though it’s in a more tourist-central area (Times Square) and offers extra amenities (restaurant/bar) plus a higher star rating.  
Final answer: A"
1354,A,"Option A is significantly cheaper ($168 vs. $287) and offers free cancellation and similar core amenities (free WiFi, fitness). Option B costs more but has a higher guest score (8.1 vs. 7.7) and includes extra conveniences like an on-site restaurant and bar, at the Times Square location. With only one night and no breakfast included in either, I’d prioritize value unless you strongly prefer the Times Square area and added amenities.  

Final answer: A"
1357,B,"Option A is dramatically cheaper ($158 vs. $1,381) but has a lower guest score (7.6) and no free cancellation, with fewer amenities. Option B costs far more, yet offers a much higher guest score (9.2) and includes free cancellation plus more facilities (spa/pool/restaurant/bar). I’d choose the better overall experience and flexibility despite the higher cost.  
Final answer: B"
1358,A,"Option A is dramatically cheaper ($177 vs. $997) and includes breakfast, with a solid but lower review score (7.6/10). Option B has a much higher review score (9.3/10) and more amenities (spa/pool/restaurant/bar) but no free cancellation and no breakfast, at a steep premium. I’d choose the best value for a one-night stay: **A**.  

Final answer: A"
1361,B,"Option A is cheaper ($217) and still has solid reviews (7.8) but costs more hassle since free cancellation isn’t available and it’s 3-star in the Financial District. Option B costs more ($344) but offers higher reviews (8.3), 4-star amenities (pool/spa/restaurant), and the flexibility of free cancellation. Overall, the better quality and refundable option make Option B the safer choice.  

Final answer: B"
1362,B,"Option A is cheaper ($230) and has free cancellation, but it’s in the Financial District (more central for Manhattan) with a lower review score (7.7) and fewer amenities. Option B costs slightly more ($245) but has a higher review score (8.3) and a 4-star setup with a pool/spa/restaurant, though no free cancellation and it’s farther out in Rockaway Beach, Queens. Overall, I’d prioritize the better-reviewed, amenity-rich stay despite the cancellation trade-off.  
Final answer: B"
1365,B,"Option A is cheaper ($223 vs $342) and still offers strong convenience in the Financial District, but it has a lower review score (7.7 vs 8.7) and no free cancellation. Option B costs more, yet provides a higher-rated, 5-star experience, better amenities (restaurant/bar/spa), and free cancellation—so you’re paying mainly for quality and flexibility.  
Final answer: B"
1366,A,"Option A is much cheaper ($180 vs. $567) and offers free cancellation, which reduces risk, though it has a lower review score (7.5 vs. 8.6) and fewer amenities. Option B provides a clearly higher guest rating and a more premium 5-star experience (suite, restaurant/bar/spa), but it costs far more and has no free cancellation.  
Final answer: A"
1369,A,"Option A is much cheaper ($223 vs. $424) and includes breakfast, but it’s lower quality (3 stars) and has a lower review score (7.9 vs. 8.8). Option B costs far more and doesn’t include breakfast, but it offers a higher-rated 5-star hotel with more amenities and a better guest score.  
Final answer: A"
1370,A,"Option A is much cheaper ($191 vs. $523) and includes free breakfast, making it a better value for a one-night stay. Option B has a higher guest score (8.5 vs. 7.9) and more amenities (spa, restaurant/bar) but costs far more and excludes breakfast. For the trade-off between comfort/amenities and price, I’d choose the best overall value.  
Final answer: A"
1373,B,"Option A is cheaper ($190) but has a lower guest score (7.8) and no free cancellation or breakfast. Option B costs more ($319) but offers better reviews (8.0), free cancellation, and breakfast included, plus a larger one-bedroom suite with a kitchen. I’ll choose the option with better value and flexibility for a one-night stay.  
Final answer: B"
1374,A,"Option A is cheaper ($165 vs. $176) and has a higher guest review score (8.2 vs. 7.9), but it lacks free cancellation. Option B costs a bit more, has a slightly lower score, but offers free cancellation and a more versatile room (studio suite with a kitchen). With the trade-off, I value better reviews and lower price while avoiding uncertainty of a non-refundable stay.  
Final answer: A"
1377,A,"Option A is significantly cheaper ($154 vs. $287) and has a slightly higher guest score (7.9 vs. 7.8) with similar core amenities (Free WiFi, fitness). However, Option A lacks on-site restaurant/bar and has no breakfast included either, while Option B offers more upscale features (4-star rating, restaurant and bar) at a much higher price. Since the review scores are nearly the same and breakfast isn’t included in either, I’d prioritize value.  
Final answer: A"
1378,A,"Option A is cheaper ($263 vs $341) and includes breakfast, plus it has a higher guest review score (8.1 vs 7.8). Option B is the nicer 4-star property and offers on-site dining/bar, but it costs much more and doesn’t include breakfast. Overall, for a one-night stay, the better value and higher satisfaction come from Option A.  

Final answer: A"
1381,A,"Both options have the same 3-star rating and an equal guest score of 8.0/10, but Option A has far more reviews (2,163 vs 501), which makes its rating feel more reliable. Option A is also in Midtown West (more central for NYC sights) and offers free cancellation, which reduces risk, but it costs $58 more and doesn’t include breakfast despite listing “Breakfast included.” Option B is cheaper and has a restaurant, but it’s in Brooklyn’s Park Slope and has no free cancellation.  
Final answer: A"
1382,A,"Option A costs more ($223 vs. $141) but has a higher guest review score (8.2 vs. 7.9) and includes breakfast, plus a fitness center. Option B is cheaper and offers free cancellation, but has lower reviews and no breakfast. For a one-night stay, the better reviews and included breakfast make Option A the safer value despite the lack of cancellation.  
Final answer: A"
1385,A,"Option A is much cheaper ($186 vs. $300) and includes breakfast, but it’s non-refundable and the review score is slightly lower (7.8 vs. 7.9). Option B costs more and doesn’t include breakfast, but it offers free cancellation and a higher star rating with a slightly better review score. Given the significant price difference and that breakfast is included in A, I’d choose A unless flexibility is critical.  
Final answer: A"
1386,A,"Option A is much cheaper ($145 vs $276) and includes breakfast with free cancellation, which lowers both cost and risk for a one-night stay. Option B is better rated (8.0 vs 7.9) and has a 4-star property, but it costs far more and offers no free cancellation or breakfast.  
Final answer: A"
1389,B,"Option A is pricier ($283) and offers 3 stars, though it has a similar Times Square location and includes breakfast and Wi‑Fi. Option B costs much less ($195), has a higher guest review score (8.2 vs 7.9) and is 4 stars, with breakfast and comparable core amenities (Wi‑Fi and fitness), plus extra on-site options (restaurant/bar). The only potential downside is room size/layout (king vs two doubles), which doesn’t outweigh the better value and ratings for a one-night stay.  
Final answer: B"
1390,B,"Option A is much cheaper ($178 vs. $345) and includes breakfast, but it lacks free cancellation and has a lower review score (7.8 vs. 8.5). Option B costs more and doesn’t include breakfast, yet it’s higher-rated, has free cancellation, and offers a more premium stay (4 stars, king room, plus restaurant/bar). I’ll choose the better overall value and flexibility for an NYC one-night trip: **Final answer: B**."
1393,A,"Option A has a higher guest review score (8.6 vs 8.4) and offers free cancellation, which reduces risk, but it costs more ($296 vs $250) and has no breakfast in either case. Option B is cheaper and in a very central area (Times Square), but you lose free cancellation and the guest score is slightly lower. Overall, the better reviews plus free cancellation outweigh the $46 price difference.  
Final answer: A"
1394,B,"Both hotels are similar (4-star, same room type, similar amenities, close review scores). Option A costs much more ($370 vs $223) while only adding free cancellation; if cancellation flexibility matters, A is safer, but otherwise B offers much better value. Since breakfast isn’t included either and the scores are nearly the same, I’d prioritize price and choose the cheaper option.  
Final answer: B"
1397,B,"Option A is much cheaper ($181 vs $400) and offers free cancellation with solid amenities, but it has a lower review score (7.5 vs 8.6) and only 4 stars. Option B costs more but provides a higher-rated, 5-star experience in Midtown East with a likely better room setup and an added spa. I’d choose the better overall experience and reviews despite the higher price.  
Final answer: B"
1398,B,"Option A is cheaper ($282) and includes breakfast, but it’s lower rated (7.4) and has no free cancellation, plus it’s in Times Square (often louder/busier). Option B costs more ($503) but has a much higher guest score (8.6), free cancellation, and more premium features (5-star, Spa, king bed), though breakfast isn’t included.  
Final answer: B"
1401,B,"Option B costs more ($338 vs. $188) but has a much higher guest review score (8.5 vs. 7.3), suggesting a better overall experience. Both offer free cancellation and no included breakfast, and both are 4-star hotels in central Manhattan areas. Given the large difference in review score, I’d choose the better-rated option despite the higher price.  
Final answer: B"
1402,B,"Option A is in Times Square but has a lower review score (7.4 vs 8.1) and no free cancellation, while both options exclude breakfast and have similar core amenities. Option B is also 4-star, offers better guest satisfaction, and includes free cancellation at a significantly lower price ($238 vs $327), making it the better overall value.  
Final answer: B"
1405,B,"Option B has a higher guest review score (8.6 vs 8.3) and includes breakfast, which adds clear value for a one-night stay. Option A is cheaper ($400 vs $483) and offers free cancellation, which is a strong risk-reducer if plans might change. Since you’re only staying one night and the better reviews plus breakfast are meaningful, I’d pick the more consistently rated option.  
Final answer: B"
1406,A,"Both hotels are 5-star with free cancellation and breakfast included, and both have very similar amenities. Option B has a slightly higher guest review score (8.5 vs 8.4) but fewer reviews, while Option A is slightly cheaper ($421 vs $422) and has more reviews, suggesting more stable feedback. With only a $1 difference and essentially equal ratings, I’d choose the better-reviewed-and-more-reviewed option at the lower price.  
Final answer: A"
1409,A,"Option A is more expensive ($318 vs $232) but offers a higher guest review score (8.5 vs 7.9) and a 5-star hotel with a premium king room and more amenities (spa/restaurant/bar). Option B is cheaper and includes free breakfast and two beds, but it has lower ratings and fewer amenities beyond breakfast and fitness. For a one-night stay, I’d prioritize overall guest satisfaction and a better room experience.  
Final answer: A"
1410,B,"Option A is much pricier ($554 vs. $164) while both have free cancellation and no breakfast included, so the main advantage is higher star rating and more amenities (spa/restaurant/bar). Option B offers much better value for money with a similar room type, solid review score (only slightly lower), and includes breakfast. I’d choose the cheaper option that maximizes value: B.  

Final answer: B"
1413,B,"Option A is slightly more expensive ($452 vs. $449) and has worse guest sentiment (8.5 vs. 8.6), with no free cancellation. Option B costs a bit less, has a slightly higher review score, and includes free cancellation, which reduces risk if plans change. Since both lack breakfast and have comparable core amenities, the cancellation policy and higher rating make Option B the better overall choice.  

Final answer: B"
1414,B,"Option B is cheaper by $220 per night while still offering a strong guest score (8.6 vs. 8.4) and free cancellation with similar basics (WiFi, restaurant/bar). Option A is a higher-category 5-star hotel and includes more wellness/leisure amenities (spa and fitness), but it costs much more and doesn’t include breakfast either. Given the small review-score advantage for B and the large price difference, I’d choose B.  
Final answer: B"
1417,B,"Both options have the same guest review score (8.3) and both offer free cancellation and no included breakfast, so the main differences are location, price, and amenities. Option A is $29 more expensive and offers a spa and fitness center in addition to dining/drinks, while Option B is cheaper and has a simpler amenity set. Since the review scores match, I’d choose the better value unless I specifically need a spa/fitness.  

Final answer: B"
1418,A,"Option A costs more ($517 vs $402) but offers a higher guest score (8.6 vs 8.2), a 5-star property, and extra amenities like a spa and fitness center. Option B is cheaper and still has solid ratings with free cancellation and core amenities, but fewer facilities and a lower review score. Overall, the better reviews and added amenities are worth the higher price for a one-night stay.  
Final answer: A"
1421,B,"Option A costs much more ($610 vs. $332) but offers a higher guest review score (8.6 vs. 8.1) and more upscale amenities (spa/bar/restaurant). Option B is substantially cheaper, still has free cancellation and breakfast included, and scores only slightly lower despite being in Times Square. Given the large price difference for relatively small review/amenity gains, I choose Option B.  
Final answer: B"
1422,B,"Option A is a higher-end 5-star hotel in Midtown East with a slightly higher guest score (8.7 vs. 8.3) but costs much more ($495 vs. $336) and does not include breakfast. Option B is cheaper, has free breakfast included (a clear added value), and still has a solid review score (8.3) with a more spacious suite plus a kitchen. I’d choose the better overall value for a one-night stay with included breakfast.  
Final answer: B"
1425,B,"Option A is a higher-end 5-star hotel with a better guest score (8.6 vs 8.0), but it costs much more ($439 vs $181) and has no free cancellation or breakfast included. Option B is far cheaper, includes free cancellation, and offers free WiFi plus breakfast (even though it’s a lower-rated 3-star property). For a one-night stay, the value and flexibility of Option B outweigh the premium experience of Option A.  
Final answer: B"
1426,B,"Option A is a 5-star property with a much higher guest score (8.8 vs 7.8), more amenities (spa/restaurant/bar), and a likely more premium experience, but it costs $592 and does not include breakfast. Option B is significantly cheaper ($217), includes breakfast, and has solid but lower reviews (7.8). For most travelers optimizing value and included meals, I’d choose the cheaper option with breakfast.  

Final answer: B"
1429,B,"Both options have the same guest review score (8.6/10), but Option A is much more expensive ($627 vs. $312). Option A offers more amenities (fitness center, bar, spa) and is in Midtown East, while Option B offers free cancellation, which is valuable for a one-night NYC stay. Given the large price gap and equal review quality, I’d choose Option B for better value and flexibility.  
Final answer: B"
1430,A,"Option A is pricier but offers a 5-star hotel in Midtown East with a slightly higher guest score (8.6 vs 8.5) and more amenities (fitness center, spa, bar/restaurant). Option B is cheaper and both include free cancellation and no breakfast, but it has fewer amenities beyond WiFi and a restaurant. With the small score difference, I’d favor the better overall facilities for a one-night NYC stay.  
Final answer: A"
1433,B,"Option A is pricier ($383) and doesn’t include breakfast, though it offers slightly higher reviews (8.5 vs 8.4) and more “boutique” amenities like wine hour. Option B costs much less ($188), includes breakfast, and has a similar guest review score with free cancellation as well. Given the big price difference and breakfast inclusion, I’d choose Option B.  
Final answer: B"
1434,B,"Option A is in Times Square and has a slightly higher review score (8.4 vs 8.1) but costs more ($306 vs $302) and does not include breakfast. Option B is in SoHo, includes breakfast, is cheaper, and has solid reviews (more reviews too). With free cancellation for both, the added value of breakfast and lower price makes Option B the better pick.  

Final answer: B"
1437,A,"Option A is pricier ($277 vs $223) and has no free cancellation, but it’s in a more central Times Square location and has a higher review score (8.5 vs 8.0), plus extra amenities like a bar and wine hour. Option B costs less and offers free cancellation, but it has a lower star rating and review score and fewer amenities.  
Final answer: A"
1438,A,"Option A costs more ($400 vs. $277) but offers a higher guest review score (8.3 vs. 7.9) and is in a more central, high-visibility area (Times Square) with additional perks like a wine hour. Option B is cheaper with similar room type and no breakfast either, but has a lower review score and fewer included amenities. Given the better reviews and extra amenities, I’d choose A despite the higher price.  

Final answer: A"
1441,A,"Option A is more expensive ($274 vs $123) but offers a higher guest score (8.5 vs 7.4), a better star rating (4 vs 3), and it includes more amenities that are relevant for a short stay (restaurant, bar, and wine hour). Option B is the budget-friendly choice with free cancellation and WiFi, but the lower review score and fewer amenities make it a less appealing value unless price is the top priority.  
Final answer: A"
1442,A,"Option A is costlier ($393 vs $222) and has no free cancellation, but it offers a higher guest review score (8.6 vs 7.5) and more amenities (restaurant/bar and wine hour) plus a 4-star experience in Times Square. Option B is much cheaper and has free cancellation, with adequate basics (WiFi, fitness) but a lower satisfaction score and fewer amenities.  
Final answer: A"
1445,A,"Option A offers a much higher guest review score (8.3 vs 6.9) and a private Queen Room in a central Times Square location, but it’s far more expensive and has no free cancellation. Option B is dramatically cheaper and includes free cancellation, but it’s a 1-star hostel with a dorm bunk and lower reviews. I’d choose Option A for comfort and quality despite the higher cost.  
Final answer: A"
1446,A,"Option A costs much more ($257 vs $66) but offers a far higher guest score (8.5 vs 6.8), a 4-star hotel, and better amenities like an on-site restaurant/bar and a wine hour in a prime Times Square location. Option B is dramatically cheaper, but it’s a 1-star hostel with a lower rating, shared facilities (shared kitchen/lounge), and a private room without free breakfast.  
Final answer: A"
1449,B,"Option A costs more ($269 vs. $220) but has a slightly higher guest review score (8.6 vs. 8.4) and still offers free cancellation and free WiFi with similar basics; breakfast isn’t included in either. Given the small review advantage and the higher price, I’d choose the better value option for the one-night stay.  
Final answer: B"
1450,A,"Option A is much cheaper ($158 vs. $317) and has a higher guest review score (8.5 vs. 8.2), which makes it the better value. However, Option B includes breakfast and is a step higher in star rating (4-star vs. 3-star), which could offset the cost if breakfast matters to you.  
I’d choose the better overall value and slightly stronger reviews.  
Final answer: A"
1453,B,"Option A is more highly rated (8.1 vs 7.9) and includes a restaurant, but it’s $83 more and has no free cancellation. Option B is cheaper, has free cancellation, and includes breakfast, with nearly comparable guest satisfaction. Since price and cancellation flexibility are strong practical benefits with only a small review-score difference, I’d choose B.  

Final answer: B"
1454,B,"Both options have the same star rating and identical guest review scores (8.1), so the main differences are cancellation policy, breakfast, and price. Option B is slightly cheaper ($173 vs. $176) and includes breakfast, but it does not allow free cancellation. Option A offers free cancellation, but you’d pay more and breakfast is not included. I’d prioritize the included breakfast and lower price since the two are otherwise equal.  
Final answer: B"
1457,A,"Option A is much cheaper ($177 vs. $608) and offers free cancellation, but it has a lower guest review score (7.8 vs. 8.7) and is only 3 stars. Option B has a better overall guest experience (8.7) and higher star rating (4), but costs far more and doesn’t allow free cancellation. I’d choose the option that gives much better value and flexibility.  
Final answer: A"
1458,A,"Option A is much cheaper ($234 vs. $495) and offers free cancellation, but it has a lower guest score (8.1 vs. 9.0) and fewer “premium” perks. Option B costs more and has no free cancellation, but it delivers a higher guest review score and a higher-star experience in East Village. Overall, the value and flexibility of A outweigh the added comfort of B for a one-night stay.  
Final answer: A"
1461,A,"Option A is much cheaper ($287 vs. $531) and still has strong reviews (8.2 vs. 8.3) with free cancellation, so the value is far better. Option B is only marginally higher-rated but costs much more and offers extras (bar/beer garden) without a breakfast difference. I’ll choose the better overall value for a one-night stay.  
Final answer: A"
1462,B,"Option A is much cheaper ($251 vs $574) with free cancellation, but it doesn’t include breakfast and has a lower review score (7.9 vs 8.3) and fewer amenities (no bar/beer garden). Option B costs more, yet it offers better guest reviews, includes breakfast, and has more social/dining amenities in addition to free WiFi and a restaurant.  
Final answer: B"
1465,A,"Option A is much cheaper ($308 vs $1,112), has free cancellation, and a solid review score (8.0), but it doesn’t include breakfast and has fewer premium amenities. Option B costs far more and has no free cancellation, but it offers a higher review score (9.0) plus breakfast and more luxury amenities (spa and pool), making it the better choice if budget isn’t a concern.  

Final answer: A"
1466,A,"Option A is much cheaper ($259 vs $1,251) and offers free cancellation and the basics (WiFi, fitness center, restaurant), but its review score is lower (7.9 vs 9.0). Option B delivers a significantly better guest review score and higher-end amenities (spa and pool) in Midtown, but at a very large price premium.  
Final answer: A"
1469,B,"Option A is slightly better reviewed (7.8 vs 7.5) but costs more ($200 vs $175) and has no free cancellation, which is a downside if plans change. Option B is cheaper, has free cancellation, and still offers similar core amenities (free WiFi, fitness), making it the better risk-adjusted value.  
Final answer: B"
1470,B,"Option A is pricier ($272 vs. $158) but has a higher review score (7.8 vs. 7.4) and is in the Financial District, plus it includes a restaurant on-site. Option B is much cheaper, has free cancellation and free WiFi with a slightly lower score, and is in Midtown. Given the large price difference and similar amenities (both lack breakfast), I’d choose the better value.  
Final answer: B"
1473,B,"Option A is pricier ($303) and has a lower review score (7.8) with fewer guest impressions, though it offers a fitness center in addition to WiFi and a restaurant. Option B costs much less ($200), has a higher review score (8.3), and includes free cancellation with similar core amenities (WiFi and a restaurant), with no breakfast anyway. Overall, the better value and stronger guest satisfaction make Option B the better choice.  
Final answer: B"
1474,B,"Option A is cheaper ($194 vs $254) and includes breakfast, but it has no free cancellation and is a 3-star hotel despite a strong 8.0 rating. Option B costs more, doesn’t include breakfast, but offers a higher review score (8.2), free cancellation, and a 4-star TriBeCa location, with fewer amenities. Given the value of free cancellation and the slightly better guest rating, I choose Option B.  

Final answer: B"
1477,B,"Option A is more expensive ($270 vs $235) and has a lower guest score (7.8 vs 8.1), with no breakfast included for either. Option B offers better reviews, a slightly newer/varied vibe (Chelsea + rooftop bar), and is cheaper while keeping free cancellation. I choose Option B.  

Final answer: B"
1478,B,"Both options are similar: same 3-star level, identical guest score (8.0) and “no free cancellation,” and neither includes breakfast. Option B is slightly cheaper ($258 vs. $262) and offers the standout amenity of a rooftop bar, while Option A is in the Financial District and has a fitness center instead. I’d pick the better value with the more distinctive feature.  
Final answer: B"
1481,A,"Option A is much cheaper ($166 vs $378) while both have the same neighborhood and free cancellation, and both include no breakfast. Option B has a higher guest score (8.6 vs 8.0) and a higher star rating, plus more amenities (spa/bar) and a more spacious room type (king suite). Given the large price gap, I’d choose the better value unless you specifically need the suite-level comfort and upscale amenities.  

Final answer: A"
1482,B,"Option A is much cheaper ($270 vs. $508) and has free cancellation, but it’s a lower-rated 3-star property with a less premium room setup. Option B costs significantly more, doesn’t allow free cancellation, but offers a higher review score (8.7 vs. 7.8), a 5-star experience, and a suite with added amenities like a bar and spa. Given the better overall quality and substantially higher guest satisfaction, I’d choose Option B despite the higher cost and non-refundable risk.  

Final answer: B"
1485,B,"Option A is cheaper ($217 vs $300) and has a slightly higher review score (8.3 vs 8.1), but it’s in the Upper East Side and lacks free cancellation. Option B costs more, has a slightly lower review score, but offers 4 stars and free cancellation, plus a more central Tribeca location and a bar amenity. For a one-night stay, the flexibility from free cancellation is a strong tiebreaker despite the higher price.  
Final answer: B"
1486,A,"Option A is cheaper ($263 vs. $334) and has slightly higher guest review score (8.2 vs. 8.1), with the same room type and free cancellation. Option B has a higher star rating (4 vs. 3) and an extra amenity (bar), but the $71 price difference outweighs that given the reviews are essentially the same.  
Final answer: A"
1489,A,"Option A costs more ($240 vs. $150) but has a much higher guest review score (8.2 vs. 6.9), includes breakfast, and offers additional amenities like a fitness center and restaurant. Option B is cheaper but lower-rated and offers no breakfast and fewer amenities. Since the question is about choosing between the two, the stronger reviews and included breakfast in A make it the better overall value despite the higher price.  
Final answer: A"
1490,A,"Option A costs more ($257 vs. $107) but offers a much higher guest score (8.2 vs. 6.8), better overall amenities (WiFi, fitness center, restaurant), and free cancellation, which reduces risk for a one-night trip. Option B is cheaper but has no free cancellation and a lower review score, with fewer amenities.  
Final answer: A"
1493,A,"Option A is far cheaper ($195 vs $1,087) and offers free cancellation, which reduces risk if plans change; however, it’s only 3 stars with a lower review score (8.2) and no included breakfast. Option B costs much more and has no free cancellation, but it’s a 5-star hotel with a much higher review score (9.4) plus stronger amenities like spa and pool. I’d prioritize value and flexibility for a one-night stay.  
Final answer: A"
1494,A,"Option A is much cheaper ($300 vs. $951) and includes breakfast with free cancellation, making it the safer, lower-risk choice. Option B has a higher guest score (9.4 vs. 7.9) and luxury amenities (spa/pool) but costs over 3x as much and offers no free cancellation and no breakfast.  
Final answer: A"
1497,A,"Option A is cheaper ($160 vs. $240), offers free breakfast, and has a slightly lower but still strong review score (8.1 vs. 8.4). Option B has a higher star rating and better reviews, but costs much more and lacks breakfast. For one night, the value and included breakfast make Option A the better overall trade-off.  

Final answer: A"
1498,B,"Option A costs more ($261 vs. $221) but includes breakfast, which adds clear value since Option B has no breakfast. Option B is cheaper and has a higher guest review score (8.4 vs. 7.8) and is a 4-star hotel versus 3-star. Considering both affordability and stronger reviews, I’d choose Option B despite the missing breakfast.  
Final answer: B"
1501,A,"Option A is much cheaper ($163 vs. $730) and offers free cancellation, so it’s the safer value choice if plans might change; it also has good reviews (8.0) in a convenient area. Option B has higher review scores (8.7) and more luxury amenities (spa/restaurant/bar) but lacks free cancellation and costs far more. Overall, the cost and cancellation flexibility make Option A the better trade-off for a one-night stay.  

Final answer: A"
1502,A,"Option A is much cheaper ($263 vs. $601) and includes breakfast, but it has a lower review score (7.9 vs. 8.9) and fewer amenities. Option B costs more, excludes breakfast, but offers a higher-rated 5-star experience with more facilities (spa, restaurant, bar). For value, I’d pick the cheaper option with breakfast unless I specifically need a luxury stay.  
Final answer: A"
1505,B,"Option A is cheaper ($186 vs $311) and includes breakfast, but has a lower guest score (7.6 vs 8.1) and is in Brooklyn rather than Times Square. Option B costs more and doesn’t include breakfast, but offers a better-reviewed stay (8.1) and a more feature-rich room (studio suite with a kitchen) plus the Times Square location.  

Final answer: B"
1506,A,"Option A is much cheaper ($122 vs. $285) and offers free cancellation, but its guest score is lower (7.6 vs. 8.1) and it’s in Brooklyn instead of Times Square. Option B has a higher review score and better room amenities (one-bedroom suite with a kitchen), but it costs more and has no free cancellation.  
Final answer: A"
1509,B,"Option A is cheaper ($203 vs. $335) but has no free cancellation and a lower review score (8.0 vs. 8.1). Option B is pricier and also no breakfast, but it offers free cancellation and is a higher-rated 4-star hotel with restaurant amenities. Given the value of flexibility for a one-night NYC stay, I choose Option B.  
Final answer: B"
1510,A,"Option A is significantly cheaper ($242 vs. $375) and includes breakfast, which adds clear daily value. It also has a slightly higher guest review score (8.1 vs. 8.0) and offers a studio suite with a kitchen, while still providing free WiFi and free cancellation. Option B has the higher star rating (4-star) but costs much more and lacks breakfast and key perks like a kitchen.  

Final answer: A"
1513,A,"Option A is much cheaper ($320 vs. $574) while offering free cancellation and breakfast included, which is a strong value for a one-night stay. Option B has a higher review score (8.9 vs. 8.1) and more upscale features (5-star, historic atrium, restaurant/bar), but it skips breakfast and costs substantially more. I’d choose A for the best balance of comfort/value for one night.  
Final answer: A"
1514,B,"Option A is much cheaper ($263 vs $534) and includes breakfast, but it doesn’t offer free cancellation and has a lower guest review score (8.1 vs 8.7). Option B costs more and doesn’t include breakfast, but it has free cancellation and a higher review score at a 5-star hotel in the same neighborhood. I’d prioritize the better value with breakfast if you’re confident in your plans; otherwise, the free-cancellation flexibility of Option B matters.  
Final answer: B"
1517,B,"Option B has a higher review score (8.4 vs 8.1) and offers free cancellation, which is a major flexibility advantage for a one-night stay. Option A is cheaper ($320 vs $368) and includes breakfast, but it lacks free cancellation and has a slightly lower overall guest rating. I’d prioritize value + ability to change plans: the better rating and free cancellation make Option B the safer choice.  
Final answer: B"
1518,B,"Option A is cheaper ($264 vs. $345) and includes free WiFi and a kitchen, but it lacks free cancellation and has a lower guest score (7.8 vs. 8.5) and no breakfast included. Option B costs more, but offers a higher-rated 4-star hotel in a lively area (Lower East Side) with free cancellation and strong amenities (restaurant/bar/garden).  
Final answer: B"
1521,A,"Option A is cheaper ($309 vs $450), includes breakfast, and offers free cancellation plus a suite with a kitchen—good value and flexibility. Option B is in a more vibrant area, has a higher review score (8.7 vs 7.9) and higher star rating, but costs much more and lacks breakfast and free cancellation. Overall, the cost savings and added inclusions with flexible cancellation make Option A the better deal for a one-night stay.  
Final answer: A"
1522,A,"Option A is cheaper ($334 vs. $471) and includes breakfast, with free cancellation and strong amenities like WiFi, a kitchen, and a fitness center—good value for a one-night stay. Option B has a higher guest score (8.5 vs. 8.0) and is a newer/hipper 4-star property in Meatpacking, but it charges more and excludes breakfast, and its amenities are more focused on dining/drinks than in-room practicality.  
Final answer: A"
1525,A,"Option A is $26 more but offers a higher guest review score (8.4 vs 7.9), includes breakfast, and has free cancellation—making it the safer choice if plans might change. Option B is cheaper but lacks free cancellation and breakfast, and has a lower review score despite the same area and similar amenities.  
Final answer: A"
1526,A,"Option A is cheaper ($305 vs. $398) and offers free cancellation, which reduces risk if plans change. Option B has a slightly lower review score (8.0 vs. 8.1) with no breakfast included and no free cancellation, so the extra cost doesn’t clearly buy better value.  
Final answer: A"
1529,B,"Option B is $113 more expensive, but it has the higher guest review score (8.3 vs 8.1) with a similar 4-star rating and the same key amenities and free cancellation. Since breakfast isn’t included in either case, the main differentiator is the slightly better reviews for Option B.  
Final answer: B"
1530,B,"Both options are 4-star hotels with the same guest score (8.4/10) and identical amenities, and neither includes breakfast or offers free cancellation. The key difference is price: Option B is $15 cheaper per night. With no other stated trade-off affecting convenience or quality, I’d choose the lower-cost option.  

Final answer: B"
1533,A,"Option A costs more ($228 vs $151) and is in Times Square, but it’s a higher-rated 4-star hotel with stronger amenities (fitness center and restaurant/bar). Option B is cheaper and also has free cancellation and Wi‑Fi, but it’s only 3 stars with fewer amenities and a slightly lower review score (8.0 vs 8.4). I’d pay the extra for the better overall experience and amenities.  
Final answer: A"
1534,B,"Option A costs much more but offers a higher star rating, a more traditional full-service hotel (restaurant and fitness center), and a slightly higher guest score in Times Square. Option B is far cheaper and has a comparable review score, but it has fewer amenities and is farther from Manhattan’s central area (Williamsburg). Given the big price difference and only marginal score improvement, I’d choose the cheaper option.  
Final answer: B"
1537,B,"Option A is in a more central NYC location (Times Square) with a slightly higher guest score (8.4 vs 8.3) and includes free cancellation, but it costs more and breakfast isn’t included. Option B is cheaper ($260 vs $318) and includes breakfast, but it’s in Greenpoint (farther from Midtown) and has no free cancellation with fewer reviews. Overall, I’d pick the better value with breakfast included while accepting the location and cancellation trade-offs.  
Final answer: B"
1538,A,"Option A is in a more central NYC location (Times Square) and has a slightly higher guest review score (8.4 vs 8.3) with many more reviews, which adds confidence; both options have free cancellation and no breakfast. Option B costs more ($278 vs $244) and is in Greenpoint, Brooklyn, with fewer key amenities (no fitness/restaurant/bar listed). I’d choose the better value and higher-confidence central option.  

Final answer: A"
1541,B,"Option A is cheaper ($341 vs. $360) and both offer free cancellation and no breakfast, with similar amenities. However, Option B has a noticeably higher guest review score (8.5 vs. 7.9), suggesting a better overall experience. Given the higher quality signal and only a modest price difference, I’d choose Option B.  

Final answer: B"
1542,B,"Option A is pricier ($373 vs. $294) and both options have free cancellation and no breakfast included, with the same basic amenities. Option B has a noticeably higher guest review score (8.5 vs. 7.9), suggesting better overall quality. Since the cheaper price plus better reviews outweigh the Times Square location difference for a one-night stay, I’d choose Option B.  

Final answer: B"
1545,B,"Option A is cheaper ($357 vs $359) and offers free cancellation, which adds flexibility, but it has a lower guest score (7.7 vs 8.2). Option B is slightly more expensive and lacks free cancellation, yet it’s in a better-regarded location with a higher review score (8.2/10). Given the better guest satisfaction and only a $2 difference, I’d choose Option B despite the cancellation downside.  

Final answer: B"
1546,B,"Option A is cheaper ($265 vs. $422) and both offer free cancellation and no included breakfast, so cost and flexibility are a wash. However, Option B has a higher guest review score (8.2 vs. 7.8), suggesting a better overall experience, and only slightly fewer amenities (no fitness center listed). Given the noticeably better reviews for a similar 4-star category, I’d choose Option B.  

Final answer: B"
1549,A,"Option A costs much more ($429 vs $62) but offers a 4-star hotel in a central area (Union Square) with higher reviews (8.0 vs 7.1) and more amenities like a fitness center, restaurant, and bar, which likely improves comfort and convenience for a one-night stay. Option B is drastically cheaper but is a 1-star hostel with more basic facilities and a shared-kitchen setup, which may be less comfortable despite being in a good area (Upper West Side).  
Final answer: A"
1550,A,"Option A costs much more ($340 vs. $76) but offers a higher star rating (4 vs. 1) in a central area (Union Square), a much higher guest quality score (8.0 vs. 7.0), and more comfortable amenities like a fitness center, restaurant, and bar. Option B is far cheaper and still has free cancellation, but it’s a hostel with fewer amenities and a private room in a lower-rated lodging environment. I’d prioritize comfort and quality despite the price.  
Final answer: A"
1553,A,"Option A is much cheaper ($377 vs. $824) and has free cancellation, which lowers risk, with a solid but lower review score (8.3 vs. 8.9). Option B is more premium (5 stars, higher reviews, penthouse loft) but costs far more and doesn’t offer free cancellation. I’d prioritize value and flexibility for a one-night stay.  
Final answer: A"
1554,B,"Option A is much cheaper ($261 vs $559) and offers free cancellation, but it has a lower review score (8.2 vs 9.1) and is only 4 stars. Option B costs more and doesn’t allow free cancellation, but the 5-star hotel in SoHo has a substantially higher guest review score (9.1) and strong amenities.  
Final answer: B"
1557,B,"Option A is in Manhattan (Union Square) and offers stronger amenities like a fitness center and dining options, but it costs much more ($261 vs. $164) with a slightly lower review score (8.3 vs. 8.4). Option B is cheaper, has a slightly higher guest review score, and still includes free cancellation and free WiFi, though it’s farther away in Greenpoint and has fewer amenities. Overall, the better value is Option B.  

Final answer: B"
1558,B,"Option A is in a more central Manhattan location (Union Square) and offers more amenities (fitness center plus restaurant/bar), but it costs more and has a slightly lower review score (8.2 vs 8.3). Option B is cheaper, has a slightly better guest rating, but is farther away in Greenpoint and offers fewer on-site amenities (no fitness or restaurant listed).  
Final answer: B"
1561,A,"Option A is slightly higher rated (7.9 vs 7.8) and offers free cancellation, which reduces risk for a one-night booking. Option B is cheaper by $33 but has no free cancellation and has a similar overall amenity set. Given the small price difference versus the added flexibility, I’d choose Option A.  
Final answer: A"
1562,A,"Both hotels are 4-star and similar in quality, with very close review scores (8.2 vs 8.1). Option A is cheaper ($404 vs $421) and offers slightly stronger overall guest sentiment, while both lack free cancellation and do not include breakfast. I’d choose the better value with the higher review score.  

Final answer: A"
1565,B,"Option A is much cheaper ($306 vs. $524) and has solid reviews (8.0/10) with the same free cancellation, but it’s a larger midtown location and slightly lower guest satisfaction. Option B is pricier but offers a higher review score (8.7/10) and a more characterful East Village setting with amenities like a fireplace lounge. Given the strong difference in guest scores and a clear neighborhood upgrade, I choose the higher-quality stay despite the cost.  
Final answer: B"
1566,B,"Option A is cheaper ($287 vs. $380) but has a notably lower guest review score (7.9 vs. 8.9). Since both are 4-star and neither includes breakfast or offers free cancellation, the main decision is value vs. quality; the Bowery Hotel’s much higher ratings suggest a better overall stay despite the higher price.  
Final answer: B"
1569,B,"Option A is better quality-rated (higher star rating) and has stronger amenities (fitness center, “Heavenly Bed”), but it costs much more ($363 vs. $193) and offers no free cancellation or breakfast. Option B is cheaper by a large margin and includes free cancellation, with a slightly higher guest score (8.1 vs. 8.0) despite fewer amenities and a lower star rating. Overall, the price savings plus free cancellation make Option B the better trade-off for a one-night stay.

Final answer: B"
1570,A,"Option A is pricier ($240 vs. $221) but has a higher guest review score (8.2 vs. 8.0), is a 4-star hotel in Midtown East, and includes key amenities like a fitness center and “Heavenly Bed,” which may improve comfort for a one-night stay. Option B is cheaper and in Times Square, but it’s only 3 stars and lacks a fitness center in the listed amenities. Overall, the better reviews and slightly more complete amenities make Option A the safer choice.  
Final answer: A"
1573,B,"Option A is in Midtown East and costs more ($259) with slightly lower reviews (8.0 vs 8.1), and it lacks a pool. Option B is cheaper ($206), has marginally better guest scores (8.1), and offers a pool—though it’s farther out in Williamsburg, Brooklyn. Since both have no breakfast and no free cancellation, the main difference is location vs amenities/price. I’ll choose Option B for the better value and pool.  

Final answer: B"
1574,B,"Option A costs much more ($403 vs. $178) but offers free cancellation, which reduces risk if plans change, and is in Midtown East (more central for most NYC sightseeing). Option B is far cheaper and has a pool, but it offers no free cancellation, which is a bigger downside if anything is uncertain. Given the high cost difference, I’d choose the cheaper option unless I strongly need flexibility.  

Final answer: B"
1577,B,"Both options have the same guest review score (7.9/10) and don’t include breakfast or offer free cancellation, so value hinges on price and location/amenities. Option A costs much more ($420 vs. $194) but adds higher star rating and extra amenities like a fitness center and the “Heavenly Bed,” while Option B is far cheaper with fewer amenities. For a one-night stay, I’d choose the better price given the same review score.  
Final answer: B"
1578,B,"Option A is pricier ($400 vs $145) and also offers no free breakfast or free cancellation, while providing a higher-quality 4-star hotel experience and extra amenities like a fitness center and larger “Heavenly Bed.” Option B is much cheaper, includes breakfast, and has the same guest review score (8.0/10), but it’s only 3 stars and has fewer amenities and a different neighborhood farther from Midtown.  
Final answer: B"
1581,B,"Option A is in a more central Manhattan location (Times Square) but has a lower review score (8.0 vs 8.6) and costs more ($273 vs $257). Option B is slightly farther out (Long Island City) but offers better guest satisfaction, cheaper price, and similar included policies/amenities (free WiFi, free cancellation, no breakfast). I’d choose the better-rated and cheaper option unless location is critical.  
Final answer: B"
1582,B,"Option B is cheaper ($208 vs $343) and has a higher guest review score (8.3 vs 7.9), but it lacks free cancellation. Option A is more expensive and also doesn’t include breakfast, but it offers free cancellation and is in a more central area (Times Square). Overall, the better value and reviews make Option B the stronger choice unless cancellation flexibility is critical.  
Final answer: B"
1585,B,"Option A is much cheaper ($353 vs. $689) and both hotels offer free cancellation and no breakfast, so the main difference is value versus experience. Option B has a significantly higher guest review score (9.0 vs. 7.5) and more premium amenities (spa and pool) at the cost of paying nearly $336 more. I’d choose Option B for the much better reviews and luxury amenities.  
Final answer: B"
1586,A,"Option A is much cheaper ($324 vs. $764) and offers free cancellation, which lowers risk if plans change, though its review score is noticeably lower (7.7 vs. 9.2). Option B has a far higher guest rating and more premium amenities (spa/pool) but costs over twice as much and doesn’t offer free cancellation. For one night, the best value with lower commitment is Option A unless you specifically prioritize the luxury experience of Option B.  

Final answer: A"
1589,B,"Option A is cheaper ($215 vs $361) and has free cancellation, but its guest score is lower (7.8 vs 8.6) and it offers different amenities (pool) rather than a bar. Option B has a much higher guest review score and the location is more central (Greenwich Village), but costs more and cannot be cancelled and lacks a pool.  
Final answer: B"
1590,B,"Option A is cheaper only by $40, but it has a lower review score (7.7 vs 8.5) and includes breakfast plus a pool and fitness center, which may add value if you’ll use them. Option B has a notably better guest review score and is in a more central/lively area (Greenwich Village), but it doesn’t include breakfast and offers fewer amenities (no pool/fitness listed). Overall, I’d prioritize the higher-rated experience and better location.  
Final answer: B"
1593,B,"Option A is cheaper ($223 vs $378) but has a lower review score (7.7 vs 8.4) and no free cancellation, which is a risk for a one-night NYC trip. Option B costs more, but offers a notably better guest score and free cancellation, plus similar core amenities (free WiFi, restaurant) without the extra pool. Overall, I’d pay the premium for the stronger reviews and flexibility.  
Final answer: B"
1594,B,"Option B costs much more ($362 vs. $153), but it has a notably higher guest review score (8.5 vs. 7.8) and offers free cancellation, which reduces risk if plans change. Since both lack included breakfast and have similar basic amenities (free WiFi and a restaurant), the main decision is value vs. flexibility and quality. I’d choose Option B for the higher-rated experience and the added flexibility.  
Final answer: B"
1597,B,"Option A is more expensive ($400 vs. $349) and has no free cancellation, but it includes breakfast and is in Midtown East. Option B is cheaper, has a much higher guest score (8.7 vs. 7.8) and offers free cancellation, though breakfast isn’t included. Since overall satisfaction and flexibility matter most, I choose Option B.  
Final answer: B"
1598,B,"Option A is much cheaper ($225 vs. $530) and offers the core basics (free WiFi, fitness, restaurant) with free cancellation, but its review score is lower (7.6/10). Option B costs more, yet it’s in a better-reviewed hotel (8.7/10) and adds more appealing amenities (rooftop pool and spa). With a one-night stay, I’d prioritize the higher guest satisfaction and standout facilities despite the higher price.  

Final answer: B"
1601,B,"Option A is pricier ($382) with a lower review score (7.7 vs 8.3) and offers no free cancellation or breakfast, plus it’s farther from the higher-scoring guest experience. Option B costs significantly less ($251), has a higher guest review score, and includes free cancellation, making it a better value and lower-risk choice. I’d choose B.  
Final answer: B"
1602,B,"Option A is more expensive ($357 vs $226) but offers free cancellation and breakfast, plus slightly lower reviews (7.8 vs 8.7). Option B is cheaper and has much better guest feedback (8.7/10) and includes a rooftop bar, but lacks breakfast and doesn’t offer free cancellation. For a one-night stay where value and overall guest satisfaction matter, I’d choose Option B.  
Final answer: B"
1605,A,"Option A is much cheaper ($258 vs. $589) and offers free cancellation, making it the safer and better value choice if plans might change; its score (7.8) is lower but still solid. Option B has a clearly higher review score (8.6) and better amenities (spa/bar) plus a suite, but the cost is much higher and cancellation isn’t free. Overall, the value and flexibility of Option A outweigh the incremental comfort of Option B.  
Final answer: A"
1606,B,"Option A is slightly cheaper ($395 vs. $396) and still offers free cancellation, but it has a lower guest review score (7.7 vs. 8.3) and breakfast isn’t included. Option B costs $1 more, has a higher-rated hotel, and includes breakfast plus additional amenities (bar and spa), making it the better overall value.  
Final answer: B"
1609,B,"Option B costs $14 more but has a slightly higher guest review score (8.7 vs 8.6) with a similar 4-star rating, same room type, and free cancellation, and both exclude breakfast. Option B also adds a “Garden” amenity, which is a small extra perk. I’ll choose the better-reviewed option for the same basic terms.  
Final answer: B"
1610,B,"Option A is in Midtown with a lower guest score (8.3) and a higher price ($340) with the same lack of free cancellation and no breakfast. Option B offers a better guest review score (8.7), a lower price ($298), and a nicer extra amenity (garden) while still being 4-star with similar basics. I’d choose the better value and higher satisfaction.  
Final answer: B"
1613,B,"Option A is in the heart of Times Square and has a higher guest review score (8.3 vs 8.1) with more reviews, suggesting more consistent guest satisfaction, but it costs substantially more ($355 vs $247). Option B is cheaper by $108 and also has free cancellation and similar room type, with added amenities like a pool and spa, though it’s farther from central Manhattan. I’d choose the better value and amenities with the slightly lower score.  
Final answer: B"
1614,A,"Option A is in a more central location (Times Square) with a higher review base, and it includes free cancellation, which adds flexibility at the same time you pay more. Option B is cheaper, has a slightly higher review score, but it’s farther out (Rockaway Beach) and you lose free cancellation. With only one night and the added risk of no cancellation, I’d prioritize flexibility and central access despite the higher price.  
Final answer: A"
1617,A,"Option A is more expensive ($337 vs $149) but offers a higher guest score (8.4 vs 7.7), a 4-star hotel, and more amenities (fitness center, restaurant, bar). Option B is much cheaper but only 3 stars and has a lower review score, with fewer facilities beyond a rooftop bar. For a one-night stay where overall quality and comfort matter most, I’d choose Option A.  

Final answer: A"
1618,A,"Option A is much more expensive ($431 vs. $151) but offers a higher review score (8.2 vs. 7.7), a central location (Times Square), and breakfast included. Option B is a great budget choice and still has free cancellation and free WiFi, but the lower review score, no breakfast, and the longer trip into Manhattan make it a weaker overall value for a one-night stay.  
Final answer: A"
1621,A,"Option A is cheaper ($286 vs $336) and has free cancellation, which reduces booking risk. Option B is rated higher (8.6 vs 8.3) and offers extra amenities like a rooftop pool and spa, but costs more and has no free cancellation. I’d choose the better value with flexibility, so Option A.  

Final answer: A"
1622,B,"Option A is cheaper ($306 vs. $436) and offers free cancellation, but it has a lower review score (8.3 vs. 8.7) and no included breakfast either way. Option B is more expensive and lacks free cancellation, but the higher guest rating and added amenities like the rooftop pool and spa make it the better overall experience if you’re confident about your plans.  
Final answer: B"
1625,B,"Option A is cheaper ($382 vs $525) and is a solid 4-star choice, but it has lower guest ratings (7.9 vs 8.6) and no free cancellation. Option B costs more, but it has higher reviews, a 5-star hotel, and free cancellation for flexibility. With the choice between better quality and cost, I’d prefer the higher-rated option with free cancellation.  

Final answer: B"
1626,A,"Option A is much cheaper ($378 vs. $658) and includes free cancellation, which lowers risk if plans change; its review score is decent (7.8). Option B is pricier and no free cancellation, but it has a substantially higher guest score (8.6) and a higher-end 5-star experience with a spa.  
Final answer: A"
1629,B,"Option A costs much more ($286 vs $194) with no added perks like free cancellation or breakfast, and both offer the same room type and are in the same Times Square area. Option B is cheaper and has a slightly better guest score (8.0 vs 7.9) despite having fewer listed amenities (no restaurant/bar, but it has a kitchen). I’d choose the better value option.  

Final answer: B"
1630,A,"Option A costs more ($268 vs. $176) but offers free cancellation and breakfast included, which adds value and flexibility. Option B is cheaper and has a higher review score (8.2 vs. 7.8), but it lacks free cancellation and breakfast, and includes a kitchen instead. Overall, the combination of free cancellation and included breakfast makes Option A the safer choice despite the slightly lower rating.  
Final answer: A"
1633,B,"Option A is much more expensive ($990 vs $275) but offers higher guest scores (9.2 vs 8.6), free cancellation, and breakfast included, plus more amenities (spa/pool) and a strong Midtown location. Option B is far cheaper and still has solid reviews, but it lacks free cancellation, doesn’t include breakfast, and has fewer amenities. Given the large price difference but also considering flexibility and included perks, I’d choose the value and be comfortable with the trade-offs.  
Final answer: B"
1634,B,"Option A costs much more ($752 vs. $220) but offers a higher guest score (9.2 vs. 8.5), a 5-star experience, and much richer amenities (spa and pool). Option B is far cheaper, has free cancellation, and still provides solid reviews, but fewer amenities and a lower score. For a one-night stay, the major differentiator is value: I’d choose the much lower price unless I specifically need spa/pool.  
Final answer: B"
1637,B,"Option A is pricier ($1,038) and has a slightly lower guest score (8.9) than Option B, though it offers the same overall 5-star quality and similar amenities. Option B costs significantly less ($724) and has a higher guest review score (9.2) with comparable facilities (WiFi, fitness, restaurant, spa, pool) and free cancellation. Since both exclude breakfast and both have free cancellation, the better value and satisfaction signal is Option B.  

Final answer: B"
1638,B,"Option B is more expensive, but it has a much higher guest score (9.4 vs 8.9), includes breakfast, and offers free cancellation—major practical benefits for a one-night stay. Option A lacks both breakfast and free cancellation, and is $200 cheaper, but the overall experience signals are stronger for Option B.  
Final answer: B"
1641,A,"Both are 5-star Midtown options with no free cancellation, identical included services (no breakfast) and the same set of key amenities. Option A has a slightly higher guest review score (9.3 vs 9.2) with more reviews, while Option B is $4 cheaper. I’ll choose the option with marginally stronger guest satisfaction.  
Final answer: A"
1642,B,"Option B is more expensive but offers a higher guest review score (9.2 vs 9.0) and the key advantage of free cancellation, which reduces booking risk for a one-night trip. Both have the same 5-star Midtown location and similar amenities, and neither includes breakfast. Overall, the better reviews plus flexible cancellation make Option B the stronger choice.  
Final answer: B"
1645,B,"Option A is far more expensive ($876 vs. $208) but offers a higher star rating, a much higher guest score (9.3 vs. 8.5), and more amenities (spa and pool) in Midtown Manhattan. Option B is a strong value with excellent location in Williamsburg and a decent score, but fewer amenities and a lower overall review score. Given the huge price difference, I’d prioritize value and still get a well-reviewed NYC hotel.  
Final answer: B"
1646,B,"Option A is far more expensive ($839 vs $251) but offers a much higher guest score (9.3 vs 8.6) plus free breakfast and more amenities (spa/pool/fitness). Option B is much cheaper and has free cancellation, but no breakfast and fewer facilities. Since the price difference is huge, I’d prioritize value and flexibility with the free cancellation.  
Final answer: B"
1649,A,"Option A is cheaper ($874 vs. $1,193) and has the higher guest review score (9.1 vs. 8.8), suggesting stronger overall satisfaction. Option B includes breakfast, but it costs about $319 more and has a lower review score, and both lack free cancellation.  

Final answer: A"
1650,A,"Option A is much cheaper ($669 vs $1,464) while both are 5-star hotels in good locations with the same general amenities and no free cancellation or breakfast included. Option A also has the higher guest review score (9.1 vs 8.8) and more reviews, suggesting more consistent guest satisfaction. I’d choose the better value with stronger reviews.

Final answer: A"
1653,A,"Option A is much cheaper ($352 vs. $827) with similar core amenities (free WiFi, restaurant, bar, fitness/historic atrium) but has a lower review score (8.8 vs. 9.1). Option B costs far more, yet offers the higher guest satisfaction and a more premium room (Penthouse Loft) in SoHo. Overall, I’d prioritize value while still getting a strong experience.  
Final answer: A"
1654,A,"Option A is much cheaper ($543 vs. $1,065) but has a lower guest score (8.7 vs. 9.1) and lacks free cancellation/breakfast in both cases. Option B offers the higher-rated hotel in SoHo, which may be worth the extra cost, and has slightly fewer amenities beyond WiFi/restaurant/bar. I’d choose the better value with the strong—though lower—reviews.  
Final answer: A"
1657,A,"Option A costs much more ($497 vs $220) but is a 5-star hotel in the Financial District with a higher guest score (9.0 vs 8.5) and stronger amenities like a historic atrium and fitness center. Option B is significantly cheaper and still offers solid basics (free WiFi and a bar) with Manhattan views, but it’s in Long Island City and has fewer amenities and a lower review score.  
Final answer: A"
1658,A,"Option A is much more expensive ($455 vs. $162) but offers a higher star rating (5 vs. 4), better review score (8.7 vs. 8.3), free cancellation, and a more central Financial District location. Option B is far cheaper and includes breakfast, but it doesn’t have free cancellation and is farther out in Long Island City. I’d pick Option A for the combination of stronger reviews and flexibility at the higher cost.  
Final answer: A"
1661,B,"Option B costs much more ($554 vs $219) but offers a far higher guest score (8.7 vs 7.6), is a 5-star property, and includes free cancellation for flexibility. Since both have no breakfast and similar core amenities (free WiFi, fitness center), the main deciding factor is value vs quality/flexibility. I’d choose the option that improves experience and reduces risk with cancellation even at higher cost.  
Final answer: B"
1662,B,"Option A is much cheaper ($179 vs. $466) with free cancellation and free WiFi, but it has a lower guest score (7.4 vs. 8.6) and fewer amenities. Option B costs more, yet offers a higher-rated hotel (8.6), is 5-star, and includes more on-site facilities like a restaurant and spa. Given the large quality difference and included amenities, I’d choose Option B despite the higher price.  
Final answer: B"
1665,B,"Option A is much cheaper ($81) but has a low review score (6.7) and no free cancellation, with only free WiFi as a key amenity. Option B costs more ($237) but has a significantly higher review score (8.1) plus free cancellation and better amenities (restaurant/bar/rooftop), which improves overall value and flexibility for one night.  
Final answer: B"
1666,B,"Option A is cheaper ($80) but has a much lower guest score (6.6) and no free cancellation, which increases risk if plans change. Option B costs more ($190) but has a significantly higher guest score (8.1) plus free cancellation and additional amenities (restaurant/bar/rooftop), making it the better overall value for comfort and flexibility.  

Final answer: B"
1669,B,"Option A is much cheaper ($101 vs. $146) and still offers Free WiFi, but it has a lower guest review score (6.9 vs. 7.9). Option B costs more, yet it’s in a more highly rated 3-star hotel and includes an extra amenity (rooftop bar), which can improve the stay despite no free cancellation or breakfast in either option. I’d prioritize the significantly better guest experience and added amenity.  
Final answer: B"
1670,B,"Option A is cheaper ($119) but has a lower guest score (6.8 vs 7.7) and no free cancellation. Option B costs more ($187) but offers better reviews, free cancellation, and extra perks like a rooftop bar, which improves flexibility and overall experience. I’d prioritize the better-rated, cancellable stay.

Final answer: B"
1673,B,"Option A is much cheaper ($96) and has free cancellation, but it has a low review score (6.5/10) and only offers free WiFi. Option B costs more ($179) and has no free cancellation, but it has a much better review score (8.1/10) and a 3-star level with a fitness center. I’ll choose the option with better overall quality and guest satisfaction.  
Final answer: B"
1674,B,"Option A is much cheaper ($82 vs $157) and offers free cancellation, but its much lower review score (6.5) suggests a less reliable stay. Option B costs more and has no free cancellation, but the significantly higher review score (8.1) and added fitness center make it the safer quality choice. I’d pick the option with better overall reviews despite the higher price.  
Final answer: B"
1677,B,"Option A is much cheaper ($106 vs. $210) and includes breakfast, with free cancellation, but it has a lower review score (7.1/10) and only 2 stars. Option B costs more and doesn’t include breakfast, but it has a significantly higher review score (8.7/10) and a better 4-star hotel with more amenities (restaurant and rooftop bar). I’d choose the better overall experience in terms of reviews and amenities.  
Final answer: B"
1678,B,"Option A is much cheaper ($165 vs. $271) but has a lower guest score (7.2 vs. 8.4) and only 2 stars, so the experience is likely less consistent. Option B costs more, yet it’s a 4-star hotel with a notably higher review score and extra amenities (restaurant and rooftop bar) that make it a stronger overall value despite the price.  
Final answer: B"
1681,B,"Option A is cheaper ($113) but has a much lower review score (7.2) and is a 2‑star hotel in the West Village. Option B costs more ($168) but offers a higher review score (8.1) and a 3‑star property with similar core perks (free WiFi) and a rooftop bar. Overall, the better guest satisfaction is the deciding factor.  
Final answer: B"
1682,B,"Option A is much cheaper ($82) and still has solid reviews (7.2/10), but it’s a 2-star hotel in the West Village, and you’re paying that low price for a very basic “standard cabin” setup. Option B costs more ($143) but offers a higher guest score (8.2/10) and a 3-star experience with a nicer amenity set (rooftop bar) and a more substantial room type (king pod).  
Final answer: B"
1685,B,"Option A is far cheaper ($141 vs. $703) and still has acceptable reviews (7.4), but it’s a 2‑star hotel with fewer amenities and no breakfast or free cancellation. Option B costs much more, yet it has a much higher review score (8.9) and premium 5‑star facilities (fitness center, restaurant, spa), which likely offers a better overall experience despite no breakfast or free cancellation.  
Final answer: B"
1686,B,"Option A is much cheaper ($137 vs $521) but has a lower guest score (7.4 vs 8.6) and fewer amenities, with no breakfast included and no free cancellation. Option B costs more, yet offers a higher-rated, 5-star experience with more facilities (fitness, restaurant, spa) and a similar lack of breakfast/cancellation flexibility. I’d choose the better overall experience despite the higher price.  
Final answer: B"
1689,B,"Option A is much cheaper ($140 vs. $251) but has lower ratings (7.5 vs. 8.0) and fewer amenities (no pool/restaurant) in a quieter, more central area (West Village). Option B costs more but offers a higher guest score and more attractive facilities (pool and restaurant) with a higher star rating. I’d choose the better overall experience despite the price.  
Final answer: B"
1690,B,"Option A is much cheaper ($153 vs. $281) but has lower guest satisfaction (7.4 vs. 7.9) and fewer amenities. Option B costs more, yet offers a better rating (more confidence from reviews) plus a pool and restaurant. I’d choose the higher-rated option with more amenities for the extra cost.  
Final answer: B"
1693,B,"Option A is far cheaper ($87 vs $346) but has no free cancellation and is a 2-star hotel with fewer amenities (shared kitchen only). Option B costs much more, but it’s 4-star, higher guest score (8.3 vs 8.1), and includes free cancellation plus better amenities (restaurant, rooftop bar, fitness). With only one night, the flexibility and overall quality of Option B outweigh the extra cost.  

Final answer: B"
1694,B,"Option A is much cheaper ($131 vs $348) but offers only 2 stars, no free cancellation, and fewer amenities (shared kitchen, no restaurant/facilities). Option B costs more but has 4-star quality, free cancellation, and better amenities/location (NoMad) while keeping the same guest review score (~8.2/10).  
Final answer: B"
1697,B,"Option A is cheaper by a smaller amount in a 2-star hotel in Long Island City, but it uses a bunk-room setup and shares a kitchen (less privacy). Option B is $2 cheaper than A, has a higher guest score (8.3 vs 8.1) in a more comfortable private queen room, and includes a fitness center instead of shared kitchen. With free cancellation and no breakfast for either, the better room quality and slightly better reviews make Option B the better choice.  

Final answer: B"
1698,A,"Both options have similar guest satisfaction (8.1 vs 8.2), but Option A is much cheaper ($114 vs $177). Option A also offers free cancellation, which is a meaningful flexibility benefit, while Option B’s 3-star rating and fitness center don’t outweigh the higher cost and lack of free cancellation.  
Final answer: A"
1701,A,"Option A is much cheaper ($94 vs. $256) with free cancellation and a higher guest review score (8.3 vs. 7.7), which suggests better value and customer satisfaction; the main trade-off is lower star rating and a shared-kitchen/bunk-room setup. Option B offers a 4-star hotel in a more central area (Times Square) with a private king room and more amenities, but you pay much more and have fewer (and lower) review scores. For a one-night stay where cost and guest satisfaction matter most, I’d choose "
1702,B,"Option A is much cheaper ($124 vs. $288) and has a higher guest score (8.4 vs. 7.9), but it offers no breakfast and a more basic setup (2 bunk beds, shared kitchen) with no free cancellation. Option B costs more but is in a prime area (Times Square), includes breakfast, and has stronger amenities (fitness, restaurant/bar), which may matter for comfort and convenience despite the lower review score.  
Final answer: B"
1705,B,"Option A is much cheaper ($132 vs $312) and offers free cancellation, which reduces risk if plans change, but it’s a 2-star bunk-room setup with fewer amenities and no breakfast. Option B costs more and has no free cancellation, but it’s a 5-star hotel with a private Deluxe Suite, better review score, and more facilities (fitness, restaurant/bar, spa). Given the trade-off between comfort/amenities and cost/risk, I’d choose the higher-comfort option.  

Final answer: B"
1706,B,"Option A is much cheaper ($76) and has a solid review score, but it offers fewer amenities and no free cancellation or breakfast. Option B costs far more ($461), but it has a higher review score, free cancellation, and substantially better amenities and comfort (spa/fitness/restaurant). Given the large value of flexibility (free cancellation) and the much higher-end experience, I choose Option B.  
Final answer: B"
1709,A,"Option A (Pod Brooklyn) is cheaper ($89 vs. $114) and has free cancellation, which is a clear advantage for flexibility. Both options have similar guest scores (7.9 vs. 7.8) and the same included amenities (free WiFi, rooftop bar) with no breakfast included. With only a small difference in ratings but a meaningful difference in price and cancellation, I’d choose Option A.  

Final answer: A"
1710,A,"Option A is cheaper ($147 vs $187), has a higher guest review score (8.2 vs 7.9), and offers free cancellation, reducing risk if plans change. Although both have the same star rating, similar amenities, and no breakfast, Option A is the better value and quality choice.  
Final answer: A"
1713,A,"Option A is much cheaper ($99 vs $439) and has a higher guest review score (8.1 vs 7.9), but it’s in Williamsburg and has no free cancellation. Option B is more expensive, slightly lower-rated, but offers free cancellation and is in Times Square with more amenities (fitness center, restaurant/bar, theater). Given the strong rating and the large cost difference, I’d choose Option A despite the no-cancellation policy.  
Final answer: A"
1714,A,"Option A is much cheaper ($152 vs. $425) while offering a higher guest review score (8.2 vs. 7.7) and free cancellation; it also includes amenities like free WiFi and a rooftop bar. Option B is in a prime location (Times Square) and has more facilities (fitness center/restaurant/theater) but comes with a much higher price and slightly lower satisfaction score. For value and reviews, I’d choose Option A.  

Final answer: A"
1717,A,"Option A is much cheaper ($163 vs. $805) with comparable guest satisfaction (8.1 vs. 8.8) and free cancellation, but it lacks breakfast and has fewer amenities beyond WiFi and a rooftop bar. Option B costs far more, yet offers a higher-rated, luxury 5-star stay with breakfast included and substantially more amenities (fitness, restaurant/bar, spa, pool). For most one-night trips, the big price gap outweighs the added comforts unless breakfast and full-service amenities are priorities.  

Final a"
1718,A,"Option A is far cheaper ($112) and has a good-enough score (8.0) but lacks free cancellation and doesn’t include breakfast. Option B costs much more ($1,099) but offers a higher rating (9.0) with top-tier amenities and the major flexibility of free cancellation. If value and risk matter, I’d choose the much cheaper option; otherwise, for comfort and flexibility, I’d pick the higher-end hotel.  

Final answer: A"
1721,B,"Option A costs much more ($392 vs $174) but offers free cancellation and breakfast included, plus a slightly higher guest review score (8.8 vs 8.7). Option B is far cheaper, but you give up free cancellation and breakfast, and it’s in Long Island City rather than Manhattan’s East Village. If budget matters, I’d choose B; otherwise A’s added flexibility and inclusions are worth the premium.  
Final answer: B"
1722,B,"Both options have the same 4-star rating and identical guest review score (8.6) with free cancellation, so the biggest differences are price, breakfast, and location. Option A is much more expensive ($591 vs $229) but includes breakfast and has amenities like a restaurant and fireplace lounge. Option B offers a significantly lower price with comparable reviews, and while it doesn’t include breakfast, it still has free WiFi and a bar with Manhattan views.  

Final answer: B"
1725,A,"Option A is more expensive ($442 vs. $305) but offers a higher guest review score (8.6 vs. 8.0) and includes free cancellation, which reduces risk if plans change; breakfast isn’t included in either. Option B is cheaper and has stronger amenities (fitness center) but lacks free cancellation and has a lower review score. I’d prioritize both quality (reviews) and flexibility (free cancellation).  
Final answer: A"
1726,A,"Option A costs more ($557 vs $336) but offers a much higher guest review score (8.7 vs 7.6) in the East Village, plus a fireplace lounge instead of a fitness/theater focus. Since both have free cancellation and no breakfast included, the main trade-off is value for money versus perceived quality/location vibe; the large review-score gap makes Option A the safer quality choice despite the higher price.  
Final answer: A"
1729,A,"Option A costs more ($209 vs. $100) but offers a higher guest review score (8.5 vs. 8.2), a 4-star hotel, and includes breakfast, which improves overall value. Option B is much cheaper and also has free cancellation and similar amenities, but lacks breakfast and has a slightly lower review score. Overall, the better ratings and included breakfast make Option A the stronger choice.  
Final answer: A"
1730,B,"Option B is cheaper ($200 vs. $396), has a slightly higher review score (8.4 vs. 8.3), and includes both free cancellation and breakfast, which reduces risk and adds value. Option A offers a higher star rating and a more central Greenwich Village location, but it costs much more and lacks free cancellation and breakfast. For a one-night stay with maximum value and flexibility, I choose B.  

Final answer: B"
1733,B,"Option A offers free cancellation but a lower review score (8.2 vs 8.7) and costs much more ($436 vs $303) with no breakfast included in either case. Option B has the better guest reviews, adds a beer garden, but lacks free cancellation. With the large price difference, I’d prioritize value and reviews.  

Final answer: B"
1734,B,"Option B has a notably higher guest review score (8.7 vs 8.2) and free cancellation, which reduces booking risk, but it costs $104 more per night. Since both are 4-star and lack breakfast inclusion, the main decision is comfort/quality confidence vs price, and the better reviews plus flexibility make B the better overall value.  
Final answer: B"
1737,A,"Option A costs more ($485 vs $326) but offers free breakfast and a slightly higher guest review score (8.3 vs 8.0), which improves value and confidence in the stay. Option B is cheaper and has strong amenities (WiFi, rooftop bar), but you’d pay extra for breakfast and the lower reviews make it a bit less appealing. Overall, the combination of better reviews plus included breakfast makes Option A the better trade-off.  
Final answer: A"
1738,A,"Option A is more highly rated (8.4 vs 8.0) and offers a room with a king bed, but it costs more ($291 vs $245) and has fewer “SoHo vs Meatpacking” considerations since both are good areas. Option B is cheaper and still has strong amenities (including a rooftop bar) with the same free cancellation and no breakfast. Overall, the better guest score makes A the safer pick despite the higher price.  
Final answer: A"
1741,A,"Option A is much cheaper ($310 vs. $827) and offers free cancellation, making it a lower-risk choice, with a solid but lower review score (8.1 vs. 9.1). Option B is a top-tier 5-star hotel with a higher review score and more premium amenities (butler service, fitness center), but you pay far more and can’t cancel.  
Final answer: A"
1742,A,"Option A is much cheaper ($424 vs. $884) while offering a solid 8.0/10 score with free cancellation, and it includes WiFi plus a restaurant/bar. Option B costs far more, but delivers a noticeably higher guest score (8.9/10) and extra luxury amenities (5-star experience, fitness center, and butler service). For one night, the value difference is large, so I’d prioritize cost while still getting a well-reviewed hotel.  
Final answer: A"
1745,A,"Option A costs more ($302 vs. $170) but offers higher value for convenience: free cancellation and breakfast included, plus it’s a 4-star hotel in SoHo. Option B is significantly cheaper and has a slightly higher guest score (8.2 vs. 8.1), but lacks breakfast and has no free cancellation, increasing risk.  
Final answer: A"
1746,B,"Both have free cancellation, no breakfast, similar room type, and comparable review scores (A: 8.2 vs B: 8.0). Option A costs much more ($382 vs $222) while only offering slightly better reviews and an extra bar/restaurant option (A has “Bar” vs B has “Rooftop bar,” similar in practice). For the same basic lodging quality, the better value is Option B.  

Final answer: B"
1749,B,"Option A is much more expensive ($820 vs. $211) but offers a higher star rating (5 vs. 4) and slightly better reviews (8.9 vs. 8.6), plus it’s in SoHo. Option B delivers a similar “good” guest experience at a far lower cost and includes the same basic perks (free cancellation, no breakfast, free WiFi, restaurant), with the added rooftop bar.  

Final answer: B"
1750,B,"Option A is more expensive ($833 vs $255) and doesn’t include breakfast, but it offers a higher review score (9.1 vs 8.7), a 5-star hotel in SoHo, and free cancellation. Option B is dramatically cheaper, includes breakfast, and still has strong amenities and good reviews, though it lacks free cancellation and is in Williamsburg (slightly farther from Manhattan).  
Final answer: B"
1753,A,"Option A is more expensive ($357 vs. $277) but offers a higher guest review score (8.7 vs. 8.1) and extra amenities that likely improve the stay (rooftop pool and spa). Option B is cheaper and still includes free WiFi and a restaurant, but it lacks those added comforts and has fewer, lower-rated reviews.  
Final answer: A"
1754,A,"Option A is much more expensive ($555 vs $316) but offers stronger guest scores (8.5 vs 8.0) and better amenities for a typical NYC stay, including a rooftop pool and spa. Option B is cheaper and both have free cancellation and no breakfast, but it has fewer amenities and a lower review score.  
Final answer: A"
1757,A,"Option A is pricier ($430 vs. $315) but offers a higher guest review score (8.8 vs. 8.3), a 5-star property, free cancellation, and extra amenities like a spa and fitness center—plus it’s in Midtown. Option B costs less and includes breakfast, but has a lower review score and no free cancellation, with fewer amenities. Overall, I’d favor the better experience and flexibility.  
Final answer: A"
1758,B,"Option A costs much more ($771 vs. $320) and has no free cancellation, but it’s 5-star, higher guest score (8.8 vs. 8.2), and includes breakfast plus more amenities (spa and fitness). Option B is far cheaper, offers free cancellation, but has lower ratings and no breakfast and fewer amenities. Given the large price difference and the value of free cancellation, I’d choose B.  
Final answer: B"
1761,B,"Option A costs much more but offers a 5-star hotel, a higher review score (9.0 vs 8.6), and more amenities including a spa and pool, plus an upgraded “Hudson River View” room. Option B is far cheaper ($390 vs $1,295) while still offering free cancellation, breakfast, strong reviews, and key essentials like free WiFi and a restaurant/risk rooftop bar. Given the huge price gap, I’d choose the better value unless the added luxury amenities are a top priority.  

Final answer: B"
1762,A,"Option A is far more expensive but offers a higher guest score (9.0 vs 8.5), a 5-star hotel, and includes breakfast plus more amenities like a spa and pool. Option B is dramatically cheaper, has strong reviews and good basic amenities, but costs much less and excludes breakfast and extra facilities. If budget isn’t a concern, A is the more comfortable/value-in-experience choice; otherwise B is the clear budget win.  

Final answer: A"
1765,B,"Option A is much more expensive ($1,111 vs. $388) and offers only slightly better reviews (8.9 vs. 8.8), plus free breakfast, but it has no free cancellation. Option B is dramatically cheaper, has better cancellation flexibility (free cancellation), and still includes strong amenities and high reviews, though breakfast isn’t included. I’d choose the value and risk reduction with Option B.  

Final answer: B"
1766,B,"Option A is significantly more expensive ($1,053 vs. $398) and also lacks free cancellation and free breakfast, so those costs don’t translate into added included value. It has a slightly higher review score (8.8 vs. 8.7) and one extra amenity (pool), but the price difference is large for a one-night stay. I’d choose the much better value in Option B while accepting the minimal review/amenity trade-offs.

Final answer: B"
1769,A,"Option A is much more expensive ($991 vs $442) but offers a higher guest score (9.2 vs 8.3), 5-star quality, and includes breakfast plus more amenities (spa, live jazz, fitness). Option B is less than half the price and has free cancellation and WiFi, but lacks breakfast and has fewer amenities.  

Final answer: A"
1770,B,"Option A is far more expensive ($1,265 vs $241) and has no free cancellation, but it offers higher guest review scores (9.1 vs 8.2) plus luxury amenities like a spa, live jazz, and a fitness center. Option B is dramatically cheaper and includes free cancellation, though it has fewer amenities and a lower review score. For a one-night stay where flexibility matters, I’d choose the more cost-effective option with free cancellation.  
Final answer: B"
1773,B,"Option A costs much more ($404 vs $142) but offers a higher guest score (8.5 vs 8.1) and more amenities (spa, larger full-service offering) in Midtown East. Option B is far cheaper and still has a solid review score, though it lacks spa/fitness options and is in a busier Times Square area. Overall, the large price difference makes Option B the better value for a one-night stay without included breakfast.  

Final answer: B"
1774,A,"Option A costs far more ($644 vs $171) but offers a higher guest score (8.5 vs 7.9) and a luxury 5-star hotel with stronger amenities (spa and full-service facilities), which is a meaningful quality jump. Option B is much cheaper and still includes WiFi, a rooftop bar, and a restaurant, but it has lower reviews and only 3-star comfort, so overall value depends on whether you prioritize cost over experience.  
Final answer: A"
1777,B,"Both options have free cancellation, no breakfast included, and similar location (Midtown East) with comparable review scores (8.5 vs 8.4). The main trade-off is value: Option B costs much less ($376 vs $641) with fewer amenities (no spa/fitness listed). Unless you specifically need the extra luxury/spa and premium hotel facilities, the better deal is Option B.  

Final answer: B"
1778,B,"Option A offers a higher guest review score (8.6 vs 8.3) and includes breakfast, but it costs much more ($492 vs $298) and has no free cancellation. Option B is significantly cheaper and has free cancellation, though breakfast isn’t included and the guest score is slightly lower. I’ll prioritize value and flexibility given the large price difference.  
Final answer: B"
1781,A,"Option A is much cheaper ($175 vs $365) and still has a solid review score (7.9) with strong amenities like free WiFi and a rooftop bar. Option B has higher quality signals (4 stars, better review score 8.0) and a fitness center, but the price premium is large with no added perks like free cancellation or breakfast. Given the one-night stay and no breakfast/cancellation difference, the value strongly favors Option A.  

Final answer: A"
1782,B,"Option B costs $40 more per night but offers a higher star rating (4 vs 3) and a slightly better guest score (8.1 vs 8.0) with far more reviews, which suggests more consistent quality. Since both have free cancellation and no breakfast included, the main trade-off is location/amenity differences: Marriott Downtown is likely a more premium hotel experience, so I’d choose the higher-rated, better-reviewed option.  
Final answer: B"
1785,A,"Both options have the same 4-star rating and identical guest review score (8.3), so quality appears comparable. The Renwick Hotel (Option A) is much cheaper ($225 vs $391) and includes free cancellation, making it a safer and better value choice for a one-night stay. I’d only pick Smyth Tribeca if the location/bed type or amenities were critical enough to justify the much higher cost and lack of free cancellation.  

Final answer: A"
1786,B,"Option A is cheaper ($315 vs $377) and has a slightly higher guest score (8.5 vs 8.4), but it lacks free cancellation. Option B costs more, has a slightly lower score, yet offers free cancellation, which is a valuable flexibility for a one-night NYC trip. I’d choose the option with better risk protection unless price sensitivity is extreme.  
Final answer: B"
1789,B,"Option A is in a more central Manhattan neighborhood (TriBeCa) with a higher review score (8.3 vs 7.8) and offers free cancellation, but it costs much more ($385 vs $197) and has no breakfast included. Option B is far cheaper and includes a pool in addition to WiFi and a restaurant, but has a lower review score and no free cancellation.  
Final answer: B"
1790,B,"Option A has a slightly higher review score (8.2 vs 8.0) but costs much more ($283 vs $185) and lacks free cancellation. Option B is cheaper, also has 4 stars and good reviews, and offers free cancellation plus a pool. I’d choose the value and flexibility of Option B.  
Final answer: B"
1793,B,"Option A has a higher review score (8.4 vs 7.9) but costs more ($332 vs $312) and has no free cancellation. Option B is cheaper and offers free cancellation, though the guest rating is lower. Since flexibility (free cancellation) is valuable for one night and the price difference is meaningful, I’d choose Option B despite the slightly lower rating.  
Final answer: B"
1794,A,"Option A (Smyth Tribeca) is cheaper at $291 and has a higher guest review score (8.2 vs 7.8), making it the better value and likely more satisfying stay. Option B costs more ($310) but offers free cancellation, which reduces risk if plans change. With only one night, I’d prioritize cost and quality since cancellation isn’t included in A.  
Final answer: A"
1797,B,"Option B is much cheaper ($216 vs $448) while offering a higher guest review score (8.2 vs 7.9). Option A has more amenities (e.g., fitness center and additional entertainment options) and is in Times Square, but both options lack breakfast and both are non–free-cancellation, so the main differentiator is value and overall guest satisfaction. I’d choose the better value and higher rating.  
Final answer: B"
1798,B,"Option A is pricier ($372) but offers a higher star rating, breakfast included, and stronger amenity set (fitness center and more facilities), which may justify the cost if breakfast and full hotel services matter to you. Option B is much cheaper ($192), has a notably higher guest review score (8.3 vs 7.6), but does not include breakfast and has fewer amenities. Given the large price difference and better guest satisfaction, I’d choose Option B for value.  

Final answer: B"
