task_id,choice,raw_output
10001,B,"Option A offers a 4-star rating, a prime Midtown location near Central Park, strong guest reviews (8.2/10 from 2,793 reviews), and includes a fitness center and restaurant—ideal for comfort and convenience. The price is $303, which is significantly higher than Option B, but the experience and amenities justify the cost for a premium stay. Option B is much cheaper at $89, with a 2-star rating and fewer amenities, though it has more reviews (7.8/10 from 5,602), suggesting reliability. However, the"
10002,A,"Option A offers a higher star rating, a prime Midtown location near Central Park, and more amenities like a restaurant and fitness center, with strong guest reviews. However, it is significantly more expensive and lacks free cancellation. Option B is much cheaper, offers free cancellation (a major benefit), and is in a convenient Midtown East location, though with fewer amenities and a lower star rating. The price difference is substantial, and the ability to cancel without penalty is a key adva"
10005,B,"Option A offers a higher star rating, is located in the prestigious NoMad neighborhood, has a strong guest review score (8.7/10), and includes a restaurant and rooftop bar—enhancing the overall experience. While the price is higher, the amenities and location provide greater comfort and convenience. Option B is significantly cheaper and has a large review base, but its 2-star rating and limited amenities suggest a more basic experience in Midtown East, which is less exclusive. Given the balance "
10006,B,"Option A offers a higher star rating, is located in the prestigious NoMad neighborhood, has a strong guest review score (8.7/10), and includes amenities like a restaurant and rooftop bar, providing a more luxurious and convenient experience. Option B is significantly cheaper and has a larger review base (7.7/10 from 5,108 reviews), but lacks premium amenities and is in a more central but less upscale area. While both offer free cancellation and no breakfast, the value of location, ambiance, and "
10009,A,"Option A offers a 5-star experience in a premium neighborhood (Hudson Yards) with top amenities like a spa, fitness center, and rooftop pool, and a high guest review score of 8.9/10 based on 911 reviews. However, it is significantly more expensive at $783 per night. Option B is much cheaper at $82, located in Midtown East, with only basic amenities and a lower star rating, but still has a strong review score (7.8/10) from over 4,700 reviews. The trade-off is between luxury and value—while Option"
10010,B,"Option A offers a 5-star experience in a premium neighborhood (Hudson Yards) with high guest satisfaction (8.8/10), including luxury amenities like a spa, fitness center, and rooftop pool. However, it is significantly more expensive ($783 vs. $76) and lacks breakfast. Option B is much cheaper and offers basic amenities, located in Midtown East, a central area, but has a lower star rating and guest score (7.6/10), though with more reviews. The trade-off is between luxury and value—given the price"
10013,B,"Option A offers a higher star rating, a more luxurious room (king bed), a top guest review score, and includes breakfast, all in a prime Midtown East location. While it is more expensive, the added comfort and amenities—like a fitness center and heavenly bed—may be valuable for a one-night stay. Option B is significantly cheaper and has a large review base, but lacks breakfast and has fewer amenities, which could impact comfort. Given the value of a full breakfast and a more premium experience i"
10014,B,"Option A offers a 4-star hotel in a prime Midtown East location with a high guest review score, a spacious double room, and a ""Heavenly Bed"" as a key amenity—ideal for comfort and a premium experience. Option B is significantly cheaper and has more reviews, but with only a 2-star rating and minimal amenities, it offers less comfort and fewer features despite being in the same neighborhood. While price is important, the value of comfort, location, and amenities in a 4-star hotel with a high revie"
10017,B,"Option A offers a higher star rating, is located in a more vibrant and historic neighborhood (Lower East Side), and includes a rain shower and smart TV—enhancing comfort and experience. While the price is significantly higher, the guest review score is also higher (8.7 vs. 8.0), indicating better overall satisfaction. Option B is more affordable and in a quieter, upscale neighborhood, but lacks a rain shower and has a slightly lower review score. Given the balance of comfort, location, and guest"
10018,B,"Option A offers a higher star rating, is located in a more vibrant and historic neighborhood (Lower East Side), and includes a rain shower and smart TV—enhancing comfort and experience. While the price is higher, the guest review score is also strong (8.7/10 vs 8.0/10), indicating better overall satisfaction. Option B is significantly cheaper and has a restaurant and rooftop bar, but the 3-star rating and Murray Hill location may offer less cultural immersion. Given the balance of comfort, locat"
10021,A,"Option A offers a higher star rating, a prime location in Times Square, and excellent guest reviews, with modern amenities like a rain shower and smart TV. However, it lacks free cancellation and breakfast, and is significantly more expensive. Option B is cheaper, offers free cancellation (a major benefit), and includes a rooftop bar and restaurant, though it's in a quieter neighborhood and has a lower star rating and fewer amenities. The trade-off favors B for flexibility and value, despite the"
10022,A,"Option A offers a 4-star rating, a prime location in Times Square, and premium amenities like a rain shower and smart TV, with a high guest review score of 8.8/10. However, it is significantly more expensive at $327 per night. Option B is much more affordable at $141, located in the upscale Murray Hill neighborhood, with a solid 8.1/10 review score and unique amenities like a rooftop bar and restaurant. While the price difference is substantial, the value of a quieter, more upscale neighborhood "
10025,B,"Option A offers a 5-star luxury experience in a prime Midtown East location with excellent guest reviews, includes breakfast, and provides a full suite of amenities like a spa and fitness center—ideal for comfort and convenience. Option B is significantly cheaper and offers a unique bunk bed experience in a quieter neighborhood, but lacks breakfast and has fewer amenities, with a more modest star rating. While both have free cancellation, the trade-off favors comfort, location, and value for a o"
10026,A,"Option A offers a 5-star luxury experience in a prime Midtown East location with excellent guest reviews, premium amenities like a spa and restaurant, and a high price point with no free cancellation. Option B provides a more budget-friendly stay in a quieter neighborhood, with a strong review score, free cancellation, and a unique bunk bed setup—though it lacks a spa and has fewer amenities. While Option A delivers superior comfort and convenience, Option B offers better value and flexibility. "
10029,B,"Option A offers a higher star rating, is located in a more central and prestigious neighborhood (Midtown East), has a slightly higher guest review score, and includes a fitness center and restaurant—valuable for a business or leisure stay. While the price is nearly double that of Option B, the location and amenities provide greater convenience and comfort. Option B is significantly cheaper and has a rooftop bar, but lacks free cancellation and is in a quieter, less central neighborhood. Given th"
10030,A,"Option A offers a 4-star hotel in Midtown East, a prime NYC neighborhood, with a high guest review score and amenities like a fitness center and restaurant. It is significantly more expensive ($357 vs. $97) and lacks free cancellation, which is a major drawback for flexibility. Option B is much cheaper, has a slightly higher review score, and offers a rooftop bar—though it's a 3-star, pod-style room in a quieter neighborhood. The price difference is substantial, and while Option A provides more "
10033,B,"Option A is in a prime Midtown West location, close to major attractions and public transit, with a higher guest review score (8.1/10) and includes a fitness center and restaurant—valuable for a city stay. While it's more expensive, the 3-star rating and better amenities offer greater comfort and reliability. Option B is cheaper and in a trendy neighborhood, but lacks a fitness center, has no free cancellation, and fewer reviews, which raises concerns about consistency and flexibility. Given the"
10034,B,"Option A is in a prime Midtown West location, close to major attractions and public transit, with a high guest review score (8.0/10) and includes a fitness center and restaurant. It is more expensive but offers better amenities and flexibility with free cancellation. Option B is cheaper and in a trendy neighborhood, but lacks free cancellation and has fewer amenities, with a lower review score and limited room options. Given the importance of location, flexibility, and overall guest experience, "
10037,A,"Option A offers a higher star rating, excellent guest reviews, and a prime location in NoMad, with a rooftop bar and restaurant—ideal for a premium experience. However, it lacks free cancellation and breakfast, and is significantly more expensive. Option B is much cheaper, offers free cancellation (a major benefit), and is in a different neighborhood, but has a lower star rating and fewer amenities. Given the value of flexibility and cost, and despite the lower rating, Option B provides better o"
10038,B,"Option A offers a higher star rating, a more prestigious neighborhood (NoMad), a strong guest review score, and includes a rooftop bar and restaurant—enhancing the overall experience. While it's slightly more expensive, the free cancellation provides flexibility and peace of mind. Option B is cheaper and has a solid review score, but lacks flexibility (no free cancellation) and offers fewer amenities. Given the value of flexibility and location, Option A provides a better balance of quality and "
10041,B,"Option A is in the bustling Times Square neighborhood, offering a higher guest review score (8.2/10) and includes a fitness center, though it's more expensive and lacks breakfast. Option B is in the quieter NoHo neighborhood, has a slightly lower review score (7.6/10), and offers a shared lounge instead of a fitness center, but is significantly cheaper. Given the higher guest satisfaction, better amenities, and a central location, despite the price difference, Option A provides a more reliable a"
10042,B,"Option A offers a higher guest review score (8.2 vs 7.7), is in a more central and well-known neighborhood (Times Square), includes breakfast, and has a fitness center—valuable for a one-night stay in a busy city. While it's more expensive, the amenities and location provide better overall value. Option B is cheaper and has free WiFi, but lacks breakfast and is in a quieter neighborhood with fewer reviews. Given the importance of convenience and comfort in a major city like NYC, especially with "
10045,A,"Option A is in the prestigious Financial District, offers a 5-star rating and a high guest review score (8.7/10), with amenities like a fitness center and restaurant, though it's expensive at $520 and lacks breakfast. Option B is in the NoHo neighborhood, has a lower star rating and review score (7.7/10), but is significantly cheaper at $126 and offers only basic amenities. While Option A provides a more luxurious and central experience, Option B offers a much better value for money with a reaso"
10046,B,"Option A offers a 5-star experience in the prestigious Financial District with a high guest review score, free cancellation, breakfast, and a range of amenities—ideal for comfort and convenience. Option B is significantly cheaper and has a solid review score, but lacks breakfast, has no cancellation policy, and fewer amenities. Given the importance of flexibility, comfort, and convenience—especially for a one-night stay in a major city—I prioritize Option A.  
Final answer: A"
10049,B,"Option A is in Midtown, a central and convenient neighborhood in NYC, offering a 3-star rating and a spacious queen room with fitness access, though at a higher price. Option B is in NoHo, a more residential area, with a 2-star rating and a smaller pod room, but significantly cheaper. While both have similar guest review scores and lack breakfast or cancellation, the location and room size of Option A provide greater convenience and comfort for a one-night stay in a major city. Final answer: A"
10050,A,"Option A is in Midtown, a central and convenient neighborhood, with a higher star rating and more guest reviews, indicating greater reliability. It offers a double room with two beds, which may be better for two guests. However, it lacks free cancellation and breakfast, and is more expensive. Option B is in NoHo, slightly less central, has a slightly higher review score, includes free cancellation (a major benefit), and is significantly cheaper. While the room is smaller, the flexibility of canc"
10053,B,"Option A offers a higher star rating, a more highly rated guest review score, and is located in a historic neighborhood (Greenwich Village), which may appeal to travelers seeking a more authentic experience. It includes a restaurant and has free cancellation, offering greater flexibility. While the price is higher, the overall quality and amenities are superior. Option B is significantly cheaper but lacks free cancellation and has a lower star rating, with a more utilitarian pod room and shared "
10054,B,"Option A offers a higher star rating, a more highly rated guest review score (8.5 vs 7.3), and is located in Greenwich Village—a historic and culturally rich neighborhood—while including a restaurant and free WiFi. Option B is significantly cheaper but has a lower star rating, fewer reviews, and a more limited room type (single bed in a pod), with only a shared lounge. While cost is a factor, the overall experience, location, and guest satisfaction in Option A are more compelling.  

Final answe"
10057,B,"Option A offers a higher star rating, a more favorable guest review score, and includes breakfast, which adds convenience and value. While it's in a slightly more distant neighborhood, the pool and restaurant amenities enhance the experience. Option B is cheaper but lacks breakfast and has a lower star rating, with fewer amenities. The trade-off favors Option A for better overall value and guest satisfaction.  
Final answer: A"
10058,B,"Option A offers a 4-star rating, is in the popular Williamsburg neighborhood, and includes a pool and restaurant—enhancing comfort and convenience. While the price is higher, the guest review score is slightly better (7.9 vs. 7.7), and a king bed provides more space. Option B is cheaper and has a shared lounge, but the 2-star rating and single bed may feel less comfortable, especially for a one-night stay. Given the better amenities, location, and slightly higher review score, Option A provides "
10061,A,"Option A offers a higher guest review score (8.1 vs 7.9), is in a more vibrant and culturally rich neighborhood (Lower East Side), and includes a rooftop bar and restaurant—enhancing the overall experience. However, it is significantly more expensive ($208 vs $77) and does not offer free cancellation, which is a major drawback for flexibility. Option B is much cheaper, offers free cancellation (a key benefit for uncertain plans), and still provides essential amenities like free WiFi and a restau"
10062,B,"Option A offers a higher star rating, a more central and vibrant neighborhood (Lower East Side), a slightly higher guest review score, and a king-sized bed—ideal for comfort and experience. However, it costs nearly three times as much as Option B. Option B is significantly cheaper, has a solid review score, and offers a queen bed with essential amenities, though it's in a less central, more residential area. Given the price difference and the value of a more central, well-rated location, Option "
10065,B,"Option A is in the bustling Times Square neighborhood, offering a 3-star rating, breakfast included, and a fitness center—ideal for a city stay with convenience and comfort. Option B is in Washington Heights, a quieter area, with a 2-star rating and no breakfast, though it's significantly cheaper. While Option B is more budget-friendly, the lack of breakfast and lower star rating may reduce comfort and convenience. Given the importance of breakfast and location in a major city like NYC, Option A"
10066,B,"Option A is in the bustling Times Square neighborhood, offering a higher star rating, a strong guest review score, and includes breakfast, which adds convenience and value. While Option B is cheaper and has a restaurant and bar, it lacks breakfast and is in a less central, quieter neighborhood. The inclusion of breakfast and location in a major tourist area make Option A more practical for a one-night stay in NYC.  

Final answer: A"
10069,A,"Option A offers a 5-star experience in a prime Upper Midtown location with a high guest review score, premium amenities like a screening room and gym, and a significantly higher price. Option B is in a less central neighborhood, has a lower star rating, but is much more affordable and still includes free WiFi and a restaurant. While both lack breakfast and free cancellation, the value and location of Option B make it more practical for a one-night stay in NYC.  

Final answer: B"
10070,B,"Option A offers a 5-star experience in a prestigious Upper Midtown neighborhood with a high guest review score, premium amenities like a gym and screening room, and a room with a king bed—ideal for comfort and convenience. However, it is significantly more expensive at $966 per night. Option B is much cheaper at $114, located in Washington Heights, with a solid review score and basic amenities, though it's a 2-star hotel in a less central area. While the price difference is substantial, the valu"
10073,B,"Option A offers a 5-star luxury experience in the prestigious Midtown neighborhood, with a high guest review score, premium amenities like a spa and fitness center, and free cancellation—providing flexibility and comfort. However, it costs $808 per night, which is significantly higher than Option B. Option B is much more affordable at $87, with a solid guest score and free WiFi, though it's in a less central location and lacks amenities like a spa or fitness center, and does not offer free cance"
10074,A,"Option A offers a 5-star luxury experience in the prestigious Midtown neighborhood with excellent guest reviews, premium amenities like a spa and fitness center, and a high-end atmosphere—though it comes at a steep price with no free cancellation and no breakfast. Option B is significantly cheaper, offers free cancellation, and is located in a more residential area, but with fewer amenities and a lower star rating. While both have good guest scores, the price difference is dramatic, and Option B"
10077,B,"Option A offers a 5-star luxury experience in the iconic Times Square neighborhood, with high guest satisfaction (8.5/10) and premium amenities like a spa and fitness center, though at a significantly higher price. Option B is a budget-friendly 2-star hotel in a quieter neighborhood with a solid review score (8.0/10) and only basic amenities, at just one-third the price. While both lack breakfast and free cancellation, the value and experience of staying in a central, high-rated location outweig"
10078,B,"Option A offers a 5-star luxury experience in the iconic Times Square neighborhood, with high guest satisfaction (8.4/10), premium amenities like a spa and fitness center, and free cancellation—offering flexibility and comfort. Option B is significantly cheaper and has a solid guest score (8.0/10), but lacks key amenities like a fitness center or spa, and has no free cancellation, which limits flexibility. Given the value of location, amenities, and flexibility, Option A provides a more balanced"
10081,B,"Option A offers a 5-star luxury experience in a prime Upper West Side location with exceptional guest reviews, premium amenities like a spa and pool, and a high-end room with a Hudson River view—despite the steep price. Option B is significantly cheaper and offers a basic room with only a restaurant and bar, located in a more modest neighborhood, and while it has more reviews, the lower star rating and fewer amenities suggest a less luxurious experience. Given the balance of value, comfort, and "
10082,B,"Option A offers a 5-star luxury experience in a prestigious neighborhood with top amenities like a spa, pool, and fitness center, and a high guest review score of 8.8/10. Option B is significantly cheaper at $113, with a solid 8.2/10 review score and basic amenities, but is located in a less central area and lacks premium features. While both have free cancellation and no breakfast, the value of luxury, location, and amenities in Option A justifies the price for a one-night stay in NYC.  

Final"
10085,B,"Option A offers a 3-star hotel in a modern neighborhood with a high guest review score, includes breakfast, and has a rooftop bar—valuable for comfort and convenience. It costs $175, which is significantly higher than Option B. Option B has a slightly higher review score, includes a restaurant and bar, but lacks breakfast and has no free cancellation, which could be a major drawback if plans change. Given the importance of breakfast and flexibility, Option A provides better overall value and exp"
10086,A,"Option A is in a more upscale neighborhood (Long Island City), has a slightly lower guest review score (7.8 vs 8.0), and includes a rooftop bar, but costs $190. Option B is in a more central, well-known neighborhood (Washington Heights), has a slightly higher guest review score, includes a restaurant and bar, and is significantly cheaper at $125. While both offer free WiFi and no breakfast, the price difference is substantial, and the amenities in Option B are more practical and accessible. Give"
10089,B,"Option A offers a higher star rating, a prestigious neighborhood (Chelsea), excellent guest reviews (8.5/10), and more amenities like a restaurant, concierge, and fitness center—despite a significantly higher price. Option B is much cheaper but has a lower star rating, fewer amenities, and no free cancellation, which limits flexibility. While cost is a factor, the value of location, amenities, and guest satisfaction in Option A outweighs the savings in Option B.  

Final answer: A"
10090,B,"Option A offers a higher star rating, a prestigious neighborhood (Chelsea), a strong guest review score (8.7/10), and includes additional amenities like a restaurant, concierge, and fitness center—enhancing comfort and convenience. While it is more expensive, the overall experience and value are superior. Option B is cheaper and has free WiFi, but lacks amenities, has a lower star rating, and no cancellation flexibility, which could be risky. Given the balance of quality, location, and reliabili"
10093,B,"Option A offers a higher star rating, superior guest review score, and includes breakfast and a restaurant, with a more central location in Chelsea—ideal for a premium experience. While it's more expensive, the added amenities and convenience justify the cost. Option B is cheaper and located in Midtown, but lacks breakfast, has no free cancellation, and fewer amenities. Given the value of convenience, amenities, and guest satisfaction, especially for a one-night stay in a major city, Option A pr"
10094,B,"Option A offers a higher star rating, is in a prestigious neighborhood (Chelsea), includes breakfast, and has a strong guest review score—despite a higher price. Option B is in a central location (Midtown), has more reviews, and is significantly cheaper, but lacks breakfast and has a lower star rating. While both have free WiFi and fitness centers, the absence of breakfast in Option B is a major trade-off for a one-night stay in a major city. Given the value of convenience and amenities, especia"
10097,A,"Option A is in the prestigious Financial District, offers a 4-star rating and a high guest review score (8.6/10), with a spacious Pearl Suite and additional amenities like a restaurant and bar. However, it is significantly more expensive at $501 per night. Option B is in Midtown, has a 2-star rating but a larger review base (1,528 reviews), offers a standard room with two beds, and is much cheaper at $112—though it lacks a restaurant or bar. While Option A provides a more luxurious and central l"
10098,B,"Option A offers a higher star rating, is located in the prestigious Financial District, includes breakfast and free cancellation, and has a strong guest review score—despite a higher price. Option B is in a popular neighborhood, has more reviews, and is significantly cheaper, but lacks breakfast, has no free cancellation, and fewer amenities. While Option B is more budget-friendly, the lack of flexibility and essential amenities makes it less suitable for a one-night stay in a major city like NY"
10101,B,"Option A offers a higher guest review score (8.0 vs 7.6), is in a desirable neighborhood (Chelsea), includes breakfast, and has free cancellation—providing more flexibility and comfort. While Option B is cheaper and in Midtown, it lacks breakfast and has no free cancellation, which could be risky if plans change. The added value of amenities and flexibility outweighs the lower price.  
Final answer: A"
10102,B,"Option A offers a higher star rating, is in the desirable Chelsea neighborhood, includes breakfast, and has a strong guest review score—valuable for comfort and convenience. While it is more expensive, the added benefits of breakfast and a more upscale location justify the cost. Option B is cheaper and in Midtown, a central area, but lacks breakfast and has a lower review score. Given the importance of breakfast and location, Option A provides a more balanced and satisfying experience.  
Final a"
10105,A,"Option A is in a desirable neighborhood (Park Slope), has a higher guest review score (7.9 vs 7.4), and offers a restaurant, though it's more expensive ($215 vs $107). Option B is in a central location (Midtown), has more reviews (indicating broader validation), and includes a fitness center, but is significantly cheaper. While both offer free WiFi and no breakfast, the price difference is substantial, and Park Slope is a popular, safe, and walkable neighborhood. Given the balance of location, r"
10106,B,"Option A is in a desirable neighborhood (Park Slope), offers a higher guest review score, includes breakfast, and has a 3-star rating—providing a more comfortable and convenient experience. Option B is cheaper and has a fitness center, but lacks breakfast and is in a more central but less residential area with a lower review score. Given the value of breakfast and neighborhood appeal, Option A offers better overall quality of experience despite the higher price.  
Final answer: A"
10109,A,"Option A offers a higher guest review score (8.0 vs 8.1), a slightly more spacious room (king bed vs queen), and free cancellation, which provides flexibility. However, it is significantly more expensive ($212 vs $137) and lacks breakfast. Option B is cheaper, has a slightly higher review count, includes a restaurant, and offers more amenities—but lacks free cancellation, which could be a risk if plans change. Given the price difference and the value of free cancellation, Option A provides bette"
10110,A,"Option A offers a higher guest review score (8.3 vs 8.0) and a larger room (king bed vs queen), with similar amenities, but at a significantly higher price ($199 vs $88). While both are in the Hell's Kitchen neighborhood and lack breakfast and free cancellation, the studio king bed provides more space and comfort for a one-night stay. Given the price difference and the slightly better reviews, Option A delivers better value and comfort for the same neighborhood.  

Final answer: B"
10113,A,"Option A is in Times Square, a more central and bustling neighborhood, offering a higher guest review score (8.2/10) with more reviews, and includes a wine hour and fitness center. Option B is in Hell's Kitchen, slightly less central, has a slightly lower review score but significantly lower pricing at $148 vs. $281. While both offer free WiFi, fitness centers, and no breakfast, the price difference is substantial, and the higher-rated, more central location of Option A provides better convenien"
10114,B,"Option A is in Times Square, a more central and bustling neighborhood, with a higher guest review score (8.4/10) and 4-star rating, indicating better overall guest satisfaction. It offers a wine hour and fitness center, adding to the experience. Option B is in Hell's Kitchen, slightly less central, has a 3-star rating and more reviews (1,479), but is significantly cheaper at $86 vs. $173. While both lack breakfast, the price difference is substantial, and the higher rating and location of Option"
10117,B,"Option A is in the bustling Times Square neighborhood, offering a higher star rating (4 vs. 3) and a guest review score of 8.4 vs. 7.9, indicating better overall guest satisfaction. It has a king bed, which may be preferable for comfort, and includes a bar and restaurant, adding more amenities. However, it is $33 more expensive. Option B is slightly cheaper, located in the more residential Hell's Kitchen, with fewer amenities but still solid service. The price difference is significant, and the "
10118,A,"Option A offers a higher star rating, a more central location in Times Square, and a king-sized bed, which may be preferable for comfort and convenience. However, it lacks free cancellation and breakfast, and is significantly more expensive. Option B is cheaper, offers free cancellation (a major benefit), and is in a quieter neighborhood (Hell's Kitchen), though with a smaller bed and slightly lower reviews. The price difference is substantial, and free cancellation adds flexibility. Given the v"
10121,A,"Option A is in the prestigious Midtown neighborhood, offering a higher star rating and excellent guest reviews, with a spacious double room and access to a restaurant and bar. However, it is nearly double the price of Option B. Option B is in Hell's Kitchen, a more walkable and vibrant neighborhood, with a solid review score and a significantly lower price, though it has a smaller room and no bar. The trade-off is between premium location and value—Midtown offers more convenience and prestige, w"
10122,B,"Option A offers a higher star rating, is located in the prestigious Midtown neighborhood, has a higher guest review score, and includes a restaurant and bar—ideal for a premium experience. However, it is significantly more expensive ($317 vs. $85). Option B is much cheaper and offers a solid 3-star experience with free WiFi and fitness, though it lacks a bar and has no cancellation flexibility. Given the price difference and the value of a Midtown location with better amenities and reviews, Opti"
10125,A,"Option A is in the bustling Times Square neighborhood, offering a 4-star rating, a high guest review score (7.7/10), and additional amenities like a bar and theater, which may enhance the experience. However, it is significantly more expensive at $333 per night. Option B is in the more residential Hell's Kitchen, has a slightly higher guest review score (8.0/10), and is much more affordable at $159, though it lacks free cancellation and has fewer amenities. The price difference is substantial, a"
10126,A,"Option A offers a higher star rating, is in the bustling Times Square neighborhood, and includes a theater and bar—great for a vibrant experience—though it lacks free cancellation and breakfast. Option B is significantly cheaper, has a slightly higher guest review score, and offers free cancellation, which provides flexibility, though it's in a quieter neighborhood and lacks a bar or theater. Given the price difference and the value of free cancellation, Option B provides better overall value an"
10129,B,"Option A offers a 5-star experience in the prestigious Midtown neighborhood, with a higher guest review score, premium room type (Deluxe Suite), and additional amenities like a spa and bar, all at a significantly higher price. Option B is more budget-friendly and located in Hell's Kitchen, with solid reviews and essential amenities, but lacks luxury features and is in a slightly less central area. While both have free cancellation and no breakfast, the value and experience of Option A justify th"
10130,B,"Option A offers a 5-star experience in the prestigious Midtown neighborhood with a high guest review score, includes breakfast, and provides a full suite with premium amenities like a spa and restaurant—ideal for comfort and convenience. Option B is significantly cheaper and has a solid review score, but lacks breakfast, has no free cancellation, and is in a less central neighborhood. While cost is a factor, the value of a full breakfast, flexibility with cancellation, and a prime location in Mi"
10133,A,"Option A offers a higher guest review score (8.4 vs 7.4), includes breakfast, and has a more traditional room setup with two beds—ideal for guests who value comfort and convenience. However, it lacks free cancellation, which is a significant drawback if plans change. Option B is cheaper, has free cancellation, and a modern terrace, but misses breakfast and has a lower review score. Given the importance of flexibility and value, especially for a one-night stay, the free cancellation and lower pri"
10134,B,"Option A offers a higher guest review score (8.4 vs 7.5), includes breakfast, and has a lower price ($184 vs $204), with similar amenities. While Option B has a more modern design and a terrace, the absence of breakfast and higher price reduce its value compared to Option A. The trade-off favors Option A for better overall value and guest satisfaction.

Final answer: A"
10137,B,"Option A offers a higher guest review score (8.1 vs 7.7), is in the prestigious Financial District, includes breakfast, and has free cancellation—providing more flexibility and convenience. While Option B is slightly cheaper and has a terrace, it lacks breakfast and has no free cancellation, which could be a significant drawback if plans change. The Financial District location also offers greater access to business and cultural venues.  

Final answer: A"
10138,B,"Option A is in the prestigious Financial District, offering a higher guest review score (8.0/10) and includes breakfast, which adds convenience and value. Option B is in the vibrant Times Square, has more reviews (7,115), and is cheaper, but lacks breakfast and has a slightly lower review score. While both have free cancellation and free WiFi, the inclusion of breakfast in Option A provides greater practical value for a one-night stay. Given the importance of breakfast and location, Option A off"
10141,B,"Option A offers a 5-star experience in a prestigious neighborhood (Hell's Kitchen) with excellent guest reviews, city views, and a rooftop bar—ideal for a luxury stay. Option B is significantly cheaper and located in the vibrant Times Square, with a large review base and solid amenities, though it lacks premium features. While both have free cancellation and no breakfast, the price difference is substantial, and the value of a 5-star, high-end experience in a desirable neighborhood justifies the"
10142,A,"Option A offers a 5-star experience in a prestigious neighborhood (Hell's Kitchen) with excellent guest reviews, city views, and a rooftop bar—ideal for a luxury stay. However, it costs nearly four times more than Option B. Option B provides a more budget-friendly price with solid amenities and a high volume of reviews, though in a more crowded, bustling area. Given the significant price difference and the value offered, Option B delivers better overall value for money without sacrificing essent"
10145,B,"Option A offers a slightly higher guest review score (7.7 vs 7.4), includes breakfast, and has free cancellation—important for flexibility and convenience. While Option B is cheaper, it lacks breakfast and has no free cancellation, which could be a significant drawback if plans change. Brooklyn is a more residential, quieter neighborhood compared to the bustling Times Square, which may affect comfort and noise levels. Given the value of breakfast and flexibility, Option A provides better overall"
10146,B,"Option A offers a lower price ($116 vs. $153), includes breakfast, and is in Brooklyn with a solid guest review score based on more reviews. Option B is in the more central Times Square, has a higher review count, and includes a terrace, but lacks breakfast and has no free cancellation, which is a significant drawback. The trade-off favors Option A for better value and practicality.  
Final answer: A"
10149,B,"Option A offers a 5-star experience in a prestigious neighborhood (TriBeCa), with a high guest review score and premium amenities like a spa and pool, though at a significantly higher price. Option B is more affordable and has a large review base, offering a modern, stylish experience with a terrace and free WiFi, but in a more crowded, high-traffic area with fewer luxury amenities. While both include free cancellation and no breakfast, the value of a 5-star, centrally located, amenity-rich stay"
10150,A,"Option A offers a 5-star experience in a prestigious neighborhood (TriBeCa), with a high guest review score and premium amenities like a spa and pool, though it's significantly more expensive at $791. Option B is much more affordable at $118, located in the vibrant Times Square, with a large review base and a modern design, but lacks luxury amenities and has a lower star rating. While both lack breakfast and free cancellation, the value and experience of Option B better align with a budget-consc"
10153,B,"Option A offers a higher guest review score (8.1 vs 7.7), indicating better overall guest satisfaction, and includes breakfast (though both options list it, this may be an error—likely both omit it). It has a double room, which may be better for two guests. Option B is slightly cheaper and has a bar, which adds social value, but with a lower review score. Given the higher guest satisfaction and room type suitability for a shared stay, Option A provides a more reliable and comfortable experience."
10154,B,"Option A offers a higher guest review score (8.3 vs 7.9), includes breakfast, and has a double room suitable for two guests, while Option B is cheaper and has a bar, but lacks breakfast. Since breakfast is a significant convenience, especially in a busy city like NYC, and the guest reviews are slightly stronger for Option A, the trade-off favors more value and comfort.  
Final answer: A"
10157,A,"Option A offers a higher guest review score (7.9 vs 7.7), a more spacious room (double room with two beds), and includes a restaurant and business center, which may be useful for business travelers or those seeking dining options. However, it lacks free cancellation and is more expensive. Option B is cheaper, offers free cancellation (a major benefit for uncertain plans), and has a larger review base, but a smaller room and no restaurant. Given the value of flexibility and cost, and despite the "
10158,B,"Both hotels are in the same vibrant neighborhood (Times Square), have the same star rating, and boast high guest review scores (8.1/10), indicating strong overall satisfaction. Option A offers a double room with breakfast included, which is ideal for two guests or those who value a full breakfast. Option B is cheaper and has a bar, but lacks breakfast, which may be a significant trade-off for guests who rely on breakfast. Given that breakfast is a key convenience and both options offer free WiFi"
10161,A,"Option A offers a 5-star experience with premium amenities like a spa and restaurant, a high guest review score, and a more luxurious room, at a significantly higher price. Option B provides a more budget-friendly option with a solid review score and essential amenities, but lacks a spa and restaurant. Given the one-night stay and the desire for a balanced experience in a vibrant neighborhood, the value of a 3-star hotel with a lower price and sufficient amenities is more practical.  

Final ans"
10162,A,"Both options are in the same neighborhood (Times Square) and offer a king bed, free cancellation, and free WiFi, with breakfast excluded. Option A is a 5-star hotel with a higher guest review score (8.3/10) and includes a spa and restaurant, suggesting greater comfort and luxury. Option B is a 3-star hotel with a slightly lower review score (7.8/10) but is significantly cheaper at $210 vs. $404. While Option A offers more amenities and a premium experience, the price difference is substantial, a"
10165,A,"Option A is in Midtown East, a more central and upscale neighborhood, with a strong guest review score and free WiFi, though it lacks cancellation flexibility. Option B is in Times Square, has a higher guest score, includes a fitness center and bar, and offers free cancellation—important for flexibility—despite a higher price. While both lack breakfast, B’s amenities and cancellation policy provide greater value and peace of mind.  

Final answer: B"
10166,A,"Option A is in Midtown East, a more central and upscale neighborhood, with a strong guest review score and free WiFi, though it lacks free cancellation. Option B is in Times Square, has a higher guest score, includes a fitness center and bar, and offers free cancellation—valuable for flexibility—despite a significantly higher price. While both lack breakfast, the added amenities and flexibility of Option B justify the cost for a one-night stay in a high-traffic, vibrant area.  

Final answer: B"
10169,A,"Option A is in the Lower East Side, a vibrant but less central neighborhood, and offers a queen room with a slightly lower guest review score (8.0/10) compared to Option B. Option B is in the Financial District, a more central and business-friendly area, has a higher guest review score (8.1/10), includes a king bed (more space), and offers a fitness center—valuable for travelers. While Option A is more expensive ($252 vs. $185), the price difference is significant, and the Financial District loc"
10170,B,"Option A is in the Lower East Side, a vibrant but less central neighborhood, with a slightly higher guest review score (8.2 vs 8.0) and includes a rooftop bar and restaurant, offering more social and experiential amenities. Option B is in the Financial District, a more central and business-friendly area, but lacks free cancellation and is significantly cheaper at $127 vs $219. While Option B is more affordable and centrally located, the lack of cancellation flexibility is a major drawback. Given"
10173,B,"Option A is in the prestigious Midtown neighborhood, offering a more central and convenient location for tourists and business travelers, with a higher guest review score (8.3 vs 8.0) and additional amenities like a restaurant and business center. Option B is in the Financial District, also central, but has a lower review score and a smaller room (queen vs king), though it's significantly cheaper. Given the higher review score, better location, and larger room, Option A provides a more balanced "
10174,B,"Option A is in the prestigious Midtown neighborhood, offering a higher guest review score (8.3 vs 8.0), breakfast inclusion, and additional amenities like a restaurant and business center—ideal for convenience and comfort. Option B is in the Financial District, cheaper, and has a bar and restaurant, but lacks breakfast, which is a significant trade-off for a one-night stay. Given the value of breakfast and location in a central, well-connected area, Option A provides better overall experience de"
10177,A,"Option A offers a 4-star rating in the bustling Times Square neighborhood, with a spacious double room and premium amenities like a restaurant and bar, at a significantly higher price ($373). Option B is a 3-star hotel in the Financial District, with a more affordable price ($111) and similar amenities, though with a smaller room. While both have high guest scores and free cancellation, the price difference is substantial—Option B provides excellent value for money without sacrificing key amenit"
10178,B,"Option A offers a higher star rating, is located in the iconic Times Square (a popular and central area), has a higher guest review score, and includes a restaurant and bar—ideal for a vibrant, urban experience. However, it is significantly more expensive ($388 vs. $182) and lacks free cancellation. Option B is more affordable, located in the Financial District (also central), has a solid review score, and includes similar amenities, but lacks free cancellation, which could be a risk if plans ch"
10181,A,"Option A offers a 5-star experience in a prestigious neighborhood with excellent guest reviews and city views, but at a significantly higher price ($365) with no free cancellation. Option B provides a more affordable price ($115), a strong guest review score, and convenient location in the Financial District, though with fewer luxury amenities. The trade-off is between premium comfort and value—given the price difference and the high cost of Option A, the value and location of Option B make it m"
10182,A,"Option A offers a 5-star experience in a prestigious neighborhood (Hell's Kitchen) with city views and a rooftop bar, appealing to luxury and ambiance seekers. However, it costs nearly three times more than Option B. Option B provides a more budget-friendly price, a central location in the Financial District, and access to a bar and restaurant, with similar guest satisfaction. While the star rating and amenities differ, the price difference is significant, and both lack breakfast and free cancel"
10185,B,"Option A offers a one-bedroom suite with a kitchen and includes breakfast, which is ideal for guests who want more space and meal convenience. While it is slightly more expensive, the higher guest review score (7.9/10) and inclusion of breakfast provide greater value for a one-night stay. Option B is cheaper and has a slightly higher review score (8.2/10), but lacks breakfast and has a smaller room. Since breakfast is a significant convenience, especially in a busy city like NYC, and the price d"
10186,A,"Option A offers a studio suite with a kitchen and a higher guest review score (8.0/10) based on more reviews, providing more space and amenities like a kitchen, which is useful for a one-night stay with potential meal prep. However, it is significantly more expensive at $324 compared to Option B’s $146. While both lack breakfast, Option B’s bar and restaurant add convenience and social appeal, and its higher review count (8.2/10) suggests better overall guest satisfaction. The price difference i"
10189,A,"Option A is in the Chelsea neighborhood, which is more artistic and upscale, and has a slightly higher guest review score (8.1 vs 8.0) with more reviews, indicating greater reliability. It offers a double room with two beds, which may be better for couples or groups. However, it's $59 more expensive than Option B, which is in the Financial District—central and convenient for business or tourists—and includes a bar and restaurant, adding social value. Both lack breakfast, and both have free WiFi "
10190,B,"Option A offers a slightly higher guest review score, is in the Chelsea neighborhood (popular for arts and culture), includes breakfast, and has free cancellation—offering more flexibility and convenience. Option B is cheaper and located in the Financial District (central and convenient for business), but lacks breakfast and has no free cancellation, which could be a risk if plans change. Given the value of breakfast and flexibility, especially for a one-night stay in a city like NYC, Option A p"
10193,A,"Option A is in the prestigious Financial District, offering a 4-star rating and a high guest review score (8.6/10), with a king bed and amenities like a fitness center. Option B is in the vibrant Lower East Side, with a slightly lower star rating (3 stars) and a higher review count (8.3/10), a queen bed, and a rooftop bar, but at a significantly lower price ($210 vs. $325). While both lack breakfast and free cancellation, Option B offers better value and a more lively neighborhood, with comparab"
10194,A,"Option A is in a prime financial district with a high guest review score and premium amenities, but lacks free cancellation and breakfast, and is significantly more expensive. Option B offers a more budget-friendly price, free cancellation, and a vibrant neighborhood, with a solid review score and good amenities—though it's in a less central area. The trade-off favors B for value, flexibility, and cost-efficiency.  
Final answer: B"
10197,A,"Option A offers a 5-star luxury experience in the Financial District, with a high guest review score and premium amenities like a historic atrium and fitness center, though it lacks free cancellation and breakfast. Option B is more budget-friendly, offers free cancellation, and is in a vibrant neighborhood, but has a lower star rating and fewer amenities. While both lack breakfast, the flexibility of free cancellation and lower price make Option B more practical for a one-night stay.  

Final an"
10198,A,"Option A offers a 5-star luxury experience in the prestigious Financial District, with a high guest review score and premium amenities like a historic atrium and fitness center, though it is significantly more expensive at $636 per night. Option B provides a more budget-friendly option in a vibrant neighborhood with a solid review score and modern amenities, at just $189 per night—still lacking breakfast and free cancellation. While Option A delivers a superior experience in location and luxury,"
10201,A,"Option A is in Midtown East, a more central and convenient neighborhood for business or tourist visits, with a slightly lower guest review score (7.7 vs 8.0) but includes a kitchen and fitness center, offering more self-sufficiency. Option B is in the Lower East Side, a vibrant but less central area, with a higher guest score and a rooftop bar and restaurant, but lacks free cancellation and is in a smaller room. The trade-off is between convenience and amenities versus value and experience. Give"
10202,B,"Option A offers a studio suite in Midtown East, a prime neighborhood, with breakfast included and a kitchen, which adds convenience and value. It is slightly cheaper and includes a fitness center, while both have strong guest reviews and free cancellation. Option B is more expensive, lacks breakfast, and is in a vibrant but less central neighborhood, with amenities like a rooftop bar and restaurant, but no kitchen. The trade-off favors Option A for better value and practicality, especially with "
10205,B,"Option A is in a more central, upscale neighborhood (Midtown East), offering a higher star rating and a strong guest review score, with free cancellation—important for flexibility. While Option B is cheaper and has a slightly higher review volume, it lacks free cancellation and is in a more walkable but less central area. The trade-off favors A for reliability and convenience, despite the higher price.  
Final answer: A"
10206,A,"Option A is in a more central, upscale neighborhood (Midtown East), with a slightly higher guest review score and more amenities like a restaurant and bar. However, it lacks free cancellation and is more expensive. Option B is in a vibrant, trendy neighborhood, has a slightly lower star rating but more reviews, includes free cancellation, and is significantly cheaper. The trade-off favors B for flexibility and cost, especially with free cancellation and a strong review score.  

Final answer: B"
10209,B,"Option A offers a 4-star rating in a prime TriBeCa neighborhood with a strong review score and free cancellation, providing greater flexibility and comfort. Option B is cheaper and has a larger review base, but lacks free cancellation and is in a more casual neighborhood. While both have good amenities, the ability to cancel without penalty and the higher star rating make Option A more reliable and secure for a one-night stay.  
Final answer: A"
10210,B,"Option A offers a 4-star rating in a prime TriBeCa location with a high guest review score and includes breakfast, which adds convenience and value. Option B has a slightly higher review score, a king bed (more space), and a rooftop bar, but lacks breakfast and is in a more affordable neighborhood. While both have free WiFi, the inclusion of breakfast in Option A provides a significant daily benefit, especially in a busy city like NYC. Given the trade-off between amenities and convenience, the b"
10213,B,"Option A offers a one-bedroom suite with a kitchen, breakfast included, and is located in the bustling Times Square, ideal for guests wanting convenience and amenities. Option B is slightly cheaper and has a higher guest review score, but lacks breakfast and is in a more laid-back neighborhood. Since breakfast is a significant convenience, especially for a one-night stay, and both options have strong reviews and free cancellation, the inclusion of breakfast in Option A provides greater value.  
"
10214,A,"Option A offers a larger, more spacious room with a kitchen and fitness center, located in the bustling Times Square area, and includes breakfast—valuable for a one-night stay in a major city. However, it has no free cancellation and a higher price. Option B is significantly cheaper, offers free cancellation (a major benefit), and is in a more laid-back neighborhood, though it lacks breakfast and has fewer amenities. Given the importance of flexibility and cost, and the fact that breakfast is a "
10217,B,"Option A offers a 4-star rating, a higher guest review score (7.7 vs 7.9), and includes a fitness center and pool—valuable amenities for a one-night stay. While Option B is slightly cheaper and has a slightly higher review score, it lacks free cancellation, which is a significant drawback if plans change. Given the importance of flexibility and access to amenities, Option A provides a more balanced and secure experience.  
Final answer: A"
10218,B,"Option A offers a 4-star rating with a higher guest review score (7.8 vs. 8.1), is located in a more central Brooklyn neighborhood, and includes a fitness center and pool—valuable amenities for a one-night stay. While Option B has a slightly higher review score and a lower price, it lacks free cancellation, which is a significant drawback if plans change. The price difference is substantial, but the flexibility and additional amenities in Option A make it more reliable and comfortable overall.  "
10221,A,"Option A is in Midtown, a central and convenient neighborhood, with a slightly higher guest review score and includes breakfast, which is valuable for a one-night stay. However, it lacks free cancellation and has a higher price. Option B is in East Village, offers free cancellation (a major benefit for flexibility), has a slightly better review score, and includes a rooftop bar and restaurant—great for experience—but lacks breakfast. Given the importance of flexibility and value, especially with"
10222,B,"Option A is in Midtown, a central and convenient neighborhood for business or tourist visits, with a strong guest review score of 7.3/10 and a lower price of $178. Option B is in East Village, a vibrant neighborhood with a higher guest score of 8.1/10 and additional amenities like a rooftop bar and restaurant, but costs $204—$26 more—and offers only a queen room, which may be less spacious than the double room. While the amenities and location of Option B are appealing, the price difference and "
10225,B,"Option A offers a higher guest review score, is in the more central Midtown neighborhood, includes breakfast, and has free cancellation—key benefits for a one-night stay with flexibility. While Option B is slightly more expensive and has a bar, it lacks breakfast and has no free cancellation, which reduces flexibility. The price difference is significant, and the amenities in Option A are more aligned with a typical traveler’s needs.  

Final answer: A"
10226,B,"Option A is in the prestigious Midtown neighborhood, which is more central and convenient for business or tourist visits, with a slightly lower price and a high guest review score. Option B has a higher guest score, a bar, and free cancellation—offering more flexibility—but is in Chelsea, slightly less central, and costs $27 more. The difference in price is modest, and both lack breakfast. Given the value of location and flexibility, Option A offers better balance between price, location, and am"
10229,A,"Option A offers a higher star rating, is located in the upscale NoMad neighborhood, and includes a rooftop bar and restaurant—enhancing the overall experience. While the price is higher, the guest review score is slightly lower than Option B, and both lack breakfast. Option B is more affordable and has a slightly higher guest review score, with a fitness center and bar, but is in a more industrial neighborhood. Given the balance of value, amenities, and location, Option B provides better overall"
10230,B,"Both hotels have high guest review scores (8.2/10) and offer free WiFi, but Option A is in the upscale NoMad neighborhood, known for its luxury and proximity to attractions, while Option B is in Chelsea, a more vibrant but slightly less central area. Option A has a higher price ($220 vs. $157), but the queen room and rooftop bar offer more premium amenities. Since both have no free cancellation or breakfast, the key trade-off is value versus location and experience. Given the superior location a"
10233,B,"Option A offers a 5-star luxury experience in the prestigious Midtown neighborhood, with a high guest review score and premium amenities like a spa and pool, though at a significantly higher price. Option B is more affordable and has a larger review base, with a solid 8.5/10 rating and essential amenities, but lacks flexibility (no free cancellation) and is in a more casual neighborhood. While both lack breakfast, the value and comfort of Option A justify the cost for a one-night stay in a prime"
10234,A,"Option A offers a 5-star luxury experience in the prestigious Midtown neighborhood with excellent guest reviews, premium amenities like a spa and pool, and a high-end room. However, it is significantly more expensive ($1,484) and does not include free cancellation. Option B is much more affordable ($188), offers free cancellation, and is located in Chelsea—still a vibrant area—though with fewer amenities and a lower star rating. Given the price difference and the value of flexibility (free cance"
10237,B,"Option A is in the Financial District, a central business area, and has a strong guest review score of 7.6/10 with a lower price of $129. Option B is in Chelsea, a more cultural and artistic neighborhood, with a higher guest score of 8.4/10 and includes a bar, but costs $243—nearly double the price. While the amenities and location of Option B are appealing, the significant price difference and lack of breakfast or cancellation flexibility in both options mean the value is much better in Option "
10238,B,"Option A is in the Financial District, a central business area, and offers a higher guest review score (7.6 vs. 8.5), though the price is higher ($240 vs. $159). It includes breakfast, which adds value for a one-night stay. Option B is in Chelsea, a more residential area, has a slightly higher review score, includes a bar, and is significantly cheaper—but lacks breakfast. Given the higher price and the inclusion of breakfast, Option A provides more practical value for a traveler seeking convenie"
10241,B,"Option A offers a 5-star luxury experience in a prestigious neighborhood with top amenities, including breakfast and a spa, at a significantly higher price. Option B provides a more budget-friendly stay with a solid guest review score and free WiFi and fitness, but lacks breakfast and has fewer amenities. While both have good reviews and free cancellation, the value of breakfast and premium amenities in a prime location justifies the higher cost for a one-night stay.  

Final answer: A"
10242,B,"Option A offers a 5-star experience in a prestigious neighborhood (Upper East Side) with a high guest review score and a full suite of amenities including a spa and restaurant, at a significantly higher price ($631). Option B is a 3-star hotel in Chelsea with a larger review base, more affordable pricing ($195), and fewer amenities, but still includes free WiFi and a fitness center. While both offer free cancellation and no breakfast, the value of a premium location and luxury amenities justifie"
10245,A,"Option A offers a 5-star experience in a prime Upper Midtown location with excellent guest reviews, premium amenities like a gym and screening room, and a high-end room type—though it lacks breakfast and has no free cancellation. Option B is significantly cheaper, located in Midtown West, has a larger review base, and includes a pool and bar, but is a 3-star hotel with a standard room and no breakfast. While Option A provides superior comfort and prestige, the price difference is steep, and the "
10246,A,"Option A offers a 5-star luxury experience in a prime Upper Midtown location with excellent guest reviews, free cancellation, and amenities like a gym and screening room—ideal for comfort and convenience. However, it is significantly more expensive at $1,083 per night. Option B is much more affordable at $143, located in Midtown West, with a larger room and pool, but lacks free cancellation and has a lower star rating and fewer amenities. While the price difference is substantial, the value of a"
10249,B,"Option A offers a 5-star experience in a prestigious neighborhood (TriBeCa), with a high guest review score (9.0/10), premium room type with city views, and top-tier amenities like a spa and fitness center—despite the higher price. Option B is significantly cheaper and located in Midtown West, with a large review base and decent amenities, but lacks luxury features and has a lower star rating. While both offer free cancellation and no breakfast, the value of a premium experience in a desirable l"
10250,B,"Option A offers a 5-star experience in a prime TriBeCa neighborhood with a high guest review score, includes breakfast, and has premium amenities like a spa and fitness center—ideal for comfort and convenience. Option B is significantly cheaper and has a large review base, but lacks breakfast, has no free cancellation, and is in a more central but less exclusive area. While price is a factor, the value of included breakfast and flexibility (free cancellation) makes Option A more practical and co"
10253,B,"Option A offers a slightly lower guest review score than Option B (7.5 vs. 7.7), but includes breakfast and has a free cancellation policy, which adds flexibility and value. While Option B has a lower price and includes a pool and bar, the lack of breakfast and no free cancellation could be significant drawbacks, especially for a one-night stay in a busy city like NYC. Given the importance of breakfast and flexibility, Option A provides better overall value and convenience.  
Final answer: A"
10254,B,"Option A offers a slightly lower price ($123 vs. $135), is in the Brooklyn neighborhood (which may be more affordable and less crowded), and includes free cancellation, giving greater flexibility. Both have good guest review scores and breakfast, with Option A also including a fitness center. While Option B has a larger amenities list and is in a more central, tourist-heavy area, the lack of free cancellation and higher price make it less flexible and costly.  

Final answer: A"
10257,B,"Option A offers a higher star rating, a more central and historic neighborhood (Lower East Side), a strong guest review score, and includes breakfast and a spa—valuable for comfort and convenience. However, it is significantly more expensive at $360. Option B is much cheaper at $142, has a large review base, and includes free WiFi and a restaurant, but lacks breakfast, has no cancellation flexibility, and is in a high-traffic, bustling area. While the price difference is substantial, the lack of"
10258,B,"Option A offers a higher star rating, a more central and historic neighborhood (Lower East Side), a top guest review score, and includes breakfast and a spa—valuable for comfort and convenience. However, it is significantly more expensive at $463. Option B is much cheaper at $88, offers a well-reviewed location in Times Square, and includes free WiFi and a restaurant, though it lacks breakfast and has a lower star rating. Given the price difference and the value of breakfast and amenities, Optio"
10261,B,"Option A offers a higher guest review score (8.3 vs 7.4), a king-sized bed (more space), and includes breakfast—both of which enhance comfort and convenience. While Option B is significantly cheaper, it lacks breakfast and has a lower review score, which may indicate less consistent quality. Given the importance of comfort and value in a busy city like NYC, especially in a high-traffic area like Times Square, the superior amenities and guest satisfaction of Option A outweigh the cost difference."
10262,B,"Option A offers a higher guest review score (8.5 vs 7.5), includes breakfast, and has a more spacious room with two beds, which is better for guests with different needs or preferences. While it is more expensive, the inclusion of breakfast and better reviews suggest greater overall guest satisfaction. Option B is significantly cheaper but lacks breakfast and has no free cancellation, which could be a major drawback if plans change. Given the value of convenience and flexibility, especially in a"
10265,B,"Option A offers a 4-star rating, a more central Brooklyn location, and includes breakfast, which adds convenience and value—especially for a one-night stay in a busy city. While it is more expensive, the higher star rating and amenities like a pool and fitness center may appeal to comfort and convenience. Option B is cheaper and has more reviews, but lacks breakfast and is in a more crowded, high-traffic area. Given the importance of breakfast and a balanced experience, Option A provides better "
10266,A,"Option A offers a higher star rating, a more central Brooklyn location, and a king-sized bed, which may be preferable for comfort and convenience. It has a slightly higher price and lacks free cancellation, which is a significant drawback. Option B is cheaper, has free cancellation (offering flexibility), and is in the iconic Times Square area—highly convenient for tourists. While it has a lower star rating and a smaller room, the price, flexibility, and location make it more practical.  

Final"
10269,A,"Option A is in Midtown, a central and convenient neighborhood, with a slightly lower guest review score but includes free cancellation and free WiFi, while lacking breakfast. Option B is in Times Square, a vibrant but busier area, has a higher guest score and includes breakfast, but lacks free cancellation and is more expensive. The trade-off is between convenience and value—breakfast is a significant benefit, especially for a one-night stay in a busy city. Given the inclusion of breakfast and a"
10270,A,"Both hotels have the same star rating and guest review score, indicating similar quality. Option A is in Midtown, a more central and business-friendly area, while Option B is in Times Square, known for its vibrant atmosphere but potentially more noise and congestion. Option B includes breakfast, which adds value, and offers a restaurant—useful for convenience. Though Option A has a higher price, the difference is significant, and the breakfast and amenities in Option B provide better overall val"
10273,B,"Option A offers a higher star rating, superior location in Brooklyn Heights (a prestigious, scenic neighborhood), a very high guest review score, and premium amenities like a rooftop pool and spa—despite the significantly higher price. Option B is cheaper and has a larger review base, but it's in a bustling, less serene area (Times Square), lacks a spa or rooftop pool, and has no free cancellation, which adds risk. The trade-off favors Option A for quality, comfort, and value in a desirable loca"
10274,B,"Option A offers a higher star rating, superior guest review score, and premium amenities like a rooftop pool and spa, located in the upscale Brooklyn Heights neighborhood. While it's more expensive, the experience and location provide greater comfort and convenience. Option B is significantly cheaper and has a fitness center and restaurant, but lacks premium amenities and has no free cancellation, which could be a risk. Given the value of location, amenities, and guest satisfaction, the trade-of"
10277,A,"Option A offers a 5-star luxury experience in the prestigious Midtown neighborhood, with high guest satisfaction (8.3/10) and premium amenities like a spa and restaurant. However, it is significantly more expensive at $1,336 per night. Option B is a budget-friendly 3-star hotel in a different neighborhood with an excellent guest review score (9.2/10) and a kitchenette, but lacks luxury amenities and is located farther from central attractions. Given the substantial price difference and the value"
10278,A,"Option A offers a 5-star luxury experience in the prestigious Midtown neighborhood with excellent guest reviews, premium amenities like a spa and restaurant, and a high-end room. However, it is significantly more expensive at $1,269 per night. Option B is a budget-friendly 3-star hotel in a different neighborhood with a very high guest review score and a kitchenette, but lacks luxury amenities and is located farther from central attractions. While both have no free cancellation or breakfast, the"
10281,A,"Option A is in Midtown East, a central and convenient neighborhood for business and tourist visits, with a strong guest review score and amenities like a restaurant and fitness center. Option B has a higher guest review score, is in a more residential area, and offers free cancellation—important for flexibility—though it lacks a restaurant and has a smaller room. Despite the lower price, the cancellation policy and location make Option B more practical for a spontaneous or uncertain stay.  

Fin"
10282,B,"Option A is in Midtown East, a central and convenient neighborhood near major attractions and transportation, with a strong guest review score and amenities like a restaurant and fitness center. Option B is in Upper West Side, a quieter area with an excellent review score and a kitchenette, offering significant cost savings. While Option B is cheaper and has a higher review score, it's farther from key NYC hubs and lacks a restaurant or business center. Given the importance of location and conve"
10285,B,"Option A is in the prestigious Midtown neighborhood, offering a 4-star rating and excellent guest reviews (8.5/10), with amenities like a fitness center and restaurant. It’s more expensive ($370 vs. $138), but provides a premium location and experience. Option B has a higher guest review score (9.2/10), includes a kitchenette, and is significantly cheaper, though it’s in a less central neighborhood and lacks free cancellation. The trade-off is between location and value—Midtown offers convenienc"
10286,A,"Option A is in the prestigious Midtown neighborhood, offering a 4-star rating and a high guest review score of 8.3/10, with amenities like a fitness center and restaurant. Option B has a higher guest review score (9.4/10), a kitchenette, and is significantly cheaper at $123, but is located in the Upper West Side, which is less central and may be farther from key attractions. While both lack breakfast, the price difference is substantial, and the higher review score of Option B suggests superior "
10289,A,"Option A offers a 4-star rating with Manhattan views and free cancellation, providing a premium experience in a desirable neighborhood, though at a higher price. Option B has a higher guest review score (9.3 vs 8.4), includes a kitchenette for self-catering, and is significantly cheaper, but lacks free cancellation and is in a more central but less exclusive area. The trade-off favors B for value and guest satisfaction, despite the lack of cancellation flexibility.  

Final answer: B"
10290,A,"Option A offers a 4-star rating with Manhattan views and a high guest review score (8.4/10), providing a premium experience in a desirable neighborhood. However, it's more expensive ($167 vs. $123) and lacks a kitchenette. Option B has a higher guest review score (9.4/10), a 3-star rating, and includes a kitchenette, which adds practical value, despite being in a slightly less central neighborhood. The price difference is significant, and the kitchenette in Option B offers greater convenience fo"
10293,B,"Option A offers a higher star rating, a superior guest review score, and includes allergy-free rooms—a key consideration for guests with sensitivities—despite being more expensive. Option B is significantly cheaper but lacks standout amenities and has a lower review score. While both are in Midtown, the added comfort and safety features of Option A justify the price difference for a one-night stay.  

Final answer: A"
10294,B,"Option A offers a higher star rating, a superior guest review score, and includes allergy-free rooms and a rooftop bar—valuable for comfort and experience—despite a higher price. Option B is significantly cheaper but lacks free cancellation and has a lower review score, with fewer amenities. While cost is a factor, the value of a 4-star, highly rated, midtown stay with inclusive amenities and flexibility (free cancellation) outweighs the savings of Option B.  

Final answer: A"
10297,A,"Option A offers a higher star rating, a more central location (Midtown), and a spacious room with two beds, along with a restaurant and bar—ideal for guests seeking comfort and amenities. However, it lacks free cancellation and breakfast, and is significantly more expensive. Option B is more affordable, includes free cancellation (a major benefit), and has a slightly lower rating but still strong reviews, with essential amenities. While Option A provides more luxury, Option B offers better value"
10298,B,"Both hotels are in the desirable Midtown neighborhood and have excellent guest review scores (8.2/10), with free cancellation and no breakfast included. Option A offers a larger room (double bed), a restaurant, and a bar, with a fitness center—providing more amenities and a more luxurious experience. Option B is significantly cheaper ($125 vs. $418) and offers a standard queen room with only a fitness center, but lacks a restaurant or bar. Given the price difference and the value of amenities li"
10301,A,"Option A is in a more upscale, walkable neighborhood (Boerum Hill) with a higher guest review score (8.5/10) and includes a restaurant and lobby bar, offering more amenities and a premium experience. However, it lacks free cancellation and breakfast, and is significantly more expensive. Option B is in the heart of Midtown, has a slightly lower rating but more reviews, includes free cancellation (a major benefit), and is much more affordable—though it lacks a restaurant and has a smaller room. Th"
10302,B,"Option A is in a more upscale, walkable neighborhood (Boerum Hill) with a higher guest review score (8.4 vs 8.2) and includes a restaurant and lobby bar, enhancing the overall experience. While it costs $246, the price difference is significant—Option B is $183, but lacks free cancellation, which is a major drawback for flexibility. Given the higher rating, better amenities, and greater neighborhood appeal, the trade-off favors Option A despite the higher price.  

Final answer: A"
10305,A,"Option A is in the prestigious Financial District, offering a 4-star rating and a high guest review score of 8.8/10, with premium amenities like a restaurant and bar. Option B is in Midtown, has a 3-star rating and a higher review count (1,623), but is significantly cheaper at $105 versus $425. While both lack breakfast and have free cancellation, the price difference is substantial—Option B offers excellent value with basic amenities at a fraction of the cost. Given the significant price gap an"
10306,A,"Option A is in the prestigious Financial District, offering a 4-star rating, a high guest review score (8.7/10), and additional amenities like a restaurant and bar, which enhance convenience and experience. However, it costs $383 per night—significantly more than Option B. Option B is in Midtown, a well-known neighborhood, has a solid 7.9/10 rating based on over 1,800 reviews, and includes all essential amenities at just $159, making it a much more budget-friendly choice. While Option A offers m"
10309,A,"Option A is in the vibrant SoHo neighborhood, which offers a more culturally rich and historic atmosphere, and has a slightly higher guest review score (8.4 vs. 8.0), indicating better overall guest satisfaction. While both rooms lack breakfast and have similar amenities, the Courtyard offers a restaurant and fitness center, adding more convenience. The price difference is significant—$258 vs. $187—so Option B provides better value for money without sacrificing much in terms of quality. Given th"
10310,B,"Option A is in the popular SoHo neighborhood, offering a higher guest review score (8.2 vs 7.9), a double room (suitable for two guests), and includes a restaurant and fitness center—more amenities than Option B. While Option B is cheaper and in the more central Midtown, it lacks free cancellation and has fewer amenities. Given the higher review score, better room type, and more amenities, Option A provides a more balanced and reliable experience despite the higher price.  
Final answer: A"
10313,B,"Option A is in the bustling Times Square neighborhood, which is more central and lively but may have higher noise and less privacy. It has a slightly lower star rating but a higher guest review score, indicating better overall satisfaction. It includes a restaurant and bar, offering more amenities, though at a higher price. Option B is in Midtown, a more upscale and quieter area, with a higher guest review score and a lower price, but lacks free cancellation and has fewer amenities. Despite the "
10314,B,"Option A is in the bustling Times Square neighborhood, offering a 4-star rating, breakfast included, and a range of amenities like a restaurant and bar—ideal for a vibrant, city-center experience. Option B is in the more upscale Midtown, with a higher guest review score, but lacks breakfast and has fewer amenities. While B is cheaper, the absence of breakfast and lower amenities may reduce convenience. Given the value of breakfast and a full experience in a central location, Option A provides be"
10317,B,"Option A is in the highly desirable SoHo neighborhood, known for its vibrant culture and historic charm, and has a higher guest review score (8.1/10) with strong overall satisfaction. It offers a restaurant and bar, enhancing the experience, though at a higher price. Option B is in Midtown, a central and convenient location, has more reviews (1,954), and is significantly cheaper, but lacks a restaurant and has a lower star rating. While both offer free WiFi and free cancellation, the value of lo"
10318,A,"Option A is in a highly rated neighborhood (SoHo) with a 4-star rating and excellent guest reviews, offering a restaurant and bar, but costs $326 and does not include breakfast. Option B is in the central Midtown area, has a 3-star rating and more reviews, includes free breakfast, and is significantly cheaper at $145, though it lacks a restaurant and has fewer amenities. The trade-off is between location and value—Midtown is more central and convenient for many visitors, and breakfast is a major"
10321,A,"Option A is in the trendy SoHo neighborhood, which is popular for its culture and walkability, and has a slightly higher guest review score (8.1 vs 8.2), though the difference is minimal. It offers a rooftop bar and restaurant, adding to the experience, but at a significantly higher price ($283 vs $154). Option B is in Midtown, a more central and convenient location, has more reviews (indicating broader validation), and is much more affordable—despite being 3 stars, it still has a high guest sco"
10322,A,"Option A offers a 4-star rating in the vibrant SoHo neighborhood, with a high guest review score and amenities like a rooftop bar and restaurant, though it doesn’t include breakfast. Option B is in the more central Midtown area, has a slightly lower star rating but a larger review base, includes breakfast, and is significantly cheaper. While SoHo offers more ambiance and amenities, the inclusion of breakfast and the lower price of Option B provide greater value, especially for a one-night stay. "
10325,A,"Option A offers a 5-star luxury experience in Midtown East, a prime NYC neighborhood, with high guest satisfaction (8.5/10) and premium amenities like a spa and bar. However, it lacks free cancellation and breakfast, and is significantly more expensive ($684 vs. $161). Option B is more affordable, has a strong review score (8.2/10) with more reviews, includes free cancellation, and is in a convenient neighborhood—though it’s a 3-star hotel with fewer amenities. The trade-off favors B for value, "
10326,B,"Option A offers a 5-star experience in Midtown East, a prime NYC neighborhood, with a slightly higher guest review score and more amenities like a spa and bar, though at a significantly higher price. Option B provides a more affordable price, a solid 8.5/10 rating with more reviews, and is in a reputable neighborhood, but lacks a spa and has a 3-star rating. The trade-off is between premium luxury and value—given the price difference and the importance of location and amenities for a NYC stay, O"
10329,B,"Option A is in a high-traffic, iconic neighborhood (Times Square), offering a 4-star experience with a restaurant and bar, and includes free cancellation—important for flexibility. While the price is higher ($236 vs. $133), the location and amenities provide greater convenience and experience. Option B is more affordable and has a larger review base, but lacks cancellation flexibility and is in a quieter, less central area. Given the value of location, amenities, and flexibility, Option A offers"
10330,A,"Both hotels have excellent guest review scores (8.4/10) and offer free WiFi, a restaurant, and no breakfast or cancellation policies—so those are equal. Option A is in Times Square, a bustling, central area, but has a higher price ($299 vs. $215) and a 4-star rating. Option B is in the Upper West Side, a quieter, more residential neighborhood, with a 3-star rating and a significantly lower price. While the room size (Deluxe King) is slightly better in Option B, the price difference is substantia"
10333,B,"Option A is in the Chelsea neighborhood, which is more central and walkable, with a strong guest review score of 7.9/10 based on 1,124 reviews. Option B has a higher guest score (8.5/10) and more reviews (2,455), indicating greater reliability, but lacks free cancellation, which is a significant drawback for flexibility. Both have similar prices and include free WiFi and fitness centers, but Option B’s higher price and lack of cancellation policy outweigh the slight advantage in reviews. Given t"
10334,A,"Option A is in the Chelsea neighborhood, which is more central and walkable, with a strong guest review score of 8.1/10 based on 1,150 reviews. Option B has a slightly higher review score (8.5/10) and more reviews (2,541), indicating greater consistency and satisfaction, and includes a restaurant, which adds value. However, Option B is $27 more expensive, and the room type is ""Deluxe King,"" which may offer more comfort. Given the higher review count and amenities, and the slight price difference"
10337,B,"Option A offers a slightly lower price ($140 vs. $178), is in the highly desirable Flatiron neighborhood, and has a strong guest review score (7.9/10) with a large review base. While Option B has a slightly higher rating (8.1/10) and includes a fitness center, the price is significantly higher and the neighborhood is less central. The free cancellation in Option B is a valuable benefit, but the price premium is substantial given the similar amenities and both lack breakfast. After weighing cost,"
10338,A,"Option A is in a highly desirable neighborhood (Flatiron) with a strong guest review score and includes a rooftop, which adds to the experience, though it lacks breakfast and has no free cancellation. Option B is slightly cheaper, offers breakfast, and has a higher review score with more reviews, but is in a less central neighborhood and lacks a rooftop or bar. Despite the price difference, breakfast is a significant convenience, and the higher review count suggests greater reliability. Given th"
10341,B,"Option A is in the highly desirable Midtown neighborhood, close to the Empire State Building and major attractions, with breakfast included and free cancellation—offering greater flexibility and convenience. While Option B is in Hell's Kitchen, a trendy neighborhood, it lacks breakfast and has no free cancellation, which reduces flexibility. Despite the slightly higher price, Option A provides better value with more amenities and greater convenience.  

Final answer: A"
10342,B,"Option A is in the prestigious Midtown neighborhood, closer to major attractions like the Empire State Building, and includes breakfast, which adds convenience. It has a higher guest review score (8.3 vs 8.1) and more reviews, indicating greater reliability. However, it lacks free cancellation and is more expensive. Option B is cheaper, offers free cancellation (a major benefit for last-minute plans), and is in a trendy neighborhood, but lacks breakfast and has fewer reviews. The trade-off favor"
10345,A,"Option A is in the prestigious Midtown neighborhood, offering a higher star rating and excellent guest reviews, with amenities like a restaurant and bar. However, it lacks free cancellation and breakfast, and is significantly more expensive. Option B is in Hell's Kitchen, has a slightly lower rating, but offers free cancellation—important for flexibility—and is much more affordable. While both lack breakfast, the ability to cancel freely and the lower price of Option B make it more practical for"
10346,B,"Option A is in the prestigious Midtown neighborhood, offering a higher star rating, a strong guest review score, and more amenities like a restaurant and bar, which enhance convenience and experience. Option B is in Hell's Kitchen, a more residential area, with a slightly lower rating and fewer amenities, though it is significantly cheaper. Given the value of location, amenities, and overall guest experience, Option A provides a more balanced and premium experience for a one-night stay in NYC.  "
10349,A,"Option A offers a higher star rating, is in a trendy neighborhood (SoHo), and includes a rooftop bar and restaurant—great for a more immersive experience—though it lacks free cancellation and breakfast. Option B is significantly cheaper, has free cancellation (a major plus for flexibility), and is in a desirable neighborhood, but lacks amenities like a restaurant or rooftop bar. While Option A has slightly better reviews and more amenities, the price difference is large, and free cancellation in"
10350,B,"Option A is in the upscale SoHo neighborhood, which is central and walkable, with a higher guest review score (8.2 vs 8.1) and includes a rooftop bar and restaurant—offering more entertainment and dining options. Option B is in Hell's Kitchen, a slightly less central area, with a lower star rating and fewer amenities, though it's cheaper. The price difference is significant, but the added value of amenities and location in SoHo outweighs the savings.  

Final answer: A"
10353,B,"Option A is in Midtown East, a more central and prestigious neighborhood, with a slightly higher guest review score (8.0 vs 8.1), but offers a double room with two beds and includes a restaurant and bar—more amenities for a social or dining experience. Option B is in Hell's Kitchen, a vibrant neighborhood, with a very high review score and a lower price, but lacks a restaurant or bar and has fewer amenities. While both have no free cancellation or breakfast, the value of location and amenities i"
10354,B,"Option A offers a higher star rating, is in a more central and prestigious neighborhood (Midtown East), includes breakfast, and has a slightly higher guest review score with more reviews—indicating greater reliability. While Option B is cheaper and has a high guest score, it lacks breakfast and has no free cancellation, which could be a significant drawback if plans change. The added value of amenities and flexibility in Option A makes it more suitable for a one-night stay in a major city like N"
10357,A,"Both options cost the same ($288 per night) and offer free cancellation, with strong guest review scores (8.4 vs. 8.3). Option A is in a quieter, more residential neighborhood (Boerum Hill) with a 4-star rating and a restaurant and lobby bar, but no breakfast. Option B is in the prestigious Midtown area, has a suite (more space), includes breakfast, and has a fitness center—valuable for a business or city stay. While both are solid, the inclusion of breakfast and the prime Midtown location make "
10358,A,"Option A offers a higher guest review score (8.2 vs 8.1), is in a more residential neighborhood (Boerum Hill), and has free WiFi and a restaurant, though it lacks breakfast and has no free cancellation. Option B is in a prime Midtown location, includes breakfast, has a fitness center, and offers free cancellation—valuable for flexibility—though it's more expensive and has a slightly lower review score. The inclusion of breakfast and free cancellation makes Option B more convenient and flexible, "
10361,A,"Option A offers a 4-star hotel in Midtown with a high guest review score, free WiFi, fitness center, and restaurant, at a lower price of $221, though it lacks breakfast and has no free cancellation. Option B is a 3-star hotel with a larger suite, includes breakfast, offers free cancellation, and is priced higher at $282. While Option B provides more value with breakfast and flexibility, Option A is more affordable and still highly rated. Given the trade-off between cost and amenities, and the fa"
10362,B,"Option A offers a 4-star hotel in Midtown with a higher guest review score, includes free cancellation, and provides a king room with a restaurant and bar—ideal for comfort and convenience. Option B is cheaper and has a larger room (suites with two beds), but lacks free cancellation and has fewer amenities. While the price difference is significant, the loss of flexibility (no cancellation) and fewer amenities in Option B may outweigh the cost savings. Given the importance of flexibility and ame"
10365,A,"Option A is in Brooklyn, a more affordable location with a strong guest review score and free WiFi and fitness center, but no breakfast. Option B is in Midtown Manhattan, a more central and prestigious area, with a higher guest score, breakfast included, and a suite with more space—though at a significantly higher price. The trade-off is between convenience and cost: Midtown offers greater value with breakfast and a premium location, while Brooklyn provides a budget-friendly option with fewer am"
10366,B,"Option A offers a lower price ($198 vs. $235), is in Brooklyn (a more affordable neighborhood), and includes breakfast, which adds value. While Option B has a slightly higher guest review score and is in the prestigious Midtown area, it lacks breakfast and costs $37 more. The trade-off favors Option A for better value and essential amenities.  
Final answer: A"
10369,A,"Option A offers a significantly lower price ($74 vs. $206), is in a desirable neighborhood (Upper West Side), and includes free WiFi and a shared kitchen—ideal for budget travelers or those prioritizing cost. However, it’s a dorm bed with limited privacy and no breakfast. Option B provides a more comfortable suite, breakfast, fitness center, and a higher guest review score, but at nearly triple the price. Given the trade-off between cost and comfort, and assuming I value both affordability and a"
10370,B,"Option A offers a significantly lower price ($51 vs. $152), is in a desirable neighborhood (Upper West Side), and includes free WiFi and a shared kitchen—ideal for budget travelers. However, it’s a dorm bed with limited privacy and no breakfast. Option B provides a more comfortable suite, includes breakfast and a fitness center, and has a higher guest score, but at a much higher price with no flexibility for cancellation. Given the trade-off between cost and comfort, and assuming I prioritize va"
10373,B,"Option A offers a higher star rating, a more central Midtown location, a significantly higher guest review score (9.1 vs 8.1), and includes a bar and restaurant, which adds to the overall experience. While the price is slightly higher, the free cancellation provides flexibility and peace of mind. Option B is slightly more expensive, lacks free cancellation, and is in a slightly less central area. The trade-off favors Option A for better amenities, location, and flexibility.

Final answer: A"
10374,B,"Option A is in the prestigious Midtown neighborhood, offering a higher star rating and an excellent guest review score, with a spacious double room and access to a restaurant and bar. Option B is slightly cheaper and also in Midtown West, with a solid review score and essential amenities, but lacks a bar and has a lower star rating. While both have free WiFi and fitness centers, the premium location and room size of Option A provide greater convenience and comfort for a one-night stay in NYC.  
"
10377,A,"Option A is in the prestigious Theater District, offering a 4-star rating, excellent guest reviews (9.2/10), and includes breakfast and 24-hour refreshments—ideal for a comfortable, convenient stay. However, it lacks free cancellation and is significantly more expensive ($434 vs. $161). Option B is in Midtown West, has a solid 8.0/10 rating, includes free cancellation, and offers a fitness center, but no breakfast and a lower star rating. Given the higher price and limited flexibility in Option "
10378,B,"Option A is in the prestigious Theater District, offering a 4-star rating, a high guest review score of 9.0/10, and includes breakfast and 24-hour refreshments—ideal for a comfortable, convenient stay. Option B is in Midtown West, has a 3-star rating and 7.8/10 reviews, includes a fitness center and restaurant, but lacks breakfast and is significantly cheaper. While Option B is more budget-friendly, the absence of breakfast and lower rating may reduce overall comfort. Given the high guest satisf"
10381,B,"Option A is in Williamsburg, Brooklyn, a more residential and culturally vibrant neighborhood, with a slightly higher guest review score (8.3/10) based on more reviews (941), and includes a rooftop bar, which adds to the experience. Option B is in Midtown West, a central and convenient location near major attractions, with a larger room (double bed), a fitness center, and more reviews (2,016), but a slightly lower rating. Both lack breakfast and have no free cancellation. While Option B offers m"
10382,B,"Option A is in a more vibrant, culturally rich neighborhood (Williamsburg) with a higher guest review score (8.4/10) and a rooftop bar, offering a more unique experience. Option B is in a central, convenient location (Midtown West), has more reviews (2,015), and includes a fitness center, but is slightly more expensive and has a lower review score. While both have similar amenities and prices, the higher guest satisfaction and unique atmosphere of Option A make it the better value for a one-nigh"
10385,A,"Option A offers a luxurious 5-star experience in the prestigious Midtown neighborhood with top amenities like a spa and restaurant, and a high guest review score. However, it is significantly more expensive ($1,456) and does not include breakfast or offer free cancellation. Option B is much more affordable ($185), includes breakfast, offers free cancellation, and is in the vibrant Times Square area—though it's a 3-star hotel with fewer luxury amenities. For a one-night stay, the value and flexib"
10386,A,"Option A offers a luxurious 5-star experience in the prestigious Midtown neighborhood with top amenities like a spa and restaurant, and a high guest review score. However, it is significantly more expensive ($1,493) and does not include breakfast or offer free cancellation. Option B is much more affordable ($179), includes breakfast, and offers free cancellation—key for flexibility—despite being a 3-star hotel in a bustling area. While the Plaza has superior luxury, the price and lack of flexibi"
10389,B,"Option A offers a 5-star luxury experience in Midtown East, with premium amenities like a spa, restaurant, and bar, and includes breakfast—ideal for comfort and convenience. Option B is more budget-friendly and has a higher volume of reviews, but lacks breakfast and is in a more crowded, bustling area. While both have high guest scores, Option A provides greater comfort and value for a one-night stay in a prime NYC neighborhood.  
Final answer: A"
10390,A,"Option A offers a 5-star luxury experience in Midtown East with top amenities like a spa and restaurant, and a high guest review score, though it doesn’t include breakfast. Option B is a more budget-friendly 3-star hotel in Times Square with breakfast included, a larger room, and a significantly lower price, despite being in a more crowded and bustling area. While Option A provides more luxury and comfort, Option B offers better value with essential perks like breakfast and a lower cost. Given t"
10393,A,"Option A is in the Financial District, a business-friendly area with a strong guest review score of 8.0/10 and includes a kitchen and free WiFi, but does not include breakfast. Option B has a higher guest review score (8.4/10), is in the vibrant Times Square neighborhood, includes breakfast, and is slightly more expensive. While Option B offers a better amenity (breakfast) and a more popular neighborhood, the price difference is small and the cancellation policy in Option B is non-flexible. Give"
10394,A,"Option A is in the Financial District, a business-heavy area with high visibility and proximity to major offices, but it's a one-bedroom suite with a kitchen, which may be useful for longer stays or families. However, it lacks free cancellation, which is a significant drawback if plans change. Option B is in Times Square, a vibrant, tourist-friendly area with a higher review count and free cancellation, offering more flexibility. While the room is smaller, the price is lower, and both include br"
10397,B,"Option A is in the desirable Flatiron neighborhood, offers a slightly lower price, includes breakfast and free WiFi, and has a strong guest review score. Option B is in the bustling Times Square area, has a higher review score, includes free cancellation, and offers a fitness center—but costs nearly double and has a larger room type that may not be needed. Given the price difference and the value of free cancellation and location, Option A provides better overall value for a one-night stay.  

F"
10398,A,"Option A is in the desirable Flatiron neighborhood, with a strong guest review score and rooftop amenities, but lacks breakfast and has no free cancellation. Option B is in the bustling Times Square area, has a higher guest review score, includes breakfast, and offers a fitness center—valuable for a one-night stay—despite a slightly lower price. While both are 3-star, the breakfast inclusion and better amenities make Option B more practical for a visitor.  

Final answer: B"
10401,A,"Option A offers a lower price ($139 vs. $248), is in a quieter, more residential neighborhood (Park Slope), and has a strong guest review score (7.9/10). However, it lacks breakfast and has no free cancellation. Option B is in a highly central, bustling area (Times Square), includes breakfast, has a higher review score (8.4/10), and offers a fitness center, but is significantly more expensive and does not allow free cancellation. Given the price difference and the value of breakfast and location"
10402,A,"Option A offers a lower price ($150 vs. $245), is in a quieter, more residential neighborhood (Park Slope), and has a strong guest review score (8.1/10). However, it lacks breakfast and has no free cancellation, which limits flexibility. Option B is in a more central, high-traffic area (Times Square), includes breakfast and free cancellation, and has a higher review score (8.4/10), but costs significantly more. Given the value of breakfast and flexibility, especially for a one-night stay in a bu"
10405,A,"Option A offers a higher star rating, a prime NoMad neighborhood, and includes breakfast, with a rooftop pool and members club—great for comfort and experience. However, it has no free cancellation and is significantly more expensive. Option B is more affordable, offers free cancellation, and is in the bustling Midtown area, but lacks breakfast and has fewer luxury amenities. Given the importance of flexibility and value, especially for a one-night stay, Option B provides better overall balance "
10406,A,"Option A offers a higher star rating, a prime NoMad neighborhood, and more luxurious amenities like a rooftop pool and members club, with a strong guest review score. However, it lacks free cancellation and breakfast, and is significantly more expensive. Option B is more affordable, has a larger review base, includes free cancellation, and offers practical amenities like a fitness center—though it's in Midtown and has a slightly lower rating. The trade-off favors B for value, flexibility, and pr"
10409,B,"Option A is in the bustling Times Square neighborhood, offering breakfast included and free cancellation, which provides more flexibility and convenience. While Option B is in the more central Midtown area and is significantly cheaper, it lacks breakfast and has no free cancellation, reducing flexibility. Given the value of having breakfast and the ability to cancel without penalty, especially for a one-night stay, Option A offers better overall experience despite the higher price.  

Final answ"
10410,A,"Option A is in Times Square, a bustling and central area, but it's more expensive ($309 vs. $278) and has a slightly higher guest review score (8.3 vs. 8.2), indicating better overall satisfaction. Option B is in Midtown, also central and well-connected, with a lower price and additional amenities like a restaurant and business center. While both offer free WiFi, fitness centers, and free cancellation, the price difference is significant, and Midtown is generally more convenient for business or "
10413,B,"Option A offers a lower price ($164 vs. $241), is in the desirable Midtown neighborhood, and has a higher guest review score (8.4 vs. 8.1), with key amenities like free WiFi and a fitness center. While Option B includes breakfast and has more amenities, the price is significantly higher, and the room type (double bed) may not suit a single traveler. Given the cost difference and slightly better reviews, Option A provides better value for a one-night stay.  
Final answer: A"
10414,A,"Both options are in Midtown, have 3-star ratings, and boast high guest review scores (8.4/10), with similar room types and free WiFi. Option A is significantly cheaper at $164, but lacks breakfast and has no free cancellation. Option B offers breakfast and more amenities (like a restaurant and business center), but costs $281—over $100 more. Given that breakfast is a major convenience for a one-night stay in NYC, and the price difference is substantial, the added value of breakfast in Option B j"
10417,A,"Option A offers a 5-star experience in Midtown with exceptional guest reviews, premium amenities like a spa and pool, and a luxurious room—though at a price nearly 6 times higher than Option B. Option B provides a solid 3-star hotel with a much lower price, strong review volume, and essential amenities, making it a more budget-friendly choice without sacrificing location or key features. Given the significant price difference and the value offered by Option B, the trade-off favors affordability "
10418,A,"Option A offers a 5-star experience in Midtown with exceptional guest reviews, premium amenities like a spa and pool, and breakfast included—ideal for comfort and luxury. However, it is significantly more expensive ($921) and does not allow free cancellation, which limits flexibility. Option B is much more affordable ($240), offers free cancellation, and includes breakfast and key amenities, with a strong review score based on a large number of reviews. While it lacks luxury features, it provide"
10421,B,"Option A is in Midtown East, slightly less central than Midtown, but offers a studio suite with a kitchen and free WiFi at a lower price ($223 vs. $285). It has a strong guest review score (8.0/10) with 1,486 reviews, and includes a fitness center. Option B has a higher review score (8.4/10) and more reviews (2,896), plus a restaurant and business center, but is more expensive and has a larger room (double bed) that may not suit all guests. Given the price difference and the value of a kitchen a"
10422,B,"Option A is in a slightly less central neighborhood (Midtown East vs. Midtown), but has a high guest review score (7.8/10) and offers a kitchen and free cancellation, which adds flexibility and value. It is significantly cheaper at $150 vs. $249, and both lack breakfast. While Option B has a slightly higher review score and more amenities (like a restaurant and business center), the price is nearly double, and cancellation is not free—reducing flexibility. Given the cost difference and the inclu"
10425,A,"Option A offers a higher star rating, is in a more historic and culturally rich neighborhood (Little Italy), has a strong guest review score, includes breakfast, and provides a restaurant—ideal for a comfortable, convenient stay. However, it lacks free cancellation and is more expensive. Option B is cheaper, offers free cancellation (a major benefit), and includes a fitness center, but is in a less central neighborhood and lacks breakfast. Given the importance of flexibility and value, especiall"
10426,B,"Option A offers a higher star rating, a more central and culturally rich neighborhood (Little Italy), and a higher guest review score, indicating better overall guest satisfaction. While the price is significantly higher, the Deluxe Queen room provides a more spacious and comfortable option. Option B is cheaper and has a fitness center, but it's in a less central area and has a lower review score with fewer reviews, suggesting less consistent quality. Given the value of location, comfort, and gu"
10429,A,"Option A is in Midtown, a central and convenient neighborhood, with a higher guest review score and 4-star rating, offering a deluxe room with premium comfort. Option B is in the Financial District, also central, with a slightly lower rating but includes free cancellation and a restaurant, which adds value. While both lack breakfast, Option B is cheaper and offers more flexibility with free cancellation. Given the balance of location, value, and flexibility, Option B provides better overall valu"
10430,A,"Option A offers a higher star rating, is in the prestigious Midtown neighborhood, and has a strong guest review score, with premium amenities like a fitness center and free WiFi. However, it lacks breakfast and has no free cancellation, which limits flexibility. Option B is significantly cheaper, includes breakfast, offers free cancellation, and has a well-reviewed stay in a central business district, with more amenities like a restaurant. While it's a lower-star hotel, the value, flexibility, a"
10433,A,"Option A is in the prestigious Midtown neighborhood with a high guest review score and city views, offering a premium experience at a slightly higher price. Option B is in the Financial District, has more reviews, includes breakfast, and offers a fitness center, but is 3-star and slightly cheaper. While both have free WiFi, the breakfast inclusion in Option B adds significant value for a one-night stay. Given the trade-off between premium location and practical amenities, Option B provides bette"
10434,B,"Option A offers a higher star rating, is in the prestigious Midtown neighborhood, includes breakfast, and has a strong guest review score with more reviews, indicating reliability. While it is more expensive, the added value of breakfast and city views in a prime location justifies the cost. Option B is cheaper and has a fitness center and restaurant, but lacks breakfast and has no free cancellation, which could be a significant drawback if plans change. Given the importance of convenience and f"
10437,B,"Option A is in the bustling Times Square neighborhood, offering a higher guest review score (8.3 vs 8.0), includes breakfast, and has a more spacious king room—ideal for comfort and convenience. However, it costs nearly $130 more and lacks free cancellation. Option B is in the Financial District, has a lower price, and includes a restaurant, but lacks breakfast and has no free cancellation, which could be a risk if plans change. Given the higher review score, breakfast inclusion, and greater fle"
10438,A,"Option A is in the bustling Times Square neighborhood, offering a higher guest review score (8.4 vs 8.1), a king bed (more space), and includes breakfast (though both options state it's not included—likely a typo). However, it is significantly more expensive ($315 vs $222). Option B is in the Financial District, a more business-friendly area, offers a restaurant, and is much more affordable without sacrificing key amenities. The price difference is substantial, and both lack breakfast, so the tr"
10441,B,"Option A is in the prestigious Midtown neighborhood, close to Central Park and major attractions, with a higher guest review score (8.5/10) and includes a business center, which may be valuable for business travelers. It also has free cancellation, offering flexibility. Option B is in the Financial District, has a slightly lower review score, lacks a business center, and does not offer free cancellation—reducing flexibility. While it is significantly cheaper, the trade-offs in amenities and flex"
10442,B,"Option A is in the prestigious Midtown neighborhood, close to Central Park and major attractions, with a higher guest review score (8.4 vs 7.8) and includes a business center, which may be valuable for business travelers. While it costs more ($303 vs $222), the location and overall guest satisfaction are stronger. Option B is cheaper and has a solid breakfast and WiFi, but lacks a business center and has no free cancellation, which could be a significant drawback if plans change. Given the value"
10445,B,"Option A offers a larger, more spacious one-bedroom suite with a kitchen, ideal for comfort and convenience, especially in a busy neighborhood like Times Square. It has a slightly higher guest review score (8.1 vs 7.9) and includes free cancellation, offering more flexibility. While Option B is cheaper and located in the Financial District, it lacks a kitchen and has no free cancellation, which could be a risk if plans change. The added value of space, amenities, and flexibility outweighs the lo"
10446,A,"Option A is in the bustling Times Square neighborhood, offering a studio suite with a kitchen and breakfast included (though listed as no—likely a typo), which may appeal to guests wanting more space and self-catering options. However, the price is significantly higher at $284 compared to Option B’s $202 in the Financial District, a more business-friendly and quieter area. While both have strong guest scores and free cancellation, Option B provides a more affordable price with essential amenitie"
10449,B,"Both hotels have the same star rating, guest review score, and lack breakfast or free cancellation. Option A is in the Chelsea neighborhood, which is more artsy and culturally vibrant, while Option B is in the Financial District, known for business and urban energy. The price difference is $39, with Option A being significantly cheaper. Given the lower cost and comparable amenities, Option A offers better value.  
Final answer: A"
10450,A,"Option A is in the Chelsea neighborhood, which is more artsy and culturally vibrant, but lacks breakfast and has a slightly lower review count. Option B is in the Financial District, a more central and business-friendly area, offers breakfast (a major convenience), and has more reviews with a slightly higher guest score. While both are 3-star and have free cancellation, the inclusion of breakfast in Option B adds significant value, especially for a one-night stay in a busy city like NYC.  

Fina"
10453,A,"Option A offers a 4-star hotel with a higher guest review score, a king room, free WiFi and fitness center, and no breakfast, at a significantly lower price ($194 vs. $289). Option B provides a 3-star hotel with a breakfast included, a larger suite with a kitchen, and a slightly lower review score, but at a much higher cost. The trade-off is between value and convenience—Option A is more affordable and slightly better rated, while Option B offers more amenities and breakfast at a steep price. Gi"
10454,B,"Option A offers a 4-star rating with a higher guest review score (8.6 vs. 8.3), a lower price ($167 vs. $219), and includes free WiFi and a fitness center—key amenities for a comfortable stay. While Option B includes a kitchen and breakfast, the price is significantly higher, and the lower star rating and fewer reviews suggest slightly less reliability. The trade-off favors Option A for better value and quality at a lower cost.

Final answer: A"
10457,A,"Option A offers a higher star rating, a more prestigious neighborhood (NoMad), and a slightly better guest review score, with premium amenities like a rooftop pool and members club. However, it has no free cancellation and is significantly more expensive. Option B is more affordable, includes free cancellation (a major benefit), has a larger room, and offers a kitchen—ideal for self-catering. While the star rating is lower, the guest review count is larger, suggesting broader satisfaction. The f"
10458,A,"Option A offers a higher guest review score (8.6 vs 8.1), is in a more desirable neighborhood (NoMad), and includes premium amenities like a rooftop pool and members club, though it lacks breakfast and has no free cancellation. Option B is significantly cheaper, includes breakfast, and has a larger room (king bed), with more reviews and a solid 3-star rating. While Option A has a more luxurious feel, the price difference is substantial, and breakfast is a major convenience. Given the value and p"
10461,B,"Option A offers a lower price ($227 vs. $272), includes breakfast, and is located in the Financial District—near major business and tourist hubs. While Option B has a kitchen and a slightly different room type, it lacks breakfast and has no free cancellation, which reduces flexibility. The guest review scores are identical, so quality is comparable. Given the lower cost, included breakfast, and greater flexibility with cancellation, Option A provides better value and convenience.  
Final answer:"
10462,A,"Option A is in the prestigious Financial District, offering a high guest review score and free WiFi and fitness center, but lacks breakfast and is significantly cheaper at $152. Option B is in Chelsea, has a slightly higher review score, includes breakfast, and offers a kitchen—valuable for a one-night stay with more flexibility—but costs $269, nearly double the price. The trade-off is between convenience and cost: breakfast and kitchen amenities are valuable, but the price difference is steep. "
10465,A,"Option A offers a higher guest review score (8.1 vs 8.3), is in a more prestigious neighborhood (Upper East Side), and includes a fitness center and restaurant, though it lacks breakfast and has no free cancellation. Option B has a slightly higher review score, includes breakfast, has a kitchen, and is in Chelsea—though it lacks free cancellation. Despite the lower price, the absence of free cancellation is a significant drawback. Given the value of flexibility and the convenience of breakfast, "
10466,B,"Option A offers a slightly lower price ($255 vs. $299), is in a prestigious neighborhood (Upper East Side), and has a strong guest review score (8.0/10). However, it does not include breakfast, and cancellation is free—offering more flexibility. Option B has a higher price, includes breakfast, and has a slightly higher review score (8.2/10), but lacks free cancellation, which could be a risk if plans change. Given the value of breakfast and the flexibility of free cancellation, Option A provides"
10469,A,"Option A offers a 5-star experience in a prime neighborhood (TriBeCa), with high guest satisfaction (9.4/10) and premium amenities like a spa and pool, though at a significantly higher price ($1,063). Option B is a 3-star hotel in Chelsea with a larger review base (8.3/10), includes breakfast, and is much more affordable ($302), though with fewer luxury amenities. The trade-off is between luxury and value—given the one-night stay and no breakfast requirement, the price difference is substantial,"
10470,A,"Option A offers a 5-star luxury experience in a prime neighborhood (TriBeCa), with excellent guest reviews and premium amenities like a spa and pool, but at a very high price ($1,037) with no free cancellation and no breakfast. Option B is significantly cheaper ($211), includes breakfast, has free cancellation, and offers a kitchen—practical for a one-night stay—despite being a 3-star hotel in a slightly less central area. The price difference is substantial, and Option B provides more value wit"
10473,A,"Option A offers a higher guest review score (8.3 vs 8.5), is in a more central Brooklyn neighborhood, and includes free WiFi and fitness center—though it lacks breakfast and has no free cancellation. Option B has a slightly higher review count, includes breakfast, has free cancellation, and offers a larger room with a kitchen, but is in a more expensive neighborhood (Chelsea) and costs $163 vs $210. Despite the lower price, Option B provides more value with breakfast, flexibility, and amenities,"
10474,B,"Option A offers a lower price, is in a central Brooklyn neighborhood, and includes free WiFi and fitness access, with a strong guest review score. Option B has a slightly higher rating and includes breakfast and a kitchen, which adds convenience, but costs nearly $60 more and lacks free cancellation, which is a significant drawback for flexibility. Given the price difference and the value of free cancellation, Option A provides better overall balance of cost, flexibility, and amenities.  

Final"
10477,A,"Option A offers a 5-star luxury experience in a prestigious neighborhood with excellent reviews and premium amenities like a spa and restaurant, but lacks breakfast and has no free cancellation—making it less flexible. Option B is more affordable, includes breakfast, offers free cancellation, and has a kitchen, which adds convenience and value, despite being a 3-star hotel in a different neighborhood. The significant savings and flexibility of Option B outweigh the slight downgrade in star ratin"
10478,A,"Option A offers a 5-star luxury experience in a prestigious neighborhood with excellent guest reviews, including a spa and restaurant, but lacks breakfast and has no free cancellation. Option B is more budget-friendly, includes breakfast, and has a larger review base, with a kitchen and fitness center, though it's a 3-star hotel in a different neighborhood. The trade-off is between luxury and value—breakfast is a significant convenience, especially for a one-night stay in a busy city. Given the "
10481,B,"Option A offers a lower price ($221 vs. $308), is in a quieter, more residential neighborhood (Boerum Hill), and has a strong guest review score (8.5/10) with a solid number of reviews. While Option B has more reviews and includes a rain shower and rooftop bar, the price is significantly higher and cancellation is free—only a minor benefit. The trade-off favors Option A for better value and affordability without sacrificing quality.  
Final answer: A"
10482,B,"Option A is in a quieter, more residential neighborhood (Boerum Hill) with a strong guest review score (8.3/10) and a lower price ($179). Option B has a slightly higher rating (8.6/10), more amenities like a rain shower and rooftop bar, and is in a vibrant, central neighborhood (Lower East Side), but costs $190—$11 more. The price difference is small, and both offer free WiFi and no breakfast, with no cancellation flexibility. Given the slightly better rating and lower cost, Option A provides be"
10485,B,"Option A is in the prestigious Midtown neighborhood, offering a higher guest review score (8.7/10) with more reviews, and includes a fitness center and restaurant—valuable for a city stay. It has free cancellation, which provides flexibility. Option B is in a vibrant but less central neighborhood, has a slightly lower review score, and lacks cancellation flexibility despite a modern aesthetic. The price is higher, and the trade-off of no cancellation outweighs the minor amenities difference.  

"
10486,B,"Both options have the same price and are 4-star hotels with strong guest review scores. Option A offers breakfast and free cancellation, which adds significant value for a one-night stay, especially with no breakfast included in Option B. While Option B has a slightly higher review score and unique amenities like a rooftop bar, the absence of breakfast and lack of free cancellation are notable drawbacks. Given the convenience and flexibility of having breakfast and the ability to cancel, Option "
10489,A,"Both hotels are 4-star with strong guest review scores, free cancellation, and no breakfast. Option A is in the upscale Chelsea neighborhood, offering a restaurant and fitness center, while Option B is in the vibrant Lower East Side with a rooftop bar and smart TV, and is $27 cheaper. The price difference is significant, and both offer similar amenities. Given the lower price and still excellent reviews, Option B provides better value without sacrificing quality.  

Final answer: B"
10490,B,"Both hotels have high guest review scores (8.7/10) and are 4-star, with similar room types and free WiFi. Option A is in the upscale Chelsea neighborhood, offering a fitness center and wine hour, while Option B is in the vibrant Lower East Side with a rooftop bar and smart TV. Though Option B is significantly cheaper, it lacks free cancellation, which is a major drawback for a last-minute or uncertain booking. Given the importance of flexibility and the value of free cancellation, Option A provi"
10493,A,"Option A is in the bustling Times Square, a central and iconic neighborhood, offering a high guest review score (7.9/10) and a slightly lower price ($260 vs. $266). Option B is in the more laid-back Lower East Side, with a higher guest review score (8.8/10), a rain shower, and a rooftop bar, but costs $6 more. While both have similar amenities and free cancellation, the price difference is small, and the Lower East Side offers a more tranquil, stylish experience with slightly better reviews. Giv"
10494,A,"Option A is located in the bustling Times Square, offering a high guest review score and a full range of amenities like a restaurant and bar, but at a significantly higher price ($367 vs. $227). Option B is in the more laid-back Lower East Side, has an even higher guest review score (8.8 vs. 7.9), and includes a rain shower and rooftop bar, with a much lower price. While both lack breakfast and free cancellation, the value and location of Option B provide better overall experience for the price."
10497,A,"Option A offers a 5-star luxury experience in a prime neighborhood (TriBeCa), with excellent guest reviews and premium amenities like a spa and pool, but at a significantly higher price ($927) and with no free cancellation. Option B provides a more budget-friendly price ($285), includes free cancellation, and is located in a vibrant neighborhood, with strong reviews and modern amenities like a smart TV and rooftop bar—though it lacks luxury features. Given the value, flexibility, and overall bal"
10498,A,"Option A offers a 5-star luxury experience in a prime neighborhood (TriBeCa), with high guest satisfaction and premium amenities like a spa and pool, but lacks free cancellation and breakfast, and is significantly more expensive. Option B provides a more budget-friendly price, free cancellation, and a modern, clean experience in a vibrant neighborhood, with strong reviews and a rooftop bar, though it lacks luxury amenities and a spa. While Option A feels more upscale, the cost and lack of flexib"
10501,A,"Option A offers a 3-star hotel in a modern neighborhood with strong guest reviews and free WiFi and a rooftop bar, but lacks breakfast and has no free cancellation—this could be a risk if plans change. Option B has a higher star rating, excellent reviews, includes breakfast, free cancellation, and more amenities like a rain shower and smart TV, though it's significantly more expensive. The added value of breakfast and flexibility with cancellation outweighs the cost difference for a one-night st"
10502,B,"Option A offers a 3-star hotel in Long Island City with a strong guest review score (7.8/10) and includes free WiFi and a rooftop bar, priced at $108 with no free cancellation. Option B has a 4-star rating, higher guest satisfaction (8.7/10), a king bed, more amenities (rain shower, smart TV), and free cancellation, but costs $236—nearly double the price. While B has superior amenities and flexibility, the price difference is significant, and both lack breakfast. Given the lower cost and solid r"
10505,A,"Option A is in Midtown West, a prestigious neighborhood with easy access to business districts and attractions, and has a strong guest review score (8.7/10) with a large review base. Option B is in Times Square, a vibrant but busier area, with a slightly higher guest score (8.9/10) and more reviews, and offers superior amenities like a rain shower and smart TV. However, Option B lacks free cancellation, which is a significant drawback for flexibility. Given the higher price of Option A and the l"
10506,A,"Option A is in Midtown West, a prestigious and convenient neighborhood, with a slightly higher guest review score (8.6 vs 8.5) and a well-rated restaurant and bar. Option B offers free cancellation, which provides greater flexibility, and includes premium amenities like soundproof rooms and a rain shower, enhancing comfort. While Option B is cheaper, the added value of flexibility and comfort makes it more appealing.  

Final answer: B"
10509,A,"Option A offers a 5-star luxury experience in the vibrant SoHo neighborhood with high guest satisfaction and premium amenities like a private theater and gym, but at a significantly higher price ($1,009) with no free cancellation. Option B provides a more affordable price ($255), excellent guest review volume, and strong amenities like a rain shower and smart TV, with the added benefit of free cancellation—offering greater flexibility. While Option A delivers luxury, Option B delivers better val"
10510,A,"Option A offers a 5-star experience in the trendy SoHo neighborhood with a high guest review score and premium amenities like a private theater and terrace, but at a significantly higher price ($760) with no free cancellation. Option B provides a more affordable price ($251), strong reviews from a larger number of guests, and modern amenities like a rain shower and smart TV, though in a more bustling Times Square location. While SoHo offers a more upscale atmosphere, the price difference is subs"
10513,B,"Option A offers a 5-star experience in a prestigious neighborhood (TriBeCa), with a high guest review score and premium amenities like a spa and fitness center, though it costs $546 and lacks breakfast. Option B is more affordable at $310, has a strong review base (3,216 reviews), and offers modern amenities like a rain shower and smart TV, but lacks free cancellation and is in a more bustling area (Times Square). While both lack breakfast, the higher price of Option A reflects luxury and locati"
10514,A,"Option A offers a 5-star luxury experience in the prestigious TriBeCa neighborhood with exceptional guest reviews and premium amenities like a spa and restaurant, though it lacks free cancellation and breakfast. Option B provides a more budget-friendly price, free cancellation, and a modern, soundproof room with a rain shower, in a high-traffic, vibrant neighborhood, with a larger review base. While Option A feels more luxurious, the significant price difference and lack of flexibility in cancel"
10517,A,"Option A offers a 5-star experience in a premium neighborhood (Hudson Yards), with high guest satisfaction (8.5/10) and amenities like a spa and rooftop pool, though at a significantly higher price ($836). Option B is in a bustling, iconic neighborhood (Times Square), has a slightly higher guest review score (8.7/10) with more reviews, and is much more affordable ($198), but lacks free cancellation and has fewer luxury amenities. While Option A provides more luxury and comfort, Option B offers b"
10518,A,"Option A offers a 5-star experience in the upscale Hudson Yards neighborhood with a high guest review score and premium amenities like a spa and rooftop pool, but at a significantly higher price of $946. Option B is in the bustling Times Square, has a higher review count and a more affordable price of $216, with modern, comfortable amenities like soundproof rooms and a rain shower. While Option A provides luxury and location appeal, Option B delivers better value for money with strong guest sati"
10521,A,"Both options are 4-star hotels with high guest review scores (8.1 vs. 8.9), free cancellation, and no breakfast. Option A is in Midtown East, a prestigious neighborhood, and offers a ""Heavenly Bed"" and a full restaurant, while Option B is in Times Square, a vibrant but busier area, with modern amenities like a rain shower and smart TV. The price difference is significant—Option B is nearly half the cost of Option A. Given the substantial price difference and the high guest satisfaction in Option"
10522,B,"Option A is in Midtown East, a prestigious and central neighborhood, with a slightly lower guest review score (8.1 vs 8.6) but includes a ""Heavenly Bed"" and a full restaurant, offering more luxury and convenience. Option B is in Times Square, a vibrant but busier area, with a higher guest score and modern amenities like a rain shower and smart TV, but lacks free cancellation, which is a significant drawback for flexibility. Given the importance of flexibility and the ability to cancel without pe"
10525,B,"Option A is in the Theater District, a culturally rich area with high guest satisfaction (9.3/10), and includes breakfast and free cancellation—offering more flexibility and convenience. Option B is in Midtown, a prime location, but lacks breakfast, has no free cancellation, and is less reviewed. While both are 4-star, the added value of breakfast and flexibility in Option A outweighs the slightly lower review score and lower price of Option B.  

Final answer: A"
10526,B,"Option A is in the Theater District, a culturally rich area with easy access to performances and attractions, and has a higher guest review score (9.4/10) indicating strong satisfaction. It includes a continental breakfast and 24-hour refreshments, though it lacks free cancellation. Option B is in Midtown, a central and convenient location, has a larger room (double bed), includes a fitness center and restaurant, and offers free cancellation—important for flexibility. While Option A has a slight"
10529,B,"Option A is in the Financial District, a central business area, and has a higher guest review score (8.1/10) based on more reviews (1,239), indicating stronger consistency in guest satisfaction. It offers a queen room, which is suitable for one person or a couple, and is priced $235—significantly lower than Option B. While Option B is in Midtown (also central), it has a lower review score (7.5/10) and a much higher price ($334), with a double room that may be overkill for a one-night stay. The a"
10530,A,"Option A is in the Financial District, a central business area, and has a higher guest review score (8.1/10) with strong amenities like free WiFi and a fitness center. However, it lacks breakfast and has no free cancellation, which limits flexibility. Option B is in Midtown, a more tourist-friendly area, offers breakfast, free cancellation, and a larger room (suitable for two guests), though it is more expensive and has a slightly lower review score. The inclusion of breakfast and flexibility wi"
10533,B,"Option A offers a higher guest review score (8.2 vs 7.6), is in the prime Midtown neighborhood, includes breakfast, and has a 3-star rating—indicating solid quality and reliability. While it lacks free cancellation, the breakfast and higher reviews provide greater value for a one-night stay. Option B is cheaper and includes a restaurant and bar, but lacks breakfast and has a lower review score despite more reviews. The trade-off favors comfort and convenience for a short stay.  

Final answer: A"
10534,B,"Option A offers a 3-star hotel in Midtown with a high guest review score (8.3/10), includes breakfast, has free cancellation, and is priced at $255—making it more affordable and flexible. Option B is a 4-star hotel with a larger review base (7.5/10), includes a restaurant and bar, but lacks breakfast, has no free cancellation, and is significantly more expensive at $330. The trade-off favors Option A for better value, reliability, and flexibility.  
Final answer: A"
10537,B,"Option A offers a 3-star hotel in Midtown East with a high guest review score (7.9/10) and includes a kitchen and free WiFi, which is useful for a one-night stay. It’s significantly cheaper at $214, though with no free cancellation. Option B is in the more central Midtown, has a slightly lower review score (7.7/10), includes a restaurant and bar, and has free cancellation—valuable if plans change—but costs $350, nearly double. Given the price difference and the inclusion of a kitchen (a major co"
10538,B,"Option A offers a 3-star hotel in Midtown East with a strong guest review score, a studio suite with a queen bed, and includes free WiFi and a kitchen, all for $145—significantly cheaper than Option B. While Option B has a 4-star rating, is in a more central Midtown location, and includes a restaurant and bar, the price is nearly double, and the room type is a king bed, which may not be necessary for a one-night stay. Given the price difference and the high value of Option A, especially with fre"
10541,B,"Option A offers a higher guest review score (8.0 vs 7.6), is in the same neighborhood (Midtown), includes breakfast, and has a slightly higher price. While Option B has free cancellation and a lower price, it lacks breakfast and has a slightly lower review score. Given the value of breakfast and higher guest satisfaction, Option A provides a more balanced and comfortable experience despite the higher cost.  
Final answer: A"
10542,A,"Option A offers a higher guest review score (8.2 vs 7.7), is in the same neighborhood (Midtown), and includes premium amenities like a double room, though it lacks breakfast and has no free cancellation. Option B is significantly cheaper, includes breakfast, and has more reviews, but lacks free cancellation. While Option A has slightly better reviews and more spacious accommodation, the cost difference is substantial, and breakfast is a major convenience. Given the value of breakfast and the low"
10545,B,"Both hotels are in the desirable Midtown neighborhood, have 4-star ratings, offer free cancellation, and include free WiFi and fitness centers. Option A has a higher guest review score (8.5 vs. 8.1) and a significantly lower price ($221 vs. $307), while Option B includes a restaurant, which adds convenience but at a higher cost. The price difference is substantial, and the guest review score of Option A suggests greater satisfaction. Given the comparable amenities and a better overall guest expe"
10546,A,"Option A offers a slightly higher guest review score (8.2 vs 8.1) and is located in Midtown, close to Bryant Park, but lacks free cancellation and does not include breakfast. Option B has more reviews (indicating broader validation), includes a restaurant, and offers free cancellation—important for flexibility—despite a lower star rating and price. The price difference is significant, and the added amenities and flexibility make Option B more practical and valuable.  

Final answer: B"
10549,A,"Option A offers a higher guest review score (8.6 vs 8.0), is located in the upscale NoMad neighborhood, and includes a rooftop pool and members club—enhancing comfort and experience. However, it is nearly double the price and has a medium room with only one king bed. Option B is significantly cheaper, located in Midtown (a central area), and offers a double room (suitable for two guests), though with fewer amenities. Given the price difference and the value of a double room for two guests, Optio"
10550,A,"Option A offers a higher guest review score (8.7 vs 8.3), is in the upscale NoMad neighborhood, and includes a rooftop pool and members club—great for comfort and experience—though it lacks free cancellation and breakfast. Option B is significantly cheaper, has a larger room (suitable for two guests), includes free cancellation (a major benefit), and is in the central Midtown area. While Option A has superior amenities and a better review score, the price difference is large, and Option B offers"
10553,B,"Option A offers a 3-star hotel in the Financial District with a high guest review score, includes breakfast, and has free cancellation—providing flexibility and value. It costs $160 per night, significantly less than Option B. While Option B is in a more central Midtown location with a higher star rating and a restaurant, it lacks breakfast, has no free cancellation, and is nearly double the price. The trade-off favors Option A for better value, reliability, and convenience for a one-night stay."
10554,A,"Option A is located in the Financial District, a business-heavy area with high foot traffic and proximity to major offices, but it's more expensive ($272 vs. $194) and has a slightly lower review count despite a high guest score. Option B is in Midtown, a more central and tourist-friendly neighborhood with a higher review count and a restaurant, offering better value at a lower price. While both lack breakfast, the added convenience of a restaurant and central location in Midtown provides greate"
10557,A,"Option A offers a higher guest review score (8.7 vs 9.0), but the price is $338 compared to $301 for Option B. While Option B has a slightly better overall rating and includes additional amenities like a fitness center, restaurant, and bar, it is more affordable. Given that both are in the same neighborhood and offer similar amenities (free WiFi, no breakfast), and considering the price difference, Option B provides better value for money without sacrificing much in terms of quality.  

Final an"
10558,A,"Both hotels are in the highly desirable Midtown neighborhood and have 4-star ratings with strong guest review scores—Option B has a slightly higher review score (8.8 vs. 8.7) and more reviews, indicating greater reliability. Option B offers a double room (suitable for two guests) with additional amenities like a fitness center, restaurant, and bar, which enhances convenience and experience. While Option A has a higher price ($289 vs. $242), the difference is significant, and the extra amenities "
10561,A,"Option A is in Times Square, a vibrant but bustling area, and has a strong guest review score of 7.3/10 with 4,514 reviews. Option B is in Midtown, a more central and prestigious neighborhood, with a much higher guest review score of 9.1/10 based on over 14,000 reviews, indicating superior guest satisfaction. Both hotels offer similar amenities and lack breakfast or free cancellation, so the key trade-off is location and reputation. Midtown is more convenient for business or tourist access, and "
10562,B,"Option A is in the bustling Times Square neighborhood, with a strong guest review score of 7.3/10 and a lower price of $214, though it lacks free cancellation. Option B is in the more prestigious Midtown neighborhood, has a much higher guest review score of 8.8/10, and includes free cancellation, but costs $319—significantly more. While Option B offers better reviews and flexibility, the price is steep. Given the value of a 4-star hotel with good amenities and a solid review score, and consideri"
10565,A,"Option A offers a 3-star hotel in Chelsea with a strong guest review score (7.7/10) and includes breakfast and free WiFi, at $273 per night. Option B is a 4-star hotel in Midtown with an excellent review score (9.0/10), includes breakfast and more amenities like a restaurant and bar, at a lower price of $247—though with no free cancellation. Despite the higher price and less amenities, Option B provides better location (Midtown is more central), superior reviews, and a lower cost, with only a mi"
10566,B,"Option A offers a 3-star hotel in Chelsea with a strong guest review score (7.7/10) and includes breakfast, which is a significant benefit for a one-night stay. Option B has a higher star rating (4 stars) and is in the more central Midtown neighborhood, with an excellent review score (9.1/10), but lacks breakfast and is slightly more expensive. While the location and rating of Option B are superior, the inclusion of breakfast in Option A adds practical value, especially for a short stay. Given t"
10569,A,"Option A is in Times Square, a vibrant but bustling area, with a high guest review score of 7.9/10, and offers a king-sized bed, which may be preferable for comfort. Option B is in Midtown, a more central and prestigious neighborhood, with an excellent review score of 9.1/10 and a significantly lower price—$273 vs. $374—while offering a double room for two guests. Though both have similar amenities, the Midtown location and higher review score suggest better overall value and experience.  

Fina"
10570,A,"Option A is in Times Square, a vibrant but bustling area, with a strong guest review score of 7.7/10 based on 3,050 reviews, and costs $325 per night. Option B is in Midtown, a more central and prestigious neighborhood, with an excellent review score of 9.1/10 from 15,623 reviews, and costs $386 per night—about $61 more. While both offer similar amenities and free cancellation, the higher rating and central location of Option B justify the extra cost for a better experience.  

Final answer: B"
10573,B,"Option A offers a 3-star hotel in Midtown with a strong guest review score (7.6/10) and includes breakfast, which is a significant benefit for a one-night stay. Option B has a higher star rating (4 stars) and an excellent review score (9.0/10), with more amenities like a restaurant and bar, but lacks breakfast and is slightly cheaper. While Option B has better amenities and a higher rating, the absence of breakfast may reduce its value for a guest seeking convenience. Given that breakfast is a k"
10574,B,"Option A offers a 3-star hotel in Midtown with a strong guest review score (7.3/10) and includes free WiFi and a fitness center at a significantly lower price ($139). It lacks free cancellation and breakfast, but the price is much more affordable. Option B has a higher star rating (4 stars), a better review score (8.8/10), and includes a restaurant and bar, but costs $400—over three times more—and still lacks breakfast and free cancellation. Given the price difference and the high value of Optio"
10577,B,"Option A offers a 2-star hotel in Midtown with a solid guest review score, a queen room, and free WiFi at a significantly lower price of $88 per night. Option B provides a 4-star hotel with a much higher guest score, a larger room, and additional amenities like a fitness center and restaurant, but costs $327—over three times more. Given the one-night stay and the high price of Option B, the value and amenities are not justified for a single night.  

Final answer: A"
10578,B,"Option A offers a 2-star hotel in Midtown with a solid guest review score, free WiFi, and a lower price at $122 per night, though with no free cancellation and no breakfast. Option B is a 4-star hotel with a much higher review score, more amenities (fitness center, restaurant, bar), free cancellation, and a significantly higher price at $320. While Option B provides more comfort and flexibility, the price is nearly triple that of Option A, and both lack breakfast. Given the significant price dif"
10581,A,"Option A offers a 5-star experience in a prime Midtown location with high guest satisfaction (8.3/10) and premium amenities like a spa, but lacks free cancellation and breakfast. Option B has a slightly higher guest review score (9.0/10), is significantly cheaper ($400 vs. $464), includes free cancellation, and is in the same neighborhood—offering better value and flexibility. While Option A has more luxury amenities, the price difference and added flexibility of free cancellation make Option B "
10582,A,"Option A offers a 5-star experience in a prime Midtown location with a high guest review score and premium amenities like a spa, but at a significantly higher price ($625 vs. $266). Option B has a slightly higher guest review score (9.0 vs. 8.5), is in the same neighborhood, and is much more affordable, with only a missing spa and no breakfast—yet still includes essential amenities. The price difference is substantial, and given that both options lack free cancellation and breakfast, the value l"
10585,B,"Option A is in the highly desirable NoMad neighborhood, known for its luxury and proximity to cultural and business hubs, and has a higher guest review score (8.7/10) with fewer reviews but stronger feedback. It includes a rooftop bar and restaurant, offering more amenities and a premium experience. Option B is in Midtown, a central location, has more reviews (1,991), and is significantly cheaper at $200, but lacks a rooftop bar and has a slightly lower review score. While both are 4-star and of"
10586,A,"Option A is in the highly desirable NoMad neighborhood, known for its upscale atmosphere and proximity to cultural and dining hotspots, with a strong guest review score of 8.5/10 based on 1,032 reviews. Option B has a slightly higher review score (8.6/10) and more reviews (2,052), indicating broader validation, and offers free cancellation, which provides greater flexibility. However, Option B is $7 more expensive and located in Midtown, which is central but less exclusive than NoMad. Given the "
10589,B,"Both options offer a deluxe king bed, free cancellation, and no breakfast, with similar amenities like free WiFi and fitness centers. Option A is in the prestigious Midtown East neighborhood, with a higher guest review score (8.7/10) and includes a spa and bar, adding to the luxury experience. Option B is slightly cheaper and in Midtown, with a slightly higher review count (8.4/10), but lacks a spa and bar. Given the premium location, superior amenities, and strong guest satisfaction, the added "
10590,B,"Option A offers a 5-star experience in a prime Midtown East location with a high guest review score, premium room type, and additional amenities like a spa and bar, though at a significantly higher price. Option B is more affordable and located in Midtown, with a strong review score and essential amenities, but lacks a spa and has a lower star rating. The trade-off is between luxury and value—given the price difference and the inclusion of a spa and premium location, Option A provides a more com"
10593,A,"Option A offers a 5-star experience in a trendy neighborhood (SoHo) with a high guest review score and premium amenities like a restaurant and bar, though at a significantly higher price ($805). Option B is in a more central Midtown location, has a larger review base, and is much cheaper ($201), but lacks free cancellation and has a lower star rating. While both lack breakfast, the value and convenience of Midtown location and affordability make Option B more practical for a one-night stay.  

F"
10594,A,"Option A offers a 5-star experience in a trendy neighborhood with a high guest review score and premium amenities like a restaurant and bar, but at a significantly higher price ($656) with no free cancellation. Option B is in a central Midtown location, has a strong review base, includes free cancellation, and is much more affordable ($214), though it lacks a restaurant and has a lower star rating. While Option A provides luxury and ambiance, the price and lack of flexibility (no cancellation) m"
10597,B,"Option A offers a 3-star hotel in Downtown Brooklyn with a strong guest review score, free cancellation, and essential amenities like free WiFi and a fitness center, at a significantly lower price of $201. Option B is in the more central Midtown neighborhood, has a 4-star rating, includes breakfast, and has a restaurant, but charges $339 and does not offer free cancellation. While Option B provides more luxury and convenience, the price is nearly double, and the lack of cancellation flexibility "
10598,B,"Option A is in a more affordable price point ($240 vs. $355), located in Downtown Brooklyn, which is more accessible and less expensive than Midtown. While Option B has a slightly higher star rating and includes a restaurant, the price difference is significant, and both lack breakfast. Given the lower cost and strong guest reviews (8.3/10), Option A offers better value for a one-night stay.  

Final answer: A"
10601,A,"Option A offers a 5-star experience in Midtown with a high guest review score and premium amenities like a spa and fitness center, but at a significantly higher price ($573 vs. $278). Option B provides a strong 8.7-star review, allergy-friendly rooms, and a rooftop bar at a much lower price, with similar amenities like free WiFi and a midtown location. While Option A has more luxury features, the price difference is substantial, and Option B delivers excellent value and guest satisfaction with c"
10602,A,"Option A offers a 5-star experience in Midtown with a high guest review score, includes breakfast, and has premium amenities like a spa and fitness center—ideal for comfort and convenience. Option B has a higher guest review score, is significantly cheaper, and offers allergy-friendly rooms and a rooftop bar, but lacks breakfast and has a lower star rating. While Option A provides more luxury and convenience, the price difference is substantial, and the absence of breakfast in Option B is a majo"
10605,B,"Option A offers a 3-star hotel in the Chelsea neighborhood with a strong guest review score of 8.0/10 and a significantly lower price of $184 per night, including free WiFi and a fitness center. Option B is a 4-star hotel in Midtown with an excellent 8.8/10 rating, a rooftop bar, and allergy-free rooms, but costs $357—over double the price of Option A. While Option B has superior amenities and a more central location, the price difference is substantial, and both lack breakfast and free cancella"
10606,B,"Option A offers a 3-star hotel in the Chelsea neighborhood with a strong guest review score of 8.0/10 and a significantly lower price at $151 per night. It includes essential amenities like free WiFi, fitness center, and a restaurant, though it lacks a rooftop bar or allergy-friendly rooms. Option B, a 4-star hotel in Midtown with an excellent 8.8/10 rating and more premium amenities, costs $228—over $70 more—without breakfast. While Midtown is more central, the price premium is substantial, and"
10609,A,"Option A is in the popular SoHo neighborhood, with a strong guest review score and amenities like a fitness center and restaurant, but at a higher price ($296). Option B is in the more central Midtown neighborhood, has a slightly higher guest review score (8.8 vs 8.1), includes allergy-free rooms, and is significantly cheaper at $225. While both offer free WiFi and no breakfast, the Midtown location and lower price make Option B more value-driven.  

Final answer: B"
10610,B,"Option A offers a 3-star hotel in the vibrant SoHo neighborhood with a strong guest review score of 8.0/10 and includes free cancellation, which provides flexibility. It is slightly cheaper at $335 and has a fitness center and restaurant. Option B is in the more central Midtown area with a higher guest score (8.8/10), allergy-friendly rooms, and a rooftop bar, but lacks free cancellation and is more expensive at $366. While B has superior amenities and a better location, the lack of cancellation"
10613,B,"Option A offers a 3-star hotel in the bustling Times Square area with a strong guest review score (7.8/10), includes breakfast, and has a fitness center—ideal for a budget-conscious traveler seeking convenience and daily essentials. Option B is a 4-star hotel in Midtown with an excellent review score (8.9/10), includes free cancellation, and offers unique amenities like a rooftop bar and allergy-free rooms, but lacks breakfast and is slightly cheaper. While B has better amenities and flexibility"
10614,B,"Option A offers a 3-star hotel in the bustling Times Square area with a high guest review score of 7.8/10, includes breakfast, and has free WiFi and a fitness center at a lower price of $179. Option B is a 4-star hotel in Midtown with an excellent 8.8/10 rating, includes a rooftop bar and allergy-free rooms, but lacks breakfast and costs $208. While Option B has superior amenities and a higher rating, the absence of breakfast and higher price outweigh the benefits for a one-night stay. The value"
10617,A,"Option A offers a 5-star luxury experience in Midtown with excellent guest reviews, premium amenities like a spa and fitness center, and free cancellation—great for flexibility. However, it lacks breakfast and is significantly more expensive. Option B is more affordable, includes breakfast, and has a strong review base with allergy-friendly rooms, though it lacks cancellation flexibility. Given the value of breakfast and affordability, and the fact that both are in Midtown, Option B provides bet"
10618,A,"Option A offers a 5-star luxury experience in Midtown with exceptional guest reviews, premium amenities like a spa and fitness center, and free cancellation—providing flexibility and comfort. However, it is nearly three times more expensive than Option B. Option B is significantly more affordable and offers a modern, allergy-friendly stay with a strong review base, though without cancellation flexibility. Given the price difference and the need for a one-night stay, the value and practicality of"
10621,B,"Option A is in a more central, convenient neighborhood (Midtown East) with a slightly higher guest review score and includes breakfast, which is valuable for a one-night stay in a busy city. Option B is slightly cheaper but lacks breakfast and is in a less central neighborhood. While the 4-star rating is slightly better, the absence of breakfast and less convenient location outweigh the small advantage.  

Final answer: A"
10622,B,"Option A is in a prime Midtown East location, close to major attractions and public transit, with a 3-star rating and breakfast included—valuable for a one-night stay. Option B offers a 4-star rating and free cancellation, which provides flexibility, and is in a vibrant neighborhood, but lacks breakfast and has a slightly lower review count. While both have high guest scores and free WiFi, the inclusion of breakfast in Option A adds significant convenience. Given the location, amenities, and val"
10625,B,"Option A offers a 3-star hotel in the highly desirable SoHo neighborhood with a strong guest review score of 8.2/10 and includes breakfast, which is a major convenience. Option B has a slightly higher star rating and a better review score (8.4/10), with more amenities like a restaurant and bar, but lacks breakfast and is significantly more expensive. The price difference is substantial, and breakfast is a key benefit for a one-night stay. Given the value of breakfast and the high demand for SoHo"
10626,A,"Option A offers a 3-star hotel in the highly desirable SoHo neighborhood with a strong guest review score (8.4/10) and includes breakfast, which is valuable for a one-night stay. However, it lacks free cancellation and has a higher price. Option B is slightly cheaper, has a 4-star rating and more reviews (8.2/10), includes a bar and restaurant, and offers free cancellation—important for flexibility. While SoHo is more central and trendy, the Lower East Side is also walkable and vibrant. The incl"
10629,A,"Option A is in a popular neighborhood (Williamsburg) with a high guest review score and includes a pool and restaurant, but has no free cancellation and a higher price. Option B has a slightly higher review score, includes a fitness center and bar, offers free cancellation, and is cheaper—making it more flexible and convenient. While both are 4-star with breakfast excluded, B provides better value and flexibility.  

Final answer: B"
10630,A,"Option A offers a higher guest review score (8.0/10) with a strong neighborhood (Williamsburg), and includes a pool and restaurant, but lacks breakfast and has no free cancellation. Option B has a slightly higher review score (8.1/10), more reviews (indicating broader validation), includes breakfast (a major convenience), and has a fitness center and bar, with a slightly lower price. While both are 4-star hotels, the breakfast inclusion in Option B adds significant value for a one-night stay.  
"
10633,B,"Option A offers a 3-star hotel in the Chelsea neighborhood with a high guest review score (8.3/10), a king room, free cancellation, and free WiFi and fitness center—despite no breakfast. Option B is a 4-star hotel in Times Square with a slightly higher review score (8.6/10), a double room, and more amenities like a restaurant and bar, but lacks free cancellation and is nearly double the price. While Option B has better amenities and a slightly better review score, the price difference is signifi"
10634,B,"Option A offers a 3-star hotel in the Chelsea neighborhood with a high guest review score (8.2/10), includes breakfast, and has a significantly lower price ($241) compared to Option B. While Option B has a slightly higher rating (8.4/10) and more amenities like a restaurant and bar, it lacks breakfast and costs $372—over 50% more. Given the value of breakfast and affordability, Option A provides better overall value for a one-night stay.  
Final answer: A"
10637,B,"Option A is located in Midtown, closer to Central Park and many business districts, offering a slightly lower price ($195 vs. $254) with a high guest review score (8.3/10) and solid amenities. Option B, while slightly more expensive and in the vibrant Times Square area, has a marginally higher review score (8.4/10) and includes a bar, which may appeal to some guests. However, the price difference is significant, and both hotels offer similar amenities and lack breakfast. Given the lower cost and"
10638,B,"Option A is in the prestigious Midtown neighborhood, closer to Central Park and major attractions, with a slightly higher price but includes a business center and is fully cancellable. Option B is in the vibrant Times Square area, also highly rated, with a lower price and a bar, but lacks cancellation flexibility. While both offer good amenities and high guest scores, Option A provides greater convenience and peace of mind with free cancellation.  

Final answer: A"
10641,A,"Option A is in a more residential, quieter neighborhood (Downtown Brooklyn) with a slightly lower guest review score (7.8/10) and no breakfast, but offers a king bed and is $34 cheaper. Option B is in the iconic Times Square area, has a higher guest score (8.4/10), includes breakfast, and has a bar—ideal for a vibrant, city-center experience, though more expensive. The trade-off is between convenience and value: Times Square offers more amenities and a better review score, even with a higher pri"
10642,A,"Both options are 4-star hotels with free cancellation and the same room type and price. Option B has a higher guest review score (8.4 vs. 7.7) and is located in the iconic Times Square neighborhood, which offers greater convenience for tourists and nightlife. While both include free WiFi, restaurant, and fitness center, Option B’s bar adds more social and experiential value. The slightly better reviews and prime location make Option B more appealing despite the identical price.  
Final answer: B"
10645,B,"Option A offers a 3-star hotel in the Chelsea neighborhood with a strong guest review score of 8.0/10 and includes breakfast and free WiFi, at a significantly lower price of $144 per night. Option B is a 4-star hotel in Times Square with a higher review score (8.4/10), more amenities like a restaurant and bar, and a room with two beds—ideal for couples or guests needing more space—but costs $214, nearly $70 more. Given the price difference and the fact that both options include breakfast and fre"
10646,B,"Option A offers a 3-star hotel in the Chelsea neighborhood with a strong guest review score of 7.8/10 and a significantly lower price of $183 per night. Option B has a 4-star rating, an impressive 8.7/10 review score, and more amenities like a restaurant and bar, but costs $348—over double the price of Option A. While the amenities and location of Times Square are appealing, the price difference is substantial, and both options exclude breakfast. Given the high cost of Option B relative to the v"
10649,A,"Option A is in the prestigious TriBeCa neighborhood, with a high guest review score and a restaurant, but lacks free cancellation and breakfast. Option B is in the bustling Times Square area, has a slightly higher review score, includes a fitness center and bar, offers free cancellation, and is significantly cheaper. While both are 4-star with good amenities, B provides better value with flexibility and additional features at a lower price.  

Final answer: B"
10650,B,"Option A is in the highly desirable TriBeCa neighborhood, with a strong guest review score (8.1/10) and includes free WiFi and a restaurant. Option B has a slightly higher review score (8.6/10), more amenities (including a fitness center and bar), and is in the bustling Times Square area, but costs $15 more and offers no free cancellation—making it less flexible. While both are 4-star hotels with breakfast excluded, Option A provides a more central, historic neighborhood with a solid reputation "
10653,B,"Option A offers a 3-star hotel in a central Brooklyn neighborhood with strong guest reviews (8.3/10), free WiFi, and a fitness center, at a significantly lower price ($173) with no free cancellation. Option B is a 4-star hotel in the iconic Times Square area, also with excellent reviews (8.3/10), more amenities (restaurant, bar), and free cancellation, but costs nearly double ($316). While B has more amenities and flexibility, the price difference is substantial, and Brooklyn is still a vibrant,"
10654,B,"Option A offers a 3-star hotel in a central Brooklyn neighborhood with a high guest review score (8.4/10) and includes free WiFi and a fitness center, priced at $210 with no free cancellation. Option B is a 4-star hotel in the iconic Times Square area, with a higher review score (8.7/10), more amenities (including a restaurant and bar), and free cancellation, but costs $235. While Option B has better amenities and flexibility, the price difference is significant, and Brooklyn is still a central,"
10657,B,"Option A offers a higher guest review score (8.9 vs 8.3), is located in Midtown East (slightly more central and upscale), and includes additional amenities like a wine hour and restaurant—enhancing the overall experience. While the price is higher ($410 vs $269), the added perks and superior reviews justify the cost for a premium experience. Option B is more affordable and still in Midtown, but lacks the extra amenities and has a slightly lower review score.  

Final answer: A"
10658,B,"Option A offers a slightly higher guest review score (8.7 vs 8.4), is located in Midtown East (slightly more central than Midtown), and includes a restaurant and wine hour—enhancing the overall experience. While it's more expensive, the inclusion of a restaurant and wine hour adds value. Option B has free cancellation, which provides flexibility, but lacks amenities like a restaurant and wine hour. Given the higher review score, better location, and more amenities, Option A offers a more balance"
10661,B,"Option A offers a 5-star luxury experience in the vibrant SoHo neighborhood with top-rated guest reviews, including a private theater and terrace, and includes breakfast—ideal for a premium stay. Option B is more budget-friendly and located in the central Midtown area, with a higher volume of reviews and essential amenities, but lacks breakfast and has a lower star rating. While both have free cancellation, the value of a full breakfast and premium amenities in a desirable neighborhood justifies"
10662,B,"Option A offers a 5-star experience in the vibrant SoHo neighborhood with a high guest review score, premium amenities like a private theater and gym, and a spacious king bed—ideal for comfort and luxury. However, it costs nearly $640 more than Option B. Option B is in the central Midtown area, has a solid review score, and is significantly more affordable with only a fitness center, though it has a smaller bed. Given the price difference and the value of amenities like a private theater and ter"
10665,B,"Option A offers a 3-star hotel in the Chelsea neighborhood with a high guest review score (8.1/10), includes breakfast, and has free WiFi and a fitness center. It is significantly cheaper at $219 per night, though with no free cancellation. Option B is a 4-star hotel in Midtown with an excellent review score (8.4/10), free cancellation, and a more spacious room, but lacks breakfast and costs $296—$77 more. While B has better amenities and flexibility, the price premium and lack of breakfast outw"
10666,B,"Option A offers a 3-star hotel in the Chelsea neighborhood, priced at $194, with a king bed and free WiFi and fitness center. Option B is a 4-star hotel in Midtown, priced at $376, with a deluxe queen room and the same amenities, but at nearly double the cost. While the Bryant Park Hotel has a slightly more prestigious rating and is in a more central, desirable neighborhood, the price difference is significant, and both have the same breakfast policy and cancellation policy. Given the high price"
10669,B,"Option A offers a 3-star hotel in the vibrant SoHo neighborhood with a high guest review score (8.4/10), includes breakfast, and has free cancellation—providing flexibility and convenience. It is significantly cheaper than Option B and includes a full breakfast, which adds value. Option B, while in a prime Midtown location with a slightly higher star rating and more reviews, lacks breakfast and has no free cancellation, reducing flexibility. The price difference is substantial, and the inclusion"
10670,B,"Option A offers a 3-star hotel in the vibrant SoHo neighborhood with a high guest review score, includes breakfast, and has free cancellation—providing flexibility and convenience. It is significantly cheaper at $185 per night. Option B, while in a prime Midtown location with a 4-star rating and more reviews, lacks breakfast and has no free cancellation, and is nearly $100 more expensive. The trade-off favors Option A for better value, inclusivity, and flexibility.  

Final answer: A"
10673,B,"Option A offers a 3-star hotel in the bustling Times Square neighborhood with a high guest review score (8.1/10) and includes free cancellation, which provides flexibility. It has a lower price ($277) and includes a restaurant and business center, adding convenience. Option B is in the more central Midtown area with a slightly higher rating (8.4/10), but lacks free cancellation and has a significantly higher price ($362), with fewer amenities. While Midtown is more central, the cost and lack of "
10674,B,"Option A offers a 3-star hotel in the bustling Times Square neighborhood with a high guest review score, free WiFi, fitness center, and restaurant, at $210 per night—no breakfast. Option B is a 4-star hotel in Midtown with a slightly higher review score, includes breakfast, and has a more premium room, but costs $237. While Option B has better amenities and includes breakfast, the price difference is significant, and both have strong reviews and free cancellation. Given the value and sufficient "
10677,B,"Option A is in the bustling Times Square neighborhood, with a strong guest review score of 7.7/10 and includes breakfast, which adds value for a one-night stay. Option B is in the more upscale Midtown, with a higher guest score of 8.5/10, but lacks breakfast and is more expensive. While the amenities are similar, the inclusion of breakfast in Option A provides a practical benefit for a short stay. Given the balance of value, location, and included benefits, Option A offers better overall value. "
10678,B,"Option A is in Times Square, a vibrant but busier neighborhood, with a strong guest review score of 7.7/10 and a lower price of $282. Option B is in Midtown, a more central and upscale area, with a higher guest score of 8.1/10 and a significantly higher price of $349. While both offer free WiFi and fitness centers, the Deluxe King room in Option B provides a slightly better experience, but the price premium is substantial. Given the value and location trade-off, Option A offers better value for "
10681,B,"Option A offers a 3-star hotel in Brooklyn with a strong guest review score (7.8/10), includes breakfast, and has a lower price ($128) with free WiFi and a fitness center. Option B is in the more central Midtown area with a higher star rating (4 stars) and an excellent review score (8.2/10), but lacks breakfast and costs $220—significantly more, with fewer amenities. While Midtown is more convenient, the price difference is large, and breakfast is a major convenience. Given the value and inclusi"
10682,B,"Option A offers a 3-star hotel in Brooklyn with a strong guest review score (7.5/10), includes breakfast, has free cancellation, and is significantly more affordable at $125 per night. Option B is in the prime Midtown neighborhood with a higher star rating and guest score (8.2/10), but lacks breakfast, has no free cancellation, and costs $250—almost double the price. While B has better amenities and location, the lack of flexibility and breakfast, combined with the high cost, make it less practi"
10685,A,"Option A offers a 5-star experience in Midtown with a high guest review score, premium amenities like a butler and restaurant, and a luxurious room—though at a significantly higher price. Option B provides a more affordable price with solid amenities and a large review base, but lacks luxury features and has a lower star rating. Given the one-night stay and the value of location and amenities, Option B delivers better value without sacrificing key benefits.  

Final answer: B"
10686,A,"Option A offers a 5-star experience in Midtown with a higher guest review score, premium amenities like a butler and restaurant, and a more luxurious feel—though at a significantly higher price. Option B provides a more affordable price with solid amenities and a larger review base, but lacks luxury features and has a lower star rating. Given the same neighborhood and no breakfast, the trade-off favors value and practicality over luxury.  

Final answer: B"
10689,B,"Option A offers a 5-star experience in a vibrant neighborhood with premium amenities like a spa, pool, and city views, and includes breakfast—valuable for a one-night stay in NYC. While the price is higher, the guest review score is slightly lower in volume but still excellent. Option B is significantly cheaper and has a slightly higher review score, but lacks breakfast and has no free cancellation, which could be a major drawback if plans change. Given the value of convenience, comfort, and fle"
10690,B,"Option A offers a 5-star experience in a vibrant neighborhood (SoHo), with premium amenities like a spa and pool, and a high guest review score of 8.9/10 based on over 1,600 reviews. Option B is more affordable, has a slightly higher guest review score (9.2/10), and is in a historic neighborhood (Little Italy), but lacks amenities like a spa or pool. While both include breakfast and free cancellation, the added luxury and city views in Option A justify the higher price for a more comprehensive e"
10693,B,"Option A is in the bustling Times Square, offering a high guest review score (7.8/10) and includes free WiFi and a fitness center, though it doesn’t include breakfast and has free cancellation. Option B is in the more serene Little Italy, with an excellent review score (9.0/10), includes breakfast, and is in a desirable neighborhood—but lacks free cancellation and is significantly more expensive. While Option B offers better amenities and a breakfast benefit, the lack of cancellation flexibility"
10694,A,"Option A is in the bustling Times Square, offering a high guest review score (7.6/10) and includes a fitness center, though with no free cancellation and a lower price ($325). Option B is in the more serene Little Italy, has an excellent review score (9.1/10), includes free cancellation, and offers a deluxe room at a higher price ($352). While both are 4-star hotels with free WiFi and restaurants, Option B provides greater flexibility with free cancellation and a more premium room, despite the h"
10697,B,"Option A offers a 3-star hotel in the bustling Times Square neighborhood with a high guest review score (7.8/10), includes breakfast, and has free WiFi and a fitness center at a price of $275. Option B has a higher star rating (4 stars) and an excellent review score (8.9/10), is in the more serene Little Italy, includes a restaurant, but lacks breakfast and costs $365—$90 more and without breakfast. While B has better amenities and a superior review score, the absence of breakfast and higher pri"
10698,B,"Option A offers a 3-star hotel in the bustling Times Square neighborhood with a strong guest review score of 7.5/10, free cancellation, and includes free WiFi and a fitness center—ideal for budget-conscious travelers seeking convenience and flexibility. Option B has a higher star rating and a stellar 9.1/10 review score, located in the charming Little Italy neighborhood, with a restaurant and a more luxurious room, but lacks free cancellation and is significantly more expensive. While the amenit"
10701,B,"Option A offers a 5-star luxury experience in the prestigious Midtown neighborhood, with a high guest review score and a wide range of amenities including a spa, pool, and fitness center. While the price is significantly higher, the premium location and amenities provide greater comfort and convenience. Option B is more affordable and has a strong review score, but lacks key amenities and has no free cancellation, which could be a major drawback if plans change. Given the value of location, amen"
10702,A,"Option A offers a 5-star luxury experience in the prestigious Midtown neighborhood with top amenities like a spa, pool, and restaurant, and a high guest review score. However, it is significantly more expensive ($1,187) and does not include breakfast or offer free cancellation. Option B is much more affordable ($270), has a slightly higher guest review score, and includes free cancellation—offering greater flexibility—though it lacks premium amenities and is in a less central neighborhood. Given"
10705,A,"Option A is in a prime neighborhood (TriBeCa), has a high guest review score, and offers a restaurant and free WiFi, but lacks breakfast and has no free cancellation. Option B is slightly cheaper, has a higher guest review score, includes breakfast, offers free cancellation, and is in a vibrant neighborhood—though a bit farther from central areas. The inclusion of breakfast and flexibility with cancellation makes Option B more practical and valuable for a one-night stay.  

Final answer: B"
10706,A,"Option A is in a highly desirable neighborhood (TriBeCa), has a slightly lower guest review score but more reviews (769 vs 924), and offers a standard queen room with no breakfast. Option B has a higher guest score, includes breakfast, offers free cancellation, and is in Little Italy—though slightly more expensive. The added value of breakfast and flexibility with cancellation outweighs the slight neighborhood and price differences.  

Final answer: B"
10709,B,"Option A offers a 3-star hotel in the prestigious Midtown neighborhood with a high guest review score (8.2/10), free cancellation, and free WiFi and fitness center—ideal for a budget-conscious traveler seeking convenience and location. Option B has a higher star rating and a stellar review score (9.2/10), includes breakfast, and offers 24-hour refreshments, but charges significantly more and does not allow free cancellation, which could be a risk. While the amenities in B are more comprehensive,"
10710,B,"Option A offers a 3-star hotel in the prestigious Midtown neighborhood with a high guest review score of 7.9/10, includes breakfast and free WiFi, and is priced at $211. Option B has a 4-star rating, a 9.2/10 review score, a deluxe king room, and includes 24-hour refreshments, but costs $411—nearly double the price. While B has slightly better amenities and a higher rating, the price difference is significant, and both offer breakfast and free WiFi. Given the value and strong location of Option "
10713,B,"Option A is in the highly desirable Union Square neighborhood, known for its vibrant atmosphere and proximity to shopping and dining, with a strong guest review score of 8.1/10 and a lower price of $267. Option B has a slightly higher review score (8.7/10), is in the Chelsea neighborhood, and includes a restaurant and bar, but costs $283—$16 more—and offers fewer amenities. The price difference is notable, and Union Square provides excellent accessibility and a well-liked area. Given the slightl"
10714,B,"Option A is in the highly desirable Union Square neighborhood, known for its vibrant atmosphere and proximity to shopping and dining, with a strong guest review score of 8.2/10 and a slightly lower price. Option B has a higher guest review score (8.8/10), is in the Chelsea neighborhood (more upscale and artistic), and includes a restaurant and bar, though it's more expensive and has a smaller room. The price difference is small, and both offer free WiFi and fitness centers. Given the slightly be"
10717,B,"Option A is in the Chelsea neighborhood, which is more artsy and culturally vibrant, and has a slightly higher guest review score (8.8 vs. 8.5) with more reviews, indicating greater consistency in guest satisfaction. Both hotels offer similar amenities and breakfast is excluded in both. The price for Option A is $322, which is $47 less than Option B, offering better value for the same room type and star rating.  

Final answer: A"
10718,B,"Option A is in the upscale Chelsea neighborhood, offering a higher guest review score (8.5/10) and includes a wine hour, which may appeal to guests seeking a more refined experience. Option B is in the central Midtown neighborhood, slightly cheaper, and offers a bar, but has a marginally lower review score. While both have similar amenities and no breakfast, the Chelsea location provides a more distinctive, culturally rich atmosphere. Given the higher review score and unique offerings, Option A "
10721,B,"Option A offers a 5-star luxury experience in a prime Upper West Side location with exceptional guest reviews, premium amenities like a spa and pool, and full flexibility with free cancellation—ideal for comfort and convenience. Option B is significantly cheaper and located in the bustling Midtown area, but lacks free cancellation and has fewer amenities, with a lower star rating. While both lack breakfast, the value and flexibility of Option A outweigh the cost difference for a one-night stay i"
10722,B,"Option A offers a 5-star luxury experience in a prestigious neighborhood with top amenities, including a spa and pool, and includes breakfast—valuable for a one-night stay in a major city. While the price is high, the guest review score is strong and the location is central. Option B is significantly cheaper and located in Midtown, a prime area, but lacks breakfast and has fewer amenities. Given the value of convenience, comfort, and included breakfast, especially for a one-night stay, Option A "
10725,B,"Both hotels are in the same neighborhood (Midtown), have 4-star ratings, offer similar amenities (free WiFi, fitness center, restaurant, bar), and include free cancellation. Option A has a slightly lower guest review score (7.9 vs. 8.5) but is $25 cheaper. Since the price difference is significant and the guest review score is only slightly lower, the value is better with Option A.  

Final answer: A"
10726,B,"Both hotels are in the same neighborhood (Midtown), have 4-star ratings, offer similar amenities (free WiFi, fitness center, restaurant, bar), and include free cancellation. Option A has a slightly higher guest review score (8.1 vs. 8.6), but the difference is small. Option B is more expensive ($411 vs. $377) without any added value in amenities or reviews. Since the price difference is significant and there's no clear advantage in guest satisfaction or amenities, the lower price of Option A pro"
10729,B,"Option A offers a slightly lower price ($234 vs. $398), is located in the Chelsea neighborhood (a vibrant, artsy area), and has a high guest review score (7.9/10) with strong reviews. While Option B has a higher star rating and more amenities (including a fitness center and bar), it is significantly more expensive and located in Midtown, which may be less convenient for some guests. The free cancellation in Option B is a valuable benefit, but the price difference is substantial. Given the lower "
10730,B,"Option A offers a 3-star hotel in the Chelsea neighborhood with a strong guest review score of 8.3/10 and a significantly lower price of $194 per night. Option B, a 4-star hotel in Midtown with an 8.4/10 rating and more amenities like a fitness center and bar, costs $392—nearly double—without breakfast. While both have good reviews and free WiFi, the price difference is substantial, and Midtown is more central. Given the high cost and limited additional value compared to Option A, the trade-off "
10733,B,"Option A is in the Financial District, a business-friendly area with a strong guest review score of 8.0/10 and a lower price of $188, but lacks breakfast and has fewer amenities. Option B is in Midtown, a more central and desirable location with a higher review score of 9.2/10, includes complimentary breakfast, and offers a wine hour—valuable for a stay in NYC—but costs $355, nearly double the price. While Option B has superior amenities and a better location, the price is significantly higher, "
10734,A,"Option A is in the Financial District, a business-heavy area, with a strong guest review score and good amenities, but no breakfast and a higher price. Option B is in Midtown, a more central and tourist-friendly area, has a higher guest score, includes complimentary breakfast, and offers a wine hour—adding value with a lower price. While both are 4-star, the breakfast inclusion and location in Midtown make Option B more convenient and satisfying for a one-night stay.  

Final answer: B"
10737,A,"Option A is in a vibrant neighborhood (Williamsburg) with a high guest review score and includes breakfast, but lacks free cancellation and is slightly more expensive. Option B is in a prime location (Midtown), has a higher review score, includes complimentary breakfast, and offers free cancellation—though it doesn’t include breakfast. Despite the price difference, the added flexibility of free cancellation and the inclusion of breakfast in Option B make it more valuable. The trade-off favors co"
10738,B,"Option A is in a vibrant neighborhood (Williamsburg) with a high guest score and free cancellation, offering a king bed and free WiFi, though it lacks breakfast. Option B is in the more central Midtown, has a slightly higher guest score, includes breakfast, and offers a wine hour, but lacks free cancellation and is more expensive. While Option B provides more value with breakfast and a central location, the lack of cancellation flexibility is a significant drawback. Given the importance of flexi"
10741,A,"Option A offers a 5-star luxury experience in Midtown with high guest satisfaction (8.4/10), premium amenities like a spa and restaurant, and free cancellation—offering flexibility and comfort. However, it lacks breakfast and costs nearly double the price. Option B has a slightly higher guest review score (8.8/10), includes complimentary breakfast, and is significantly cheaper, with a wine hour and free WiFi—making it more value-driven. While Option A provides more luxury, Option B delivers bett"
10742,A,"Option A offers a 5-star luxury experience in Midtown with high guest satisfaction (8.6/10), premium amenities like a spa and restaurant, and free cancellation—offering flexibility and comfort. However, it lacks breakfast and costs $398 per night. Option B has a slightly higher guest review score (8.9/10), includes complimentary breakfast, and is significantly cheaper at $256, with a wine hour added perk—though it lacks free cancellation. Given the value of breakfast and cost efficiency, and sin"
10745,A,"Option A is in the highly desirable Midtown neighborhood with a strong guest review score of 7.9/10 and a lower price of $343, offering a double room with standard amenities. Option B is in the trendy NoMad neighborhood, has a higher guest score of 8.8/10, includes a rooftop bar, and is priced at $393—more expensive but with a more unique and premium experience. While both offer free cancellation and breakfast is excluded in both, the added luxury and ambiance of the rooftop bar in Option B just"
10746,B,"Option A is in the highly desirable Midtown neighborhood with a strong guest review score of 7.8/10 and a lower price of $257, offering a double room with basic amenities. Option B is in the trendy NoMad neighborhood, has a higher guest score of 8.7/10, includes a rooftop bar, and is more luxurious with a king bed, but costs $355—$98 more. The trade-off is between a slightly lower price and a more premium experience with added amenities and a top-rated neighborhood. Given the significant price d"
10749,A,"Option A is in Times Square, a bustling and central area, with a slightly lower review count but a high guest score (8.5/10), and offers a queen room with free WiFi and a restaurant/bar. Option B is in the upscale NoMad neighborhood, has a slightly higher review score (8.6/10), includes a fitness center and rooftop bar, and has free cancellation—offering more flexibility. However, it is $52 more expensive and lacks breakfast. Given the value of free cancellation and the premium amenities in NoMa"
10750,B,"Option A is in Times Square, a bustling area with high energy and accessibility, but lacks breakfast and has no free cancellation, which could be a risk. Option B is in the upscale NoMad neighborhood, offers breakfast (a major plus), and has a fitness center and rooftop bar, but lacks free cancellation and is more expensive. While Option B provides more amenities and a better experience for a full-day stay, the lack of cancellation flexibility is a significant drawback. Given that I value flexib"
10753,A,"Option A offers a 5-star experience in a prestigious neighborhood (TriBeCa), with a high guest review score and premium amenities like a spa and pool, though it's significantly more expensive ($706 vs. $240) and lacks free cancellation. Option B is more affordable, located in the trendy NoMad district, with a strong review base and a rooftop bar, but lacks free cancellation and has a lower star rating. While both lack breakfast, the price difference is substantial—Option B provides excellent val"
10754,A,"Option A offers a 5-star experience in a prestigious neighborhood (TriBeCa), with a high guest review score and premium amenities like a spa and pool, though at a price of $1,080 with no breakfast. Option B is significantly cheaper at $244, located in the trendy NoMad district, with a strong review score and a rooftop bar, but lacks free cancellation and has fewer luxury amenities. While Option A provides more luxury and comfort, the price is over four times higher than Option B, and the value t"
10757,B,"Option A offers a 5-star luxury experience in a prestigious neighborhood with high guest satisfaction, including live jazz and a spa—ideal for a premium stay. Option B provides a significantly lower price, a well-reviewed 4-star hotel in a trendy neighborhood, with a rooftop bar and solid amenities, but lacks a spa and live entertainment. While both have free cancellation and no breakfast, the price difference is substantial, and the value of a 5-star experience in a prime location justifies the"
10758,A,"Option A offers a luxurious 5-star experience in a prestigious neighborhood with exceptional guest reviews, including free breakfast and premium amenities like a spa and live jazz. However, it is significantly more expensive ($1,428) and does not allow free cancellation. Option B is much more affordable ($315), offers free cancellation, and is located in a trendy neighborhood, though it lacks breakfast and has a slightly lower star rating. The trade-off favors B for value and flexibility, especi"
10761,B,"Option A offers a highly rated stay in a vibrant neighborhood with breakfast included and free WiFi, though it lacks free cancellation. Option B is in a premium neighborhood with more amenities and free cancellation, but charges a higher price and excludes breakfast. While Option B has slightly better reviews and more amenities, the cost is significantly higher and breakfast is not included—something many travelers value. Given the price difference and the inclusion of breakfast, Option A provid"
10762,B,"Option A is in a more affordable location (Greenpoint) with a high guest review score (8.6/10) and includes free cancellation, offering flexibility. Option B is in a premium neighborhood (NoMad), has a slightly higher review score (8.8/10), and includes more amenities like a rooftop bar and fitness center, but lacks free cancellation and is more expensive. While Option B offers better amenities and a top-rated neighborhood, the lack of cancellation flexibility and higher price make it less flexi"
10765,B,"Option A is in the bustling Times Square, offering a 3-star rating with strong guest reviews (8.1/10) and includes a kitchen and fitness center at a lower price ($294). Option B is in the upscale NoMad neighborhood, with a higher star rating (4 stars), excellent reviews (8.7/10), and more amenities like a restaurant and rooftop bar, but costs $334—$40 more. While Option B offers greater luxury and location appeal, the price difference is significant, and both lack breakfast. Given the value and "
10766,B,"Option A is in the bustling Times Square, offering a 3-star rating with strong guest reviews (8.2/10) and a lower price ($245) with key amenities like free WiFi and a fitness center. Option B is in the upscale NoMad neighborhood, has a higher star rating (4 stars), an excellent review score (8.8/10), and more amenities including a restaurant and rooftop bar, but costs $273—$28 more. While Option B offers greater luxury and location appeal, the price difference is modest, and both lack breakfast."
10769,B,"Both options are 4-star hotels with free cancellation and no breakfast, so the core amenities are similar. Nine Orchard is in the Lower East Side, a historic and vibrant neighborhood, with a high guest review score (8.9/10) based on 717 reviews, suggesting strong satisfaction. Arlo NoMad is in the upscale NoMad neighborhood, with a larger review base (2,592 reviews) and an 8.2/10 score, indicating consistent positive feedback. While Arlo is significantly cheaper ($242 vs. $507), the price differ"
10770,A,"Option A offers a higher guest review score (8.9 vs 8.0), is in a historic neighborhood (Lower East Side), and includes a spa—valuable for comfort and experience. However, it lacks breakfast, has no free cancellation, and is significantly more expensive. Option B is more affordable, includes breakfast, offers free cancellation (a major benefit for flexibility), and is in a trendy, central neighborhood (NoMad). While the star rating is the same, the combination of breakfast, flexibility, and pric"
10773,A,"Option A offers a 5-star experience in a prestigious neighborhood (Hell's Kitchen) with city views and a fitness center, but lacks free cancellation and breakfast, and is significantly more expensive. Option B provides a 4-star hotel in a desirable NoMad area, includes free cancellation (a major convenience), and is nearly half the price—though it lacks city views and a fitness center. While both have high guest scores and rooftop bars, the flexibility of free cancellation and lower cost make Op"
10774,A,"Option A offers a 5-star experience in a prestigious neighborhood (Hell's Kitchen) with city views and a fitness center, at a significantly higher price ($465). Option B provides a 4-star hotel in a trendy neighborhood (NoMad), with a much lower price ($159) and a restaurant, though it lacks a fitness center and city views. While both have high guest scores and free cancellation, the price difference is substantial—Option B offers nearly 3 times the value for the same amenities (except fitness a"
10777,B,"Option A offers a 3-star hotel in the bustling Times Square neighborhood with a high guest review score (8.2/10), includes breakfast, and has a lower price ($185) with a full suite of amenities like a fitness center. Option B is in a more upscale, trendy neighborhood (NoMad) with a slightly lower review score (8.0/10), lacks breakfast, and costs $208—more expensive and with fewer amenities. While NoMad is desirable, the trade-off of missing breakfast and higher cost outweighs the slight neighbor"
10778,B,"Option A offers a 3-star hotel in the bustling Times Square neighborhood with a high guest review score, includes breakfast, and has a free cancellation policy—providing more flexibility and convenience. Option B is in a more upscale, quieter NoMad neighborhood with a slightly higher review score, but lacks breakfast and has no free cancellation, which could be a significant drawback if plans change. While the price is lower, the absence of breakfast and cancellation flexibility may reduce overa"
10781,B,"Option A is in the bustling Times Square neighborhood, offering a double room with breakfast included and free WiFi, fitness center, and a restaurant—ideal for guests seeking convenience and amenities. Option B is in the upscale NoMad neighborhood, with a king room, free cancellation, and a rooftop bar, but lacks breakfast and has a slightly lower review count. While both have high guest scores and 4-star ratings, Option B offers greater flexibility with free cancellation, which is valuable for "
10782,A,"Both options are 4-star hotels with high guest review scores (7.9 vs. 8.0), free cancellation, and include free WiFi and a restaurant. Option A is in the bustling Times Square, which may offer more visibility and activity but also higher noise and congestion. Option B is in the more upscale, quieter NoMad neighborhood, with a rooftop bar and a more refined atmosphere. While Option A is more central and iconic, Option B offers better ambiance, a unique amenity (rooftop bar), and a significantly l"
10785,B,"Option A offers a 3-star hotel in the prestigious Financial District with a high guest review score (8.3/10), includes breakfast, and has free WiFi and a fitness center—all at a significantly lower price ($220). Option B is a 4-star hotel in Midtown West with a slightly higher review score (8.5/10), includes a restaurant and bar, and offers free cancellation, but costs $321 and does not include breakfast. While B has more amenities and flexibility, the price difference is substantial, and breakf"
10786,B,"Option A offers a 3-star hotel in the prestigious Financial District with a high guest review score (8.1/10), includes breakfast, and has a fitness center—all at a significantly lower price ($201). Option B, while slightly higher rated (8.6/10) and located in Midtown West, lacks breakfast and costs $334, which is a steep premium for no breakfast. The trade-off favors Option A for better value and essential amenities.  
Final answer: A"
10789,B,"Option A offers a 2-star hotel in Long Island City with a strong guest review score (8.3/10) and a significantly lower price ($126) compared to Option B. While Option B is in a more central, desirable neighborhood (Midtown West) and has a higher star rating and guest score (8.5/10), it costs nearly double and features a king bed and more amenities like a restaurant and bar—benefits that may not justify the price difference for a one-night stay. Given the price sensitivity and the high value of a"
10790,B,"Option A offers a 2-star hotel in Long Island City with a strong guest review score (8.1/10) and a lower price ($110), including free WiFi and a shared kitchen. Option B is a 4-star hotel in Midtown West with an excellent review score (8.8/10), a king room, and additional amenities like a restaurant and bar, but at a significantly higher price ($194). While Option B provides more comfort and location advantages, the price difference is steep, and both lack breakfast and free cancellation. Given "
10793,B,"Option A offers a higher guest review score (8.1 vs 8.5), is in the popular SoHo neighborhood, includes breakfast, and has a king bed—ideal for comfort and convenience. Option B is slightly cheaper and in Midtown West, a central location, but lacks breakfast and has a queen bed, which may be less spacious. Given that breakfast is a significant convenience and SoHo is a desirable area, the added value of Option A outweighs the price difference.  

Final answer: A"
10794,A,"Option A is in the popular SoHo neighborhood with a high guest review score and premium amenities, but it costs $480 with no free cancellation. Option B is in Midtown West, has a slightly higher guest review score (8.9 vs 8.3), includes free cancellation, and is significantly cheaper at $321. While both offer similar amenities and room types, B provides better value and flexibility.  

Final answer: B"
10797,A,"Both options are 4-star hotels with queen rooms and free WiFi, and neither includes breakfast or offers free cancellation. Option A is in the highly desirable TriBeCa neighborhood with a strong guest review score of 8.3/10 based on 524 reviews, while Option B has a slightly higher review score (8.8/10) and more reviews (1,424), indicating greater consistency and satisfaction. Option B also includes a bar, adding more amenities, though the price is $16 higher. Given the higher review score and br"
10798,A,"Option A is in the prestigious TriBeCa neighborhood, offering a high guest review score (8.3/10) and a queen room, but costs $334. Option B is in Midtown West, has a higher guest review score (8.8/10) with more reviews, offers a king room (more space), includes a bar, and is significantly cheaper at $255. Despite both being 4-star with free WiFi and no breakfast, B provides better value and amenities at a lower price.  

Final answer: B"
10801,B,"Option A offers a 3-star hotel in Midtown East with a high guest review score (8.4/10), includes breakfast, has free cancellation, and provides a fitness center—all at a lower price ($239). Option B has a slightly higher star rating and a better review score (8.5/10), includes city views and a premium room, but lacks breakfast, has no free cancellation, and is significantly more expensive ($355). The trade-off favors Option A for better value, reliability, and flexibility, especially with free c"
10802,B,"Option A is a 3-star hotel in Midtown East with a high guest review score (8.5/10) and includes free WiFi and a fitness center, priced at $202. Option B is a 4-star hotel in Midtown with an excellent review score (8.6/10), offers a continental breakfast and city views, and is slightly more expensive at $219. While Option B has better amenities and a higher star rating, the price difference is modest, and both lack breakfast inclusion and free cancellation. Given the strong reviews and value, Opt"
10805,A,"Option A is in the prestigious Financial District, offering a high guest review score and free cancellation, but lacks breakfast and has a higher price. Option B is in Midtown, has a slightly higher guest score, includes breakfast, and is significantly cheaper, though with no free cancellation. While Option A offers more convenience and location prestige, Option B provides better value with essential amenities and a lower price, especially with breakfast included.  

Final answer: B"
10806,A,"Option A is in the prestigious Financial District, offering a high guest review score and amenities like a fitness center and restaurant, but does not include breakfast. Option B is in Midtown, has a higher guest review score, includes breakfast, and offers city views—valuable for a city stay—despite being slightly cheaper. The inclusion of breakfast and city views enhances convenience and experience, especially in a major city like NYC.  

Final answer: B"
10809,B,"Option A offers a 3-star hotel in the Chelsea neighborhood with a high guest review score, free WiFi, and a rooftop bar, at a significantly lower price of $237 with no breakfast. Option B is a 4-star hotel in Midtown with an even higher guest score, includes breakfast, and offers city views, but costs $392—over 60% more. While B provides more amenities and a prime location, the price premium is steep, and breakfast is often a key factor for travelers. Given the strong reviews, good location, and"
10810,B,"Option A offers a 3-star hotel in the Chelsea neighborhood with a high guest review score (8.3/10), free WiFi, and a rooftop bar, at a significantly lower price ($132). Option B is a 4-star hotel in Midtown with an excellent review score (8.5/10), includes breakfast, and offers city views, but costs nearly double ($304). While Option B has more amenities and a slightly better rating, the price difference is substantial, and breakfast is a major convenience. Given the high cost and limited value "
10813,B,"Option A is in a historic, walkable neighborhood (Greenwich Village) with a high guest review score (8.4/10) and a lower price ($211), though it lacks free cancellation. Option B is in a prime Midtown location with more amenities (fitness center, business center), a larger room, and free cancellation, but costs nearly double ($387) and has a slightly lower review score (7.7/10). While Option B offers more convenience and flexibility, the price difference is significant, and the guest review scor"
10814,B,"Option A is in a historic, walkable neighborhood (Greenwich Village) with a high guest review score (8.3/10) and a significantly lower price ($265) compared to Option B. While Option B offers more amenities (fitness center, business center) and is in a prime Midtown location, its price is nearly $100 higher, and it lacks free cancellation—a key benefit for flexibility. Given the lower cost, higher review score, and sufficient amenities, Option A provides better value and flexibility.  

Final an"
10817,A,"Option A offers a 5-star experience in a prestigious neighborhood with exceptional guest reviews, including live jazz and a spa—ideal for a luxurious, memorable stay. However, it is nearly three times more expensive than Option B. Option B provides a solid 4-star hotel in a central Midtown location with a much larger review base, reliable amenities, and a significantly lower price, making it more practical for a budget-conscious traveler. While Option A excels in ambiance and luxury, Option B de"
10818,A,"Option A offers a 5-star luxury experience in a prestigious neighborhood with high guest satisfaction, including live jazz and a spa, but at a significantly higher price of $1,035 with no free cancellation. Option B is a 4-star hotel in a central Midtown location with a much lower price ($252), a large volume of reviews, and essential amenities, though it lacks luxury features and live entertainment. While Option A provides a more exclusive experience, the price difference is substantial, and th"
10821,A,"Option A is in the highly desirable TriBeCa neighborhood with a high guest review score and excellent amenities, but lacks breakfast. Option B is in Midtown, has a larger room, includes breakfast, and offers more amenities like a fitness center and business center, though it has a slightly lower review score. While both are 4-star hotels with free cancellation, the breakfast inclusion and broader amenities in Option B provide greater value for a one-night stay.  

Final answer: B"
10822,A,"Option A is in a highly desirable neighborhood (TriBeCa), has a higher guest review score (8.2 vs 7.6), and offers a queen room—ideal for solo travelers or couples. However, it lacks free cancellation and breakfast, and is more expensive. Option B is in Midtown (a major business and tourist hub), has a much larger review base (indicating broader validation), includes a fitness center and business center, offers free cancellation (a major convenience), and is significantly cheaper. While Option A"
10825,A,"Option A is in a vibrant, trendy neighborhood (Williamsburg) with a high guest review score (8.2/10) and includes a pool and bar, offering more leisure amenities. However, it's significantly more expensive ($379 vs. $306) and lacks free cancellation. Option B is in a central, prestigious neighborhood (Midtown), has a larger review base (13,471 reviews), includes a fitness center and business center, and is cheaper—but lacks free cancellation and has a slightly lower review score. While Option B "
10826,B,"Option A is in a more vibrant, neighborhood-oriented area (Williamsburg) with a higher guest review score (8.2/10) and includes a pool and bar, offering more leisure amenities. Option B is in the prestigious Midtown area, has a much larger review base (12,478 reviews), and includes a fitness center and business center, appealing to professionals. However, Option A has a higher price and no free cancellation, while Option B is cheaper but with no cancellation flexibility. Given the higher guest s"
10829,B,"Option A offers a 3-star hotel in the bustling Times Square neighborhood with a high guest review score (8.2/10) and includes free WiFi, fitness center, and kitchen—ideal for a budget-conscious traveler. It is significantly cheaper at $230 per night, with free cancellation, offering flexibility. Option B is a 4-star hotel in Midtown with a larger review base (7.5/10), more amenities like a restaurant and business center, but at a much higher price ($388) with no cancellation flexibility. While M"
10830,B,"Option A offers a 3-star hotel in the bustling Times Square neighborhood with a high guest review score (8.0/10) and includes free WiFi, fitness center, and kitchen—ideal for a budget-conscious traveler. Option B is a 4-star hotel in Midtown with a larger review base (7.8/10), includes breakfast, and offers more amenities like a restaurant and business center, but costs $51 more per night. While Option B has more amenities and breakfast, the price difference is significant, and both have strong "
10833,B,"Option A offers a 3-star hotel with a high guest review score (8.4/10) and includes breakfast and free WiFi, at a significantly lower price ($199 vs. $318). While Option B has a slightly higher rating (8.6/10) and includes a restaurant and evening reception, it lacks free cancellation and costs nearly double. Given the price difference and the inclusion of essential amenities, Option A provides better value and flexibility.  

Final answer: A"
10834,B,"Option A offers a 3-star hotel with a slightly lower price ($240) and includes free WiFi and a fitness center, though it does not include breakfast. Option B is a 4-star hotel with a higher price ($401), includes breakfast and additional amenities like a restaurant and evening reception, and offers a larger suite. While Option B provides more comfort and convenience, especially for a one-night stay with breakfast, the price difference is significant. Given the high cost of Option B and the fact "
10837,B,"Option A offers a 3-star hotel in Midtown East with a strong guest review score, free WiFi, fitness center, and business center, but lacks breakfast and has no free cancellation. Option B is a 4-star hotel in Times Square with a slightly higher review score, includes breakfast, has free cancellation, and offers a suite with more space—though at a significantly higher price. While Option B provides more amenities and flexibility, the price difference is steep, and the suite may not be necessary f"
10838,B,"Option A is in Midtown East, a more upscale and quieter neighborhood compared to Times Square, which is bustling and busy. While Option B has a slightly higher guest review score and a suite (more space), it is significantly more expensive ($387 vs. $285) and located in a high-traffic, noisy area. Option A offers a solid 3-star rating with good amenities and breakfast, at a lower price, making it a more balanced and practical choice for a one-night stay.  

Final answer: A"
10841,B,"Option A offers a lower price ($232 vs. $351), is in the vibrant SoHo neighborhood, and has a strong guest review score (8.1/10) with 1,280 reviews. While it lacks breakfast, it includes a rooftop bar and restaurant, and has free cancellation. Option B has a slightly higher rating (8.4/10) and more reviews (3,599), includes breakfast, and offers a suite with more space, but at a significantly higher price. The trade-off is value: Option A provides better cost-efficiency with comparable amenities"
10842,A,"Option A offers a slightly lower price and is in the vibrant SoHo neighborhood, with strong guest reviews and free WiFi and a rooftop bar. However, it lacks breakfast and has no free cancellation, which could be a risk. Option B is in a more central, high-traffic area (Times Square), has a higher guest review score, includes breakfast, and offers free cancellation—adding flexibility and convenience. Though more expensive, the added value of breakfast and flexibility outweighs the price differenc"
10845,B,"Option A offers a 3-star hotel with a strong guest review score, includes breakfast, and has a lower price ($198 vs. $244), with amenities like a restaurant and fitness center. Option B has a higher star rating and a more luxurious room, but lacks breakfast and costs $46 more. While the Kimpton offers a premium feel, the significant price difference and the absence of breakfast—often a key convenience—make Option A more practical and value-driven.  

Final answer: A"
10846,B,"Option A offers a 3-star hotel with a high guest review score (7.8/10), includes breakfast, and has a restaurant and fitness center—valuable for a city stay. Option B has a higher star rating (4 stars) and an excellent review score (8.5/10), but lacks breakfast, which is a significant trade-off for a one-night stay in a busy city like NYC. While the price is lower, breakfast is a major convenience. Given the importance of having a meal during a stay in a vibrant area like Times Square, the added"
10849,B,"Option A is in the Financial District, a more business-friendly and central area, with a slightly higher guest review score (8.0 vs 8.3), but includes a kitchen and breakfast (though breakfast is listed as included in both—likely a typo). It has a 3-star rating, while Option B is 4-star with a slightly better review score and free cancellation, which offers greater flexibility. However, the price difference is minimal ($220 vs $221), and both lack breakfast. Given the Financial District’s proxim"
10850,B,"Option A is in the Financial District, a more business-friendly and central area, with a slightly lower price and includes a kitchen, which adds value for a one-night stay. Option B is in Times Square, a vibrant but busier area, with a higher price and a unique wine hour, but lacks a kitchen. While both have strong guest scores and free cancellation, the Financial District offers better location and practical amenities for a one-night stay.  

Final answer: A"
10853,A,"Option A offers a slightly higher guest review score (8.1 vs 8.3), is in the same neighborhood, and includes a restaurant and bar—offering more social and dining options. However, it is nearly double the price ($345 vs $171) and lacks free cancellation, which is a significant drawback for flexibility. Option B is significantly cheaper and still offers a 4-star rating and good amenities, though with fewer dining options and no free cancellation. Given the price difference and the lack of cancella"
10854,A,"Option A offers a slightly lower guest review score (8.3 vs 8.5), but provides a queen bed room and includes a restaurant and bar, which may enhance the experience. Option B has a higher review score, a larger king bed room, and a wine hour, offering a more premium experience at a significantly lower price. Despite both having no free cancellation or breakfast, the value and amenities of Option B make it more attractive.  

Final answer: B"
10857,B,"Option A is in the highly desirable Union Square neighborhood, which is known for its cultural and commercial appeal, and has a slightly higher guest review score (8.1/10) with more reviews, indicating broader validation. It offers a restaurant and bar, adding to the experience, while Option B is in Times Square, a bustling area with a higher review score (8.5/10), but at a significantly higher price ($318 vs. $273) and with fewer reviews. The price difference is substantial, and both lack break"
10858,A,"Option A is in a highly desirable neighborhood (Union Square), has a slightly higher guest review score (8.3 vs 8.4), and includes a restaurant and bar, offering more amenities. However, it is significantly more expensive ($447 vs $281) and lacks free cancellation. Option B is cheaper, offers free cancellation (a major benefit for flexibility), and is in Times Square—a vibrant, central area—but has fewer amenities. Given the price difference and the value of free cancellation, Option B provides "
10861,B,"Option A offers a lower price ($185 vs. $312), is in a vibrant neighborhood (Williamsburg), and has a strong guest review score (8.1/10) with ample reviews. While Option B has a slightly higher rating (8.3/10) and includes a wine hour and fitness center, the price is nearly double, and free cancellation is a significant advantage for flexibility. Given the price difference and the value of free cancellation, Option A provides better overall value and flexibility.  

Final answer: A"
10862,B,"Option A is in a vibrant neighborhood (Williamsburg) with a slightly higher guest review score and includes breakfast, which adds convenience and value. Option B is in a more central, iconic neighborhood (Times Square), has a marginally higher review score, and offers a wine hour and fitness center, but lacks breakfast. While both are 4-star with free cancellation, the inclusion of breakfast in Option A provides greater practical value for a one-night stay. Given the importance of breakfast and "
10865,A,"Option A is in Williamsburg, Brooklyn, a more residential and laid-back neighborhood, with a slightly higher guest review score (8.2/10) and includes a pool and restaurant—offering more social and recreational amenities. Option B is in the bustling Times Square, a more central and vibrant area, with a slightly higher review score (8.4/10) and a wine hour, but lacks a pool and has a lower price. While both have similar star ratings and no free cancellation or breakfast, Option B offers better val"
10866,A,"Option A is in a vibrant, culturally rich neighborhood (Williamsburg) with a higher guest review score (8.4 vs 8.3), and includes a restaurant and bar, offering more social and dining amenities. However, it has no free cancellation and is significantly more expensive ($279 vs $161). Option B is in a central, iconic neighborhood (Times Square), offers free cancellation (a major benefit for flexibility), and is much more affordable—despite a slightly lower review score, the price and flexibility o"
10869,A,"Option A is in a quieter, more residential neighborhood (Park Slope) with a high guest review score and a solid 3-star rating, offering a king room with free WiFi and a restaurant. Option B is in the bustling Times Square area, has a higher star rating and guest score, includes a wine hour and fitness center, and is slightly cheaper. While both lack breakfast and free cancellation, B offers more amenities and a better location for a city stay, despite the slightly higher price. However, the pric"
10870,B,"Option A is in a quieter, more residential neighborhood (Park Slope) with a strong guest review score and free cancellation, offering peace and flexibility. Option B is in a bustling area (Times Square), has a slightly higher review score, includes a fitness center and wine hour, but lacks free cancellation—locking in the booking. While the price is slightly lower, the lack of cancellation flexibility is a significant trade-off. Given the importance of flexibility and a balanced experience, Opti"
10873,B,"Option A is in the prestigious Midtown neighborhood, offering a slightly higher guest review score (8.1/10) with a well-rounded package including breakfast, free WiFi, fitness center, and restaurant. Option B is also 4-star and has a slightly higher review score (8.2/10), but lacks breakfast and is in Times Square, which may be less convenient for business or quiet stays. While the price is higher for Option B, the absence of breakfast and the less central location are notable trade-offs. Given "
10874,A,"Option A is in the prestigious Midtown neighborhood, offering a higher guest review score (8.1/10) with more reviews, and includes a restaurant and bar—ideal for a business or luxury stay. However, it lacks free cancellation and breakfast, and is significantly more expensive. Option B is slightly cheaper, has a slightly higher review score (8.3/10), includes a wine hour, and offers free cancellation—important for flexibility. While both are 4-star, B provides better value with more flexibility a"
10877,B,"Both hotels are in the same neighborhood (Times Square) and have excellent guest review scores (8.4/10), with free cancellation and no breakfast included. Option A offers a 3-star hotel with a King Room and includes a kitchen, while Option B offers a 4-star hotel with a Deluxe King Room and a wine hour, but at a significantly higher price ($317 vs. $208). The added amenities in Option B are appealing, but the price premium is substantial, and the kitchen in Option A provides more value for a one"
10878,B,"Option A has a slightly higher guest review score (8.3 vs 8.2) and includes a kitchen, which adds practical value for a one-night stay. While Option B has a 4-star rating and a wine hour, it lacks free cancellation, which is a significant drawback for flexibility. Both have similar prices, with Option A being slightly more affordable. The kitchen amenity in Option A offers greater convenience, especially for a short stay.  

Final answer: A"
10881,B,"Option A offers a 3-star hotel in the bustling Times Square neighborhood with a high guest review score (8.5/10), includes breakfast, has free cancellation, and is significantly cheaper at $253. Option B has a slightly higher star rating and a higher guest score (8.8/10), but lacks breakfast, has no free cancellation, and is $374 more expensive. The trade-off favors Option A for better value, flexibility, and essential amenities.  

Final answer: A"
10882,B,"Option A offers a 3-star hotel in the bustling Times Square neighborhood with a high guest review score (8.5/10), includes breakfast, and has a double room suitable for two guests. Option B is a 4-star hotel in the upscale Chelsea neighborhood with a slightly lower review score (8.4/10), lacks breakfast, and has a king room. While Option B is cheaper and has a higher star rating, the absence of breakfast and the less central location may reduce convenience. Given the value of breakfast and the h"
10885,A,"Option A is in Midtown East, a more central and convenient location for business or tourist visits, with a slightly lower star rating but a high guest review score and good amenities. Option B offers a higher guest review score, includes breakfast, and is in the artsy Chelsea neighborhood, but is slightly farther from central business districts and has a queen room instead of a king. While breakfast is a valuable perk, the price difference is minimal, and the location of Option A provides better"
10886,B,"Option A offers a 3-star hotel in Midtown East with a high guest review score (8.3/10), includes free cancellation and breakfast, and is significantly more affordable at $213 per night. Option B has a slightly higher star rating and a top guest score (8.5/10), but lacks free cancellation and is nearly double the price at $448. While the Chelsea location is trendy, the lack of cancellation flexibility and steep cost make it less practical for a one-night stay. Given the balance of value, amenitie"
10889,A,"Option A is in Times Square, a bustling and central area, with a high guest review score (8.4/10) and includes a wine hour, which adds value for guests who enjoy evening social experiences. However, it is significantly more expensive ($402 vs. $239) and lacks free cancellation, which is a major drawback for uncertain plans. Option B is slightly cheaper, has a slightly higher review score (8.8/10), and includes a fitness center and concierge, offering more practical amenities. While it lacks free"
10890,A,"Option A is in Times Square, a bustling area with more nightlife and entertainment, but lacks breakfast and has no free cancellation. Option B is in Chelsea, a more upscale neighborhood, offers breakfast (a major convenience), includes a fitness center and concierge, and has free cancellation—though it's slightly more expensive. Despite the higher price, the inclusion of breakfast and better flexibility (free cancellation) make Option B more valuable.  

Final answer: B"
10893,B,"Option A offers a 5-star experience in the prestigious Midtown neighborhood with top amenities like a spa, pool, and restaurant, and a high guest review score of 9.2/10 based on 785 reviews. Option B is more affordable at $468, located in the vibrant Chelsea neighborhood, with a solid 8.7/10 score from 1,316 reviews and a strong concierge and fitness center. While both include free cancellation and breakfast, the premium amenities and location of Option A justify the higher price for a luxury ex"
10894,A,"Option A offers a 5-star experience in the prestigious Midtown neighborhood with exceptional guest reviews, a full suite of amenities including a spa and pool, and free cancellation—ideal for comfort and flexibility. However, it is nearly three times more expensive than Option B. Option B provides a solid 4-star hotel in a vibrant neighborhood with strong reviews, essential amenities, and a significantly lower price, though without cancellation flexibility. Given the substantial price difference"
10897,A,"Option A offers a 5-star experience in a trendy neighborhood (SoHo) with a high guest review score and premium amenities like a penthouse loft, but at a significantly higher price ($949 vs. $422). Option B provides a solid 4-star rating, more reviews, a queen room, and additional amenities like a fitness center and concierge at a much lower cost. While Option A has a more luxurious feel, the price difference is substantial, and Option B delivers excellent value with comparable amenities and a st"
10898,A,"Option A offers a 5-star experience in a trendy neighborhood with a high guest review score and premium amenities like a penthouse loft, but at a significantly higher price ($937) with no free cancellation. Option B provides a solid 4-star hotel in a historic neighborhood, excellent review volume, free cancellation, and more amenities like a fitness center, at just $234—making it far more affordable and flexible. While Option A has superior luxury, the price and lack of flexibility outweigh the "
10901,B,"Option A offers a 3-star hotel in the bustling Times Square, with a high guest review score of 7.8/10 and a significantly lower price of $187 per night. It includes free WiFi and a fitness center, though no breakfast. Option B is a 4-star hotel in Brooklyn with an excellent 8.4/10 rating, a deluxe king room, and additional amenities like a restaurant and lobby bar, but costs $299—over $100 more. While the Brooklyn location is quieter and more upscale, the price difference is substantial, and bot"
10902,B,"Option A offers a 3-star hotel in the bustling Times Square area with a strong guest review score (7.7/10), includes breakfast, and has free cancellation—providing flexibility and convenience. It is also significantly cheaper at $217 per night. Option B has a higher star rating and a better review score (8.5/10), with a more spacious room and amenities like a restaurant and bar, but lacks breakfast and has no free cancellation, which reduces flexibility. Given the balance of value, amenities, an"
10905,A,"Both hotels have the same star rating and guest review score, and both offer free cancellation and no breakfast. Option A is in the Meatpacking District, a vibrant and central area of Manhattan, while Option B is in Brooklyn, which is more residential and farther from Manhattan. The price difference is significant—Option B is $132 cheaper. Given the cost-effectiveness and the fact that Brooklyn is still a desirable neighborhood, especially for a one-night stay, the savings and location balance w"
10906,B,"Option A is in a highly rated neighborhood (Meatpacking District) with a higher guest review score (8.5/10) and includes a beer garden, offering a more vibrant, social atmosphere. Option B is slightly cheaper and also has a 4-star rating, but lacks free cancellation and is in a different borough (Brooklyn), which may be less central for a NYC visit. While both have similar amenities, the higher review score and location of Option A provide better overall value and experience.  

Final answer: A"
10909,A,"Option A offers a 5-star experience in a trendy neighborhood (SoHo) with exceptional guest reviews (9.6/10), premium amenities like a private theater and gym, and a higher price. Option B is more affordable, has free cancellation (a major benefit), and is in a historic neighborhood, but with lower star rating and fewer amenities. While Option A provides superior luxury and comfort, Option B offers better value and flexibility with cancellation. Given the importance of flexibility and cost-effect"
10910,A,"Option A offers a 5-star luxury experience in a trendy neighborhood with high guest satisfaction, premium amenities like a private theater and gym, and a higher price. Option B provides a more affordable price with breakfast included and a spa, but is in a less central area and has a slightly lower review score. While both have free cancellation, the value of breakfast and lower cost makes Option B more practical for a one-night stay.  

Final answer: B"
10913,A,"Option A is in a high-traffic area (Times Square), with a strong guest review score and free WiFi and fitness amenities, but lacks breakfast and has no free cancellation. Option B offers a higher review score, includes breakfast, has a spa, and provides free cancellation—valuable for flexibility—though it's significantly more expensive. The price difference is large, and while B has better amenities and flexibility, the cost may not justify the extra expense for a one-night stay. Given the trade"
10914,B,"Option A is in the bustling Times Square, a central and iconic neighborhood, offering a high guest review score (8.0/10) with 2,665 reviews, indicating strong overall satisfaction. It includes a fitness center and bar, and is slightly cheaper at $350. Option B is in the more residential Lower East Side, with a higher guest review score (8.8/10) and a spa, but costs $358 and has fewer reviews. While the spa adds value, the price difference is small, and the Times Square location offers greater co"
10917,B,"Option A offers a 2-star hotel in Midtown East with a solid guest review score of 6.6/10, free cancellation, and a low price of $81 per night—ideal for budget-conscious travelers seeking convenience and flexibility. Option B is a 4-star hotel in the Lower East Side with an excellent 8.8/10 rating, including a spa and restaurant, but at a significantly higher price of $371 and without free cancellation. While the amenities and rating of Option B are superior, the price is nearly five times higher"
10918,B,"Option A is in Midtown East, a central and convenient neighborhood, with a solid 6.9/10 rating and free WiFi, at a significantly lower price of $143. Option B offers a 4-star rating, a higher guest score of 9.0/10, includes breakfast and a spa, and is in the Lower East Side—though slightly less central. However, the price is nearly double, and the added amenities may not justify the cost for a one-night stay unless breakfast or spa access is essential. Given the trade-off between cost and value,"
10921,A,"Option A offers a 5-star luxury experience in the vibrant SoHo neighborhood with a high guest review score and premium amenities like a private theater and terrace, though at a significantly higher price. Option B provides a solid 4-star hotel in Midtown East, with more reviews and a lower price, and includes a wine hour—adding value—though it lacks luxury amenities. Given the price difference and the trade-off between luxury and value, and considering that a one-night stay in NYC is often about"
10922,B,"Option A offers a 5-star experience in a trendy neighborhood with high guest satisfaction, premium amenities like a private theater and terrace, and a significantly higher price. Option B provides a more affordable price, a well-reviewed 4-star hotel in a central Midtown East location, with solid amenities like a wine hour and fitness center—but lacks the luxury and exclusivity of Option A. While both have free cancellation and no breakfast, the price difference is substantial, and the value of "
10925,B,"Option A is in the bustling Times Square neighborhood, offering a high guest review score (7.8/10) and a lower price ($256) with essential amenities like free WiFi and a fitness center. Option B is in the more upscale Midtown East, with a higher guest review score (8.7/10), a unique wine hour, and a more premium room, but at a significantly higher price ($336). While both offer similar amenities and free cancellation, the price difference is substantial, and the value of a slightly higher rating"
10926,B,"Option A is in the bustling Times Square neighborhood, with a high guest review score (7.9/10) and a lower price ($293), offering free WiFi and a fitness center. Option B is in the more upscale Midtown East, has a higher review score (8.8/10), includes a wine hour, and has free cancellation—valuable for flexibility—but costs $363, which is $70 more. While B has better amenities and flexibility, the price difference is significant, and both lack breakfast. Given the higher price and fewer unique "
10929,B,"Option A offers a 3-star hotel in Times Square with a high guest review score (8.0/10) and a significantly lower price ($169) compared to Option B. While Option B has a higher star rating (4 stars), better amenities like a fitness center and wine hour, and a slightly higher review score (8.8/10), the price is nearly double—$349—making it less cost-effective. Given the similar room types, both lack breakfast and free cancellation, the value of Option A is superior for a one-night stay in a centra"
10930,B,"Option A offers a 3-star hotel in Times Square with a high guest review score (7.9/10), a queen room, and free WiFi, at a significantly lower price ($220) than Option B. While Option B has a higher star rating (4 stars), better amenities like a fitness center and wine hour, and a higher review score (8.8/10), the price is nearly triple that of Option A and includes no breakfast. Given the price difference and the fact that both lack breakfast and free cancellation is only available in Option B, "
10933,B,"Option A is in a more affordable location (Greenpoint, Brooklyn) with a high guest review score (8.4/10) and includes free WiFi and a garden, though it's a loft suite with no breakfast. Option B is in a prime Midtown East location with an excellent review score (8.8/10), more amenities (including wine hour, restaurant, fitness center), and a luxurious experience—but at a price nearly 3 times higher. Given the significant price difference and the fact that both lack breakfast and free cancellatio"
10934,B,"Option A is in a quieter, more residential neighborhood (Greenpoint) with a high guest review score and a lower price, offering free WiFi and a garden. Option B is in a prime, central location (Midtown East), has a slightly higher review score, includes additional amenities like a wine hour, restaurant, and fitness center, but costs nearly three times as much. Given the significant price difference and the fact that both lack breakfast and free cancellation, the value and location trade-off favo"
10937,B,"Option A offers a 3-star hotel with a high guest review score (7.9/10), includes breakfast, and is priced at $293—making it more affordable and practical for a one-night stay in the Financial District. Option B has a higher star rating and a better review score (8.6/10), but charges $533 and does not include breakfast, which is a significant drawback for a single-night stay. The price difference is substantial, and the inclusion of breakfast adds value. Given the trade-off between cost and ameni"
10938,B,"Option A offers a 3-star hotel with a strong guest review score (7.8/10) in the Financial District, includes breakfast, and is significantly more affordable at $178 per night. Option B has a higher star rating (4 stars) and an excellent review score (8.5/10), with a premium price and a king room, but lacks breakfast. The trade-off is between value and luxury—Option A provides essential amenities at a fraction of the cost, while Option B offers a more upscale experience without breakfast. Given t"
10941,A,"Option A offers a prestigious 5-star location in Midtown, with a high guest review score and premium amenities like a spa and restaurant, but at a significantly higher price with no free cancellation. Option B is also 5-star and offers a great city view and free cancellation, at a much lower price, though with fewer luxury amenities and a slightly lower review score. While Option A provides more luxury and prestige, the price difference and the value of free cancellation in Option B make it more"
10942,A,"Both options are 5-star hotels with free cancellation and no breakfast, so the key differences lie in location, amenities, and price. The Plaza in Midtown is in a prestigious, central neighborhood with premium amenities like a spa and restaurant, offering a more luxurious experience. Ink 48 is in Hell's Kitchen, a vibrant neighborhood, with a rooftop bar and city views, but at a significantly lower price—about 60% cheaper. While the Plaza offers more upscale amenities and a prime location, the c"
10945,B,"Option A offers a 3-star hotel in Midtown West with a strong guest review score, includes breakfast, and has free cancellation—providing flexibility and value. It is significantly cheaper than Option B, which, while having a higher star rating and city views, lacks breakfast, has no free cancellation, and is over three times more expensive. The trade-off favors Option A for better value and practicality, especially with the inclusion of breakfast and flexibility.  

Final answer: A"
10946,B,"Option A offers a 3-star hotel in Midtown West with a strong guest review score (7.8/10), free WiFi, and a fitness center, at a significantly lower price ($220) than Option B. While Option B has a higher star rating (5 stars), better neighborhood (Hell's Kitchen), and unique amenities like a rooftop bar and city views, it costs $315—over $95 more—and includes no breakfast. Given the price difference and the fact that both lack breakfast, the value and practicality of Option A outweigh the premiu"
10949,B,"Option A offers a 4-star hotel in the trendy Chelsea neighborhood with a high guest review score (8.5/10) and a competitive price of $268, including free WiFi and a fitness center. Option B is a 5-star hotel in Hell's Kitchen with a slightly lower review score (8.1/10) and a significantly higher price ($520), offering a rooftop bar and city views. While B has more amenities and a higher star rating, the price difference is substantial, and both lack breakfast. Given the value, location appeal, a"
10950,A,"Both hotels offer a king room with free cancellation and no breakfast, and include free WiFi and a fitness center. Option A is in the upscale Chelsea neighborhood with a higher guest review score (8.6/10) and features a wine hour, while Option B is in Hell's Kitchen with a slightly lower review score (8.1/10) but offers a rooftop bar and city views at a lower price ($298 vs. $357). The price difference is significant, and both have strong amenities, so the value and location of Option B make it "
10953,B,"Option A offers a 3-star hotel in Midtown East with a strong guest review score of 7.8/10, a competitive price of $193, and includes free WiFi and a fitness center. Option B is a 5-star hotel in Hell's Kitchen with an excellent 8.0/10 rating, a king room, rooftop bar, and city views, but costs $516—nearly triple the price of Option A. While Option B provides more luxury and ambiance, the significant price difference and lack of breakfast in both options mean the value lies in Option A’s affordab"
10954,B,"Option A offers a 3-star hotel in Midtown East with a strong guest review score, free WiFi, fitness center, and restaurant, at a lower price of $270. Option B is a 5-star hotel in Hell's Kitchen with city views, rooftop bar, and a slightly higher price of $334, but both have the same guest score and no breakfast. The trade-off is premium amenities and location versus cost; Hell's Kitchen is a distinct neighborhood, but the price difference is significant. Given the value and solid amenities in O"
10957,B,"Option A offers a 3-star hotel in the prestigious Midtown neighborhood with a high guest review score, includes breakfast, and has free cancellation—providing flexibility and value. It’s priced at $284 per night, with key amenities like free WiFi and a fitness center. Option B, though a 5-star hotel with a strong review score and city views, lacks breakfast, has no free cancellation, and is significantly more expensive at $433. The trade-off favors Option A for better value, reliability, and con"
10958,B,"Option A offers a 3-star hotel in the prestigious Midtown neighborhood with a high guest review score, includes breakfast, and has free cancellation—providing flexibility and value. It’s priced at $197, which is significantly lower than Option B. While Option B has a 5-star rating and a city view, it lacks breakfast, has no free cancellation, and is over $100 more expensive. The trade-off favors Option A for better value, convenience, and flexibility.  

Final answer: A"
10961,B,"Option A offers a premium location in Midtown, a top-tier hotel with an exceptional guest review score, and includes luxury amenities like butler service and a full restaurant. While the price is significantly higher, it provides a more prestigious experience and greater convenience in a central area. Option B is more affordable and offers a unique rooftop bar and city views, with a larger review base, but is located in Hell's Kitchen, slightly less central. Given the value of location, amenitie"
10962,A,"Option A offers a premium location in Midtown, a top-tier hotel with a high guest review score, and luxury amenities like a butler and restaurant, but at a significantly higher price ($1,122) with no free cancellation. Option B is in a vibrant neighborhood, has more reviews, a much lower price ($377), and includes city views and a rooftop bar, offering better value despite a slightly lower review score. The trade-off is between luxury and value—while Option A provides a more exclusive experience"
10965,A,"Option A offers a higher guest review score, is located in the prestigious Midtown neighborhood, and includes a spa and restaurant—enhancing comfort and convenience. However, it is significantly more expensive ($1,324 vs. $450), with no breakfast and no free cancellation flexibility. Option B is much more affordable and still offers a 5-star rating and a strong review score, with a rooftop bar and fitness center, though it lacks free cancellation. Given the price difference and the value of affo"
10966,B,"Both hotels are 5-star with high guest review scores, offering similar room types and amenities, and neither includes breakfast or allows free cancellation. The Plaza is in Midtown, a more central and prestigious neighborhood, while The Knickerbocker is in Times Square, closer to entertainment and nightlife. Though The Knickerbocker is significantly cheaper, the Plaza offers a more iconic location and additional amenities like a spa and palm court, which enhance the overall experience. Given the"
10969,B,"Option A is in the prestigious Financial District, offering a 4-star rating with an 8.0/10 review score and a lower price of $235. Option B, while 5-star and with a higher review score (8.7/10), is in Times Square, which is more crowded and less business-friendly, and costs $341—over $100 more. Both lack breakfast and free cancellation, so the key trade-off is value: Option A provides a more central, reputable location at a significantly lower price.  

Final answer: A"
10970,B,"Option A is in the Financial District, a business and tourist hub, with a strong guest review score of 7.9/10 and a lower price of $242. Option B is in Times Square, a vibrant but busier area, with a higher rating of 9.0/10 and a more luxurious room, but costs $316—$74 more. While the amenities are similar, the price difference is significant, and the neighborhood of Times Square may offer less quiet and more noise. Given the higher price and slightly less proven guest satisfaction, Option A pro"
10973,A,"Option A is in the highly desirable SoHo neighborhood, known for its historic charm and cultural vibe, with a strong guest review score of 8.2/10. Option B, while slightly cheaper and with a higher star rating and a more comprehensive amenity list (including a fitness center and rooftop bar), is in Times Square—more central but also more crowded and bustling. Both lack breakfast and free cancellation, so the trade-off is between a charming, well-reviewed neighborhood (A) versus a premium, amenit"
10974,B,"Option A offers a 4-star hotel in the historic SoHo neighborhood, with a high guest review score of 8.0/10 and a lower price of $381. SoHo is known for its cultural and artistic vibe, and the room includes free WiFi and a restaurant/bar. Option B is a 5-star hotel in Times Square, with an excellent 8.8/10 review score, more amenities like a rooftop bar and fitness center, and a higher price of $466. While the amenities and star rating are better in Option B, the price difference is significant, "
10977,B,"Option A offers a 4-star hotel in the bustling Times Square with a high guest review score of 7.8/10 and includes free cancellation, which provides flexibility. Option B is a 5-star hotel in the more prestigious Midtown neighborhood with an excellent 8.6/10 rating and a spa, but lacks free cancellation, which could be a risk if plans change. While B has a slightly lower price and superior amenities, the lack of cancellation flexibility and the higher cost of a 5-star stay in a premium area may n"
10978,B,"Option A offers a 4-star hotel in the bustling Times Square with a high guest review score of 7.9/10, free cancellation, and a competitive price of $344, though it lacks breakfast. Option B is a 5-star hotel in Midtown with an excellent 8.5/10 rating, includes a spa, and offers a premium experience at $484, but lacks free cancellation—making it less flexible. While B has superior amenities and a higher rating, the lack of cancellation flexibility and higher cost may outweigh the benefits for a o"
10981,A,"Both hotels are in the prestigious Midtown neighborhood and offer 5-star service, a superior king bed, free WiFi, and fitness centers. The St. Regis has a slightly higher guest review score (8.9 vs. 8.6) and includes butler service and a bar, which adds to the luxury experience. However, Sofitel is significantly cheaper at $553 versus $868, offering a spa and still maintaining high guest satisfaction with more reviews. Given the price difference and the value of a spa amenity, Sofitel provides b"
10982,A,"Option A offers a higher guest review score (9.0/10) and includes butler service and a bar, providing a more luxurious experience, though at a significantly higher price ($1,244) with no free cancellation. Option B is more affordable ($430), has a strong review score (8.7/10) with a spa, and offers free cancellation—providing greater flexibility. While both are in Midtown and have 5-star ratings, the price difference is substantial, and Option B provides better value with flexibility and a well-"
10985,B,"Option A offers a 4-star hotel in Midtown East with a strong guest review score of 8.2/10, a double room for two guests, and includes free WiFi, fitness center, and restaurant—all at a significantly lower price of $214. Option B is a 5-star hotel in Midtown with an 8.5/10 rating, a luxury king bed, spa, and premium amenities, but costs $522—over double the price of Option A. Given the substantial price difference and the fact that both options lack breakfast and have similar amenities (except fo"
10986,B,"Option A offers a 4-star hotel in Midtown East with a high guest review score (8.0/10), includes breakfast, has free cancellation, and provides essential amenities like WiFi and a fitness center at a lower price ($413). Option B is a 5-star hotel in Midtown with an excellent review score (8.8/10), includes a spa and superior room, but lacks breakfast, has no free cancellation, and is significantly more expensive ($508). The trade-off favors Option A for better value, flexibility, and included be"
10989,B,"Option A offers a premium location in SoHo, a vibrant neighborhood with historic charm and easy access to cultural sites, and includes a city view, which adds to the experience. It has a higher guest review score (9.0/10) indicating greater satisfaction, and features a pool and spa—luxury amenities not present in Option B. While Option B is significantly cheaper and located in Midtown (a major business and tourist hub), it lacks a city view and pool, and has a lower review score. The trade-off i"
10990,B,"Option A offers a higher guest review score (9.0 vs 7.7), is in a vibrant neighborhood (SoHo), includes breakfast, and has a full suite of amenities like a pool and spa—ideal for comfort and convenience. Option B is cheaper and also 5-star, but lacks breakfast and has no free cancellation, which limits flexibility. While the price is lower, the trade-offs in amenities and flexibility make Option A more balanced and user-friendly.  
Final answer: A"
10993,A,"Option A is in a prestigious neighborhood (NoMad), offers premium amenities like butler service, and has a high guest review score, but lacks breakfast and has no free cancellation. Option B is in a central Midtown location, includes breakfast, has more reviews, and is significantly cheaper—though cancellation is not free. The trade-off is between luxury and convenience; breakfast and location are key for a NYC stay. Given the value of breakfast and central location, and the lower price, Option "
10994,A,"Option A is in the upscale NoMad neighborhood, offering a higher guest review score (9.3/10) and includes butler service, which adds luxury and personalized experience. However, it is significantly more expensive at $880 per night. Option B is in Midtown, has a larger review base (1,351 reviews), includes a spa, and is much more affordable at $350 per night—still offering a 5-star experience with key amenities. The price difference is substantial, and while Option A offers finer service, the val"
10997,B,"Option A offers a 3-star hotel in the Lower East Side with a strong guest review score, includes breakfast, and has free WiFi and a fitness center at a significantly lower price ($231). Option B is a 5-star hotel in Midtown with a higher review count and more amenities like a spa and restaurant, but lacks breakfast and costs nearly double ($547). While the location of Option B is more central and upscale, the price premium is steep without the added value of breakfast. Given the cost-benefit rat"
10998,B,"Option A offers a 3-star hotel in the Lower East Side with a high guest review score, includes breakfast, and has free WiFi and a fitness center at a significantly lower price ($137). Option B is a 5-star hotel in Midtown with a strong review score and more amenities like a spa and restaurant, but lacks breakfast and costs nearly four times as much ($476). Given the budget constraint and the inclusion of breakfast, Option A provides better value and meets most needs for a one-night stay.  
Final"
11001,B,"Option A offers a 4-star hotel in the vibrant Williamsburg neighborhood with a high guest review score (8.6/10) and includes a rooftop bar and free WiFi, at a lower price ($388). Option B is a 5-star hotel in Midtown with a spa, fitness center, and a slightly higher review score (7.8/10), but costs $433—$45 more—and is in a more central, expensive area. While both have good amenities and free cancellation, the price difference and the slightly lower review score for Option B make Option A a bett"
11002,B,"Option A is in a vibrant, trendy neighborhood (Williamsburg) with a high guest review score (8.7/10) and includes a rooftop bar and free WiFi, at a price of $363. Option B is in the prestigious Midtown area (more central), has a 5-star rating and spa amenities, but has a lower review score (7.7/10) and no free cancellation, at a slightly lower price ($332). While Option B offers more luxury amenities and is in a prime location, the lack of cancellation flexibility and lower review score are nota"
11005,B,"Option A offers a 3-star hotel in the prestigious Financial District with a high guest review score, includes breakfast, and has essential amenities like free WiFi and a fitness center at a significantly lower price. Option B is a 5-star hotel in SoHo with an excellent review score and luxury amenities like a spa and city views, but lacks breakfast and costs nearly double. While the luxury of Option B is appealing, the absence of breakfast and the steep price make it less practical for a one-nig"
11006,B,"Option A offers a 3-star hotel in the Financial District with a strong guest review score, free cancellation, and breakfast included—ideal for a budget-conscious traveler seeking convenience and reliability. Option B, while higher-end with a 5-star rating and excellent reviews, charges nearly four times more and lacks free cancellation, which could be a significant risk. The price difference is substantial, and the added amenities in B are not essential for a one-night stay. Given the value, rel"
11009,B,"Option A offers a 3-star hotel with a strong guest review score (8.1/10) and includes free WiFi, fitness center, and a restaurant, at a significantly lower price ($367). Option B is a 5-star hotel with an excellent review score (9.1/10), includes a pool, spa, and city views, and is more luxurious—but costs $538, nearly $170 more. Given the price difference and the availability of key amenities in Option A, the value and practicality of a 3-star hotel in a desirable neighborhood with solid review"
11010,B,"Option A offers a 3-star hotel with a strong guest review score (8.0/10) and includes free WiFi and a fitness center, at a lower price of $320. Option B is a 5-star hotel with an excellent review score (9.1/10), includes a pool, spa, and city views, and offers free cancellation—valuable for flexibility—but costs $440, nearly 40% more. While B has superior amenities and a higher rating, the price premium is significant, and both lack breakfast. Given the balance of value, comfort, and cost, Optio"
11013,B,"Option A offers a 3-star hotel in a vibrant neighborhood with strong guest reviews, free WiFi, and a rooftop bar, at a significantly lower price of $123 with no breakfast. Option B is a 5-star hotel in a prime area with excellent reviews, includes breakfast, and offers premium amenities like a spa and city views, but costs $624—over five times more. Given the substantial price difference and the fact that Option A provides a solid experience with key amenities, while Option B adds luxury ameniti"
11014,B,"Option A offers a 3-star hotel in a vibrant neighborhood with a strong guest review score, a queen bed, and free WiFi and a rooftop bar, at a significantly lower price ($95). Option B is a 5-star hotel in a prime neighborhood with excellent reviews, a king bed, city views, and more amenities like a spa and pool, but costs nearly four times as much ($394). While B offers more luxury and amenities, the price difference is steep, and the value of extra amenities may not justify the cost for a one-n"
11017,B,"Option A offers a 4-star hotel in the East Village with a high guest review score (8.4/10) and includes free cancellation, which provides flexibility. It is significantly cheaper at $313, and while it lacks a pool or spa, it still offers free WiFi and a restaurant. Option B, though 5-star and in a desirable neighborhood with an excellent review score (8.8/10), charges $700—nearly double the price—and does not include free cancellation, which limits flexibility. Given the price difference and the"
11018,B,"Option A offers a 4-star hotel in the East Village with a high guest review score, includes breakfast, and has free WiFi and a restaurant, though it lacks free cancellation. Option B is a 5-star hotel in SoHo with an even higher review score, includes a pool, spa, and city views, and offers free cancellation, but costs nearly double and excludes breakfast. While B has more amenities and flexibility, the price difference is significant, and breakfast is a major convenience. Given the value of bre"
11021,B,"Option A offers a higher guest review score (8.9 vs 8.8), is located in the prestigious Midtown neighborhood, and includes premium amenities like butler service and a fitness center. While it is significantly more expensive, the added luxury and location may justify the cost. Option B is more affordable and offers a pool, spa, and city views, but lacks free cancellation and is in a more casual neighborhood. Given the value of flexibility and premium service, especially for a one-night stay in a "
11022,A,"Option A offers a top-rated, centrally located hotel in Midtown with premium amenities like a butler and restaurant, and includes breakfast—ideal for a luxury experience. However, it lacks free cancellation and is significantly more expensive. Option B provides a strong guest review score, includes free cancellation, and offers city views and a spa, at a much lower price, though breakfast is not included. Given the value, flexibility, and location (SoHo is still central and walkable), and the ab"
11025,B,"Option A offers a 4-star hotel in a highly rated neighborhood (Union Square) with strong guest reviews (8.0/10), free WiFi, fitness center, and restaurant, at a significantly lower price ($324). Option B is a 5-star hotel in SoHo with an excellent review score (9.6/10), includes breakfast, and offers more luxury amenities like a private theater and terrace, but costs nearly double ($782). While Option B has superior amenities and a higher rating, the price difference is steep, and breakfast is o"
11026,B,"Option A offers a 4-star hotel in a central, walkable neighborhood (Union Square) with a strong guest review score (8.1/10) and includes free WiFi, fitness center, and restaurant, at a significantly lower price ($470). Option B is a 5-star hotel in SoHo with an excellent review score (9.6/10), offering more amenities like a private theater and terrace, but at a price nearly triple that of Option A. Given the substantial price difference and the high value of amenities in Option A, the trade-off "
11029,B,"Option A offers a 4-star hotel in the prestigious Midtown neighborhood with a strong guest review score of 8.3/10, a queen bed, and free WiFi and fitness amenities, at a significantly lower price of $309. Option B is a 5-star hotel in SoHo with an excellent 9.6/10 rating, a luxury king bed, and more amenities like a private theater and terrace, but costs $941—over three times more—and includes free cancellation, which adds flexibility. While B has superior amenities and a higher rating, the pric"
11030,B,"Option A offers a 4-star hotel in the prestigious Midtown neighborhood with a high guest review score (8.4/10), includes breakfast, and has essential amenities like free WiFi and a fitness center, at a significantly lower price ($367). Option B is a 5-star hotel in SoHo with an excellent review score (9.3/10), includes a private theater and terrace, but lacks breakfast and costs nearly double ($829). While the luxury of Option B is appealing, the absence of breakfast and steep price make it less"
11033,B,"Option A offers a 4-star hotel in the prestigious TriBeCa neighborhood with a high guest review score of 8.4/10, a king bed, and free WiFi and a restaurant, at a significantly lower price of $320. Option B is a 5-star hotel in SoHo with an excellent 9.4/10 rating, more amenities (including a private theater, gym, and terrace), and a luxury king bed, but costs $696—over twice as much. While Option B has superior amenities and a higher rating, the price difference is substantial, and both lack bre"
11034,B,"Option A offers a 4-star hotel in the prestigious TriBeCa neighborhood with a strong guest review score of 8.1/10, a king bed, and free WiFi and a restaurant, at a significantly lower price of $240. Option B is a 5-star hotel in SoHo with an excellent 9.4/10 rating, more amenities (including a private theater, gym, and terrace), and a much higher price of $802. While Option B has superior amenities and a higher rating, the price difference is substantial, and the added amenities may not justify "
11037,B,"Option A offers a 3-star hotel in Midtown West with a high guest review score (8.0/10), includes breakfast and free WiFi, and provides a fitness center—all at a significantly lower price ($231). Option B is a 5-star hotel in Upper Midtown with an excellent review score (9.5/10), includes more amenities like a restaurant and screening room, and is priced at $808—over three times more expensive. While the luxury and amenities of Option B are appealing, the price difference is substantial, and Opti"
11038,B,"Option A offers a 3-star hotel in a prime Midtown West location with a strong guest review score, includes breakfast, and has free cancellation—making it more flexible and affordable. Option B is a 5-star hotel in a desirable area with an excellent review score, but lacks breakfast, has no free cancellation, and is significantly more expensive. The trade-off favors Option A for better value, flexibility, and essential amenities for a one-night stay.  
Final answer: A"
11041,B,"Option A offers a 3-star hotel in Chelsea with a strong guest review score, includes breakfast, free WiFi, and a fitness center, at a significantly lower price of $198 per night with free cancellation. Option B is a 5-star hotel in Upper Midtown with an excellent review score, includes a terrace and a restaurant, but charges $645 per night, has no free cancellation, and does not include breakfast. The trade-off is between comfort and value—Option A provides solid amenities at a fraction of the c"
11042,B,"Option A offers a 3-star hotel in Chelsea with a strong guest review score, includes breakfast, and has a fitness center—all at a significantly lower price ($256). Option B is a 5-star hotel in Upper Midtown with an excellent review score and premium amenities, but lacks breakfast and costs nearly three times as much ($840). While the luxury of Option B is appealing, the cost and lack of breakfast make it less practical for a one-night stay. Given the balance of value, comfort, and affordability"
11045,B,"Option A offers a 3-star hotel in the Financial District with a high guest review score, includes breakfast and a kitchen, and provides a spacious one-bedroom suite—ideal for comfort and convenience. It’s significantly cheaper than Option B, though without free cancellation. Option B has a 5-star rating and a higher guest score, with a luxurious experience and amenities like a screening room, but lacks breakfast and has no free cancellation, and is over three times more expensive. Given the cost"
11046,B,"Option A offers a 3-star hotel in the Financial District with a high guest review score, includes breakfast and a kitchen, and has free cancellation—making it more flexible and practical for a one-night stay. Option B is a 5-star hotel in a desirable neighborhood with an excellent review score, but lacks breakfast, has no free cancellation, and is significantly more expensive. The trade-off favors Option A for better value, flexibility, and amenities for a single night.  
Final answer: A"
11049,A,"Option A offers a higher guest review score (9.1 vs 9.3), is located in Midtown (slightly more central), and includes a full suite of amenities like a spa and pool—though it lacks breakfast and has no free cancellation. Option B is slightly more centrally located (Upper Midtown), has a higher guest review score (9.3), includes breakfast, and is significantly cheaper ($868 vs $1,268), with fewer amenities but still solid. The breakfast inclusion and lower price make Option B more valuable for a o"
11050,B,"Both options are 5-star hotels in high-rated neighborhoods with excellent guest reviews and free cancellation. Option A, Park Hyatt, is in Midtown and offers a broader range of amenities including a spa, pool, and bar, which may enhance comfort and convenience. Option B, The Whitby, is slightly cheaper and located in Upper Midtown, but lacks a fitness center and spa, offering fewer luxury amenities. Given the higher price and superior amenities of Option A, despite the cost, the added value of a"
11053,B,"Option A offers a 3-star hotel in Midtown with a strong guest review score, free WiFi, and a fitness center, at a significantly lower price of $166 per night. Option B is a 5-star hotel in Upper Midtown with an excellent review score, includes breakfast, and offers more amenities like a restaurant and screening room, but costs $833—over five times more. Given the substantial price difference and the fact that both options have free cancellation (same), the value of a superior experience at a muc"
11054,B,"Option A offers a 3-star hotel in Midtown with a strong guest review score (7.4/10) and includes free WiFi and a fitness center at a significantly lower price ($178). Option B is a 5-star hotel in Upper Midtown with an excellent review score (9.3/10), more amenities (including a restaurant and screening room), but costs nearly 5.5 times more ($910). While the luxury and amenities of Option B are appealing, the price is disproportionate given the room type and location difference. For a one-night"
11057,B,"Option A offers a 4-star hotel in Greenpoint, Brooklyn with a high guest review score of 8.4/10 and a significantly lower price of $148 per night, including free WiFi and a garden. Option B is a 5-star hotel in Upper Midtown with a stellar 9.2/10 rating, more amenities like a gym and restaurant, and a price of $646—over four times more expensive. While the amenities and location of Option B are superior, the price difference is substantial, and the value for a one-night stay is much better in Op"
11058,B,"Option A offers a 4-star hotel in a quieter, more residential neighborhood (Greenpoint), with a high guest review score, free cancellation, and free WiFi and garden access—ideal for budget-conscious travelers seeking comfort and flexibility. Option B is a 5-star hotel in a prime, central location with an excellent review score, breakfast included, and more amenities like a gym and restaurant, but at a price nearly four times higher with no cancellation flexibility. Given the significant price di"
11061,B,"Option A offers a 3-star hotel in the bustling Times Square area with a strong guest review score (7.7/10), includes breakfast, and provides free WiFi and a fitness center at a significantly lower price ($192). Option B is a 5-star luxury hotel in TriBeCa with an excellent review score (9.2/10), includes a spa, pool, and restaurant, but charges $610 and does not include breakfast. While Option B offers superior amenities and a premium location, the price is nearly three times higher, and breakfa"
11062,B,"Option A offers a 3-star hotel in the bustling Times Square area with a strong guest review score of 7.6/10, a competitive price of $285, and includes free WiFi and a fitness center. Option B is a 5-star luxury hotel in TriBeCa with an excellent 9.2/10 rating, premium amenities like a spa and pool, and a significantly higher price of $542. While Option B provides superior comfort and location, the price difference is substantial, and both lack breakfast. Given the value, location, and overall gu"
11065,A,"Option A is in the prestigious Midtown neighborhood, closer to major attractions and business districts, and offers a slightly lower price ($868 vs. $931). Both hotels have excellent guest review scores and 5-star ratings, and both include free WiFi, spa, and fitness facilities. However, Option A has no free cancellation, which is a significant drawback if plans change. Option B offers free cancellation, providing greater flexibility, despite being slightly more expensive. Given the importance o"
11066,A,"Option A is in the prestigious Midtown neighborhood, offering a high guest review score (9.1/10) and includes key amenities like a spa and fitness center. While it's slightly more expensive than Option B, it lacks free cancellation, which is a significant drawback for flexibility. Option B has a slightly higher review score (9.2/10), is in a desirable TriBeCa location, and offers free cancellation—providing greater flexibility. Despite the higher price, the added value of free cancellation and a"
11069,B,"Option A offers a 3-star hotel in a central Brooklyn neighborhood with strong guest reviews (8.4/10), free WiFi, and a fitness center, at a significantly lower price ($202). Option B is a 5-star luxury hotel in a prime TriBeCa location with excellent reviews (9.0/10), more amenities (spa, pool, restaurant), and free cancellation, but costs $828—over four times more. While B offers superior luxury and convenience, the price is steep, and both lack breakfast. Given the significant price difference"
11070,B,"Option A offers a 3-star hotel in a central Brooklyn neighborhood with strong guest reviews (8.2/10), free WiFi, and a fitness center, at a significantly lower price ($165). Option B is a 5-star luxury hotel in a prime Manhattan area with excellent reviews (9.0/10), premium amenities, and a higher price ($963). While Option B provides superior comfort and location, the price difference is steep, and both lack breakfast and free cancellation. For a one-night stay, the value and practicality of Op"
11073,B,"Option A offers a solid 3-star hotel in the vibrant SoHo neighborhood with a high guest review score, free WiFi, and a fitness center, at a significantly lower price of $270. It lacks breakfast and has no free cancellation, which limits flexibility. Option B is a luxury 5-star hotel in Midtown with an excellent review score, includes breakfast, a spa, pool, and bar, and offers full cancellation flexibility—but costs $969, nearly four times more. Given the significant price difference and the fac"
11074,B,"Option A offers a 3-star hotel in the vibrant SoHo neighborhood with a high guest review score, includes breakfast, and has a fitness center—all at a significantly lower price ($274 vs. $1,166). While Option B is a 5-star luxury hotel in Midtown with a near-perfect review score and premium amenities like a spa and pool, it lacks breakfast and costs over four times more. Given the substantial price difference and the inclusion of breakfast and essential amenities, Option A provides better value f"
11077,B,"Option A offers a 3-star hotel in the Upper East Side with a strong guest review score of 8.0/10, a competitive price of $298, and essential amenities like free WiFi and a fitness center. Option B is a 5-star hotel in Midtown with a higher guest score of 9.0/10 and premium amenities including a spa and pool, but at a price of $1,022—nearly four times more expensive. Given the significant price difference and the fact that both lack breakfast, the value of Option A is much greater for a one-night"
11078,B,"Option A offers a 3-star hotel in the Upper East Side with a strong guest review score of 8.0/10, free WiFi, fitness center, and restaurant, at a significantly lower price of $231 per night. Option B is a 5-star hotel in Midtown with an excellent 9.3/10 rating, including a spa, pool, and bar, but costs $1,624 per night—over seven times more—and includes free cancellation, which adds flexibility. While B has superior amenities and a prime location, the price is extremely high, and the value is no"
11081,B,"Option A offers a 3-star hotel in the Financial District with a high guest review score, includes breakfast, has a kitchen and fitness center, and is significantly more affordable at $199 per night. Option B is a 5-star hotel in Midtown with an excellent review score and luxury amenities like a spa and pool, but charges $1,007 per night and does not include breakfast. While B offers more luxury and location appeal, the price is over five times higher, and the lack of breakfast is a major drawbac"
11082,B,"Option A offers a 3-star hotel in the Financial District with a high guest review score, includes breakfast, has a kitchen and fitness center, and is significantly more affordable at $267 per night. Option B is a 5-star hotel in Midtown with an excellent review score and luxury amenities like a spa and pool, but charges $841 per night and does not include breakfast. Given the substantial price difference and the fact that Option A provides sufficient amenities and a strong location with a daily "
11085,B,"Option A offers a 3-star hotel in Midtown East with a strong guest review score of 7.9/10, free WiFi, fitness center, and restaurant, at a significantly lower price of $303 with no breakfast. Option B is a 5-star hotel in NoMad with an excellent 9.2/10 rating, includes breakfast, and offers premium amenities like butler service, but costs $673—over twice as much. While Option B has superior amenities and a higher rating, the price difference is substantial, and breakfast is only included in B. G"
11086,B,"Option A offers a solid 3-star hotel in Midtown East with a high guest review score, free WiFi, and a fitness center, at a significantly lower price of $271. It lacks breakfast and has no free cancellation, which could be a drawback if plans change. Option B is a 5-star hotel in a prestigious neighborhood with a near-perfect review score, includes breakfast, butler service, and free cancellation—offering luxury and flexibility at a price nearly four times higher. Given the substantial price diff"
11089,B,"Option A is in the prestigious Financial District, offering a 4-star rating with strong guest reviews (8.6/10) and includes free cancellation, which provides flexibility. Option B is a 5-star hotel in Williamsburg with a slightly higher review score (8.7/10) and a balcony, but lacks free cancellation and is in a more distant neighborhood. While B has a lower price and a premium room, the lack of cancellation flexibility and the distance from Manhattan’s core may reduce convenience. Given the imp"
11090,B,"Option A is in the prestigious Financial District, offering a 4-star rating with strong guest reviews and includes free cancellation, which provides flexibility. It costs $317, significantly less than Option B, and has a similar room type and amenities. While Option B has a 5-star rating and a rooftop pool, it lacks free cancellation and is over 60% more expensive. Given the price difference and the value of flexibility, Option A offers better overall value.  
Final answer: A"
11093,A,"Option A is in the Financial District, a central and business-friendly area, with a slightly lower review count but high guest satisfaction. It lacks breakfast, which is a significant drawback if I need to eat during the day. Option B is in Williamsburg, a more residential and vibrant neighborhood, with more reviews and includes breakfast, a major convenience. Though more expensive, the added value of breakfast and a rooftop pool makes it more appealing.  

Final answer: B"
11094,B,"Option A is in the prestigious Financial District, offering a high guest review score (8.6/10) with a lower price ($370) and access to a historic atrium and bar. Option B has a slightly higher review score (8.8/10), a rooftop pool, and a balcony, but costs $472—$102 more—and is in a more distant, suburban neighborhood. The price difference is significant, and while the amenities in B are appealing, the added cost and location trade-off make A more practical for a one-night stay.  

Final answer:"
11097,B,"Option A offers a 3-star hotel in the prestigious Midtown neighborhood with a strong guest review score of 7.2/10, a competitive price of $148, and essential amenities like free WiFi and a fitness center. Option B, while having a higher star rating and a stellar 9.0/10 review, is located in Brooklyn, which is farther from central business districts and tourist hubs, and costs nearly three times as much for a room with a balcony and additional amenities like a rooftop pool and restaurant. The pri"
11098,B,"Option A offers a 3-star hotel in the prestigious Midtown neighborhood with a strong guest review score (7.3/10) and includes free WiFi and a fitness center, at a significantly lower price ($217). Option B is a 5-star hotel in Williamsburg with an excellent review score (9.0/10), offering more amenities like a rooftop pool and restaurant, but at a much higher price ($370) and in a less central location. While Option B has superior amenities and a higher rating, the price difference is substantia"
11101,B,"Both hotels are in the same neighborhood (Williamsburg, Brooklyn) and offer free WiFi and free cancellation, with no breakfast included. Option A is a 3-star hotel with a strong guest review score (8.3/10) and a significantly lower price ($101 vs. $294). Option B, a 5-star hotel with a higher review score (8.7/10), includes additional amenities like a rooftop pool, restaurant, and fitness center, but at a much higher cost. The price difference is substantial, and the added amenities in Option B "
11102,B,"Option A offers a 3-star hotel with a strong guest review score (7.9/10) and includes free WiFi and a rooftop bar, at a significantly lower price ($163). Option B is a 5-star hotel with an excellent review score (8.9/10), more amenities (rooftop pool, restaurant, fitness center), and free cancellation, but costs nearly triple as much ($438). While B has superior amenities and flexibility, the price difference is steep, and both lack breakfast. Given the high cost of B relative to the value offer"
11105,A,"Option A offers a higher guest review score (8.9 vs 8.8), is located in a prestigious neighborhood (Upper East Side), and includes live jazz and a spa—enhancing the experience. However, it is significantly more expensive ($1,157 vs $505) and lacks free cancellation. Option B is more affordable, offers free cancellation (a major benefit for flexibility), and is in a vibrant neighborhood, though with slightly lower reviews. Given the price difference and the value of free cancellation, Option B pr"
11106,A,"Option A offers a premium location in the Upper East Side, a top-rated hotel with excellent reviews, and includes breakfast and a full suite of amenities like a spa and live jazz—ideal for a luxury experience. However, it is significantly more expensive at $1,172. Option B is much more affordable at $328, located in a vibrant neighborhood, with a large review base and key amenities like a rooftop pool, though it lacks breakfast. The trade-off is between luxury and value: if I prioritize experien"
11109,B,"Option A offers a 4-star hotel in the prestigious TriBeCa neighborhood with a strong guest review score of 8.2/10 and a lower price of $245. Option B is a 5-star hotel in Williamsburg with an excellent 8.9/10 rating, more amenities (including a rooftop pool and fitness center), and a higher price of $327. While B has superior amenities and a slightly higher rating, the price difference is significant, and TriBeCa is a more central, historic neighborhood. Given the value and location balance, Opt"
11110,B,"Option A offers a 4-star hotel in the prestigious TriBeCa neighborhood with a high guest review score and free WiFi, at a lower price of $211, though it lacks breakfast. Option B is a 5-star hotel in Williamsburg with an even higher review score, includes breakfast, and offers more amenities like a rooftop pool and fitness center, but costs $293—significantly more. While Option B provides superior amenities and convenience, the price difference is steep, and TriBeCa is a more central, desirable "
11113,B,"Option A offers a 3-star hotel in a desirable neighborhood with a strong guest review score, free WiFi, and a restaurant, at a significantly lower price ($166). Option B is a 5-star hotel with a higher review score, more amenities (including a rooftop pool and fitness center), and free cancellation, but costs nearly three times as much ($493). While B has superior amenities and flexibility, the price difference is steep, and both lack breakfast. Given the value, comfort, and neighborhood appeal "
11114,B,"Option A offers a 3-star hotel in a desirable neighborhood with a strong guest review score and includes free WiFi and a restaurant, at a significantly lower price ($169). Option B is a 5-star hotel with a higher review score, more amenities (including a rooftop pool and fitness center), and free cancellation, but costs nearly double ($355). While B has superior amenities and flexibility, the price difference is substantial, and both lack breakfast. Given the value, location, and guest satisfact"
11117,B,"Option A offers a 3-star hotel in Brooklyn with a strong guest review score, includes breakfast, and has free WiFi and a fitness center at a significantly lower price ($151). Option B is a luxury 5-star hotel in Midtown with an excellent review score and premium amenities, but breakfast is not included and the price is over 7 times higher ($1,072). Given the substantial price difference and the inclusion of breakfast in Option A, the value and practicality are much greater for a one-night stay. "
11118,B,"Option A offers a 3-star hotel in Brooklyn with a strong guest review score (7.7/10), a king bed, free WiFi, and a fitness center, at a significantly lower price ($196) compared to Option B. Option B, a 5-star hotel in Midtown with an excellent review score (8.6/10), includes luxury amenities like a spa, restaurant, and palm court, but costs $1,275—over six times more. Given the one-night stay and the substantial price difference, the value and practicality of Option A are much greater, especial"
11121,B,"Option A offers a 4-star hotel in a convenient downtown Brooklyn location with strong guest reviews, free WiFi, and amenities like a fitness center and pool, at a significantly lower price of $201 per night. Option B is a 5-star luxury hotel in Midtown with an excellent review score, includes breakfast, and offers premium amenities like a spa and palm court, but costs $1,176—over five times more. Given the substantial price difference and the high value of the amenities and location in Option A,"
11122,B,"Option A offers a 4-star hotel in a convenient downtown Brooklyn location with a strong guest review score and essential amenities like free WiFi, fitness center, and pool, at a significantly lower price of $221. Option B is a 5-star luxury hotel in Midtown with an excellent review score and premium amenities like a spa and palm court, but costs $945—over four times more. Given the one-night stay and the substantial price difference, the value and practicality of Option A outweigh the luxury app"
11125,A,"Option A offers a slightly lower price and is located in Midtown East, a bit farther from central attractions, but lacks breakfast and has no free cancellation. Option B is in the more central Midtown, has a higher guest review score, includes breakfast, offers free cancellation, and has a unique Palm Court—though at a significantly higher price. The added value of breakfast, flexibility with cancellation, and central location in Option B outweighs the cost difference, especially for a one-night"
11126,B,"Both options are 5-star hotels in prime Midtown neighborhoods with high guest review scores and free cancellation. Option A (Lotte New York Palace) is in Midtown East, slightly less central than The Plaza, but offers a comparable suite with all key amenities at a significantly lower price ($661 vs. $1,004). While The Plaza has a slightly higher review score and a unique Palm Court, the price difference is substantial, and the value proposition favors Option A for a one-night stay.  

Final answe"
11129,B,"Option A offers a 3-star hotel in the vibrant SoHo neighborhood with a high guest review score, includes breakfast, and has free cancellation—providing flexibility and value. Option B is a 5-star hotel in Hudson Yards with an excellent review score and premium amenities like a spa and rooftop pool, but lacks breakfast and has no free cancellation, making it less flexible and significantly more expensive. The trade-off favors Option A for better value, flexibility, and sufficient amenities for a "
11130,B,"Option A offers a 3-star hotel in the vibrant SoHo neighborhood with a strong guest review score, includes breakfast, and has free cancellation—providing flexibility and value. It costs $242 per night, which is significantly lower than Option B. While Option B has a 5-star rating and more amenities like a spa and rooftop pool, it lacks breakfast, has no free cancellation, and is over four times more expensive. The trade-off favors Option A for better value, convenience, and flexibility.  
Final "
11133,B,"Option A offers a 4-star hotel in the bustling Times Square area with a strong guest review score and essential amenities like free WiFi and a fitness center, though it lacks breakfast and has no free cancellation. Option B is a 5-star hotel in the upscale Hudson Yards neighborhood with an excellent review score, includes breakfast, has a rooftop pool and spa, and offers free cancellation—though the price is significantly higher. While Option B provides more luxury and convenience, the price dif"
11134,B,"Option A offers a 4-star hotel in the bustling Times Square neighborhood with a strong guest review score of 7.6/10 and a significantly lower price of $327 per night. Option B, a 5-star hotel in Hudson Yards with an excellent 8.9/10 rating, includes a rooftop pool, spa, and premium amenities but costs $870—over 2.5 times more. While the amenities and location of Option B are superior, the price difference is substantial, and both options lack breakfast. Given the high cost of Option B relative t"
11137,B,"Option A offers a 4-star hotel in the bustling Times Square neighborhood with a high guest review score, includes breakfast, and has a significantly lower price ($373 vs. $923). While Option B has a 5-star rating and premium amenities like a rooftop pool and spa, it lacks breakfast and is nearly three times more expensive. Given the value of breakfast and affordability, and considering Times Square's accessibility and vibrant atmosphere, Option A provides better overall value for a one-night sta"
11138,B,"Option A offers a 4-star hotel in the bustling Times Square neighborhood, with a high guest review score, free WiFi, and a restaurant and bar—ideal for a vibrant city experience. It costs $253 per night, but lacks free cancellation. Option B is a 5-star hotel in the upscale Hudson Yards area, with more amenities like a rooftop pool, spa, and fitness center, and includes free cancellation, but costs $986—over four times more. While B offers superior amenities and flexibility, the price is steep, "
11141,B,"Both options are 5-star with high guest review scores (8.8/10), offer a king bed, free cancellation, and include free WiFi, spa, fitness center, and breakfast is excluded in both. Option A is in Midtown, a central and iconic neighborhood, while Option B is in Hudson Yards, a modern, up-and-coming area. Though Option B is cheaper, the difference in price is significant ($795 vs. $571), and Midtown offers greater convenience, proximity to attractions, and iconic landmarks. Given the value and loca"
11142,B,"Option A is in the highly desirable Midtown neighborhood, close to Central Park and major attractions, with a strong guest review score and competitive pricing. Option B offers a slightly higher review score and more amenities like a rooftop pool, but is significantly more expensive and located in Hudson Yards, which is farther from central attractions. While both have 5-star ratings and include free WiFi, spa, and fitness center, Option A provides better value and location for a one-night stay."
11145,B,"Option A is in a prestigious neighborhood (Upper East Side) with a higher guest review score (8.9/10) and includes live jazz, a notable amenity for a luxury experience. However, it costs $1,223 and has no free cancellation. Option B is slightly cheaper ($1,070), located in the modern Hudson Yards, has more reviews (807), and includes a rooftop pool, but lacks free cancellation. While both are 5-star with strong amenities, Option A offers a more exclusive atmosphere and slightly better reviews, a"
11146,A,"Option A is located in the prestigious Upper East Side, offering a higher guest review score (9.1/10) and a more exclusive ambiance with live jazz, which enhances the experience. However, it is significantly more expensive ($1,351 vs. $1,131) and lacks breakfast. Option B is slightly cheaper, has a solid review score (8.6/10), and includes a rooftop pool, which adds value. While both are 5-star hotels with similar amenities, the price difference is notable, and the rooftop pool in Option B offer"
11149,A,"Option A offers a lower price, is in a historic and charming neighborhood (West Village), and has a strong guest review score, though it lacks breakfast and has no free cancellation. Option B is in a more central, upscale neighborhood (Chelsea), has a higher review score, includes breakfast and free cancellation, and offers more amenities—though it is significantly more expensive. The trade-off is between cost and convenience, with Option B providing more value for someone prioritizing flexibili"
11150,B,"Option A offers a lower price ($87 vs. $210), is in a historic and walkable neighborhood (West Village), and has a strong guest review score (7.4/10), though it lacks breakfast and has no free cancellation. Option B is in a desirable neighborhood (Chelsea), has a higher review score (8.1/10), includes breakfast, and has a fitness center, but is significantly more expensive. The trade-off is cost versus value—Option A provides a more budget-friendly experience with solid amenities, while Option B"
11153,A,"Option A is in Times Square, a bustling area with high visibility and activity, but lacks breakfast and has no free cancellation—this could be a risk if plans change. Option B is in Chelsea, a more residential area, offers breakfast, free cancellation, and a fitness center, though it's significantly more expensive. While Option B has better amenities and flexibility, the price difference is steep. Given the value of breakfast and flexibility, especially for a one-night stay, Option B provides mo"
11154,A,"Option A is in Times Square, a bustling and central area, but lacks breakfast and has a slightly lower guest review score (7.8/10) compared to Option B. Option B is in Chelsea, a more residential neighborhood, offers breakfast included, has a higher guest review score (8.4/10), and includes a fitness center—adding value. While both have free WiFi and are 3-star, the breakfast inclusion and higher reviews make Option B more appealing despite the higher price.  

Final answer: B"
11157,B,"Option A is in Midtown, a prestigious and convenient neighborhood, with a slightly lower guest review score but a 4-star rating and no breakfast. Option B is in Times Square, has a higher guest review score, includes breakfast, and offers a double room—ideal for two guests—but costs $93 more and is in a more crowded, bustling area. While breakfast is a valuable perk, the price difference is significant, and Midtown offers better location and amenities for a one-night stay.  

Final answer: A"
11158,B,"Option A is in the prestigious Midtown neighborhood, offering a 4-star rating and excellent guest reviews, with free WiFi and a fitness center, though it does not include breakfast. Option B is in Times Square, has a slightly higher review score, includes breakfast, and is a 3-star hotel, but costs $58 more and is in a more crowded, bustling area. While breakfast is a valuable perk, the price difference is significant, and Midtown offers better location and amenities for a premium stay.  

Final"
11161,B,"Option A offers a 4-star hotel in a central Brooklyn neighborhood with a strong guest review score and free WiFi, fitness center, and pool, though it lacks breakfast and has no free cancellation. Option B is in the bustling Times Square area, has a higher guest score with more reviews, includes breakfast, and offers free cancellation—though it's more expensive. While Option B has better amenities and flexibility, the price difference is significant, and the neighborhood of Times Square may be le"
11162,B,"Option A offers a 4-star hotel in a convenient downtown Brooklyn location with a strong guest review score, free cancellation, and essential amenities like free WiFi and a fitness center—though it doesn’t include breakfast. Option B is in the bustling Times Square area, has a slightly higher review score with more reviews, includes breakfast, and is more expensive with no free cancellation. While Option B provides a valuable perk (breakfast), it comes at a higher cost and lacks flexibility. Give"
11165,A,"Option A offers a 4-star hotel with a slightly lower guest review score than Option B, but includes a restaurant and bar, and a queen bed—ideal for solo travelers or those seeking more amenities. Option B has a higher guest score, includes breakfast (a major plus), and offers a double room (suitable for two guests), at a significantly lower price. Given the value of breakfast inclusion and the price difference, Option B provides better overall value for a one-night stay in Times Square.  

Final"
11166,A,"Option A offers a 4-star rating with excellent guest reviews and premium amenities like a restaurant and bar, but lacks free cancellation and breakfast. Option B has a slightly higher review score, includes breakfast, and offers free cancellation—key for flexibility—though it has a lower star rating and a double room (less ideal for single travelers). Given the value of free cancellation and breakfast, especially for a one-night stay, Option B provides better overall flexibility and convenience."
11169,B,"Option A offers a 4-star rating in a modern neighborhood (Long Island City), with Manhattan views and free WiFi, at a slightly lower price ($241 vs. $249). While it lacks breakfast and has fewer reviews, the higher star rating and scenic views add value. Option B has a 3-star rating, is in a more central and bustling area (Times Square), includes breakfast, and has more reviews—though it's more expensive and has a less premium rating. The trade-off favors Option A for better value and ambiance d"
11170,B,"Option A offers a 4-star hotel in Long Island City with excellent guest reviews, free cancellation, and Manhattan views, though it lacks breakfast. Option B is in the bustling Times Square area, has a higher review count, includes breakfast and a fitness center, but lacks free cancellation and is significantly more expensive. While Option B provides more amenities and breakfast, the lack of cancellation flexibility and higher price may outweigh the benefits. Given the value of free cancellation "
11173,B,"Option A offers a 4-star hotel in the bustling Times Square, with a high guest review score, free cancellation, and a king bed—ideal for comfort and flexibility. Option B is slightly cheaper and in Midtown East, a desirable area, with a slightly higher review score, but lacks free cancellation and has a double room (which may not suit all guests). While both include breakfast and free WiFi, the ability to cancel without penalty is a significant advantage for a one-night stay with uncertain plans"
11174,A,"Option A is in the bustling Times Square, which is central but may have more noise and less privacy. It has a slightly lower guest review score (7.7 vs 8.6) and lacks breakfast, despite having a restaurant. Option B is in Midtown East, a more serene area, has a higher guest review score, includes breakfast, and is cheaper. The added value of breakfast and a better neighborhood outweigh the slight star rating difference.  

Final answer: B"
11177,A,"Option A is slightly cheaper ($188 vs. $196) and is located in Midtown West, which is close to the Empire State Building and major attractions. Both hotels have high guest review scores (8.0 vs. 8.3), include breakfast and free WiFi, and offer fitness centers. However, Option B has free cancellation, which provides greater flexibility in case plans change. Given the small price difference and the added benefit of free cancellation, Option B offers better overall value and peace of mind.

Final a"
11178,A,"Option A is in Midtown West, slightly farther from central landmarks, but has a slightly lower guest review score (7.9 vs 8.4) and no free cancellation, which limits flexibility. Option B is in Midtown (more central), has a higher guest review score, offers free cancellation, and is only $2 more expensive. The added flexibility and better reviews make Option B more valuable despite the small price difference.  

Final answer: B"
11181,A,"Option A offers a 5-star experience in a prestigious neighborhood (TriBeCa), with excellent guest reviews and premium amenities like a spa and pool, though it's significantly more expensive ($707) and lacks breakfast. Option B is in a central, convenient neighborhood (Midtown), has a strong review score, includes breakfast, and is much more affordable ($205), though it lacks luxury amenities. The trade-off is between premium luxury and value with essential services. Given the price difference an"
11182,A,"Option A offers a 5-star luxury experience in a prime neighborhood (TriBeCa), with excellent guest reviews and premium amenities like a spa and pool, though it lacks breakfast and has no free cancellation. Option B is more budget-friendly, offers free cancellation and included breakfast, and is in the bustling Midtown area—though with a lower star rating and fewer amenities. While Option A provides luxury and comfort, Option B offers better value, flexibility, and essential conveniences with a s"
11185,A,"Option A is in Times Square, a more vibrant but busier neighborhood, and offers a rooftop bar and restaurant, but no breakfast and no free cancellation. Option B is in Midtown, a more central and prestigious area, includes breakfast, has a fitness center, and is slightly cheaper, though with no free cancellation. While both have high guest scores and 3-star ratings, the inclusion of breakfast and better location in Midtown outweighs the minor amenities and neighborhood differences.  

Final answ"
11186,A,"Option A is in Times Square, a more central and vibrant neighborhood, but lacks breakfast and has no free cancellation. Option B is in Midtown, a prestigious area, includes breakfast, has a fitness center, and offers a double room—ideal for two guests. Though Option B is more expensive, the added value of breakfast and amenities, especially for a one-night stay in a key NYC area, makes it more practical.  

Final answer: B"
11189,B,"Both options have the same star rating, guest review score, room type, amenities, and lack free cancellation or breakfast inclusion. The key difference is price: Option A is $126 per night, while Option B is $227 per night. Given that the cost difference is significant and both offer identical features, Option A provides better value without compromising on quality or amenities.  

Final answer: A"
11190,A,"Both options are 3-star hotels with free cancellation, breakfast, and similar amenities. Option A is in Brooklyn with a slightly lower guest review score (7.5/10) but costs $130, while Option B is in the prestigious Financial District with a higher review score (8.3/10) but costs $249—nearly double. Given the significant price difference and the value of a more central, well-reviewed location, Option B offers better overall value despite the cost.  

Final answer: B"
11193,A,"Option A is in the bustling Times Square, which is more central and lively but may have higher noise and less quiet. It has a slightly lower guest review score (7.4 vs 8.0) and no breakfast, which is a significant drawback. Option B is in the Financial District, a more business-friendly area, has a higher guest review score, includes breakfast, and is cheaper. The added value of breakfast and a better review score outweighs the location difference for a one-night stay.  

Final answer: B"
11194,A,"Option A is in the bustling Times Square, which is more central and lively but may have higher noise and less quiet. It has a slightly lower guest review score (7.7 vs 8.2), and no breakfast, which is a significant drawback. Option B is in the Financial District, a more business-friendly area, has a higher guest review score, includes breakfast, and is cheaper. The breakfast inclusion adds substantial value, especially for a one-night stay.  

Final answer: B"
11197,A,"Option A is in a more central, walkable neighborhood (Downtown Brooklyn), with a slightly lower guest review score (7.7 vs 8.2), but offers a pool and fitness center, and a higher price. Option B is in the prestigious Financial District, has a higher review score, includes free cancellation (a major benefit), and is slightly cheaper. While both offer breakfast and free WiFi, the flexibility of free cancellation and the superior location in a high-traffic, business-friendly area make Option B mor"
11198,B,"Option A offers a 4-star hotel in a vibrant neighborhood with strong guest reviews, free WiFi, fitness center, and pool, at a significantly lower price ($154 vs. $260). While Option B includes breakfast and has a higher review count, it is nearly double in price and located in a more central but expensive area. The key trade-off is cost versus amenities—Option A provides more value with comparable guest satisfaction and essential amenities.  

Final answer: A"
11201,A,"Option A is in Park Slope, Brooklyn, a quieter, more residential neighborhood, with a strong guest review score and free WiFi, but no breakfast. Option B is in the bustling Financial District, has a slightly higher review score, includes breakfast and a fitness center, and is more expensive. While Option B offers more amenities and a better location for business or city access, the price difference is significant, and breakfast is a major convenience. Given the value of breakfast and the high re"
11202,A,"Option A offers a lower price, is in a desirable neighborhood (Park Slope), has a strong guest review score, and includes free WiFi and a restaurant—though it lacks breakfast. Option B is in a prime location (Financial District), has a higher review count, includes breakfast and a fitness center, but is significantly more expensive and does not offer free cancellation. Given the price difference and the value of breakfast and location, Option B provides better overall value despite the lack of f"
11205,B,"Option A offers a 4-star hotel in Long Island City with excellent guest reviews, Manhattan views, and free WiFi, at a lower price of $207 with no breakfast. Option B is in the prestigious Financial District, has a slightly lower review score but includes breakfast and a fitness center, at a higher price of $285. While breakfast is a valuable perk, the price difference is significant, and Option A provides a more scenic view and better value overall.  

Final answer: A"
11206,A,"Option A offers a 4-star hotel in Long Island City with excellent guest reviews, Manhattan views, and free cancellation—providing flexibility and a scenic experience, though without breakfast. Option B is in the prestigious Financial District, has a slightly lower star rating but includes breakfast and a fitness center, with more reviews, though no cancellation policy and a higher price. The trade-off is between convenience and value: Option A is more flexible and offers a view, while Option B p"
11209,A,"Option A is in Midtown East, a more central and upscale neighborhood, with a slightly lower guest review score (7.9 vs 8.1), but offers a king bed and no breakfast. Option B is in the Financial District, also central, has a slightly higher guest score, includes breakfast, and is cheaper. While both have free WiFi and fitness centers, breakfast is a significant convenience, especially for a one-night stay in NYC. Given the value of breakfast and the lower price, Option B provides better overall v"
11210,B,"Option A is in Midtown East, a more central and upscale neighborhood, offering a double room with two beds, which may be better for guests with two people or families. It has a slightly higher guest review score (7.9 vs 7.8) and includes a restaurant, adding more convenience. Option B is in the Financial District, also central, with a lower price and a king bed, which may be more comfortable for one person. However, the price difference is significant, and both offer free WiFi, breakfast, and fi"
11213,B,"Option A offers a 4-star hotel in the prestigious Midtown neighborhood with a high guest review score, free cancellation, and free WiFi, fitness center, and restaurant—ideal for convenience and flexibility. It lacks breakfast, which is a drawback. Option B is in the Financial District, has a slightly lower rating, no free cancellation, and includes breakfast but is more expensive and lacks a restaurant or bar. The trade-off favors Option A for better location, higher rating, and flexibility, des"
11214,A,"Option A is in the prestigious Midtown neighborhood, offering a higher star rating and excellent guest reviews, with premium amenities like a restaurant and bar. However, it costs $117 more and does not include breakfast. Option B is in the Financial District, has a slightly lower rating, but includes breakfast at a significantly lower price and offers a king bed, which may be more comfortable. Given that breakfast is a major convenience and the price difference is substantial, the value of Opti"
11217,A,"Option A is in Midtown, a central and convenient neighborhood, with a slightly lower guest review score (7.3/10) but no breakfast and a lower price ($184). Option B is in the Financial District, has a higher guest review score (8.0/10), includes breakfast, and offers a king bed—more spacious and convenient for guests who want a full meal and a larger room—though it costs $217. The added value of breakfast and a better neighborhood location in the Financial District outweighs the price difference"
11218,B,"Option A is in the prestigious Midtown neighborhood, offering a high guest review score and free WiFi and fitness center, but lacks breakfast and has no free cancellation. Option B is in the Financial District, has a slightly higher review score, includes breakfast, offers free cancellation, and is significantly more expensive. While Option B provides more value with breakfast and flexibility, the price difference is steep—$252 vs. $123—making it less cost-effective. Given the trade-off between "
11221,A,"Option A is in a vibrant neighborhood (Williamsburg) with a high guest review score and free cancellation, offering a pool and restaurant—great for a relaxed stay. Option B is in a central, business-friendly area with breakfast included and a fitness center, but lacks free cancellation and is slightly cheaper. While both have strong reviews, Option B offers a key benefit (breakfast) at a lower price with fewer risks (no cancellation). However, the financial district is more convenient for busine"
11222,A,"Option A is in a vibrant neighborhood (Williamsburg) with a slightly higher guest review score and includes a pool and restaurant, but lacks breakfast and has no free cancellation. Option B is in a central, business-friendly area (Financial District), offers breakfast, has a larger room (suitable for two guests), and is significantly cheaper—despite a lower star rating. The inclusion of breakfast and lower price make Option B more practical for a one-night stay, especially given the value and co"
11225,A,"Option A offers a 5-star luxury experience in Midtown East, with excellent guest reviews, premium amenities like a spa and restaurant, and free cancellation—ideal for comfort and flexibility. However, it lacks breakfast and costs nearly double. Option B provides a more budget-friendly stay with breakfast included, good reviews, and a central location in SoHo, though it lacks cancellation flexibility and has fewer amenities. Given the value of breakfast and affordability, especially for a one-nig"
11226,B,"Option A offers a 5-star luxury experience in Midtown East, a prime NYC neighborhood, with top guest ratings and premium amenities like a spa and restaurant, though at a significantly higher price. Option B provides a more budget-friendly stay in the vibrant SoHo area with breakfast included and a 3-star rating, but lacks luxury amenities and is in a more casual neighborhood. Given the higher price and superior amenities and location, Option A delivers a more balanced and enjoyable experience de"
11229,B,"Option A is in the Financial District, a central and business-friendly area, with a slightly lower guest review score but includes free cancellation, which provides flexibility. Option B is in the artsy SoHo neighborhood, with a higher guest review score and similar amenities, but lacks free cancellation, which could be a significant drawback if plans change. Given the importance of flexibility and the value of free cancellation, especially for a one-night stay with uncertain plans, Option A off"
11230,A,"Option A is in the Financial District, a more central and business-oriented area of Manhattan, offering a double room with two beds, which may be better for guests traveling with a partner or family. It has a slightly higher price ($268 vs. $173) and a slightly lower review count, but a high guest score (8.1/10). Option B is in SoHo, a more culturally vibrant neighborhood, with a king room and a lower price, but both have similar amenities and no free cancellation. The trade-off is between locat"
11233,B,"Option A offers a 4-star hotel in the bustling Times Square, with a high guest review score, free cancellation, and free WiFi and fitness amenities—though it doesn’t include breakfast. Option B is a 3-star hotel in SoHo with a slightly higher review score, includes breakfast, and is slightly more expensive with no free cancellation. While SoHo is more upscale and quieter than Times Square, the breakfast inclusion and slightly better review score in Option B add value. However, the price differen"
11234,A,"Option A is in the bustling Times Square, a popular and central area, with a 4-star rating and excellent guest reviews, offering free WiFi, fitness center, and restaurant—though no breakfast. Option B is in the artsy SoHo neighborhood, also with strong reviews and a 3-star rating, includes breakfast, and has a slightly higher price but offers a double room for two guests. The trade-off is breakfast inclusion versus location and amenities. Since breakfast is a significant convenience, especially "
11237,B,"Option A offers a 4-star hotel in a central Brooklyn neighborhood with strong guest reviews (7.7/10), free WiFi, fitness center, and pool, but no breakfast and a higher price than expected for the amenities. Option B has a slightly higher guest score (8.2/10), includes breakfast, and is in the trendy SoHo area, but costs $315—$89 more—without additional amenities like a pool. While breakfast is valuable, the price difference is significant, and Option A provides more amenities at a lower cost. G"
11238,A,"Option A offers a 4-star rating and a higher guest review score (7.7 vs 8.2), but is priced $18 more and lacks free cancellation. Option B has a slightly higher review score, includes breakfast, and offers free cancellation—both valuable for flexibility and convenience. While the price difference is small, the inclusion of breakfast and the ability to cancel freely make Option B more practical for a one-night stay.  

Final answer: B"
11241,A,"Both options are in the desirable SoHo neighborhood and have high guest review scores (8.2/10), with free cancellation and free WiFi. Option A is a 4-star hotel with a slightly higher price but no breakfast. Option B is a 3-star hotel with a lower price and includes breakfast, a valuable amenity for a one-night stay. While the star rating is a minor difference, the inclusion of breakfast in Option B provides greater value for the price.  

Final answer: B"
11242,A,"Both options are in the desirable SoHo neighborhood and have high guest review scores (8.4/10), with free cancellation and free WiFi. Option A is a 4-star hotel with a slightly higher price and no breakfast, while Option B is a 3-star hotel with a significantly lower price and includes breakfast, a fitness center, and a more extensive review base. The breakfast inclusion adds substantial value, especially for a one-night stay in a busy city like NYC. Given the price difference and the added bene"
11245,A,"Option A offers a 5-star luxury experience in the prestigious Midtown neighborhood with excellent guest reviews, premium amenities like a spa and restaurant, and a high price point with no free cancellation and no breakfast. Option B provides a more budget-friendly stay in the vibrant SoHo area, includes free cancellation and breakfast, and has a slightly lower star rating but more reviews and practical benefits. While Option A has superior amenities and location, Option B offers better value wi"
11246,A,"Option A offers a 5-star luxury experience in the prestigious Midtown neighborhood with excellent guest reviews, spa and fitness amenities, and a high-end room. However, it costs $715 per night with no breakfast. Option B is a more budget-friendly 3-star hotel in SoHo with a slightly lower star rating but includes breakfast and is significantly cheaper at $241. While the location and amenities of Option A are superior, the price is nearly three times higher, and breakfast is not included. Given "
11249,B,"Option A is in the Financial District, a prime location near major business and financial hubs, and offers a one-bedroom suite with a kitchen, which is ideal for those needing more space or cooking facilities. It includes breakfast, a key benefit for a one-night stay in a busy city. While the price is higher ($197 vs. $181), the added value of a kitchen and breakfast in a central location outweighs the slight difference in price and the absence of breakfast in Option B. Option B, though slightly"
11250,B,"Option A is in the Financial District, a central and business-friendly area, with a one-bedroom suite that includes a kitchen—ideal for those wanting more space and self-catering options. It offers free cancellation, which provides flexibility, and both hotels have strong guest scores. However, Option B is in Midtown East, a more iconic and tourist-friendly area, with a larger restaurant and business center, but lacks cancellation flexibility. Since Option A provides more room amenities, greater"
11253,B,"Option A offers a significantly lower price ($84 vs. $287), is located in a desirable neighborhood (Upper West Side), and has a strong guest review score (6.9/10) with ample reviews. While it lacks a restaurant and has no breakfast, it provides free WiFi and a shared kitchen, which is sufficient for a one-night stay. Option B has a higher star rating and more amenities, including a fitness center and restaurant, but its price is nearly four times higher and cancellation is not free, which adds f"
11254,B,"Option A offers a significantly lower price ($61 vs. $218), is located in a desirable neighborhood (Upper West Side), and has a strong guest review score (6.9/10) with many reviews. While Option B has a higher star rating and more amenities (like a fitness center and restaurant), the price is nearly four times higher, and the room type is larger but with no clear benefit in comfort or value for a one-night stay. Given the cost difference and the solid reputation of Option A, the trade-off favors"
11257,B,"Option A offers a higher star rating, is in a popular neighborhood (SoHo), and has a strong guest review score with more reviews, indicating greater reliability. It includes a restaurant and bar, which adds to the experience, though at a significantly higher price. Option B is in a prime Midtown location, has a larger room (king bed), and includes a fitness center and business center, which may be valuable for business travelers, but lacks free cancellation and is much cheaper. However, the lack"
11258,A,"Option A is in a highly rated neighborhood (SoHo) with a higher guest review score (8.3/10) and a more premium room type (queen bed), but at a significantly higher price ($369 vs. $171). Option B offers a 3-star hotel in a prime Midtown location, more amenities (fitness center, business center), and a much lower price, with a larger room (king bed) and a higher volume of reviews (2,133 vs. 1,177). While Option A has a slightly better review score, the price difference is substantial, and Option "
11261,A,"Option A offers a higher guest review score (8.5 vs 8.3), is in a more accessible neighborhood (Long Island City), and has Manhattan views, which is a desirable feature. However, it lacks breakfast and has no free cancellation, which reduces flexibility. Option B has a lower star rating but includes breakfast, free cancellation, and more amenities like a fitness center and business center, which may be valuable for business travelers or those seeking convenience. Despite the higher price, the ad"
11262,B,"Option A offers a 4-star hotel in a modern neighborhood with excellent guest reviews, Manhattan views, and free WiFi, at a significantly lower price ($189) with no breakfast. Option B is in a prime Midtown location, includes breakfast, and has more amenities like a fitness center and business center, but costs nearly double and has a lower star rating. While both have good reviews and free cancellation, the price difference is substantial, and breakfast is a major convenience. Given the value an"
11265,B,"Option A is in Midtown East, a more central and convenient neighborhood for visitors, with a slightly lower guest review score (7.8 vs 8.0), but offers a king bed, which may be preferable for comfort. Option B is in Chelsea, slightly less central, has a higher review score, but lacks free cancellation and has a double room (less ideal for solo travelers). The price difference is small, but Option B’s lack of cancellation flexibility is a significant drawback. Given the importance of flexibility "
11266,B,"Option A is in Midtown East, a more central and convenient neighborhood for visitors, with a slightly higher guest review score (7.9 vs 8.1), but includes breakfast, which adds value. Option B is in Chelsea, slightly less central, has a marginally higher review score, but lacks breakfast, a key convenience for many travelers. Since breakfast is a significant benefit and both hotels offer similar amenities and star ratings, the inclusion of breakfast in Option A makes it more practical for a one-"
11269,A,"Option A offers a higher star rating, a slightly better guest review score, and is located in the heart of Midtown with premium amenities like a restaurant and bar. While it is more expensive, the price difference is significant—$217 vs. $307—making Option B more budget-friendly. However, Option B lacks free cancellation, which is a major drawback for flexibility. Given the importance of flexibility and the similar neighborhood, I prioritize the ability to cancel without penalty.  

Final answer"
11270,A,"Option A offers a 4-star rating, a higher guest review score (8.5 vs 8.3), and a king room, which may be preferable for comfort and space. Both hotels are in Midtown, have free WiFi, fitness centers, and no breakfast, and both have no free cancellation. However, Option B is significantly cheaper at $183 vs $265, offering a double room (suitable for two guests) at a lower price. Given the similar amenities and location, the cost difference is substantial, and the guest review scores are very clos"
11273,A,"Option A is in the prestigious Financial District with a higher guest review score and more amenities like a historic atrium and bar, but lacks free cancellation and breakfast, and is significantly more expensive. Option B is in the convenient Midtown neighborhood, offers free cancellation (a major benefit), and is much more affordable, though with fewer amenities and a lower star rating. The trade-off favors B due to flexibility, cost, and location, especially with free cancellation offering pe"
11274,A,"Option A is in a prime financial district with a high guest review score and luxurious amenities, but it lacks breakfast and has no free cancellation, and is significantly more expensive. Option B is in a central, accessible neighborhood, offers breakfast, has a strong review base, and is much more affordable—though it's a lower-star hotel. The trade-off favors B for better value and practicality, especially for a one-night stay.  
Final answer: B"
11277,A,"Option A is in a vibrant neighborhood (East Village) with a high guest review score and excellent amenities, but lacks breakfast and has no free cancellation—this could be a risk if plans change. Option B is in a more central, convenient location (Midtown), offers breakfast, free cancellation, and more amenities like a fitness center, which adds value. While it's slightly less expensive, the inclusion of breakfast and flexibility in booking makes it more practical for a one-night stay.  

Final "
11278,A,"Option A is in the East Village, a more historic and artsy neighborhood, with a slightly lower guest review score (8.1/10) but a higher price ($325) and no breakfast. Option B is in Midtown, a more central and convenient location, has a higher review score (8.4/10), includes breakfast, and offers more amenities like a fitness center and business center at a lower price ($271). While Option A has a better room size (queen vs. king), the value of location, breakfast, and amenities in Option B outw"
11281,B,"Option A is a 4-star hotel with a slightly lower guest review score (7.6/10) but a significantly lower price ($211 vs. $306). Option B has a higher guest score (8.1/10) and includes a business center, which may be useful for some guests, but at a much higher cost. Given the price difference and both hotels being in the same neighborhood with similar amenities and no breakfast, the value of Option A is greater for a one-night stay.  

Final answer: A"
11282,A,"Option A has a slightly lower guest review score (7.6 vs 8.0), but it is 14 dollars cheaper and has the same room type and amenities. Both lack breakfast and free cancellation, so the price difference is significant. Given the higher review score and slightly better value, Option B offers better overall guest satisfaction despite the higher price.  

Final answer: B"
11285,A,"Option A offers a 5-star experience in a prime Midtown East location with high guest satisfaction and premium amenities like a spa and restaurant, though it lacks free cancellation and breakfast. Option B is more affordable, has free cancellation, and is in the bustling Times Square area, but with fewer amenities and a lower star rating. While both lack breakfast, Option B’s flexibility and value outweigh the slight downgrade in luxury.  

Final answer: B"
11286,A,"Option A offers a 5-star luxury experience in Midtown East, with excellent guest reviews, premium room amenities, and access to a spa and restaurant—ideal for comfort and convenience. However, it costs nearly three times more than Option B and does not include breakfast. Option B provides a more budget-friendly stay in the vibrant Times Square area, includes free breakfast, and has a larger room with two beds, though it is a 3-star hotel with fewer luxury amenities. Given the significant price d"
11289,A,"Option A offers a higher star rating, is in a more prestigious neighborhood (Midtown East), has a slightly higher guest review score, and includes a ""Heavenly Bed"" — all of which contribute to a more luxurious experience. However, it does not include breakfast and has no free cancellation, which could be a drawback. Option B is cheaper, includes breakfast, and offers a business center, which may be useful for work-related stays, though it's in a more crowded, busy area and lacks free cancellatio"
11290,A,"Option A is in Midtown East, a more central and upscale neighborhood, with a 4-star rating and a heavenly bed, offering a premium experience. Option B is in Times Square, also highly rated, with breakfast included—a major convenience—though at a higher price and with a 3-star rating. The trade-off is between location and value: Option A offers slightly better amenities and location, while Option B provides a free breakfast, which is valuable for a one-night stay. Given the price difference is sm"
11293,A,"Option A offers a luxurious 5-star penthouse loft in the trendy SoHo neighborhood with a high guest review score, but lacks breakfast and has no free cancellation, and is significantly more expensive. Option B provides a more affordable, 3-star room in the bustling Times Square area with breakfast included, more amenities like a fitness center, and a larger review base, though it's less luxurious. While Option A has superior ambiance and prestige, the price difference is steep, and breakfast is "
11294,A,"Option A offers a 5-star experience in a trendy neighborhood with excellent guest reviews, but lacks breakfast and has no free cancellation—making it less flexible and more expensive. Option B is more affordable, includes breakfast, offers free cancellation, and has a well-established review base, with additional amenities like a fitness center. While SoHo is desirable, the practical benefits of flexibility, value, and included breakfast outweigh the premium of a 5-star hotel in a less central l"
11297,A,"Option A is in the Financial District, a business-friendly area with a strong guest review score and lower price, but lacks free cancellation. Option B is in Times Square, a more touristy area with more reviews and a broader amenity list (including a restaurant), and offers free cancellation—important for flexibility. While Option B is more expensive and in a busier neighborhood, the added value of free cancellation and a restaurant makes it more practical for an unpredictable stay.  

Final ans"
11298,B,"Option A is in the Financial District, a business-friendly area with a high guest review score and includes breakfast, which is valuable for a one-night stay. It’s 3-star but offers free WiFi and a fitness center at a lower price. Option B is in Times Square, a more touristy area with a slightly higher review score and more amenities, but lacks breakfast and costs $27 more with free cancellation—offering flexibility but at a higher price. Given the value of breakfast and lower cost, and the impo"
11301,A,"Option A offers a 5-star experience in Midtown East, a prestigious neighborhood, with a higher guest review score and premium amenities like a spa and bar, ideal for a luxurious stay. Option B is more budget-friendly, located in the vibrant Times Square, with a larger room and more reviews, but lacks a spa and has a lower star rating. While both include breakfast and free cancellation, the difference in price is significant—$496 vs. $251—so the value depends on priorities. If comfort, location, "
11302,B,"Option A offers a 5-star experience in Midtown East, a prestigious neighborhood, with a high guest review score of 8.5/10, and includes a spa and bar—ideal for luxury and convenience. Option B is in the bustling Times Square, has a slightly lower rating but more reviews, and offers a double room for two guests at a significantly lower price. While both lack breakfast and free cancellation, Option A provides superior amenities and location, especially for a one-night stay in a prime NYC area. Giv"
11305,B,"Option A offers a 3-star hotel in the desirable Flatiron neighborhood with a high guest review score (8.0/10) and includes free cancellation, which provides flexibility. It has a lower price ($137 vs. $208) and a king room, suitable for one person. Option B is a 4-star hotel in Times Square with more amenities like a fitness center and a higher review count, but lacks free cancellation and is significantly more expensive. Given the lower price, better location (Flatiron is more upscale and quiet"
11306,A,"Option A offers a higher guest review score (8.1 vs 7.8), is in a more desirable neighborhood (Flatiron vs Times Square), includes breakfast, and has a rooftop—adding to the experience. However, it has no free cancellation and is more expensive. Option B is cheaper, offers free cancellation (a major benefit), and has a fitness center, but lacks breakfast and has a slightly lower review score. Given the value of flexibility and convenience, especially for a one-night stay, the free cancellation a"
11309,B,"Option A is in Midtown, a more central and upscale neighborhood, with a higher guest review score (8.2/10) and includes a bar and restaurant, offering more amenities. Option B is in Times Square, a vibrant but busier area, with a slightly lower review score (7.6/10) and a double room, which may be better for two guests. However, Option B is significantly cheaper ($254 vs. $327), and both lack breakfast and free cancellation. Given the price difference and the value of a more central location wit"
11310,B,"Option A is in Midtown, a more central and upscale neighborhood, with a higher guest review score (8.3/10) and a slightly lower price ($314 vs. $322). It offers a king bed, which may be preferable for comfort, and includes a bar and restaurant, adding to convenience. Option B is in Times Square, which is lively but more crowded, has a slightly lower review score, and offers a double room (suitable for two guests) but at a higher price. Given the better location, higher reviews, and lower cost, O"
11313,B,"Option A is in the prestigious Financial District, offering a higher guest review score (8.0/10) and a lower price ($252) compared to Option B. While Option B has free cancellation and is in the vibrant Times Square, it is more expensive ($322) and has a slightly lower review score (7.6/10). The room type in Option A (king bed) is more spacious than Option B’s double room, and both offer similar amenities. Given the better location, higher reviews, and lower cost, Option A provides better value."
11314,A,"Option A is in the prestigious Financial District, offering a higher guest review score (8.1 vs 7.6), and includes free cancellation, which provides flexibility. However, it does not include breakfast. Option B is in the vibrant Times Square, offers breakfast (a major convenience), and is cheaper, but lacks free cancellation and has a slightly lower review score. The trade-off favors Option B due to the inclusion of breakfast and lower price, despite the slightly lower rating and no cancellation"
11317,A,"Option A is in the bustling Times Square neighborhood, offering a higher guest review score (8.1/10) and includes a bar and restaurant, which adds to the experience. While it costs $362, the price difference is significant—Option B is $297, but lacks free cancellation, which is a major drawback for flexibility. Given that both have 4-star ratings and breakfast, and the financial district is more business-oriented, the trade-off favors Option B for cost and flexibility, despite a slightly lower r"
11318,A,"Option A is in the bustling Times Square, offering a higher guest review score (8.1 vs 8.0) and a queen room, which may be preferable for solo travelers or those seeking a central, vibrant location. Option B is in the more business-oriented Financial District, with a slightly lower review score but a significantly cheaper price ($244 vs $310) and a double room, ideal for two guests. Given the price difference and the Financial District’s proximity to business and transit hubs, Option B offers be"
11321,B,"Option A offers a 5-star experience in a prestigious neighborhood (Upper East Side) with a high guest review score, free cancellation, and a full suite of amenities including a spa and bar. However, it is significantly more expensive at $625 per night. Option B is much more affordable at $158, located in the Financial District, with a larger review base and solid amenities, though it lacks free cancellation and has a lower star rating. The trade-off is between luxury and value—given the price di"
11322,A,"Option A offers a higher star rating, superior location in the prestigious Upper East Side, and more amenities like a spa and bar, with a guest review score of 8.8/10. However, it is nearly double the price and lacks free cancellation. Option B is significantly cheaper, offers free cancellation (a major benefit), and is in a central business district, though with a slightly lower rating and fewer amenities. Given the price difference and the value of free cancellation, Option B provides better o"
11325,B,"Option A offers a 3-star hotel in Midtown East with a high guest review score of 8.0/10, at a significantly lower price of $172 per night, with the same amenities as Option B (free WiFi, fitness center, restaurant), though neither includes breakfast or free cancellation. Option B is a 4-star hotel in Midtown with a slightly lower review score (7.7/10) and a price nearly double that of Option A. Given the price difference and comparable amenities, Option A provides better value without sacrificin"
11326,B,"Both hotels are in prime Midtown areas, offer free WiFi, fitness centers, and king rooms with free cancellation. Option A has a slightly higher guest review score (8.0 vs. 7.7) and is $6 cheaper per night. While Option B has a higher star rating, the difference in reviews and price makes Option A the more balanced and cost-effective choice.  
Final answer: A"
11329,B,"Option A is in the Financial District, a central business area, and has a higher guest review score (8.5/10) based on more reviews (1,230), indicating stronger overall satisfaction. It offers a king bed, which may be preferable for comfort, and includes free cancellation, providing flexibility. Option B is in Midtown, also central, with more reviews (1,986) and a slightly lower rating (8.1/10), but lacks free cancellation and has a higher price. Despite the better review volume, the price differ"
11330,B,"Option A is in the prestigious Financial District, offers a higher guest review score (8.6 vs 7.8), includes breakfast, and has free cancellation—providing more flexibility and value. While Option B is in Midtown (a popular area), it lacks breakfast and has no free cancellation, which reduces flexibility. The price difference is significant, with Option A being $41 cheaper, and the amenities and guest satisfaction are stronger.  

Final answer: A"
11333,A,"Option A offers a 5-star experience in Midtown with top amenities like a spa, pool, and restaurant, and includes breakfast—ideal for comfort and luxury. However, it costs $1,148, nearly four times more than Option B. Option B provides a solid 4-star hotel with free WiFi and fitness, located in the same prime neighborhood, at a fraction of the price, though it lacks breakfast. Given the significant price difference and the value of breakfast and premium amenities, Option B delivers better value f"
11334,B,"Option A offers a 5-star experience in Midtown with a high guest review score, premium amenities like a spa and pool, and free cancellation—providing greater flexibility and comfort. However, it is nearly three times more expensive than Option B. Option B is significantly cheaper and still located in Midtown with a solid review score and essential amenities, though it lacks free cancellation and has fewer luxury features. Given the price difference and the fact that both offer similar room types"
11337,A,"Option A is in a prime financial district with a high guest review score and premium amenities like a historic atrium and bar, but lacks breakfast and has no free cancellation—making it less flexible. Option B is in the popular Midtown area, offers breakfast, free cancellation, and is significantly cheaper, with a solid review score and essential amenities. While Option A has a higher price and fewer flexible features, Option B provides better value with more practical benefits.  

Final answer:"
11338,B,"Option A is in the prestigious Financial District, offers a 5-star experience with a higher guest review score, includes breakfast, and has a historic atrium—ideal for a luxury experience. However, it is significantly more expensive ($555 vs. $316) and lacks free cancellation. Option B is in Midtown, has a higher volume of reviews, includes free WiFi and fitness, and is much more affordable, though it does not include breakfast. The trade-off is between luxury and value. Given the price differen"
11341,B,"Option A is in Greenwich Village, a historic and culturally rich neighborhood, with a higher guest review score (8.7/10) indicating better overall guest satisfaction. The room has a queen bed, suitable for one person, and includes a restaurant and bar. Option B is in Midtown, a more central and business-friendly area, with a lower review score (7.8/10) and a double room (better for two guests), plus a fitness center. While Option B is cheaper and offers more space, the lower review score and les"
11342,A,"Option A is in a historic, culturally rich neighborhood (Greenwich Village), with a higher guest review score (8.4/10) and a premium price, offering a king bed and a bar, though no breakfast. Option B is in the more central Midtown area, has a lower review score (7.7/10), a double room (suitable for two guests), and a fitness center, but lacks free cancellation and is significantly cheaper. While both offer free WiFi and a restaurant, the trade-off favors Option B for value and practicality, esp"
11345,B,"Option A is in the bustling Times Square neighborhood, offering a higher guest review score (7.9 vs 7.6), includes free cancellation, and provides a double room suitable for two guests. Option B is in the Financial District, has a slightly lower review score, lacks free cancellation, and is slightly cheaper but with a single king bed. The added flexibility of free cancellation and the higher review score make Option A more reliable and comfortable despite the slightly higher price.  

Final answ"
11346,B,"Option A is in the bustling Times Square neighborhood, offering a higher guest review score (7.9 vs. 7.7), includes breakfast, and has a fitness center—valuable for a one-night stay in a vibrant, busy city. Option B is in the Financial District, a more business-oriented area, with a lower price and no breakfast, which may be a drawback for a visitor seeking convenience. Despite the price difference, the breakfast inclusion in Option A adds significant value, especially for a one-night stay in a "
11349,A,"Option A is located in Times Square, a vibrant but noisy neighborhood, and offers a 4-star rating with a higher guest review score (7.6/10) and additional amenities like a restaurant and bar. Option B is in the quieter, more business-oriented Financial District, has a slightly higher guest review score (7.9/10), and is significantly cheaper at $136 vs. $209. While both lack breakfast and free cancellation, the price difference is substantial, and the Financial District offers a more professional"
11350,B,"Option A offers a 4-star rating in a vibrant neighborhood (Times Square), with a higher guest review score (7.6/10) and includes a restaurant and bar, which adds convenience and ambiance. It is also significantly cheaper ($195 vs. $212) and allows free cancellation, offering more flexibility. Option B is slightly more expensive, lacks free cancellation, and is in a more business-focused area, with fewer amenities. While both have good reviews, Option A provides better value and flexibility.  

F"
11353,A,"Option A is in the bustling Times Square neighborhood, offering a 4-star rating and a higher guest review score (7.8/10), with additional amenities like a restaurant and bar. However, it lacks free cancellation and breakfast, and is significantly more expensive. Option B is in the Financial District, has a slightly higher review score (7.9/10), includes free cancellation, and is much more affordable—though it lacks a restaurant and bar. Given the value of free cancellation and lower price, espec"
11354,A,"Option A is in the bustling Times Square neighborhood, offering a 4-star rating, higher guest satisfaction (8.1/10), and more amenities like a restaurant and bar, which enhance the overall experience. However, it costs $287 per night—significantly more than Option B. Option B is in the Financial District, has a slightly lower rating (7.7/10), but is much more affordable at $168 per night and offers a king bed, which may be more comfortable for some guests. Given the price difference and the valu"
11357,A,"Option A offers a 5-star luxury experience in the prestigious Midtown neighborhood with exceptional guest reviews, a full suite of amenities including a spa and pool, and free cancellation—ideal for comfort and flexibility. However, it is significantly more expensive at $1,381 per night. Option B is much more affordable at $158, located in the Financial District, with a solid review score and basic amenities, but lacks flexibility (no free cancellation) and has fewer features. Given the substant"
11358,A,"Option A offers a 5-star luxury experience in Midtown, with excellent guest reviews, premium amenities like a spa and pool, and a high-end atmosphere—though it lacks breakfast and has no free cancellation. Option B is more budget-friendly, includes breakfast, and is located in the Financial District, but has fewer amenities and a lower star rating. While Option A provides superior comfort and prestige, Option B offers better value with essential perks like breakfast and a more accessible locatio"
11361,A,"Option A is in a scenic, beachside neighborhood (Rockaway Beach) with a higher guest review score (8.3/10) and includes a spa and pool, offering more luxury and amenities. However, it is significantly more expensive ($344 vs. $217) and lacks free cancellation. Option B is in a central, business-friendly area (Financial District), has more reviews (2,071), and is much cheaper, though it lacks free cancellation and spa amenities. The trade-off favors Option B for value and convenience, despite low"
11362,A,"Option A is in a scenic, beachside neighborhood (Rockaway Beach) with a higher guest review score (8.3/10) and includes a spa and restaurant, offering more luxury and amenities. However, it has no free cancellation and no breakfast. Option B is in the central Financial District, has a larger room (suitable for two guests), offers free cancellation, and is slightly cheaper, though with fewer amenities. Given the importance of flexibility (free cancellation) and central location (Wall Street), Opt"
11365,B,"Option A offers a 5-star experience in a prime Financial District location with a high guest review score, premium amenities like a spa and restaurant, and free cancellation—providing flexibility and comfort. Option B is significantly cheaper and has a solid review score, but lacks a spa, restaurant, and has no cancellation policy, which could be risky. Given the importance of flexibility, amenities, and overall experience, especially in a major city like NYC, the higher-end option provides bett"
11366,A,"Option A offers a 5-star experience in a prime Financial District location with high guest satisfaction (8.6/10), premium amenities like a spa and restaurant, and a luxurious suite—though it lacks free cancellation and breakfast. Option B is significantly cheaper, offers free cancellation (a major benefit), and has a solid review score, but with fewer amenities and a lower star rating. While Option A provides more luxury, Option B offers better value and flexibility.  

Final answer: B"
11369,A,"Option A offers a 5-star luxury experience in Midtown East with excellent guest reviews, premium amenities like a spa and restaurant, and a higher price. Option B provides a more budget-friendly stay with breakfast included, good reviews, and a convenient location in Midtown West, though it lacks luxury amenities and has a lower star rating. While Option A delivers more comfort and prestige, Option B offers better value with essential perks like breakfast at a lower price. Given the trade-off be"
11370,A,"Option A offers a 5-star luxury experience in Midtown East with excellent guest reviews, premium room amenities, and access to a spa and restaurant—ideal for comfort and convenience. However, it costs nearly three times more than Option B and does not include breakfast. Option B provides a more budget-friendly stay with breakfast included, a solid guest review score, and essential amenities, though it's in a slightly different neighborhood and lacks luxury features. Given the significant price d"
11373,B,"Option A is in the prestigious Financial District, offering a one-bedroom suite with a kitchen, free breakfast, and fitness access—ideal for comfort and convenience. It has a higher guest review score (8.0 vs. 7.8) and includes breakfast, which adds value. Option B is cheaper but lacks breakfast and has no free cancellation, which could be risky if plans change. The Financial District location also offers greater accessibility to business and cultural sites.  

Final answer: A"
11374,B,"Option A is in the Financial District, a central and business-friendly area, with a slightly lower review score but more amenities like a kitchen and higher price. Option B is in Midtown West, a well-known area, has a higher review score, and is cheaper, but lacks a kitchen and has no free cancellation, which is a significant drawback. Since I value flexibility and convenience, especially for a one-night stay, the ability to cancel freely and having a kitchen for self-catering are important. The"
11377,A,"Option A offers a 4-star rating and is located in the vibrant Times Square, which is central and highly accessible, with a guest review score of 7.8/10. It includes a restaurant and bar, offering more entertainment and dining options. However, it is significantly more expensive at $287 per night. Option B is in Midtown West, a reputable neighborhood, has a slightly higher guest review score (7.9/10), includes breakfast, and is much more affordable at $154 per night. While it lacks a restaurant a"
11378,A,"Option A offers a 4-star rating in a vibrant neighborhood with high guest satisfaction, a spacious king bed, and amenities like a restaurant and bar, but lacks breakfast and has no free cancellation. Option B is slightly cheaper, has a slightly higher guest review score, includes breakfast, and is in a more central Midtown area, though it has fewer amenities and a lower star rating. The inclusion of breakfast and better location in Midtown West may offer greater value for a one-night stay.  

Fi"
11381,A,"Option A is in a more affordable location (Park Slope) with a strong guest review score and free WiFi, though it lacks breakfast and has no free cancellation. Option B is in a central, convenient neighborhood (Midtown West), includes breakfast, has a larger room, and offers free cancellation—though it is significantly more expensive. While both have 8.0/10 reviews and 3-star ratings, Option B provides more value with added amenities and flexibility. However, the price difference is substantial, "
11382,B,"Option A offers a lower price ($141 vs. $223), is in a desirable neighborhood (Park Slope), has a strong guest review score (7.9/10), and includes free WiFi and a restaurant. However, it lacks breakfast and has free cancellation, which adds flexibility. Option B is in a central, high-traffic area (Midtown West), has a higher review score (8.2/10), includes breakfast and a fitness center, and offers more room space—but lacks free cancellation and is significantly more expensive. Given the price d"
11385,B,"Option A is in a prime neighborhood (Financial District) with a higher star rating and guest review score, offering a premium experience with free cancellation and a fitness center, though it doesn’t include breakfast. Option B is slightly cheaper, includes breakfast, and is in a well-known area, but lacks free cancellation and has a slightly lower review score. While breakfast is a valuable perk, the Financial District location and flexibility of free cancellation make Option A more reliable an"
11386,A,"Option A is in a prime neighborhood (Financial District) with a higher star rating and excellent guest reviews, offering a premium experience with amenities like a restaurant and fitness center. However, it lacks breakfast and has no free cancellation, which reduces flexibility. Option B is significantly cheaper, includes breakfast, and offers free cancellation—key for flexibility—despite being in a slightly less central area and having a lower star rating. The price difference is substantial, a"
11389,B,"Option A offers a 4-star rating with a higher guest review score (8.2/10) compared to Option B’s 7.9/10, indicating better overall guest satisfaction. It has a lower price ($195 vs. $283), and a king room is more spacious than a double room. Both include breakfast and free WiFi, and both have fitness centers. While Option B has more reviews, the difference in ratings is modest, and the price difference is significant. Given better ratings, lower cost, and comparable amenities, Option A provides "
11390,A,"Option A offers a higher star rating, excellent guest reviews, and more amenities like a restaurant and bar, with free cancellation—offering greater flexibility and comfort. However, it costs nearly double and does not include breakfast. Option B is significantly cheaper, includes breakfast, and has a solid review score, though it lacks cancellation flexibility and has fewer amenities. For a one-night stay in a busy neighborhood like Times Square, the value of breakfast and lower price outweighs"
11393,A,"Option A is in the bustling Times Square neighborhood, which is more central and iconic, with a slightly lower guest review score (8.4 vs 8.6), but offers a king bed and is priced $250—$46 less than Option B. Option B is in Midtown, a prestigious area, has a higher review score, includes a double room (suitable for two guests), and offers free cancellation, which adds flexibility. However, the price is significantly higher, and both lack breakfast. The trade-off is between location and value: Ti"
11394,B,"Option A is in the bustling Times Square neighborhood, with a high guest review score and a significantly lower price ($223 vs. $370). While both hotels offer similar amenities and room types, Option A provides better value and is more affordable. Option B has a slightly higher review score and includes free cancellation, which adds flexibility, but at a much higher cost. Given the price difference and the fact that both offer the same amenities and room type, the value and cost-effectiveness of"
11397,A,"Option A offers a 5-star experience in Midtown East, a prestigious neighborhood, with a high guest review score and premium amenities like a spa, though it costs $400 per night. Option B is a 4-star hotel in Times Square with a larger room (suitable for two guests), more reviews, and a significantly lower price at $181—though it lacks a spa and is in a more bustling, less quiet area. The trade-off is between luxury and value; for a one-night stay, value and practicality outweigh premium amenitie"
11398,A,"Option A offers a 5-star experience in a prime Midtown East location with excellent guest reviews, premium room amenities, and free cancellation—ideal for comfort and flexibility. However, it lacks breakfast and is significantly more expensive. Option B provides a solid 4-star hotel in a vibrant neighborhood with breakfast included and a lower price, though it lacks cancellation flexibility and has fewer amenities like a spa. Given the value of breakfast and affordability, and the trade-off of l"
11401,B,"Option A is in Midtown East, a prestigious and convenient neighborhood near business districts and attractions, with a higher guest review score (8.5/10) indicating better overall satisfaction. It offers a queen room, which is standard, and includes a restaurant and bar. Option B is in Times Square, a vibrant but busier area, with a lower review score (7.3/10) and a significantly lower price ($188 vs. $338), but includes a fitness center and a king bed, which may be more spacious. Despite the lo"
11402,B,"Option A is in Midtown East, a desirable neighborhood with easier access to business districts and public transit, and has a higher guest review score (8.1/10) based on more reviews (849), indicating stronger consistency in guest satisfaction. It offers a queen room, free cancellation, and is significantly cheaper at $238 compared to Option B’s $327, despite both being 4-star hotels with similar amenities. While Option B has more reviews and a king bed, the price is much higher, and lack of free"
11405,A,"Option A is in Midtown East, a more prestigious and central neighborhood, with a higher guest review score (8.6 vs 8.3) and includes breakfast, which adds convenience. However, it has no free cancellation and is more expensive. Option B is in Times Square, has more reviews, includes free cancellation (a major benefit), and is significantly cheaper, though it lacks breakfast. The trade-off favors B due to flexibility, cost, and sufficient amenities despite the absence of breakfast.  

Final answe"
11406,B,"Both hotels are 5-star with high guest review scores, free cancellation, breakfast, and similar amenities. Option A is in Midtown East, a more upscale and quieter neighborhood, while Option B is in Times Square, a vibrant but busier area. Though Option B is slightly cheaper, Midtown East offers greater convenience for business travelers or those seeking a quieter, more refined atmosphere. Given the slight price difference and the superior location, Option A provides a more desirable experience. "
11409,B,"Option A is in the prestigious Midtown neighborhood, offering a 3-star rating with a high guest review score of 7.9/10, and a lower price of $232. It includes free WiFi and a fitness center, though no breakfast. Option B is a 5-star hotel in Times Square with an excellent 8.5/10 rating, more amenities like a spa, restaurant, and bar, and a higher price of $318. While B offers more luxury and amenities, the price difference is significant, and both lack breakfast. Given the value, location, and g"
11410,B,"Option A offers a 3-star hotel in the prestigious Midtown neighborhood with a strong guest review score of 8.0/10 and a significantly lower price of $164 per night. Option B is a 5-star hotel in Times Square with an excellent 8.6/10 rating and more luxury amenities like a spa, restaurant, and bar, but costs $554—over three times more. While the amenities in Option B are superior, the price difference is substantial, and both options lack breakfast. Given the high cost of Option B relative to the"
11413,B,"Option A offers a 4-star hotel in the East Village with a high guest review score (8.6/10) and includes free cancellation, which provides flexibility. While it lacks a spa and has a slightly lower star rating, the East Village is a culturally rich neighborhood and the free cancellation is a significant advantage. Option B is a 5-star hotel in Times Square with a larger review base and more amenities like a spa, but lacks free cancellation, which could be a major drawback if plans change. Given t"
11414,B,"Option A offers a 4-star hotel in the East Village with a high guest review score (8.6/10) and a significantly lower price ($340) compared to Option B. While Option B has a 5-star rating and more amenities like a spa and fitness center, it costs nearly double and is located in the bustling Times Square, which may be less ideal for a quiet, intimate stay. Given the price difference and the strong review score of Option A, the value and location balance favors a more affordable, well-rated experie"
11417,B,"Both options have the same guest review score and offer a king room with free cancellation and no breakfast. Option A is in the historic SoHo neighborhood, known for its cultural and artistic vibe, while Option B is in the bustling Times Square area, offering more amenities like a spa and fitness center. However, the price difference is $29, and the added amenities in Option B are not significantly impactful for a one-night stay. Given the similar quality ratings and the slightly lower price of "
11418,B,"Option A offers a 4-star hotel in the vibrant SoHo neighborhood with a strong guest review score of 8.2/10 and a lower price of $402, including free WiFi and a restaurant/bar. Option B is a 5-star hotel in Times Square with an excellent 8.6/10 rating, more amenities (including a spa), and a higher price of $517. While B has superior amenities and a slightly higher rating, the price difference is significant, and SoHo is a desirable, walkable neighborhood. Given the value and strong reviews, Opti"
11421,B,"Option A offers a 3-star hotel in the bustling Times Square neighborhood with a strong guest review score of 8.1/10, includes breakfast and kitchen amenities, and is significantly more affordable at $332 per night. Option B provides a 5-star experience in Midtown East with an 8.6/10 rating, includes a spa and restaurant, and is nearly double the price at $610. While Option B has superior amenities and a higher star rating, the price difference is substantial, and both options include breakfast a"
11422,B,"Option A offers a 3-star hotel in the bustling Times Square area with a high guest review score, includes breakfast, and has a kitchen and fitness center—ideal for a budget-conscious traveler seeking convenience and daily essentials. Option B is a 5-star hotel in Midtown East with an excellent review score and premium amenities like a spa and restaurant, but lacks breakfast and costs nearly $160 more. While the luxury of Option B is appealing, the inclusion of breakfast and kitchen access in Opt"
11425,B,"Option A offers a 3-star hotel in the Chelsea neighborhood with a high guest review score (8.0/10), free cancellation, and includes free WiFi and a fitness center, at a significantly lower price ($181). Option B is a 5-star hotel in Midtown East with an excellent review score (8.6/10), more amenities like a spa, restaurant, and bar, but lacks free cancellation and costs nearly triple as much ($439). Given the one-night stay, the value of affordability and flexibility with free cancellation outwe"
11426,B,"Option A offers a 3-star hotel in Chelsea with a strong guest review score, includes breakfast, and has free WiFi and a fitness center at a significantly lower price ($217). Option B is a 5-star hotel in Midtown East with an excellent review score and more amenities like a spa and restaurant, but breakfast is not included and the price is nearly triple that of Option A. Given the high cost and the lack of breakfast, the value proposition of Option B is less compelling for a one-night stay.  

Fi"
11429,B,"Option A offers a 4-star hotel in a historic neighborhood with strong guest reviews, free cancellation, and a reasonable price, though it lacks a breakfast and has fewer amenities. Option B is a 5-star hotel in a prime location with more amenities and a higher review count, but lacks free cancellation and is significantly more expensive. Given the importance of flexibility and value, especially for a one-night stay, Option A provides better balance between cost, convenience, and satisfaction.  
"
11430,B,"Option A offers a 4-star hotel in the historic Greenwich Village neighborhood with a strong guest review score of 8.5/10 and a lower price of $351. Option B is a 5-star hotel in Midtown East with a slightly higher review score (8.6/10), more amenities (including spa and fitness center), and a higher price of $387. While Option B provides more luxury and amenities, the price difference is significant, and both lack breakfast. Given the higher cost and the fact that the difference in guest scores "
11433,B,"Option A offers a 3-star hotel in the vibrant SoHo neighborhood with a high guest review score, includes breakfast, and has a significantly lower price ($188 vs. $383). While Option B has a higher star rating and a slightly better review score, it lacks breakfast and is nearly double in price. The trade-off favors Option A for better value and convenience, especially with breakfast included.  

Final answer: A"
11434,B,"Option A offers a 3-star hotel in the vibrant SoHo neighborhood with a strong guest review score of 8.1/10, includes breakfast, and has a slightly lower price ($302 vs. $306). Option B is a 4-star hotel in Times Square with a higher guest score (8.4/10), includes a bar and wine hour, but lacks breakfast. While B has more amenities and a slightly better rating, the inclusion of breakfast and the SoHo location—known for its cultural and artistic appeal—adds significant value. Given the trade-off b"
11437,B,"Option A offers a 3-star hotel in the prestigious Upper East Side with a high guest review score (8.0/10), free cancellation, and a double room suitable for two guests, at a lower price ($223). Option B has a 4-star rating, a higher review score (8.5/10), and more amenities like a bar and wine hour, but is in Times Square (a more bustling area), lacks free cancellation, and costs $277—significantly more. While Option B has superior amenities and a slightly better review score, the price differen"
11438,B,"Option A offers a 3-star hotel in the prestigious Upper East Side with a high guest review score (7.9/10) and a significantly lower price ($277 vs. $400). While Option B has a slightly higher rating (8.3/10) and includes a bar and wine hour, it is located in Times Square—more central but also more crowded and less upscale—despite the amenities. The price difference is substantial, and both options lack breakfast and free cancellation. Given the superior location, higher guest satisfaction, and b"
11441,B,"Option A offers a 3-star hotel in the prestigious Midtown neighborhood with a strong guest review score (7.4/10) and includes free WiFi and a fitness center at a significantly lower price ($123). Option B is a 4-star hotel in Times Square with an excellent review score (8.5/10), additional amenities like a restaurant, bar, and wine hour, but costs nearly double ($274). While B offers more amenities and a slightly better rating, the price difference is substantial, and both lack breakfast. Given "
11442,B,"Option A offers a 3-star hotel in the prestigious Midtown neighborhood with a high guest review score (7.5/10) and includes free cancellation, which provides flexibility. It has a significantly lower price ($222 vs. $393) and essential amenities like free WiFi and a fitness center. Option B, while having a higher star rating and a better review score (8.6/10), is in Times Square (a busy area), lacks free cancellation, and is nearly double in price—without breakfast or cancellation flexibility. T"
11445,B,"Option A offers a budget-friendly, well-reviewed hostel in a desirable neighborhood with free WiFi and shared amenities, though it's a dorm bed with limited privacy. Option B provides a higher-end, highly rated hotel in a vibrant area with more amenities and comfort, but at a significantly higher price with no free cancellation. Given the one-night stay and the trade-off between cost and comfort, Option A delivers better value for money and flexibility.  

Final answer: A"
11446,B,"Option A offers a budget-friendly stay in a well-reviewed, 1-star hostel in the Upper West Side, with free WiFi and shared amenities, though it lacks breakfast and has no free cancellation. Option B provides a premium 4-star experience in Times Square with high guest satisfaction, a restaurant, bar, and wine hour, but at a significantly higher price. While Option B has superior amenities and location, the price difference is steep, and the value may not justify the cost for a one-night stay. Giv"
11449,B,"Option A is in Greenwich Village, a historic and culturally rich neighborhood, with a high guest review score (8.4/10) and a lower price ($220) compared to Option B. While Option B has a slightly higher review score (8.6/10) and includes a fitness center and in-room training zone, it is in Midtown (more central but busier), and costs $269—$49 more—without a significant advantage in guest experience or location value. The price difference is substantial, and both options lack breakfast. Given the"
11450,A,"Option A offers a 4-star rating in a historic neighborhood with a high guest review score and includes breakfast, which adds value for a one-night stay. However, it is significantly more expensive at $317. Option B is cheaper at $158, located in a central Midtown area, and has a higher review count and more amenities like a fitness center, though it lacks breakfast. The trade-off is between price and convenience—Midtown is more accessible, and the fitness amenities may appeal to active travelers"
11453,B,"Option A is in the Chelsea neighborhood, which is more affordable and has a strong guest review score (7.9/10) with 1,119 reviews. It offers free cancellation, which provides flexibility, and the price is $231—significantly lower than Option B. Although Option B has a slightly higher review score (8.1/10) and includes a restaurant, it lacks free cancellation and costs $314, which is a substantial premium. The trade-off favors Option A for better value and flexibility.  
Final answer: A"
11454,B,"Both hotels have the same star rating and guest review score, and offer a king room with free WiFi and a fitness center. Option A includes breakfast, which is a significant convenience, though it costs $3 more per night. Option B offers free cancellation, which provides greater flexibility, but lacks breakfast. Given that breakfast is a major benefit for a one-night stay in a busy city like NYC, and the price difference is minimal, the added value of breakfast outweighs the flexibility of cancel"
11457,A,"Option A offers a higher guest review score (8.7 vs 7.8), is in a more historic and culturally vibrant neighborhood (East Village), and includes a fireplace lounge—adding to ambiance and comfort. However, it is significantly more expensive ($608 vs $177) and lacks free cancellation. Option B is much more affordable, offers free cancellation (a major benefit for uncertain plans), and is in a prime Midtown East location with good amenities. While Option A has superior reviews and ambiance, the pri"
11458,A,"Option A offers a higher star rating, a more centrally located neighborhood (East Village), and a higher guest review score, with premium amenities like a fireplace lounge. However, it lacks free cancellation and breakfast, and is significantly more expensive. Option B is more affordable, offers free cancellation (a major convenience), and is in a prime Midtown East location, though with fewer amenities and a slightly lower review score. The balance of value, flexibility, and location favors Opt"
11461,A,"Option A is in a trendy, centrally located neighborhood (Meatpacking District) with a slightly higher guest review score and more amenities like a bar and beer garden, offering a more vibrant atmosphere. Option B is in Midtown East, a well-known business and cultural hub, with a slightly larger review base and a lower price, but lacks social amenities. While both offer free cancellation and no breakfast, the price difference is significant—$287 vs. $531—making Option B more budget-friendly witho"
11462,B,"Option A offers a higher star rating, is located in a trendy neighborhood (Meatpacking District), includes breakfast, and has a slightly higher guest review score—despite a higher price. Option B is significantly cheaper and has a solid review score, but lacks breakfast and is in a more central but less distinctive area. The trade-off is between premium amenities and value. Given that breakfast is a major convenience and the Meatpacking District is a desirable location, the added cost is justifi"
11465,A,"Option A offers a premium 5-star experience in the prestigious Midtown neighborhood with excellent guest reviews, full breakfast, and luxury amenities like a spa and pool—ideal for comfort and convenience. However, it is significantly more expensive ($1,112) and does not allow free cancellation. Option B is much more affordable ($308), offers free cancellation, and is located in the Financial District, but lacks breakfast and premium amenities. While Option A provides superior comfort and locati"
11466,A,"Option A offers a 5-star experience in the prestigious Midtown neighborhood with exceptional guest reviews, premium amenities like a spa and pool, and a luxurious room. However, it costs $1,251 per night—over 5 times more than Option B. Option B provides a solid 3-star hotel in a central business district, with a higher volume of reviews and a significantly lower price, offering a more budget-friendly stay with essential amenities. While Option A delivers luxury and convenience, the price differ"
11469,B,"Option A is in the prestigious Midtown neighborhood, which is central and convenient for most visitors, with a slightly higher guest review score (7.5/10) and a lower price ($175) compared to Option B. While Option B offers a restaurant and is in the Financial District, it has a higher price ($200), no free cancellation, and fewer reviews. The trade-off favors Option A for better value and location, despite the slightly lower review score.  

Final answer: A"
11470,B,"Option A is in Midtown, a central and convenient neighborhood, with a slightly lower review score but a significantly lower price ($158 vs. $272). Option B offers a restaurant and is in the Financial District, which is also central, but costs nearly double and has a smaller room (double beds vs. king bed), which may be less ideal for solo travelers or those needing more space. Given the price difference and the similar star rating and amenities, Option A provides better value without sacrificing"
11473,B,"Option A offers a higher guest review score (8.3/10 vs 7.8/10), is in the trendy TriBeCa neighborhood, and has a lower price ($200 vs $303), with a queen room that suits one person. Option B has more amenities (fitness center) and a larger room for two, but is significantly more expensive and in a more business-focused area. Given the lower price, better review score, and sufficient room size for a one-night stay, Option A provides better value and experience for a single traveler.  
Final answe"
11474,B,"Option A offers a higher star rating and a highly rated guest review score in a desirable neighborhood (TriBeCa), with free cancellation and free WiFi, though it lacks breakfast. Option B is slightly cheaper, includes breakfast, has a larger room (double bed), and offers additional amenities like a fitness center, but lacks free cancellation and is in a different neighborhood. While both have strong reviews, Option A provides more flexibility and a premium location.  

Final answer: A"
11477,B,"Option A is in the Chelsea neighborhood, which is more artsy and culturally vibrant, and has a higher guest review score (8.1/10) than Option B (7.8/10), indicating better overall guest satisfaction. Both hotels offer free WiFi and breakfast is excluded in both, and both have free cancellation. The price for Option A ($235) is $35 less than Option B ($270), offering better value. While Option B is in a more central, business-friendly area, the higher rating and lower price of Option A make it th"
11478,B,"Both hotels have the same star rating, guest review score, and lack breakfast or free cancellation. Option A is in the Chelsea neighborhood, which is more artsy and culturally vibrant, while Option B is in the Financial District, closer to business and tourist hubs. The room type in Option A (queen bed) is slightly smaller than Option B (king bed), but the price difference is minimal ($262 vs. $258). Given the slightly lower price and the appeal of a queen room in a well-reviewed, central locati"
11481,B,"Option A offers a 5-star experience in the prestigious Financial District with a higher guest review score (8.6 vs 8.0), premium amenities like a spa and bar, and a king suite—ideal for comfort and luxury. Option B is significantly cheaper and offers a double room, which may be better for two guests, but lacks a spa and has fewer amenities. Given the higher price, the superior location, and better overall guest experience, the value of Option A is greater for a one-night stay in a prime neighbor"
11482,A,"Option A offers a 5-star luxury experience in the heart of the Financial District with high guest satisfaction (8.7/10), premium amenities like a spa and bar, and a spacious suite—ideal for comfort and convenience. However, it lacks free cancellation and breakfast, and is significantly more expensive. Option B provides a more budget-friendly price, free cancellation (offering flexibility), and solid amenities, though it's a 3-star hotel with fewer luxury features. Given the importance of flexibi"
11485,A,"Option A offers a 4-star rating in a prime neighborhood (TriBeCa), with a slightly higher guest review score (8.1 vs 8.3), but costs $300 and lacks free cancellation. Option B is cheaper ($217), has a slightly higher review score, and includes a double room, but lacks free cancellation and is in a different neighborhood. While both have similar amenities, Option B provides better value with a lower price and still strong reviews, despite the lack of cancellation flexibility.  

Final answer: B"
11486,A,"Both options offer free cancellation, a double room with two double beds, and include free WiFi, fitness centers, and restaurants. Option A is in the prestigious TriBeCa neighborhood, which is more central and historically significant, with a slightly higher guest review score (8.1 vs. 8.2), though the difference is minimal. Option B is in the Upper East Side, a well-known upscale neighborhood, and is cheaper by $71 per night. While the star rating is lower, the guest review score is slightly hi"
11489,A,"Option A is in Midtown East, a central and convenient neighborhood, with a solid guest review score and free WiFi, but lacks breakfast and has a higher price per night than necessary for a 2-star hotel. Option B is in the Upper East Side, has a higher guest score, includes breakfast and a fitness center, and offers a more spacious room—though at a significantly higher price. The added value of breakfast and amenities, combined with a better neighborhood and guest satisfaction, outweighs the cost"
11490,B,"Option A is in a more central neighborhood (Midtown East), has a solid guest review score, and offers a lower price with free WiFi. Option B has a higher star rating, better guest reviews, additional amenities like a fitness center and restaurant, and is in a desirable neighborhood—but costs nearly triple as much and lacks free cancellation. While Option B offers more amenities and a better rating, the price difference is significant, and the value of a 3-star hotel in a premium area may not jus"
11493,A,"Option A offers a premium 5-star experience in a desirable neighborhood (TriBeCa), with excellent guest reviews and luxury amenities like a spa and pool, though at a very high price with no free cancellation. Option B is significantly cheaper, offers free cancellation (a major benefit), and is in a well-known neighborhood, with solid reviews and essential amenities—though it lacks a spa and pool. The price difference is stark, and the ability to cancel freely makes Option B more flexible and pra"
11494,A,"Option A offers a 5-star luxury experience in a prime neighborhood (TriBeCa), with excellent guest reviews and premium amenities like a spa and pool, but lacks breakfast and has no free cancellation—making it less flexible and more expensive. Option B is more affordable, includes breakfast, offers free cancellation, and is in a well-known neighborhood, with solid reviews and essential amenities, though it's a 3-star hotel. The trade-off favors B for better value, flexibility, and practicality.  "
11497,A,"Option A offers a 4-star rating in a vibrant neighborhood with excellent guest reviews and free WiFi, restaurant, and bar—ideal for a more experiential stay. However, it lacks breakfast and has a higher price. Option B is a 3-star hotel in Chelsea with a slightly lower rating but includes breakfast, a fitness center, and is significantly cheaper. While the breakfast is a major convenience, the price difference is substantial, and the 3-star rating with more amenities makes it a better value. Giv"
11498,B,"Option A offers a higher guest review score (8.4 vs. 7.8), is in a more historically vibrant neighborhood (East Village), and has a lower price ($221 vs. $261), though it does not include breakfast. Option B includes breakfast and has a fitness center, which may be valuable for business travelers or those seeking convenience, but at a higher price and with a lower review score. Given the price difference and stronger guest satisfaction in Option A, the value and overall experience are more balan"
11501,A,"Option A offers a 5-star luxury experience in a prestigious neighborhood with excellent guest reviews, premium amenities like a spa and restaurant, and a high-end room. However, it is significantly more expensive ($730 vs. $163) and does not include breakfast or allow free cancellation. Option B is much more affordable, includes breakfast, offers free cancellation, and is in a convenient neighborhood—despite being a 3-star hotel with slightly lower reviews. The price difference is substantial, a"
11502,A,"Option A offers a 5-star luxury experience in a prestigious neighborhood with excellent guest reviews, including a spa and restaurant, but at a significantly higher price and without breakfast. Option B is more budget-friendly, includes breakfast, and has a solid review score, though it's a 3-star hotel in a less central area. The trade-off is between luxury and value—given the one-night stay and the inclusion of breakfast, Option B provides better overall value for money.  

Final answer: B"
11505,A,"Option A is in the bustling Times Square neighborhood, offering a higher guest review score (8.1 vs 7.6), a studio suite with a king bed, and includes a kitchen and fitness center—ideal for comfort and convenience. However, it lacks breakfast and has no free cancellation. Option B is in Brooklyn, offers breakfast, is significantly cheaper, and has a solid review score, though it lacks a kitchen and is in a less central area. The trade-off favors Option B for better value and essential amenities "
11506,B,"Option A offers a higher guest review score (8.1 vs 7.6), is located in the more central and vibrant Times Square, includes a kitchen and a one-bedroom suite (more space), and has a higher price. Option B has free cancellation, a lower price, and is in Brooklyn, which is more residential and less central. While both include breakfast and free WiFi, the kitchen and larger room in Option A provide greater convenience and comfort for a one-night stay in a busy city. Given the higher rating, central"
11509,A,"Option A offers a 4-star rating in a prime TriBeCa neighborhood with a high guest review score and free cancellation, though it lacks breakfast and has a higher price. Option B has a 3-star rating, is in Midtown East, includes breakfast and a kitchen, and has a significantly lower price, but lacks free cancellation and is in a slightly less central area. While both have strong reviews, Option B provides more value with included breakfast and amenities, despite the lack of cancellation flexibilit"
11510,A,"Option A offers a 4-star rating in a prime TriBeCa neighborhood with a high guest review score and free WiFi and a restaurant, but lacks breakfast and has a higher price. Option B is slightly cheaper, has breakfast included, a kitchen, and a fitness center, and has more reviews—indicating broader guest satisfaction—though it's a 3-star hotel in Midtown East. While both have strong reviews and free cancellation, the inclusion of breakfast and kitchen amenities in Option B adds significant value f"
11513,A,"Option A offers a 5-star luxury experience in the Financial District with a high guest review score, premium amenities like a historic atrium and restaurant, and a higher price. Option B provides a more budget-friendly stay with breakfast included, a kitchen, and a 3-star rating, though it lacks a restaurant and has a lower review score. While Option A has superior ambiance and luxury, Option B offers better value with essential perks like breakfast and a kitchen, especially for a one-night stay"
11514,A,"Option A offers a 5-star luxury experience in the heart of the Financial District with excellent guest reviews, free cancellation, and a historic setting, though it doesn’t include breakfast. Option B is more budget-friendly, includes free breakfast and a kitchen, and offers greater value for daily living, but lacks free cancellation and has a lower star rating. While A provides comfort and flexibility, B delivers better practical value with essential amenities.  

Final answer: B"
11517,B,"Option A offers a 4-star rating in a historic neighborhood with excellent guest reviews and free cancellation, but lacks breakfast and has no kitchen. Option B is in a prime financial district, includes breakfast and a kitchen, and is cheaper, but has no free cancellation and a lower star rating. While B provides more value with meals and amenities, the lack of cancellation flexibility is a significant drawback. Given the importance of flexibility and the high guest satisfaction in Option A, I p"
11518,B,"Option A offers a higher star rating, a highly rated guest review score (8.5/10), and is located in a historic, culturally rich neighborhood (Lower East Side), though it lacks breakfast and has no free cancellation. Option B is cheaper, includes breakfast and has a kitchen, and is in a prime business district, but lacks free cancellation and has a slightly lower guest score. While Option B is more practical for a business traveler with breakfast, Option A provides a more distinctive, highly rate"
11521,A,"Option A offers a higher star rating, a more central and trendy neighborhood (Meatpacking District), and a strong guest review score, with premium amenities like a beer garden. However, it lacks breakfast and has no free cancellation, which is a significant drawback. Option B provides a more affordable price, includes breakfast and free cancellation, and offers a kitchen and fitness center—valuable for a one-night stay with flexibility. While it's in a more business-focused area, the added value"
11522,A,"Option A is in a trendy, central neighborhood (Meatpacking District) with a higher guest review score and premium amenities like a beer garden, but lacks breakfast and has a higher price. Option B is in a business-heavy area (Financial District), offers breakfast and a kitchen, and is significantly cheaper—though with a slightly lower rating and fewer luxury features. The inclusion of breakfast and lower cost make Option B more practical for a one-night stay, especially if I value convenience an"
11525,A,"Option A has a slightly lower guest review score (7.9 vs 8.4), but offers no breakfast and no free cancellation, which are significant drawbacks. Option B includes breakfast, offers free cancellation (a major benefit for flexibility), and has a higher review score, despite a higher price. The added value of breakfast and flexibility outweighs the small difference in reviews and the higher cost.  

Final answer: B"
11526,A,"Option A offers a higher guest review score (8.0 vs 8.1), a larger room (king bed vs queen), and more amenities, but at a significantly higher price ($398 vs $305) and with no free cancellation. Option B is cheaper, offers free cancellation (a major benefit for uncertain plans), and is slightly more highly rated, though with a smaller room. The price difference is substantial, and free cancellation adds flexibility. Given the value, flexibility, and similar star ratings, Option B provides better"
11529,A,"Both options are 4-star hotels with similar amenities, free cancellation, and no breakfast. Option A is in the prestigious Midtown neighborhood, offering a more central and upscale location, while Option B is in Times Square, which is more vibrant but potentially noisier and less convenient for business or quiet stays. Given the price difference and the value of location, Option B provides a significantly lower cost without sacrificing key amenities or guest satisfaction.  

Final answer: B"
11530,B,"Both hotels have the same star rating, guest review score, and include the same amenities, with no breakfast or free cancellation. Option A offers a king bed in Midtown, a more central and upscale neighborhood, while Option B has a queen bed in Times Square, a bustling but more crowded area. Midtown is generally more convenient for business travelers and those near major attractions. The price difference is $15, with Option A being more affordable. Given the better location and slightly lower pr"
11533,B,"Option A offers a 3-star hotel in Williamsburg with a strong guest review score (8.0/10) and a lower price ($151) compared to Option B. While Option B has a higher star rating and more amenities (fitness center, restaurant, bar) and is located in the bustling Times Square, it costs $228—over $70 more—without breakfast. Given the price difference and the fact that both options lack breakfast and offer free WiFi, the value of Option A is superior for a one-night stay in a more affordable, well-rev"
11534,B,"Option A offers a 3-star hotel in the vibrant Williamsburg neighborhood with a strong guest review score (8.2/10) and a significantly lower price ($101) compared to Option B. While Option B has a slightly higher rating (8.3/10) and more amenities like a fitness center and restaurant, the price difference is substantial—$281 versus $101—making it less cost-effective for a one-night stay. Given the similar guest satisfaction and both offering free WiFi and no breakfast, the value and affordability"
11537,B,"Option A offers a lower price ($260 vs. $318), is in a quieter, more residential neighborhood (Greenpoint), includes breakfast, and has a strong guest review score (8.3/10) with solid reviews. Option B is in a more central, bustling area (Times Square), has a slightly higher review score (8.4/10), includes more amenities like a fitness center and restaurant, and offers free cancellation—valuable for flexibility. However, the price difference is significant, and breakfast is a major convenience. "
11538,A,"Option A is in Greenpoint, Brooklyn, a quieter, more residential neighborhood, with a strong guest review score (8.3/10) and a garden as a key amenity. Option B is in the bustling Times Square, has a higher review score (8.4/10) with more reviews, and includes additional amenities like a fitness center, restaurant, and bar—offering more convenience and nightlife options. While Option A is slightly more expensive, Option B provides better amenities and is in a more central, vibrant area. Given th"
11541,B,"Both hotels are 4-star with free cancellation and similar amenities, including free WiFi, fitness center, restaurant, and bar. Option A is in the Financial District, a more business-oriented and central area, with a higher guest review score (8.5/10) indicating better overall satisfaction. Option B is in Times Square, a vibrant but busier area, with more reviews (7.9/10), suggesting broader feedback but slightly lower satisfaction. The price difference is small, with Option B being cheaper. Give"
11542,B,"Option A is located in the Financial District, a more business-friendly and historically significant area, with a higher guest review score (8.5/10) based on more reviews (1,224), indicating greater consistency in guest satisfaction. Both options have similar amenities and no breakfast, but Option A is significantly cheaper at $294 versus $373 for Option B. The price difference is substantial, and the Financial District offers a prime location with strong reviews, making it a better value.  

Fi"
11545,B,"Option A is in the highly desirable SoHo neighborhood, with a higher guest review score (8.2/10) and a more intimate, boutique feel. Option B is in the bustling Times Square, has a slightly lower review score (7.7/10), but offers free cancellation—important for flexibility. Both lack breakfast, and both have free WiFi and restaurants. SoHo is more central for art and culture, while Times Square is more tourist-heavy. Given the higher review score and better neighborhood appeal, I prioritize gues"
11546,A,"Option A is in the highly desirable SoHo neighborhood, known for its historic charm and cultural vibe, with a higher guest review score (8.2/10) based on more reviews, indicating stronger overall satisfaction. It offers a queen room and similar amenities, but at a significantly higher price ($422 vs. $265). Option B is in the bustling Times Square area, has a slightly lower review score but more reviews, includes a fitness center, and is much more affordable. The price difference is substantial,"
11549,B,"Option A offers a budget-friendly stay in a central neighborhood with solid guest reviews and essential amenities like free WiFi and a lounge, though it's a 1-star hostel with limited comfort and no breakfast. Option B provides a premium 4-star experience in a desirable neighborhood with more amenities, a restaurant, and a fitness center, but at a price nearly seven times higher. Given the significant price difference and the lack of value in luxury amenities for a one-night stay, the more pract"
11550,A,"Option A offers a budget-friendly stay in a central neighborhood with solid guest reviews and essential amenities like free WiFi and a lounge, though it's a 1-star hostel with limited comfort. Option B provides a premium 4-star experience in a desirable neighborhood with more amenities like a fitness center and restaurant, but at a significantly higher price. Given the one-night stay and the value of comfort and location, Option B offers better overall experience despite the cost.  

Final answe"
11553,A,"Option A offers a 5-star experience in a trendy neighborhood with a high guest review score and premium amenities like a penthouse loft, but at a significantly higher price ($824) with no free cancellation. Option B is more affordable ($377), has a longer review history, includes free cancellation, and offers a fitness center—valuable for flexibility and comfort—despite a slightly lower star rating and guest score. The price difference is substantial, and the added flexibility of free cancellati"
11554,A,"Option A offers a 5-star experience in a trendy neighborhood with a high guest review score and premium amenities, but lacks free cancellation and breakfast, and is significantly more expensive. Option B provides a solid 4-star hotel in a desirable area, includes free cancellation (a major benefit for flexibility), and is nearly half the price—though with fewer reviews and slightly less luxury. The trade-off favors B for value, flexibility, and cost-efficiency.  

Final answer: B"
11557,B,"Option A offers a lower price ($164 vs. $261), is located in Greenpoint, Brooklyn (a more affordable and quieter neighborhood), and has a strong guest review score (8.4/10) with 530 reviews. While Option B has more amenities (fitness center, restaurant, bar) and a slightly higher review count, the price difference is significant, and the added amenities are not essential for a one-night stay. Given the cost-effectiveness and solid reviews, Option A provides better value for money.

Final answer:"
11558,B,"Option A is in a quieter, more residential neighborhood (Greenpoint) with a slightly higher guest review score (8.3/10) and a lower price ($242) compared to Option B. While Option B offers more amenities (fitness center, restaurant, bar) and is in a more central, tourist-friendly area (Union Square), the price is significantly higher ($291) and the review score is slightly lower. Given the price difference and comparable star rating and guest reviews, Option A provides better value for money wit"
11561,B,"Option A is in the bustling Times Square neighborhood, offering a high guest review score (7.8/10) and a lower price ($295) with free WiFi, restaurant, and fitness center. Option B is in Midtown East, has a slightly higher review score (7.9/10), includes a ""Heavenly Bed"" amenity, and has free cancellation—but costs $328, which is $33 more. While the extra amenities and flexibility of free cancellation in Option B are appealing, the price difference is significant, and both rooms offer similar co"
11562,A,"Option A is in Times Square, a bustling and iconic neighborhood, but it's more central and may be noisier. Option B is in Midtown East, a more traditional and quieter area, and offers a Double Room (2 double beds), which is better for two guests. Both have similar star ratings and guest scores, and neither includes breakfast or has free cancellation. The price difference is small, with Option B being $17 cheaper. Since the Double Room accommodates two people and Midtown East offers a more serene"
11565,A,"Option A is in the East Village, a more historic and artsy neighborhood, with a higher guest review score (8.7/10) based on more reviews, and includes a fireplace lounge—offering a unique ambiance. However, it's significantly more expensive ($524 vs. $306) and has a smaller room (1 queen bed). Option B is in Midtown East, a central and convenient location, has a larger room (2 double beds), and includes a fitness center and ""heavenly bed,"" which may appeal to comfort-focused guests. While the pr"
11566,B,"Option A is in the East Village, a more historic and artsy neighborhood, with a higher guest review score (8.9/10) indicating better overall satisfaction, and includes a fireplace lounge, which adds ambiance. Option B is in Midtown East, a more central and convenient location, with a larger review base (3,268 reviews), and offers a fitness center and a ""heavenly bed,"" which may appeal to comfort-focused guests. While Option B is cheaper, the difference in price is $93, and the guest review score"
11569,B,"Option A offers a 3-star hotel in the bustling Times Square neighborhood with a high guest review score (8.1/10) and includes free cancellation, which provides flexibility. It is significantly cheaper at $193 per night, and while it lacks a breakfast, it has free WiFi and a rooftop bar. Option B is a 4-star hotel in Midtown East with a slightly lower review score (8.0/10) and a higher price ($363), offering a fitness center and a ""heavenly bed,"" but with no free cancellation, reducing flexibilit"
11570,B,"Option A offers a 3-star hotel in Times Square with a high guest review score (8.0/10) and a lower price ($221), featuring a rooftop bar and restaurant. Option B is a 4-star hotel in Midtown East with a slightly higher review score (8.2/10), more amenities (including a fitness center and heavenly bed), and a higher price ($240). While B has better amenities and a slightly better rating, the price difference is significant, and both lack breakfast. Given the value, location, and strong reviews, O"
11573,B,"Option A is in a more affordable price point ($206 vs. $259) and is located in Williamsburg, Brooklyn, a vibrant neighborhood with a strong local vibe. It has a slightly higher guest review score (8.1 vs. 8.0) and offers a pool and restaurant, which adds value. While Option B has a fitness center and a ""heavenly bed"" appeal, the price difference is significant, and both lack breakfast and free cancellation. Given the better rating, lower price, and comparable amenities, Option A offers better va"
11574,B,"Option A is in a more affordable price point ($178 vs. $403), located in the vibrant Williamsburg neighborhood, and offers a pool and restaurant—key amenities for a one-night stay. While both have 8.0/10 guest scores, Option B has significantly more reviews (3,065 vs. 805), suggesting greater reliability, but its high price and lack of breakfast make it less practical for a single-night stay. The free cancellation in Option B adds value, but the price difference is substantial. Given the cost an"
11577,B,"Option A offers a 3-star hotel in a desirable neighborhood (Park Slope) with a strong guest review score and includes free WiFi and a restaurant, at a significantly lower price ($194 vs. $420). Option B has a 4-star rating, more amenities (including a fitness center and heavenly bed), and is in a central Midtown East location, but at nearly double the cost. Given the price difference and the fact that both options lack breakfast and have no free cancellation, the value lies in Option A’s afforda"
11578,B,"Option A offers a 3-star hotel in a desirable neighborhood (Park Slope) with a high guest review score, includes breakfast, and has a significantly lower price ($145) compared to Option B. While Option B has a 4-star rating, is in a central location (Midtown East), and includes a fitness center and a ""heavenly bed,"" it charges $400 and does not include breakfast, with no free cancellation. The price difference is substantial, and the inclusion of breakfast adds value for a one-night stay. Given "
11581,A,"Option A is in Long Island City, Queens, which is more suburban and farther from central NYC attractions, but offers Manhattan views and a high guest review score (8.6/10) with a lower price ($257). Option B is in the heart of Times Square, offering more convenience and amenities like a fitness center and restaurant, but has a slightly lower review score (8.0/10) and costs $273. While both have free WiFi and no breakfast, the price difference is small, and the value of being in a central, high-t"
11582,B,"Option A is in a less central neighborhood (Long Island City) but offers Manhattan views and a higher guest review score (8.3/10) with a significantly lower price ($208 vs. $343). It lacks free cancellation, which is a drawback, but the price and view make it more affordable and attractive. Option B is in a more iconic location (Times Square), has more reviews, and includes a fitness center and restaurant, but is nearly double in price and lacks breakfast. Given the price difference and the valu"
11585,B,"Option A offers a 5-star experience in the prestigious Midtown neighborhood with a high guest review score, premium amenities like a spa and pool, and a more luxurious feel—though at a significantly higher price. Option B is in a vibrant, accessible neighborhood with a much larger review base and a substantially lower price, offering solid amenities but lacking a spa or pool. While both include free cancellation and breakfast, the value of a 5-star, Midtown location with premium amenities justif"
11586,A,"Option A offers a 5-star experience in the prestigious Midtown neighborhood with exceptional guest reviews, premium amenities like a spa and pool, and a luxurious room. However, it lacks free cancellation and breakfast, and is significantly more expensive. Option B is more affordable, offers free cancellation (a major benefit), and is located in the vibrant Times Square area, though with lower star rating and fewer amenities. Given the value of flexibility and cost, and despite the lower rating,"
11589,A,"Option A is in a highly rated neighborhood (Greenwich Village), with a higher guest review score (8.6/10) and more reviews, suggesting greater reliability and satisfaction. However, it lacks free cancellation and breakfast, and is significantly more expensive ($361 vs. $215). Option B offers a lower price, free cancellation (a major benefit for flexibility), and additional amenities like a fitness center and pool, despite a slightly lower review score. The price difference is substantial, and th"
11590,B,"Option A offers a higher guest review score (8.5 vs 7.7), is in a historic and culturally rich neighborhood (Greenwich Village), and has a lower price ($215 vs $255), though it lacks breakfast. Option B includes breakfast and more amenities (fitness center, pool), and is in a growing area (Downtown Brooklyn), but has a lower review score and costs more. Given the higher review score, better neighborhood, and lower price, the trade-off favors more reliability and value.  

Final answer: A"
11593,B,"Option A is in Midtown East, a central and convenient neighborhood in NYC, with a higher guest review score (8.4/10) indicating better overall guest satisfaction. While both hotels offer free WiFi and a restaurant, Option A has a significantly higher price ($378 vs. $223), and lacks breakfast, which is a minor drawback. Option B is in Brooklyn, which is farther from central attractions, and has a lower review score despite more reviews, and no free cancellation, which adds risk. The trade-off fa"
11594,B,"Option A is in Midtown East, a central and convenient neighborhood in NYC, with a higher guest review score (8.5/10) indicating better overall guest satisfaction. While it costs $362, it offers a more central location and slightly better amenities. Option B is in Downtown Brooklyn, which is more affordable ($153), includes a fitness center and pool, and has more reviews, but lacks free cancellation and is in a less central location. The trade-off is between convenience and cost. Given the import"
11597,B,"Option A offers a higher guest review score (8.7 vs 7.8), is in a prestigious neighborhood (Brooklyn Heights), and includes free cancellation—offering greater flexibility and peace of mind. While it lacks breakfast, the rooftop pool and spa add value. Option B is in a central Midtown location with breakfast included, but lacks cancellation flexibility and has a lower review score. Given the importance of flexibility and overall guest satisfaction, Option A provides a better balance of quality an"
11598,A,"Option A is in a prestigious, scenic neighborhood (Brooklyn Heights) with a higher guest review score (8.7/10) and includes a rooftop pool and spa, offering more luxury and amenities. However, it is significantly more expensive ($530 vs. $225). Option B is in a central, convenient location (Midtown East), has a lower price, and is more affordable, though with fewer amenities. Given the price difference and the value of location and amenities, Option B offers better value for money without sacrif"
11601,B,"Option A offers a highly rated guest review (8.3/10) in a vibrant neighborhood (Williamsburg), with free cancellation and a more affordable price ($251), though it lacks breakfast. Option B is in a prime Midtown location with a larger room and more amenities, but at a significantly higher price ($382) and without free cancellation, which limits flexibility. Given the lower price, better review, and acceptable amenities, Option A provides better value and flexibility.  
Final answer: A"
11602,A,"Option A offers a highly rated stay in a vibrant neighborhood with free WiFi and a rooftop bar, though it lacks breakfast and has no free cancellation. Option B is in a prime Midtown location, includes breakfast, has free cancellation, and offers a fitness center—though it's significantly more expensive. While Option B provides more convenience and flexibility, the price difference is steep. Given the value of breakfast and cancellation flexibility, especially for a one-night stay, Option B bett"
11605,A,"Option A offers a 5-star experience in the prestigious Midtown neighborhood with a high guest review score and premium amenities like a spa and bar, but at a significantly higher price ($589) with no free cancellation. Option B is more affordable ($258), has a longer review history, and includes free cancellation—offering greater flexibility—though it lacks a spa and has a slightly lower star rating and review score. Given the value of flexibility and cost, especially with no cancellation policy"
11606,B,"Option A offers a 5-star experience in the prestigious Midtown neighborhood with a higher guest review score, includes breakfast, and has a full suite with spa and restaurant amenities—ideal for comfort and convenience. Option B is slightly cheaper and has more reviews, but lacks breakfast and has fewer amenities. While both have free cancellation, the inclusion of breakfast and premium amenities in Option A adds significant value for a one-night stay in a major city.  

Final answer: A"
11609,A,"Both options are 4-star hotels with free cancellation and no breakfast, so the key differences are location, guest review score, and amenities. Option A is in the Lower East Side, a historic neighborhood with a strong guest review score of 8.7/10, while Option B is in Midtown, a more central and convenient location for business or tourist visits, with a slightly lower review score (8.6/10) but more reviews (1,706 vs. 1,042), suggesting greater reliability. Midtown offers a fitness center, which "
11610,B,"Option A is in the Lower East Side, a more historic and culturally rich neighborhood, with a higher guest review score (8.7/10) based on more reviews (1,175), suggesting stronger overall satisfaction. It offers a king bed, which may be preferable for comfort, and includes a garden—a unique amenity. While the price is lower ($298 vs. $340), both options lack breakfast and free cancellation. The Midtown location (Option B) is more central and convenient for business or tourist access, but has slig"
11613,A,"Option A is in Rockaway Beach, Queens, a more residential and quieter neighborhood, with a strong guest review score of 8.1/10 based on 486 reviews. Option B is in the bustling Times Square area, with a higher review score of 8.3/10 from 2,083 reviews, and a significantly higher price—$355 vs. $247. While both offer free WiFi, breakfast is not included in either, and both have similar room types and free cancellation. The trade-off is cost versus location: Times Square offers greater convenience"
11614,B,"Option A is in a quieter, more residential neighborhood (Rockaway Beach) with a higher guest review score (8.5/10) and a lower price ($209), while offering a spa and pool—valuable amenities. Option B is in a more central, bustling area (Times Square), has a larger review base (2,397), includes a fitness center and bar, but costs $258 and offers no free cancellation, which is a significant drawback. Despite the higher price and central location, the lack of cancellation flexibility makes it less "
11617,B,"Option A offers a 3-star hotel in Long Island City with a strong guest review score (7.7/10) and a significantly lower price ($149) compared to Option B. While Option B has a higher star rating (4 stars) and more amenities (fitness center, restaurant, bar), it costs nearly double and is located in the more central, bustling Times Square area. Given the price difference and the fact that both options lack breakfast and free cancellation, the value and affordability of Option A make it the better "
11618,B,"Option A offers a 3-star hotel in Long Island City with a strong guest review score, free WiFi, and a rooftop bar, at a significantly lower price of $151 with no breakfast. Option B is a 4-star hotel in the heart of Times Square with an excellent review score, includes breakfast, and offers more amenities like a fitness center and restaurant, but costs $431—over three times more. Given the substantial price difference and the fact that breakfast is only included in Option B, the value is much lo"
11621,A,"Option A is in Brooklyn Heights, a more upscale and scenic neighborhood, with a higher guest review score (8.6 vs 8.3), and includes a rooftop pool and spa—valuable for a relaxing stay. However, it lacks free cancellation and is more expensive. Option B is in the Financial District, offers free cancellation (a major convenience), and is significantly cheaper, though with fewer luxury amenities. Given the importance of flexibility and cost, and the fact that both lack breakfast, the added value o"
11622,A,"Option A is in a prestigious, scenic neighborhood (Brooklyn Heights) with a higher guest review score (8.7 vs 8.3), and includes a rooftop pool and spa—offering more luxury and amenities. However, it has no free cancellation and is significantly more expensive. Option B is in a central, business-friendly area (Financial District), has free cancellation (offering flexibility), and is much cheaper, though with fewer amenities. The trade-off favors B for cost, flexibility, and practicality, despite"
11625,B,"Option A offers a 5-star experience in the prestigious Midtown neighborhood with a high guest review score, free cancellation, and premium amenities like a spa and restaurant. However, it costs $525 per night, which is significantly more than Option B. Option B is in the vibrant Times Square area, has a solid review score, includes free WiFi and a bar, and is much more affordable at $382—though it lacks free cancellation and has a lower star rating. Given the price difference and the value of fl"
11626,A,"Option A offers a 5-star experience in the prestigious Midtown neighborhood with a high guest review score and premium amenities like a spa and restaurant, but at a significantly higher price ($658) with no free cancellation. Option B is more affordable ($378), has a larger room (suitable for two guests), includes free cancellation, and is located in the vibrant Times Square area—though with a slightly lower star rating and fewer luxury amenities. While Option A provides superior luxury and loca"
11629,B,"Option A is a 3-star hotel with a high guest review score (8.0/10) and a significantly lower price ($194) compared to Option B ($286), offering the same room type and amenities (free WiFi, fitness center, kitchen). While Option B has a slightly lower review score and includes a restaurant and bar, the price difference is substantial, and the amenities are not significantly better. Given the same neighborhood and similar room type, the value for money in Option A is much stronger.  

Final answer"
11630,A,"Option A offers a lower price ($176 vs. $268), is in a high-traffic neighborhood (Times Square), and has a strong guest review score (8.2/10), with free WiFi and a fitness center. However, it lacks breakfast and has no free cancellation, which could be a risk. Option B has a higher price, includes breakfast, offers free cancellation, and has more amenities like a restaurant and bar, but a slightly lower review score and higher cost. Given the value of breakfast and flexibility with cancellation,"
11633,B,"Option A offers a highly rated 4-star hotel in a historic neighborhood with strong guest reviews, free WiFi, and a restaurant and bar, at a significantly lower price of $275. Option B provides a 5-star luxury experience in a prime Midtown location with premium amenities, free cancellation, and breakfast included, but at a price nearly four times higher ($990). While Option B has superior amenities and flexibility, the cost is steep, and the value may not justify the price for a one-night stay. G"
11634,B,"Option A offers a 4-star hotel in a historic neighborhood with a high guest review score, at a significantly lower price ($220), and includes free WiFi and a restaurant/bar. Option B is a 5-star hotel in a prime Midtown location with an excellent review score and more amenities like a spa and pool, but costs nearly three times as much ($752). Given the substantial price difference and the high value of Option A, especially for a one-night stay, the trade-off favors affordability and sufficient a"
11637,B,"Option A is in the highly desirable TriBeCa neighborhood, known for its vibrant atmosphere and proximity to attractions, with a slightly higher guest review score (9.2/10) based on more reviews, indicating stronger satisfaction. It offers the same key amenities as Option B at a significantly lower price ($724 vs. $1,038), making it more cost-effective. While both hotels are 5-star and offer similar amenities, the price difference is substantial, and TriBeCa is a prime location.  

Final answer: "
11638,B,"Option A offers a higher guest review score (9.4/10 vs 8.9/10), is in a more central and desirable neighborhood (TriBeCa), includes breakfast, and has a full suite of amenities. While it is more expensive, the added value of breakfast and a slightly better review score in a prime location justifies the cost. Option B is cheaper and has a strong review score, but lacks breakfast and has no free cancellation, which could be a significant drawback if plans change.  

Final answer: A"
11641,B,"Both hotels are 5-star, located in Midtown, offer similar amenities, and have high guest review scores (9.2 vs. 9.3), with Park Hyatt having slightly more reviews, suggesting greater reliability. However, Option A is slightly cheaper ($1,224 vs. $1,228), and both lack breakfast and free cancellation. The price difference is minimal, but the lower price and comparable quality make Option A the more cost-effective choice.  

Final answer: A"
11642,B,"Both hotels are in the prestigious Midtown neighborhood and have 5-star ratings and high guest review scores, with similar amenities. Option A offers a significantly higher price ($1,420 vs. $653) and includes free cancellation, which adds flexibility. Option B is much more affordable but lacks free cancellation, which could be a risk if plans change. Given the price difference and the value of flexibility, Option A provides better overall value despite the higher cost.  

Final answer: A"
11645,B,"Option A offers a highly rated 4-star hotel in a vibrant neighborhood with free WiFi, a restaurant, and rooftop bar, at a significantly lower price ($208 vs. $876). Option B is a 5-star luxury hotel in Midtown with premium amenities and a higher guest rating, but the price is nearly four times higher. Given the one-night stay and the significant price difference, the value and experience of Option A are more balanced for a reasonable budget.  

Final answer: A"
11646,B,"Option A offers a highly rated 4-star hotel in a vibrant neighborhood with free cancellation, free WiFi, and a rooftop bar, at a significantly lower price ($251). Option B provides a top-tier 5-star experience in Midtown with premium amenities, breakfast included, and a higher guest score, but at a price nearly three times higher ($839) and with no free cancellation. Given the substantial price difference and the fact that Option A still offers strong amenities and a high guest review score, it "
11649,A,"Option A offers a higher guest review score (8.8 vs 9.1), is located in the upscale NoMad neighborhood, includes breakfast, and has a premium brand (The Ritz-Carlton), though it is significantly more expensive. Option B has a slightly higher review score, is in the central Midtown area, and is much more affordable, but lacks breakfast—a key convenience for a one-night stay. Given the value of breakfast and the slightly lower review score of Option A, the trade-off favors Option B for better pric"
11650,A,"Both options are 5-star hotels with excellent guest review scores, free WiFi, fitness center, restaurant, bar, spa, and pool. Option A is in the upscale NoMad neighborhood and costs $1,464, while Option B is in the central Midtown neighborhood and costs only $669—over 2 times cheaper. Despite the slightly lower review score for Option A, the price difference is significant, and Midtown offers greater accessibility and value. Given the substantial cost difference and both being high-end with simi"
11653,A,"Option A offers a premium penthouse loft in the trendy SoHo neighborhood with a high guest review score and luxurious amenities, but at a significantly higher price ($827 vs. $352). Option B provides a more affordable price, a well-reviewed 5-star hotel in a central business district, with additional amenities like a fitness center and historic atrium. While SoHo offers a unique vibe, the Financial District is more central and practical for a city stay. The price difference is substantial, and O"
11654,A,"Option A offers a higher guest review score (9.1/10) and is located in the vibrant SoHo neighborhood, known for its cultural and artistic appeal. However, it is significantly more expensive at $1,065, and lacks breakfast. Option B is in the Financial District, a central business area, has a strong review score (8.7/10) with more reviews, includes a fitness center and historic atrium, and is nearly 2x cheaper at $543. While both are 5-star hotels with free WiFi and dining, the price difference is"
11657,B,"Option A offers a 4-star hotel in Long Island City with excellent guest reviews (8.5/10), a queen bed, and Manhattan views for $220—affordable and convenient with good amenities. Option B is a 5-star hotel in the Financial District with a higher review score (9.0/10), a larger suite, and more amenities like a fitness center and historic atrium, but costs $497—significantly more expensive. Given the price difference and the fact that both lack breakfast and free cancellation, the value lies in Op"
11658,B,"Option A offers a 4-star hotel in a suburban neighborhood with excellent guest reviews, includes breakfast, and provides Manhattan views—ideal for a budget-conscious traveler seeking comfort and convenience. Option B is a 5-star hotel in a prime location with higher reviews and more amenities, but lacks breakfast and is significantly more expensive with no free cancellation. While the Beekman has superior amenities and a prestigious location, the price difference is steep, and the absence of bre"
11661,A,"Option A offers a 5-star experience in Midtown with a high guest review score, premium amenities like a spa and restaurant, and free cancellation—providing greater flexibility and comfort. However, it costs nearly triple the price of Option B. Option B is significantly cheaper and still located in Midtown with a solid review score and essential amenities, though without cancellation flexibility. Given the substantial price difference and the fact that both lack breakfast, the value of Option B i"
11662,A,"Option A offers a 5-star experience in Midtown with a high guest review score, premium amenities like a spa and restaurant, and a spacious queen room—ideal for comfort and luxury. Option B is significantly cheaper, offers a king bed (more space), and has a larger review base, but lacks a spa and restaurant. While both are in Midtown and have free cancellation, the price difference is substantial, and the value of a 3-star hotel with basic amenities at half the price is compelling, especially for"
11665,B,"Option A offers a higher guest review score (8.1 vs 6.7), is located in the desirable Flatiron neighborhood, includes a rooftop and restaurant, and has free cancellation—providing more flexibility and comfort. While it costs significantly more, the overall experience and amenities are superior. Option B is cheaper and has free WiFi, but lacks amenities, has no cancellation policy, and is in a less central area. The trade-off favors value and flexibility in Option A.  
Final answer: A"
11666,B,"Option A offers a higher guest review score (8.1 vs 6.6), is located in the desirable Flatiron neighborhood, includes a rooftop and restaurant, and has free cancellation—providing more flexibility and comfort. While it costs $190, the overall experience and amenities are significantly better. Option B is cheaper but has a lower rating, no cancellation policy, and minimal amenities. The trade-off favors value and experience over cost.  
Final answer: A"
11669,B,"Option A is in a more upscale neighborhood (Long Island City) with a higher guest review score (7.9/10) and includes a rooftop bar, offering more amenities and a better overall guest experience. Option B is in a central, convenient neighborhood (Midtown East), has a lower star rating and fewer amenities, but is significantly cheaper. Despite the price difference, the value of location, amenities, and guest satisfaction makes Option A more appealing for a one-night stay in NYC.  
Final answer: A"
11670,B,"Option A is in a more upscale neighborhood (Long Island City), has a higher guest review score (7.7 vs 6.8), and includes a rooftop bar—a notable amenity—though it costs $187. Option B is in a central, convenient neighborhood (Midtown East), has a lower price ($119), but lacks free cancellation and no additional amenities. While Option B is cheaper, the lack of cancellation flexibility and fewer amenities may be a drawback. Given the higher review score, better location, and added amenities, Opt"
11673,A,"Option A is in a desirable neighborhood (Downtown Brooklyn), has a higher guest review score (8.1 vs 6.5), and includes a fitness center—offering better overall guest experience despite a higher price. Option B is in a prime location (Midtown), has free cancellation (a major benefit), and is significantly cheaper, but has a lower review score and fewer amenities. While both lack breakfast, the value of flexibility and location in Midtown may outweigh the lower rating. However, the higher price a"
11674,B,"Option A is in a desirable neighborhood (Downtown Brooklyn), has a higher guest review score (8.1 vs 6.5), and includes a fitness center—offering better overall guest experience despite a higher price. Option B is cheaper and offers free cancellation, which provides flexibility, but its lower star rating and fewer amenities suggest a less reliable experience. Given the balance of value, location, and guest satisfaction, Option A provides a more balanced and enjoyable stay.  
Final answer: A"
11677,A,"Option A is in a vibrant, trendy neighborhood (Williamsburg) with a high guest review score and premium amenities like a rooftop bar, though it doesn’t include breakfast. Option B is in the heart of Midtown, offers breakfast, and is significantly cheaper, though it has a lower star rating and fewer amenities. While Option A provides a more unique experience, the value of breakfast and location in Midtown outweighs the slight premium in price and amenities.  

Final answer: B"
11678,B,"Option A is in a vibrant, culturally rich neighborhood (Williamsburg) with a high guest review score (8.4/10), includes a restaurant and rooftop bar, and offers a more premium experience despite a higher price. Option B is in the heart of Midtown, which is convenient for business or tourist access, has a lower price and includes breakfast, but has a lower star rating and fewer amenities. While both offer breakfast and free WiFi, Option A provides more lifestyle and experiential value.  

Final a"
11681,B,"Option A offers a higher guest review score (8.1 vs 7.2), is in a trendy neighborhood (Williamsburg), and includes a rooftop bar, which adds to the experience. While it's more expensive, the better rating and amenities suggest greater guest satisfaction. Option B is cheaper and has a larger review base, but its lower rating and lack of unique amenities suggest a less impressive experience. Given the balance of quality, location, and value, Option A provides a more enjoyable and reliable stay des"
11682,B,"Option A offers a higher guest review score (8.2 vs 7.2), is in a trendy neighborhood (Williamsburg), and includes a rooftop bar, which adds to the experience. While it's more expensive, the better rating and amenities suggest greater guest satisfaction. Option B is cheaper and has a larger review base, but its lower rating and lack of unique amenities suggest a less impressive experience. Given the balance of quality, location, and value, Option A provides a more enjoyable and reliable stay des"
11685,B,"Option A offers a 5-star luxury experience in a prestigious neighborhood with exceptional guest reviews, premium amenities like a spa and restaurant, and a high price. Option B is significantly cheaper and located in a vibrant neighborhood, with a solid review score and basic amenities, but lacks luxury features and has a lower star rating. While both lack free cancellation and breakfast, the value and experience of Option A justify the cost for a one-night stay in a high-end location.  

Final "
11686,B,"Option A offers a 5-star luxury experience in a prestigious neighborhood with high guest satisfaction, premium amenities like a spa and restaurant, and a room with a king bed—ideal for comfort and convenience. However, it is significantly more expensive ($521 vs. $137) and lacks breakfast. Option B provides a more budget-friendly option in a vibrant neighborhood with a solid review score and free WiFi, though it has fewer amenities and a smaller room. Given the price difference and the value of "
11689,A,"Option A offers a higher star rating, a more upscale location (Williamsburg), and a higher guest review score with more reviews, indicating greater reliability. It includes a pool and restaurant, enhancing the experience. However, it is significantly more expensive at $251. Option B is cheaper at $140, located in a historic neighborhood, and has a large review base, but only a 2-star rating and lacks a pool or restaurant. The price difference is substantial, and while Option B is more affordable"
11690,A,"Option A offers a higher star rating, a more upscale neighborhood (Williamsburg), and a higher guest review score with fewer reviews (750), suggesting a more focused but smaller sample. It includes a pool and restaurant, which adds to the experience, though at a significantly higher price ($281 vs. $153). Option B is in a historic, central neighborhood (West Village), has a larger review base (2,335), and is much more affordable, though with fewer amenities and a lower star rating. The price dif"
11693,B,"Option A offers a higher star rating, is located in a prestigious neighborhood (NoMad), has a slightly higher guest review score (8.3 vs 8.1), and includes a restaurant and rooftop bar—enhancing the overall experience. While it's more expensive, the amenities and location provide greater value for a one-night stay. Option B is significantly cheaper but lacks a restaurant, rooftop bar, and fitness center, and has no free cancellation, which limits flexibility. Given the balance of experience, ame"
11694,B,"Option A offers a higher star rating, is located in a prestigious neighborhood (NoMad), includes a rooftop bar and fitness center, and has free cancellation—offering greater flexibility and amenities. While Option B is significantly cheaper and has the same guest review score, it lacks cancellation flexibility and is in a less central, more peripheral neighborhood. The value of convenience, location, and flexibility outweighs the cost savings of Option B.  
Final answer: A"
11697,B,"Option A offers a 3-star rating in a central Brooklyn neighborhood with a higher guest review score (8.3/10) based on more reviews (688), and includes a fitness center—valuable for a one-night stay. The room is a queen bed, which is more comfortable than a bunk room. Although Option B has more reviews (903), it's in a less central location (Long Island City), has a lower star rating, and a bunk room, which may not suit comfort preferences. Both lack breakfast and have free WiFi, but Option A pro"
11698,A,"Option A offers a higher star rating, is in a more central Brooklyn neighborhood, and includes a fitness center—valuable for a city stay—though it lacks free cancellation and breakfast. Option B is cheaper, has more guest reviews, and includes free cancellation, which provides flexibility, but is in a less central location and lacks a fitness center. While both have good guest scores and free WiFi, the added flexibility of free cancellation and lower price make Option B more practical for a one-"
11701,B,"Option A is in a highly visible, central neighborhood (Times Square), offering a 4-star rating, a high guest review score (7.7/10), and amenities like a fitness center and restaurant—ideal for a city stay with comfort and convenience. Option B is in a more suburban area (Long Island City), has a higher guest review score (8.3/10), and is significantly cheaper, but offers a bunk room (less privacy) and only a shared kitchen. While both have free cancellation and no breakfast, the trade-off favors"
11702,B,"Option A offers a 4-star hotel in the bustling Times Square neighborhood, with a high guest review score, breakfast included, and a range of amenities like a fitness center and restaurant—ideal for a comfortable, convenient stay in a central location. Option B is in a more suburban area, has a slightly higher review score, but offers a bunk room (less privacy), no breakfast, and only a shared kitchen—less ideal for a typical guest seeking comfort and convenience. While Option B is cheaper, the t"
11705,A,"Option A offers a 5-star luxury experience in the prestigious Financial District with high guest satisfaction, premium amenities like a spa and restaurant, and a spacious suite—ideal for comfort and convenience. However, it lacks free cancellation and breakfast, and the price is significantly higher. Option B is more budget-friendly, offers free cancellation (a major advantage), and is in a growing neighborhood, but the bunk room may not suit comfort expectations, and amenities are limited. Give"
11706,B,"Option A offers a 5-star luxury experience in the prestigious Financial District, with high guest satisfaction (8.6/10), premium amenities like a spa and restaurant, and free cancellation—ideal for comfort and convenience. Option B is significantly cheaper and has a solid review score (8.2/10), but is in a less central location (Long Island City), lacks privacy (bunk beds), and has no cancellation policy, which could be risky. While cost is a factor, the trade-off between comfort, location, and "
11709,A,"Both options are 3-star with high guest review scores (7.8 and 7.9), include free WiFi and a rooftop bar, and offer a king bed. Option B is cheaper ($89 vs. $114) and offers free cancellation, which provides greater flexibility. While the neighborhoods differ, both are well-connected and accessible in NYC. The added value of free cancellation and lower price makes Option B more attractive.  
Final answer: B"
11710,B,"Both options are 3-star hotels with similar amenities like free WiFi and a rooftop bar, and neither includes breakfast. Option A is in Long Island City, Queens, with a higher guest review score (7.9/10) based on more reviews (1,345), suggesting greater reliability. Option B is in Williamsburg, Brooklyn, with a slightly higher review score (8.2/10) but fewer reviews (799), and offers free cancellation, which provides greater flexibility. Given the higher review volume and slightly better overall "
11713,B,"Option A offers a 4-star hotel in the bustling Times Square neighborhood, with a high guest review score of 7.9/10 based on thousands of reviews, and includes amenities like a fitness center and restaurant. It is significantly more expensive at $439 per night. Option B is a 3-star pod in Williamsburg with an impressive 8.1/10 rating based on fewer reviews, offers a rooftop bar, and is only $99—much cheaper—but lacks free cancellation and has fewer amenities. While Option B is more affordable and"
11714,A,"Option A is in the bustling Times Square, a central and iconic neighborhood, with a high guest review score and a wide range of amenities like a fitness center and theater, offering a more traditional luxury experience. Option B is in the trendy Williamsburg neighborhood, with a slightly higher guest review score and a more modern, minimalist pod-style room at a significantly lower price. While both lack breakfast, the price difference is substantial—$425 vs. $152—making Option B much more budge"
11717,B,"Option A offers a 5-star luxury experience in a prime NYC neighborhood (NoMad), with premium amenities like a spa, pool, and full breakfast, and a high guest review score. Option B is more budget-friendly and has a higher volume of reviews, but lacks breakfast and has fewer amenities, and is in a more distant neighborhood. While both offer free cancellation, the value of a full breakfast and luxury amenities in a central location outweighs the cost savings of Option B.  

Final answer: A"
11718,B,"Option A offers a 5-star luxury experience in a prime NYC neighborhood with top amenities, excellent guest reviews, and free cancellation—ideal for comfort and convenience. Option B is significantly cheaper and offers a unique pod experience in a vibrant neighborhood, but lacks flexibility (no cancellation) and has fewer amenities. While price is a strong factor, the lack of cancellation flexibility in Option B could be a major risk. Given the balance of value, comfort, and flexibility, Option A"
11721,B,"Option A offers a slightly lower price, excellent guest reviews, and Manhattan views, though it lacks breakfast and has no free cancellation. Option B has a higher price, includes breakfast and free cancellation, and offers more amenities like a fireplace lounge, but is in a more central neighborhood and slightly less reviewed. The trade-off favors Option A for better value and flexibility, despite the lack of breakfast.  
Final answer: A"
11722,B,"Option A offers a more affordable price ($229 vs. $591), is located in Long Island City (a growing area with good access to NYC), and includes Manhattan views—though it lacks breakfast. Option B is in a historic, central neighborhood (East Village), includes breakfast, and has more amenities like a fireplace lounge, but at a significantly higher cost. Given the price difference and the fact that breakfast is a major convenience, especially for a one-night stay, Option A provides better value des"
11725,B,"Option A is in the bustling Times Square, offering a high guest review score (8.0/10) with strong amenities like free WiFi, a restaurant, bar, and fitness center, at a lower price ($305). Option B is in the more laid-back East Village, with a slightly higher review score (8.6/10), includes a fireplace lounge, and has free cancellation—offering more flexibility—but costs $442, nearly 45% more. While both have similar room types and lack breakfast, Option A provides better value with a lower price"
11726,B,"Option A is in the bustling Times Square, offering a high guest review score (7.6/10) with solid amenities and a competitive price of $336. Option B is in the more laid-back East Village, with an excellent review score (8.7/10) and a premium price of $557, including a unique fireplace lounge. While B offers a more distinctive experience and higher ratings, the price difference is significant, and both lack breakfast. Given the value and solid amenities of Option A, and the relatively high cost o"
11729,B,"Option A offers a 3-star hotel in Long Island City with a high guest review score, a queen room, free WiFi, and a bar/restaurant, at a significantly lower price of $100 with no breakfast. Option B is a 4-star hotel in Greenwich Village with an even higher review score, a king room, breakfast included, and similar amenities, but costs $209—nearly double. While Option B has more amenities and a better neighborhood, the price is steep, and breakfast is only included in one option. Given the price d"
11730,B,"Option A offers a 3-star hotel in a modern neighborhood (Long Island City) with a high guest review score, includes breakfast, and has free cancellation—providing flexibility and value. It costs $200, significantly less than Option B. While Option B has a 4-star rating and a king bed, it lacks breakfast, has no free cancellation, and is over three times more expensive. The trade-off favors Option A for better value, flexibility, and sufficient amenities.  
Final answer: A"
11733,B,"Option A is in a highly rated neighborhood (Meatpacking District), has a higher guest review score (8.7 vs 8.2), and offers a beer garden—a unique amenity—despite a higher price than Option B. Option B has free cancellation, which provides flexibility, but at a significantly higher price and without the beer garden or neighborhood advantage. Given the superior reviews, location, and amenities, and the lack of flexibility in cancellation for Option A, the trade-off favors Option A.  

Final answe"
11734,B,"Option A is in a more central, upscale neighborhood (Meatpacking District) with a higher guest review score (8.7 vs 8.2), and includes a beer garden and restaurant—offering more amenities and a more vibrant atmosphere. While it costs $104 more, the location and experience may justify the price. Option B is cheaper and has a simpler setup, but lacks free cancellation and has a lower review score. Given the value of location, amenities, and guest satisfaction, Option A provides a better overall ex"
11737,A,"Option A offers a lower price ($326 vs. $485), is in a historic neighborhood (SoHo), and has a strong guest review score (8.0/10) with ample reviews. However, it lacks breakfast and has fewer amenities. Option B is in a trendy neighborhood, has a slightly higher review score (8.3/10), includes breakfast, and offers more amenities like a beer garden—though at a significantly higher price. The added value of breakfast and outdoor space in Option B is substantial, especially for a one-night stay in"
11738,B,"Option A offers a lower price ($245 vs. $291), is in the vibrant SoHo neighborhood, and has a strong guest review score (8.0/10) with a solid number of reviews. Option B is slightly more expensive, located in the Meatpacking District, has a higher guest score (8.4/10), and includes a beer garden, which adds value. However, the price difference is significant, and both hotels offer similar amenities and breakfast policies. Since SoHo is a popular and accessible neighborhood, and the price is more"
11741,A,"Option A offers a 5-star luxury experience in the prestigious Midtown neighborhood with exceptional guest reviews, premium amenities like a butler and fitness center, and a high-end room. However, it lacks free cancellation and breakfast, and the price is significantly higher. Option B provides a more budget-friendly stay in a vibrant neighborhood with solid reviews, free cancellation, and essential amenities, though it lacks luxury features and a butler. Given the importance of flexibility (fre"
11742,B,"Option A offers a 5-star experience in the prestigious Midtown neighborhood with exceptional guest reviews, including Butler service and a fitness center—ideal for luxury and convenience. Option B provides a more budget-friendly option in the vibrant SoHo area with strong reviews and essential amenities, but lacks premium features like a butler or fitness center. While both have free cancellation and no breakfast, the higher price of Option A reflects a superior experience in a prime location. G"
11745,A,"Option A offers a slightly lower guest review score but is significantly cheaper and includes free WiFi and a rooftop bar, with no breakfast. Option B has a higher star rating and includes breakfast, free cancellation, and a bar, but costs nearly double. Given the one-night stay and the value of free cancellation and breakfast, Option B provides more convenience and flexibility. However, the price difference is steep, and the guest review score is only marginally lower. Since the price is a majo"
11746,B,"Option A offers a 3-star hotel in the Chelsea neighborhood with a high guest review score of 8.0/10 and a significantly lower price of $222 per night. Option B has a 4-star rating and a slightly higher review score (8.2/10), but costs $382—over 70% more—without breakfast or additional perks. While both offer free WiFi and a restaurant, the price difference is substantial, and the value proposition favors Option A given the similar amenities and higher guest satisfaction.  

Final answer: A"
11749,B,"Option A offers a 4-star hotel in a vibrant neighborhood (Williamsburg) with a high guest review score (8.6/10) and a significantly lower price ($211) compared to Option B. While The Mercer is a 5-star hotel in a prime area (SoHo) with an excellent review score (8.9/10), its price is nearly four times higher ($820), and the room type is larger, but the cost difference is substantial. Given the price sensitivity and the high quality of both options, Option A provides better value for money withou"
11750,B,"Option A offers a highly rated 4-star hotel in a vibrant neighborhood with breakfast included and free WiFi, at a significantly lower price ($255). Option B is a 5-star hotel in a prime area with an excellent review score and free cancellation, but charges nearly three times as much and does not include breakfast. While the Mercer has superior amenities and flexibility, the cost and lack of breakfast make it less practical for a one-night stay. Given the balance of value, comfort, and cost, Opti"
11753,B,"Option A offers a lower price ($277 vs. $357), is in the vibrant TriBeCa neighborhood, and has a strong guest review score (8.1/10) with 500 reviews. Option B has a higher price, is in a more upscale Brooklyn Heights neighborhood, boasts a higher guest score (8.7/10) with more reviews, and includes additional amenities like a rooftop pool and spa—valuable for relaxation and experience. However, the price difference is significant, and the added amenities in B are not essential for a one-night st"
11754,B,"Option A offers a lower price ($316 vs. $555), is in a historic and central neighborhood (TriBeCa), and has a strong guest review score (8.0/10) with solid amenities like free WiFi and a restaurant. Option B has a slightly higher rating (8.5/10), more amenities (including a rooftop pool and spa), and is in a prestigious neighborhood (Brooklyn Heights), but at a significantly higher cost. Given the price difference and the fact that both offer free cancellation and no breakfast, the value of Opti"
11757,B,"Option A offers a 4-star hotel in the trendy TriBeCa neighborhood with a strong guest review score (8.3/10), includes breakfast, and has free WiFi and a restaurant—ideal for a budget-conscious traveler seeking a central, well-reviewed stay. Option B is a 5-star hotel in Midtown with an excellent review score (8.8/10), includes a spa and fitness center, and offers free cancellation, but lacks breakfast and costs $115 more. While B has superior amenities and flexibility, the price premium and abse"
11758,B,"Option A offers a 4-star hotel in the trendy TriBeCa neighborhood with a strong guest review score, free cancellation, and free WiFi, though it lacks breakfast. Option B is a 5-star hotel in Midtown with an excellent review score, includes breakfast and additional amenities like a spa and fitness center, but has a significantly higher price and no free cancellation. While Option B provides more amenities and convenience, the price is nearly double that of Option A, and the lack of cancellation f"
11761,B,"Option A offers a highly rated 4-star hotel in a vibrant neighborhood with excellent guest reviews, free cancellation, and breakfast included—plus free WiFi and a rooftop bar—without a steep price tag. Option B provides a 5-star luxury experience with premium amenities, a stunning view, and top-tier reviews, but at a price nearly three times higher. Given a one-night stay, the value and experience trade-off favors Option A for better balance of quality, cost, and location.  

Final answer: A"
11762,B,"Option A offers a highly rated 4-star hotel in a vibrant neighborhood with free WiFi, a restaurant, and rooftop bar, at a significantly lower price of $266—ideal for budget-conscious travelers seeking a comfortable stay. Option B, a 5-star luxury hotel with top amenities including a spa, pool, and breakfast, costs nearly $1,383, which is over five times more expensive. While the luxury and amenities of Option B are impressive, the price is steep and may not justify the cost for a one-night stay "
11765,B,"Option A offers a high-star rating, excellent guest reviews, and is located in the prestigious Financial District, with free cancellation and essential amenities. It is significantly cheaper than Option B and lacks breakfast, which is a minor drawback. Option B has a slightly higher review score, includes breakfast, and has a pool, but charges nearly three times more and does not allow free cancellation—adding financial and flexibility risk. Given the price difference and the value of free cance"
11766,B,"Option A offers a high-star rating and excellent guest reviews in the Financial District, a central and convenient location for business or sightseeing. It includes key amenities like WiFi, fitness, and dining, though at a significantly lower price than Option B. Option B provides a more luxurious experience with a pool and a scenic Hudson River view, located in a prestigious neighborhood, but at nearly three times the price. Given the substantial price difference and similar amenities, Option A"
11769,B,"Option A offers a 4-star hotel in a prime TriBeCa neighborhood with strong guest reviews (8.3/10), a queen room, free WiFi, and a restaurant, at $442 per night—affordable and convenient. Option B is a 5-star luxury hotel in a prestigious area with an excellent review score (9.2/10), includes breakfast, spa, live jazz, and fitness, but costs $991—significantly more, with a higher price-to-value ratio for a one-night stay. Given the one-night stay and the trade-off between luxury and cost, Option "
11770,B,"Option A offers a 4-star hotel in a prime neighborhood (TriBeCa) with a high guest review score (8.2/10), free cancellation, and a reasonable price of $241—ideal for a budget-conscious traveler seeking convenience and location. Option B, while a 5-star luxury hotel with a stellar review score (9.1/10) and premium amenities like a spa and live jazz, costs $1,265 and lacks free cancellation, making it less flexible. The significant price difference and lack of flexibility in Option B outweigh the "
11773,B,"Option A offers a 3-star hotel in Times Square with a high guest review score (8.1/10) and a competitive price of $142, including free WiFi and a rooftop bar. Option B is a 5-star hotel in Midtown East with an excellent review score (8.5/10), more amenities like a spa and fitness center, and a significantly higher price of $404. While B offers more luxury and amenities, the price difference is substantial, and both lack breakfast and free cancellation. Given the high cost of B relative to the va"
11774,B,"Option A offers a 3-star hotel in Times Square with a high guest review score (7.9/10) and a competitive price of $171, featuring free WiFi and a rooftop bar. Option B is a 5-star hotel in Midtown East with an excellent review score (8.5/10), more amenities (including spa and fitness center), and a significantly higher price of $644. While B offers superior amenities and a premium location, the price difference is substantial, and both lack breakfast and free cancellation. Given the value and st"
11777,B,"Both hotels are in the same desirable neighborhood (Midtown East) and offer free cancellation and no breakfast, so those factors are equal. Option A is a 4-star hotel with a strong guest review score (8.4/10) and a significantly lower price ($376 vs. $641). Option B, while slightly higher rated (8.5/10) and offering more amenities like a spa and fitness center, comes at a much higher cost. The price difference is substantial, and the added amenities don’t justify the extra cost for a one-night s"
11778,B,"Option A offers a 4-star hotel with a strong guest review score, free cancellation, and a reasonable price, though it lacks breakfast. Option B is a 5-star hotel with a higher review score, includes breakfast, and offers more amenities like a spa, but has a significantly higher price and no free cancellation. Given the value of breakfast and the high price of Option B, and considering the importance of flexibility with cancellation, Option A provides better overall balance of cost, amenities, an"
11781,A,"Option A is in the prestigious Financial District, offering a 4-star rating and an excellent guest review score of 8.0/10, with a king bed and access to a fitness center and restaurant—ideal for business or luxury travelers. However, it costs $365 per night, nearly double the price of Option B. Option B is in Times Square, a vibrant neighborhood, with a slightly lower rating (7.9/10) and a queen bed, but at just $175—over 50% cheaper—while still offering free WiFi and a rooftop bar. The price di"
11782,B,"Option A is located in the Financial District, a more central and business-oriented area of New York City, offering a 4-star rating and a higher guest review score (8.1/10) based on more reviews, suggesting greater reliability and consistency. While both options have similar amenities and lack breakfast, Option A provides a slightly more prestigious and reputable experience in a high-traffic, iconic neighborhood. Option B, though cheaper, is in Times Square, which is more tourist-heavy and may h"
11785,A,"Option A is in the prestigious TriBeCa neighborhood, offering a higher guest review count (653 vs. 892), but the price is significantly higher ($391 vs. $225). While both have 4-star ratings and free WiFi, Option B includes a bar and offers free cancellation, which adds flexibility. Despite the slightly lower review count, the price difference is substantial, and free cancellation is a major advantage. Given the cost and flexibility, Option B provides better value and practicality.  
Final answe"
11786,B,"Option A is in the highly desirable TriBeCa neighborhood, known for its vibrant atmosphere and proximity to attractions, with a strong guest review score of 8.4/10 based on 705 reviews. It offers a king bed, which may be preferable for comfort, and includes free cancellation, providing flexibility. Option B is slightly cheaper and has a higher guest review score (8.5/10) with more reviews, and includes a bar, but lacks free cancellation, which could be a risk if plans change. While both have sim"
11789,B,"Option A offers a lower price ($197 vs. $385), is in a vibrant neighborhood (Williamsburg), and has a strong guest review score (7.8/10), with amenities like a pool and restaurant. Option B is in a prestigious neighborhood (Tribeca), has a higher review score (8.3/10), and includes free cancellation, which adds flexibility. However, the price difference is significant, and the pool at Option A adds value. Given the price, location, and amenities, Option A provides better value for money without "
11790,B,"Option A offers a lower price ($185 vs. $283), is in a vibrant neighborhood (Williamsburg), has a slightly lower review count but a high guest score (8.0/10), and includes a pool and restaurant—adding value. Option B is in a prestigious neighborhood (Tribeca) with a slightly higher review score (8.2/10), but lacks free cancellation and is significantly more expensive. Given the price difference and the inclusion of a pool, Option A provides better value without sacrificing comfort or amenities. "
11793,B,"Option A is in the Financial District, a central business area with high accessibility and a strong guest review score of 7.9/10 based on 2,887 reviews, indicating broad reliability. It offers a double room (suitable for two guests), free cancellation, and a fitness center—valuable for flexibility and comfort. Option B has a slightly higher review score (8.4/10) and is in the trendy TriBeCa neighborhood, but lacks free cancellation and has a higher price. The trade-off is between convenience and"
11794,B,"Option A is in the prestigious Financial District, offering a higher guest review score (7.8/10) with more reviews, indicating broader validation. It includes a fitness center and restaurant, adding more amenities. Option B is in the trendy TriBeCa neighborhood with a slightly higher review score (8.2/10), but lacks a fitness center and has no free cancellation, which is a significant drawback. While the price is lower, the lack of flexibility and fewer amenities make it less appealing.  

Final"
11797,B,"Option A offers a 3-star hotel in the Chelsea neighborhood with a high guest review score (8.2/10) and a competitive price of $216, featuring free WiFi and a rooftop bar. Option B is a 4-star hotel in Times Square with a larger room (double bed), more amenities like a fitness center and theater, and a significantly higher price of $448. While Option B has more amenities and a slightly higher star rating, the price difference is substantial, and Chelsea is a desirable, artsy neighborhood. Given t"
11798,B,"Option A offers a 3-star hotel in the Chelsea neighborhood with a high guest review score, free WiFi, and a rooftop bar, at a significantly lower price of $192 with no breakfast. Option B is a 4-star hotel in Times Square with a larger room, breakfast included, and more amenities like a fitness center and theater, but costs $372—over double the price. While Option B has more amenities and includes breakfast, the price difference is substantial, and Chelsea is a desirable neighborhood for visitor"
