task_id,choice,raw_output
10001,B,A
10002,B,Option A would be a better choice for most travelers due to its higher star
10003,B,Option A would be a better choice for most travelers due to its higher star
10004,B,Option A would be a better choice for most travelers due to its higher star
10005,B,"Option A would be a better choice for those seeking a higher star rating, more"
10006,B,"Option A would be a better choice for those seeking a higher star rating, more"
10007,B,"Option A would be a better choice for those who prioritize location, higher"
10008,B,Option A would be a better choice for most travelers due to its higher star
10009,B,Option A would be a better choice for those seeking luxury and top-not
10010,B,"Option A would be a better choice for those seeking luxury and convenience, while"
10011,B,Option A would be a better choice for those seeking luxury and high-end
10012,B,"Option A would be a better choice for those seeking luxury and convenience, while"
10013,B,Option A would be a better choice for most travelers due to its higher star
10014,B,Option A
10015,B,Option A
10016,B,Option A
10017,B,Option A would be a better choice for those who prioritize location and guest
10018,B,Option A
10019,B,Option A would be a better choice for those who prioritize location and guest
10020,B,A
10021,A,B
10022,B,Option A would be a better choice for those who prioritize location and sound
10023,B,"Based on the information provided, I would recommend Option A (Hotel citiz"
10024,B,Option A would be a better choice for those who prioritize location and room
10025,B,"Option A would be a better choice for those seeking luxury and convenience, while"
10026,A,B
10027,B,Option A
10028,B,A
10029,B,Option A would be a better choice for those who prioritize location and guest
10030,B,Option A would be a better choice if you prioritize location and star rating
10031,B,Option A would be a better choice for those who prefer a higher star rating and
10032,A,"Based on the information provided, I would recommend Option B - Pod 3"
10033,B,Option A would be a better choice for most travelers due to its higher guest
10034,B,Option A would be a better choice for most travelers due to its higher star
10035,B,Option A would be a better choice for most travelers due to its higher guest
10036,B,Option A would be a better choice for most travelers due to its higher guest
10037,B,"Option A would be a better choice for those who prioritize location, room"
10038,B,A
10039,B,Option A would be a better choice for your one-night stay in New York
10040,B,Option A
10041,B,Option A would be a better choice for most travelers due to its higher guest
10042,B,Option A would be a better choice for most travelers due to its higher guest
10043,B,Option A would be a better choice for most travelers due to its higher guest
10044,B,Option A would be a better choice for most travelers due to its higher guest
10045,B,"Based on the information provided, Option A offers a higher star rating and more"
10046,B,A
10047,B,A
10048,B,"Option A would be a better choice for those seeking luxury and convenience, while"
10049,A,"Based on the information provided, I would recommend Option B - Now Now No"
10050,A,B
10051,A,"Based on the information provided, I would recommend Option B - Now Now No"
10052,A,"Based on the information provided, Option B seems to be a better choice due"
10053,B,Option A would be a better choice for most travelers due to its higher star
10054,B,Option A would be a better choice for most travelers due to its higher star
10055,B,"Option A would be a better choice for those seeking higher guest review scores, more"
10056,B,Option A would be a better choice for those seeking higher quality accommodations and are
10057,B,Option A would be a better choice for your one-night stay in New York
10058,B,Option A
10059,B,Option A would be a better choice for most travelers due to its higher star
10060,B,Option A would be a better choice for those seeking a higher star rating and more
10061,B,"Based on the information provided, I would recommend Option A - Moxy"
10062,B,Option A would be a better choice for most travelers due to its higher guest
10063,A,B
10064,A,"Based on the information provided, I would recommend Option B - Radio Hotel in"
10065,B,Option A would be a better choice for most travelers due to its higher guest
10066,B,Option A would be a better choice for most travelers due to its higher guest
10067,B,Option A would be a better choice for most travelers due to its higher guest
10068,B,Option A would be a better choice for most travelers due to its higher guest
10069,B,Option A would be a better choice for most travelers due to its higher star
10070,B,Option A would be a better choice for most travelers due to its higher star
10071,B,Option A would be a better choice for most travelers due to its higher star
10072,B,Option A would be a better choice for those seeking luxury and high-quality
10073,B,Option A would be a better choice for your one-night stay in New York
10074,B,"Option A would be a better choice if budget is not an issue, as it"
10075,B,Option A would be a better choice for most travelers due to its higher star
10076,B,Option A would be a better choice for most travelers due to its higher star
10077,B,Option A would be a better choice for most travelers due to its higher star
10078,B,Option A would be a better choice for most travelers due to its higher star
10079,B,Option A would be a better choice for most travelers due to its higher star
10080,B,Option A would be a better choice for most travelers due to its higher star
10081,B,Option A would be a better choice for those seeking luxury and high-end
10082,B,Option A would be a better choice for those seeking luxury and top-not
10083,B,A
10084,B,"Option A would be a better choice for those seeking luxury and convenience, while"
10085,B,Option A would be a better choice for those who value free breakfast and are willing
10086,A,B
10087,B,"Option A would be a better choice for most travelers, as it has a"
10088,A,B
10089,B,Option A would be a better choice for most travelers due to its higher star
10090,B,Option A would be a better choice for most travelers due to its higher star
10091,B,"Option A would be a better choice for those who prioritize location, higher"
10092,B,Option A would be a better choice for those who prioritize location and guest
10093,B,Option A would be a better choice for most travelers due to its higher star
10094,B,"Option A would be a better choice for those who prioritize location, room"
10095,B,"Option A would be a better choice for those who prioritize location, room"
10096,B,Option A would be a better choice for most travelers due to its higher star
10097,B,Option A would be a better choice for those who prioritize location and higher
10098,B,Option A would be a better choice for most travelers due to its higher star
10099,B,Option A would be a better choice for those who prioritize location and higher
10100,B,Option A would be a better choice for most travelers due to its higher star
10101,B,Option A would be a better choice for your one-night stay in New York
10102,B,Option A would be a better choice for your one-night stay in New York
10103,B,Option A would be a better choice for most travelers due to its higher guest
10104,B,Option A would be a better choice for most travelers due to its higher guest
10105,B,Option A would be a better choice for those who prioritize location and guest
10106,B,Option A would be a better choice for most travelers due to its higher guest
10107,B,Option A would be a better choice for most travelers due to its higher guest
10108,B,Option A would be a better choice for those who prioritize location and guest
10109,A,B
10110,A,B
10111,A,B
10112,B,Option A
10113,B,Option A
10114,B,Option A would be a better choice for those who prioritize location and guest
10115,B,Option A would be a better choice for those who prioritize location and guest
10116,A,B
10117,B,Option A would be a better choice for those who prioritize location and guest
10118,A,B
10119,B,Option A would be a better choice if your priority is location and guest review score
10120,B,Option A would be a better choice for those who prioritize location and higher
10121,B,"Based on the information provided, Option A offers a higher star rating and more"
10122,B,Option A would be a better choice for most travelers due to its higher star
10123,B,Option A would be a better choice for those who prioritize location and guest
10124,A,B
10125,B,Option A would be a better choice if you prioritize location and star rating
10126,A,B
10127,A,B
10128,B,A
10129,B,"Option A would be a better choice for those seeking luxury and convenience, as"
10130,B,A
10131,B,"Option A would be a better choice for those seeking luxury and convenience, while"
10132,B,A
10133,B,Option A would be a better choice if breakfast is important to you and you value
10134,B,A
10135,B,Option A would be a better choice for most travelers due to its higher guest
10136,B,"Option A would be a better choice for most travelers, as it offers breakfast"
10137,B,A
10138,B,Option A would be a better choice if breakfast is important to you and you prefer
10139,B,Option A would be a better choice if you prioritize breakfast and location in
10140,A,B
10141,B,Option A would be a better choice for those who prioritize location and higher
10142,A,B
10143,B,Option A would be a better choice if you prioritize location and room quality
10144,B,Option A would be a better choice for those who prioritize location and higher
10145,B,A
10146,B,Option A would be a better choice for most travelers due to its lower price
10147,B,Option A would be a better choice for most travelers due to its lower price
10148,B,Option A would be a better choice for those who prefer to have breakfast included and
10149,B,"Option A would be a better choice for those seeking luxury and comfort, while"
10150,B,Option A would be a better choice for those seeking luxury and high-end
10151,B,"Option A would be a better choice for those who prioritize location, higher"
10152,B,"Option A would be a better choice for those who prioritize comfort, lux"
10153,A,"Based on the information provided, I would recommend Option B (MOXY NY"
10154,B,Option A
10155,B,Option A would be a better choice for most travelers due to its higher guest
10156,B,Option A would be a better choice if breakfast is important to you and you don
10157,A,"Based on the information provided, I would recommend Option B (MOXY NY"
10158,B,"Option A would be a better choice if breakfast is important to you, as it"
10159,B,"Option A would be a better choice for most travelers, as it offers more"
10160,A,B
10161,B,A
10162,B,Option A would be a better choice if you are looking for a higher star rating
10163,B,"Option A would be a better choice if you prioritize higher star rating,"
10164,B,Option A would be a better choice if you are looking for a higher star rating
10165,A,B
10166,A,B
10167,B,Option A would be a better choice for most travelers due to its lower price
10168,A,B
10169,A,B
10170,B,"Option A would be a better choice if free cancellation is important to you,"
10171,A,B
10172,B,Option A
10173,B,Option A
10174,B,Option A would be a better choice if breakfast is important to you and you prefer
10175,B,Option A would be a better choice for most travelers due to its higher guest
10176,A,B
10177,A,"Based on the information provided, I would recommend Option B (Moxy"
10178,B,Option A would be a better choice for those who prioritize location and guest
10179,B,Option A would be a better choice if you prioritize location and guest review
10180,A,B
10181,A,B
10182,A,B
10183,B,Option A would be a better choice if you prioritize location and amenities
10184,B,"Option A would be a better choice for those who prioritize location, star"
10185,A,"Based on the information provided, I would recommend Option B - Moxy"
10186,A,B
10187,A,B
10188,B,Option A would be a better choice for those who value breakfast included and free can
10189,A,"Based on the information provided, I would recommend Option B - Moxy"
10190,B,Option A would be a better choice for those who value free breakfast and cancellation
10191,A,"Based on the information provided, I would recommend Option B (Moxy"
10192,B,Option A would be a better choice for most travelers due to its lower price
10193,A,B
10194,A,B
10195,B,Option A would be a better choice for those who prioritize location and amen
10196,A,B
10197,A,B
10198,A,B
10199,B,Option A
10200,A,B
10201,A,"Based on the information provided, I would recommend Option B - Moxy"
10202,B,A
10203,A,"Based on the information provided, I would recommend Option B - Moxy"
10204,B,Option A would be a better choice if you value free breakfast and access to a
10205,B,Option A would be a better choice for those who prioritize location and guest
10206,A,"Based on the information provided, I would recommend Option B - Moxy"
10207,B,Option A would be a better choice for those who prioritize location and guest
10208,A,B
10209,B,Option A would be a better choice for those who prioritize location and star
10210,A,B
10211,A,B
10212,B,Option A would be a better choice if you prioritize location and star rating
10213,B,Option A
10214,A,B
10215,B,A
10216,B,Option A would be a better choice if you prioritize breakfast and kitchen facilities
10217,B,Option A would be a better choice for those who prioritize location and amen
10218,A,"Based on the information provided, I would recommend Option B - Moxy"
10219,A,B
10220,B,Option A
10221,A,B
10222,A,B
10223,B,Option A
10224,A,B
10225,B,"I would recommend choosing Option A, Hotel SpringHill Suites by Marri"
10226,A,B
10227,A,B
10228,B,Option A would be a better choice for most travelers due to its lower price
10229,A,B
10230,A,B
10231,A,B
10232,B,Option A
10233,B,Option A would be a better choice for those who prioritize luxury and
10234,A,"Based on the information provided, I would recommend Option B (Aloft"
10235,B,"Option A would be a better choice for those seeking luxury and convenience, while"
10236,B,"Based on the information provided, I would recommend Option A (Hotel:"
10237,B,Option A
10238,A,B
10239,A,B
10240,A,B
10241,B,"Option A would be a better choice for those seeking luxury and convenience, while"
10242,B,"Option A would be a better choice for those seeking luxury and convenience, while"
10243,B,Option A would be a better choice if you prioritize location and higher guest
10244,A,B
10245,B,Option A would be a better choice if you are looking for a luxurious
10246,B,"Option A would be a better choice for those seeking luxury and convenience, while"
10247,A,B
10248,B,Option A would be a better choice if budget is not an issue and one pre
10249,B,Option A would be a better choice for those seeking luxury and high-end
10250,B,"Option A would be a better choice for those seeking luxury and convenience, as"
10251,B,Option A would be a better choice for those seeking luxury and top-not
10252,B,"Option A would be a better choice for those who prioritize location, higher"
10253,B,Option A would be a better choice if you value breakfast and free cancellation more
10254,B,A
10255,B,Option A would be a better choice for those who prefer to stay in Brooklyn
10256,A,B
10257,B,"Option A would be a better choice for those who prioritize location, guest"
10258,B,"Option A would be a better choice for those who prioritize location, room"
10259,B,Option A would be a better choice for those who prioritize location and guest
10260,B,Option A
10261,B,Option A
10262,B,"Option A would be a better choice for most travelers, as it offers more"
10263,B,Option A
10264,B,Option A would be a better choice if you prioritize breakfast and don'
10265,B,"Option A would be a better choice for those who prefer a higher star rating,"
10266,B,"Based on the information provided, I would recommend Option A - Sheraton Brook"
10267,A,B
10268,B,"Based on the information provided, Option A offers a higher star rating and more"
10269,B,Option A
10270,A,B
10271,A,"Based on the information provided, I would recommend choosing Option B - Millen"
10272,B,Option A
10273,B,Option A would be a better choice for those who prioritize location and guest
10274,B,"Option A would be a better choice for those who prioritize location, higher"
10275,A,B
10276,B,Option A would be a better choice for those who prioritize location and amen
10277,A,"Based on the information provided, I would recommend Option B - Broadway Plaza"
10278,A,"Based on the information provided, I would recommend Option B - Broadway Plaza"
10279,B,Option A would be a better choice if you are looking for luxury and convenience
10280,A,"Based on the information provided, I would recommend Option B - Broadway Plaza"
10281,A,"Based on guest review scores and price, I would recommend Option B - Broadway"
10282,A,"Based on guest review scores and price, I would recommend Option B - Broadway"
10283,B,Option A would be a better choice if you prioritize location and amenities
10284,A,"Based on guest review scores and key amenities, I would recommend Option B"
10285,B,Option A would be a better choice if you prioritize location and higher star
10286,A,"Based on guest review scores and price, I would recommend Option B - Broadway"
10287,A,"Based on the information provided, I would recommend Option B - Broadway Plaza"
10288,A,"Based on the information provided, I would recommend Option B - Broadway Plaza"
10289,B,Option A would be a better choice if you prioritize location and guest review
10290,A,"Based on guest review scores and price, I would recommend Option B - Broadway"
10291,A,"Based on guest review scores and price, I would recommend Option B - Broadway"
10292,B,Option A would be a better choice if you prioritize location and room size
10293,B,Option A would be a better choice if you prioritize higher guest review scores
10294,B,Option A would be a better choice for those who prioritize higher guest review
10295,B,Option A would be a better choice for those who prioritize higher guest review
10296,B,Option A would be a better choice for those who prioritize guest review scores
10297,A,"Based on the information provided, I would recommend Option B - The Hotel at"
10298,B,Option A would be a better choice if you are looking for more space and comfort
10299,B,Option A would be a better choice for those who prioritize guest review scores
10300,B,Option A would be a better choice if you prioritize guest review score and
10301,B,"Based on the information provided, I would recommend Option A - The Ace"
10302,B,Option A would be a better choice for those who prioritize location and guest
10303,A,"Based on the information provided, I would recommend Option B - The Hotel at"
10304,B,"Based on the information provided, I would recommend Option A - The Ace"
10305,B,Option A would be a better choice if you prioritize location and guest review
10306,B,Option A would be a better choice if you prioritize location and guest review
10307,B,Option A would be a better choice if you prioritize location and room quality
10308,A,"Based on the information provided, I would recommend Option B - The Hotel at"
10309,B,Option A would be a better choice if you prefer to stay in SoHo
10310,B,Option A would be a better choice for those who prefer to stay in SoH
10311,B,Option A would be a better choice for most travelers due to its higher guest
10312,B,Option A would be a better choice if you prioritize location and guest review
10313,B,Option A would be a better choice if you prefer to stay in Times Square and
10314,B,Option A would be a better choice if you prefer to stay in Times Square and
10315,A,B
10316,A,"Based on guest review scores and price, I would recommend Option B - The"
10317,B,Option A would be a better choice for those who prioritize location and guest
10318,A,"Based on the information provided, I would recommend Option B - The Hotel at"
10319,B,Option A would be a better choice for those who prioritize location and guest
10320,B,Option A would be a better choice for those who prioritize location and guest
10321,A,B
10322,B,Option A would be a better choice if you prioritize location and room type
10323,A,"Based on the information provided, I would recommend Option B - The Hotel at"
10324,A,"Based on the information provided, I would recommend Option B - The Hotel at"
10325,A,B
10326,B,Option A would be a better choice if you prioritize location and higher guest
10327,B,Option A
10328,B,Option A would be a better choice if you prioritize location and higher guest
10329,B,Option A would be a better choice if you prefer to stay in Times Square and
10330,A,B
10331,B,Option A would be a better choice if you prioritize location and guest review
10332,B,"Option A would be a better choice for those who prioritize location, room"
10333,B,"I would recommend choosing Option A, Hotel Hyatt Place New York/Chelse"
10334,A,B
10335,A,"Based on the information provided, I would recommend choosing Option B - The Luc"
10336,A,B
10337,A,Option B would be a better choice due to its higher guest review score and free
10338,A,B
10339,A,B
10340,A,B
10341,B,A
10342,B,"Option A would be a better choice for most travelers, as it offers more"
10343,B,Option A would be a better choice due to its higher guest review score and location
10344,B,Option A would be a better choice for most travelers due to its higher guest
10345,B,Option A would be a better choice for those who prioritize location and guest
10346,B,Option A would be a better choice for most travelers due to its higher star
10347,B,"Option A would be a better choice for several reasons. First, it is located"
10348,B,Option A would be a better choice due to its higher guest review score and lower
10349,A,"Based on the information provided, Option B seems to be a better choice due"
10350,B,Option A would be a better choice for those who value location and additional amenities
10351,A,"Based on the information provided, I would recommend Option B - Romer Hell"
10352,B,Option A would be a better choice if you prioritize location and guest review
10353,A,"Based on the information provided, Option B seems to be a better choice due"
10354,B,"Option A would be a better choice if you prioritize location, room type"
10355,B,Option A would be a better choice for those who prioritize location and guest
10356,B,Option A would be a better choice if you prefer staying in Midtown East
10357,B,Option A
10358,B,Option A
10359,B,Option A
10360,A,"Based on the information provided, I would recommend Option B - SpringHill"
10361,B,Option A
10362,B,Option A would be a better choice for those who prioritize higher guest review
10363,B,Option A
10364,B,Option A would be a better choice for those who prioritize higher guest review
10365,A,"Based on the information provided, I would recommend choosing Option B - SpringH"
10366,B,Option A
10367,A,B
10368,B,Option A would be a better choice for most travelers due to its lower price
10369,A,B
10370,A,B
10371,A,B
10372,B,Option A would be a more suitable choice for most travelers due to its lower
10373,B,Option A
10374,B,Option A would be a better choice due to its higher guest review score and star
10375,B,Option A
10376,B,Option A would be a better choice due to its higher guest review score and star
10377,B,"Option A would be a better choice if your priority is location and breakfast included,"
10378,B,Option A would be a better choice if you prioritize location and breakfast included
10379,B,Option A would be a better choice for those who prioritize location and guest
10380,B,"Option A would be a better choice if you prioritize location and breakfast,"
10381,B,Option A
10382,B,Option A
10383,B,Option A
10384,A,B
10385,A,B
10386,A,B
10387,B,Option A would be a better choice if you prioritize luxury and amen
10388,A,B
10389,B,Option A would be a better choice if you prioritize luxury and amen
10390,A,B
10391,B,Option A would be a better choice if budget is not an issue and you prefer
10392,A,B
10393,B,Option A
10394,A,B
10395,A,B
10396,B,Option A would be a better choice if you prioritize breakfast and free can
10397,B,Option A would be a better choice for most travelers due to its lower price
10398,A,B
10399,A,B
10400,A,B
10401,B,Option A
10402,A,Option B would be a better choice for most travelers due to its higher guest
10403,B,Option A would be a better choice for those looking to save money and stay in
10404,A,B
10405,B,Option A would be a better choice if you prioritize amenities and location
10406,B,"Option A would be a better choice if budget is not an issue, as it"
10407,B,Option A would be a better choice for those who prioritize location and amen
10408,B,"Option A would be a better choice for those seeking a higher star rating, more"
10409,B,Option A would be a better choice for those who value breakfast included and free can
10410,B,Option A would be a better choice if proximity to Times Square is important for
10411,B,Option A would be a better choice for most travelers due to its higher guest
10412,B,"Option A would be a better choice if free cancellation is important to you,"
10413,B,Option A would be a better choice for most travelers due to its lower price
10414,B,Option A would be a better choice for most travelers due to its significantly lower
10415,B,Option A
10416,A,B
10417,B,Option A would be a better choice if budget is not an issue and luxury
10418,B,Option A would be a better choice for those who prioritize luxury and
10419,B,Option A would be a better choice for those who prioritize luxury and
10420,B,"Option A would be a better choice for those seeking luxury and amenities,"
10421,B,"Option A would be a better choice for those looking to save money, as it"
10422,B,Option A would be a better choice for most travelers due to its lower price
10423,B,Option A
10424,A,Option B would be a better choice due to its higher guest review score and additional
10425,B,"Option A would be a better choice for those who prioritize location, room"
10426,B,Option A would be a better choice for those who prioritize location and guest
10427,B,Option A would be a better choice for most travelers due to its higher guest
10428,B,"Based on the information provided, I would recommend Option A (NobleD"
10429,A,"Based on the information provided, I would recommend Option B - Hotel Indigo"
10430,A,"Based on the information provided, I would recommend Option B - Hotel Indigo"
10431,B,Option A would be a better choice for those who prioritize location and guest
10432,B,Option A would be a better choice if your priority is location and guest review score
10433,B,Option A would be a better choice if your priority is location and guest review score
10434,B,Option A would be a better choice for most travelers due to its higher star
10435,B,"Option A would be a better choice if you prioritize location, guest review"
10436,A,B
10437,B,Option A would be a better choice for most travelers due to its higher guest
10438,B,"Based on the information provided, I would recommend Option A - Hampton Inn"
10439,A,"Based on the information provided, I would recommend choosing Option B - Hotel Ind"
10440,B,Option A
10441,B,Option A would be a better choice for most travelers due to its higher guest
10442,B,Option A
10443,A,B
10444,B,Option A
10445,B,"Option A would be a better choice for several reasons. First, it has a"
10446,A,B
10447,B,Option A
10448,B,Option A would be a better choice if breakfast is important to you and you prefer
10449,B,Option A
10450,A,B
10451,B,Option A
10452,B,Option A
10453,B,Option A
10454,B,Option A would be a better choice due to its higher guest review score and lower
10455,B,Option A would be a better choice for most travelers due to its higher guest
10456,B,Option A
10457,B,Option A would be a better choice if you prioritize location and amenities
10458,B,Option A would be a better choice if you prioritize location and amenities
10459,A,B
10460,A,B
10461,B,Option A would be a better choice for most travelers due to its free can
10462,B,"Option A would be a more cost-effective choice, as it is significantly"
10463,B,Option A would be a better choice for most travelers due to its lower price
10464,B,Option A would be a better choice for most travelers due to its lower price
10465,B,Option A seems to be a better choice for those who prefer having two separate b
10466,B,Option A would be a better choice for those who prioritize free cancellation
10467,A,B
10468,B,Option A
10469,B,Option A would be a better choice if budget is not an issue and one pre
10470,A,"Based on the information provided, I would recommend Option B - Hyatt House"
10471,A,B
10472,B,Option A would be a better choice if budget is not an issue and you prefer
10473,A,B
10474,B,Option A would be a better choice for those who prioritize free cancellation
10475,A,B
10476,A,Option B would be a better choice for most travelers due to its higher guest
10477,A,B
10478,B,Option A would be a better choice if you prioritize location and amenities
10479,B,Option A would be a better choice if you are looking for a luxury experience
10480,B,"Option A would be a better choice for those seeking luxury and convenience, while"
10481,B,Option A
10482,A,B
10483,B,Option A
10484,B,Option A
10485,B,Option A
10486,B,Option A would be a better choice for most travelers due to its central location
10487,B,Option A
10488,A,B
10489,A,"Based on the information provided, I would recommend Option B (citizenM"
10490,B,"Option A would be a better choice if free cancellation is important to you,"
10491,B,Option A
10492,B,Option A seems to be a better choice due to its higher guest review score and
10493,A,B
10494,A,B
10495,A,"Based on guest review scores and included amenities, I would recommend Option B"
10496,A,B
10497,A,B
10498,A,B
10499,A,B
10500,B,Option A would be a better choice if you are looking for a higher star rating
10501,A,B
10502,A,B
10503,B,Option A would be a more suitable choice for most travelers due to its lower
10504,A,B
10505,A,"Based on the information provided, I would recommend Option B - citizenM"
10506,A,B
10507,B,Option A would be a better choice for most travelers due to its lower price
10508,B,Option A would be a better choice if breakfast is important to you and you prefer
10509,A,B
10510,B,Option A would be a better choice if you are looking for a higher star rating
10511,A,B
10512,A,B
10513,B,"Option A would be a better choice for those who prioritize location, star"
10514,A,"Based on the information provided, I would recommend Option B (citizenM"
10515,B,Option A would be a better choice for those who prioritize location and amen
10516,B,Option A would be a better choice if you are looking for a luxury experience
10517,B,Option A would be a better choice if you prioritize amenities and location
10518,A,B
10519,B,Option A would be a better choice if you prioritize amenities and location
10520,A,B
10521,A,B
10522,B,Option A would be a better choice if you value free cancellation and amenities
10523,A,"Based on guest review scores and price, I would recommend Option B - citiz"
10524,A,B
10525,B,Option A would be a better choice for most travelers due to its higher guest
10526,B,Option A would be a better choice if your priority is location and guest review score
10527,B,Option A would be a better choice if your priority is to have breakfast included and
10528,B,Option A would be a better choice for those who prefer to stay in the Theater
10529,B,Option A would be a better choice for most travelers due to its lower price
10530,B,Option A would be a better choice for most travelers due to its lower price
10531,B,Option A seems to be a better choice due to its higher guest review score and
10532,B,A
10533,B,Option A seems to be a better choice for those who value breakfast and have less
10534,B,A
10535,B,A
10536,B,Option A would be a better choice for most travelers due to its lower price
10537,B,Option A would be a better choice for those looking to save money and still have
10538,B,Option A would be a more cost-effective choice for a one-night
10539,B,Option A
10540,B,Option A would be a more cost-effective choice for a one-night
10541,B,Option A would be a better choice if breakfast is important to you and you don
10542,B,"Option A would be a better choice if free cancellation is important to you,"
10543,B,Option A would be a better choice for those who prefer more space and possibly require
10544,B,Option A would be a better choice if breakfast is important to you and you don
10545,B,Option A
10546,A,"Based on the information provided, I would recommend choosing Option B - Courty"
10547,A,"Based on the information provided, I would recommend Option B - Courtyard"
10548,B,Option A would be a better choice for most travelers due to its lower price
10549,A,"Based on the information provided, I would recommend Option B - Courtyard"
10550,A,"Based on the information provided, I would recommend Option B - Courtyard"
10551,A,"Based on the information provided, I would recommend Option B - Courtyard"
10552,B,Option A would be a better choice for those who value guest reviews and key amen
10553,B,Option A would be a better choice for most travelers due to its lower price
10554,A,B
10555,B,"Option A would be a more cost-effective choice, offering similar amenities"
10556,B,"Option A would be a better choice for those looking to save money, as it"
10557,A,B
10558,A,B
10559,A,B
10560,A,B
10561,A,B
10562,B,Option A would be a better choice for most travelers due to its lower price
10563,A,"Based on guest review scores and neighborhood, I would recommend Option B - New"
10564,B,Option A would be a better choice for most travelers due to its lower price
10565,A,"Based on the information provided, I would recommend Option B - New Yorker"
10566,A,B
10567,B,Option A would be a better choice for most travelers due to its lower price
10568,A,B
10569,A,B
10570,A,B
10571,A,B
10572,B,Option A would be a better choice for most travelers due to its lower price
10573,A,B
10574,A,"Option B would be a better choice due to its higher star rating, more amen"
10575,A,B
10576,A,B
10577,A,B
10578,A,B
10579,A,B
10580,A,B
10581,A,B
10582,A,B
10583,A,B
10584,A,B
10585,A,B
10586,B,Option A
10587,B,Option A
10588,B,Option A
10589,B,Option A
10590,B,Option A
10591,B,Option A
10592,B,Option A
10593,B,Option A would be a better choice for those who prioritize location and lux
10594,A,Option B would be a better choice for most travelers due to its lower price
10595,B,Option A would be a better choice if budget is not an issue and you prefer
10596,B,Option A would be a better choice if budget is not an issue and you prefer
10597,B,Option A would be a better choice for most travelers due to its lower price
10598,B,Option A
10599,A,Option B would be a better choice considering its higher star rating and additional amenity
10600,A,B
10601,A,B
10602,A,B
10603,A,B
10604,A,B
10605,A,B
10606,A,B
10607,A,B
10608,A,B
10609,A,B
10610,A,"Based on the information provided, I would recommend choosing Option B - MADE"
10611,A,B
10612,A,"Based on the information provided, I would recommend Option B - MADE Hotel"
10613,A,B
10614,A,"Based on the information provided, I would recommend Option B - MADE Hotel"
10615,B,Option A would be a better choice for those looking to save money and stay in
10616,B,Option A would be a better choice for most travelers due to its lower price
10617,B,Option A would be a better choice if your priority is luxury and amenities
10618,B,Option A would be a better choice for those who prioritize luxury and
10619,B,A
10620,B,Option A would be a better choice for those seeking luxury and top-not
10621,B,Option A would be a better choice if breakfast is important to you and you prefer
10622,A,"Based on the information provided, I would recommend Option B - Public Hotel."
10623,B,Option A
10624,B,Option A
10625,B,Option A would be a better choice for most travelers due to its lower price
10626,A,"Based on the information provided, I would recommend Option B - Public Hotel."
10627,B,Option A would be a better choice for those who prefer to have breakfast included and
10628,B,Option A would be a better choice if you prefer to stay in SoHo
10629,A,B
10630,A,"Based on the information provided, I would recommend Option B - Public Hotel."
10631,A,B
10632,A,"Based on guest review scores and key amenities, I would recommend Option B"
10633,B,Option A would be a more cost-effective choice for a one-night
10634,B,Option A would be a better choice for most travelers due to its lower price
10635,B,Option A would be a better choice for those who prioritize free breakfast and
10636,A,B
10637,A,Option B would be a better choice due to its higher guest review score and additional
10638,A,B
10639,A,Option B would be a better choice due to its higher star rating and more amen
10640,A,B
10641,A,"Based on the information provided, I would recommend Option B - LUMA"
10642,A,B
10643,A,B
10644,B,"Option A would be a more cost-effective choice, but Option B offers"
10645,B,"Option A would be a better choice for those looking to save money, as it"
10646,A,B
10647,A,"Based on the information provided, I would recommend Option B - LUMA"
10648,A,B
10649,A,B
10650,A,B
10651,B,Option A
10652,A,Option B would be a better choice due to its higher guest review score and additional
10653,B,Option A would be a more cost-effective choice for a one-night
10654,A,B
10655,A,B
10656,B,Option A would be a more cost-effective choice for a one-night
10657,A,"Based on the information provided, I would recommend choosing Option B - Bryant"
10658,B,Option A would be a better choice for most travelers due to its lower price
10659,A,"Based on the information provided, Option B (Bryant Park Hotel)"
10660,B,Option A would be a better choice for those who prefer to stay in Midtown
10661,B,Option A would be a better choice if you prioritize luxury and convenience
10662,B,Option A would be a better choice if you prioritize location and higher guest
10663,A,"Based on the information provided, I would recommend Option B - Bryant Park"
10664,A,"Based on the information provided, I would recommend Option B - Bryant Park"
10665,A,Option B would be a better choice for those who value free cancellation and are
10666,B,"Option A would be a more cost-effective choice, as it offers similar"
10667,B,Option A
10668,B,"Option A would be a more cost-effective choice, as it offers similar"
10669,B,Option A would be a better choice for most travelers due to its lower price
10670,B,Option A would be a better choice for most travelers due to its lower price
10671,B,Option A
10672,B,Option A
10673,B,Option A
10674,A,"Based on the information provided, I would recommend Option B - Bryant Park"
10675,A,Option B would be a better choice due to its higher guest review score and star
10676,A,"Based on the information provided, I would recommend Option B - Bryant Park"
10677,B,Option A
10678,B,Option A
10679,B,Option A would be a more cost-effective choice for a one-night
10680,A,"Based on the information provided, I would recommend Option B - Bryant Park"
10681,B,"Option A would be a more cost-effective choice, offering similar amenities"
10682,B,Option A would be a better choice for most travelers due to its lower price
10683,B,"Option A would be a more cost-effective choice, offering similar amenities"
10684,A,Option B would be a better choice for those who prioritize higher guest review
10685,B,Option A would be a better choice for those seeking luxury and top-not
10686,B,Option A would be a better choice if you are looking for a luxury experience
10687,B,Option A would be a better choice for those seeking luxury and top-not
10688,A,"Based on the information provided, I would recommend Option B - Bryant Park"
10689,B,"Option A would be a better choice if you prioritize star rating, neighborhood"
10690,A,B
10691,B,Option A would be a better choice if you prioritize having a king bed
10692,A,"Based on the information provided, Option B seems to be a more cost-"
10693,B,Option A would be a better choice for most travelers due to its lower price
10694,B,Option A
10695,B,Option A
10696,A,"Based on guest review scores and price, I would recommend Option B - No"
10697,A,B
10698,B,Option A
10699,A,B
10700,A,B
10701,B,"Option A would be a better choice for those who prioritize location, higher"
10702,A,B
10703,A,B
10704,B,Option A
10705,A,B
10706,A,B
10707,A,B
10708,A,B
10709,B,"Option A would be a more cost-effective choice, especially if budget is"
10710,A,B
10711,A,B
10712,A,B
10713,A,"Based on guest review scores and price, I would recommend Option B - Mot"
10714,A,"Based on guest review scores and neighborhood, I would recommend Option B - Mot"
10715,B,Option A would be a better choice for most travelers due to its lower price
10716,A,B
10717,B,Option A is a better choice due to its higher guest review score and lower price
10718,A,"Based on the information provided, I would recommend Option B - Hard Rock Hotel"
10719,A,"Based on the information provided, I would recommend Option B - Hard Rock Hotel"
10720,B,"I would recommend choosing Option A, Hotel Kimpton Hotel Eventi in Chelse"
10721,B,"Option A would be a better choice for those seeking luxury and amenities,"
10722,B,"Option A would be a better choice for those seeking luxury and amenities,"
10723,B,"Option A would be a better choice if budget is not an issue, as it"
10724,B,"Option A would be a better choice if you prioritize location, star rating"
10725,B,Option A
10726,B,Option A
10727,B,Option A would be a better choice for most travelers due to its lower price
10728,B,Option A
10729,B,"Option A would be a more cost-effective choice, but Option B offers"
10730,B,Option A would be a more cost-effective choice for a one-night
10731,B,Option A would be a more cost-effective choice for a one-night
10732,B,Option A would be a more cost-effective choice for a one-night
10733,A,B
10734,A,B
10735,A,B
10736,B,A
10737,A,B
10738,B,Option A
10739,A,B
10740,B,Option A
10741,B,Option A would be a better choice if your priority is to have a king-
10742,A,"Based on the information provided, I would recommend Option B - The Pearl"
10743,A,B
10744,A,B
10745,A,"Based on guest review scores and key amenities, I would recommend Option B"
10746,B,"Option A would be a more cost-effective choice, but if you'"
10747,B,Option A would be a better choice for most travelers due to its lower price
10748,B,Option A would be a better choice for most travelers due to its lower price
10749,B,Option A would be a better choice for most travelers due to its lower price
10750,B,Option A would be a better choice for most travelers due to its lower price
10751,A,"Based on the information provided, I would recommend Option B - Virgin Hotels"
10752,B,Option A
10753,B,Option A would be a better choice for those who prioritize location and amen
10754,B,"Option A would be a better choice for those who prioritize location, star"
10755,A,B
10756,B,"Based on the information provided, I would recommend Option A - The Greenwich"
10757,B,Option A would be a better choice if you prioritize location and amenities
10758,B,Option A would be a better choice if budget is not an issue and you prefer
10759,A,B
10760,B,"Option A would be a better choice for those who prioritize location, amen"
10761,B,Option A would be a better choice for those looking to save money and have breakfast
10762,B,Option A
10763,B,"Option A would be a better choice for those looking to save money, as it"
10764,A,B
10765,A,B
10766,A,B
10767,A,B
10768,A,B
10769,A,B
10770,A,B
10771,B,Option A
10772,B,Option A
10773,A,B
10774,A,B
10775,B,"Option A would be a better choice if prioritizing star rating, neighborhood and"
10776,A,B
10777,B,Option A
10778,B,"Option A seems to be a better choice for those who prefer a king room,"
10779,B,A
10780,A,B
10781,A,"Based on the information provided, I would recommend Option B (Arlo No"
10782,A,B
10783,A,B
10784,B,Option A would be a better choice if you prioritize location and guest review
10785,B,Option A would be a better choice for most travelers due to its lower price
10786,B,Option A would be a better choice for those looking to save money and still enjoy
10787,A,"Based on the information provided, I would recommend choosing Option B - CIV"
10788,A,"Based on the information provided, I would recommend Option B - CIVI"
10789,A,Option B would be a better choice for those who prioritize location and higher
10790,A,B
10791,A,B
10792,A,B
10793,A,"Based on the information provided, I would recommend choosing Option B - CIV"
10794,A,B
10795,A,B
10796,A,B
10797,A,B
10798,A,B
10799,A,B
10800,A,B
10801,B,Option A
10802,A,B
10803,B,Option A
10804,B,Option A
10805,A,B
10806,A,B
10807,A,B
10808,A,B
10809,B,Option A
10810,B,"Option A would be a more cost-effective choice, as it is significantly"
10811,B,Option A
10812,A,B
10813,B,Option A would be a better choice for most travelers due to its lower price
10814,B,Option A would be a better choice for most travelers due to its lower price
10815,A,B
10816,B,Option A would be a better choice for most travelers due to its lower price
10817,B,"Option A would be a better choice for those seeking luxury and amenities,"
10818,B,Option A would be a better choice if you are looking for a luxury experience
10819,B,Option A would be a better choice if you are looking for a luxury experience
10820,B,"Option A would be a better choice for those seeking luxury and amenities,"
10821,B,Option A would be a better choice if you prioritize location and guest review
10822,A,"Based on the information provided, I would recommend Option B - New York Hil"
10823,B,Option A
10824,A,"Based on the information provided, I would recommend Option B - New York Hil"
10825,B,"Option A would be a better choice if you prefer to stay in Williamsburg,"
10826,B,Option A would be a better choice for those who prefer to stay in Williamsburg
10827,B,Option A would be a better choice if free cancellation is important to you and
10828,B,Option A would be a better choice for most travelers due to its higher guest
10829,B,Option A would be a better choice for most travelers due to its lower price
10830,B,Option A would be a better choice for those who prioritize cost savings
10831,B,Option A would be a better choice for those who prioritize location and lower
10832,B,Option A would be a better choice for those who value breakfast included and are looking
10833,B,Option A would be a better choice for most travelers due to its lower price
10834,A,B
10835,B,Option A would be a better choice for most travelers due to its lower price
10836,B,Option A would be a more cost-effective choice for a one-night
10837,A,B
10838,A,"Option B would be a better choice due to its higher star rating, more amen"
10839,A,Option B would be a better choice for most travelers due to its higher star
10840,A,"Option B would be a better choice due to its higher star rating, inclusion of"
10841,A,Option B would be a better choice for those who value breakfast and additional amenities
10842,A,Option B would be a better choice for most travelers due to its higher guest
10843,A,B
10844,B,"Option A would be a better choice for those looking to save money, as it"
10845,B,Option A
10846,A,B
10847,A,B
10848,A,B
10849,A,B
10850,A,B
10851,A,B
10852,A,B
10853,A,B
10854,A,B
10855,A,B
10856,B,Option A
10857,B,Option A
10858,A,B
10859,A,B
10860,A,B
10861,B,"Option A would be a more cost-effective choice, but Option B offers"
10862,A,"Based on the information provided, I would recommend Option B - Kimpton Th"
10863,A,Option B would be a better choice for those who value free cancellation and are
10864,B,Option A
10865,A,B
10866,A,B
10867,B,Option A would be a better choice for most travelers due to its lower price
10868,A,B
10869,A,B
10870,B,Option A
10871,A,B
10872,A,B
10873,B,Option A
10874,A,B
10875,A,B
10876,B,Option A
10877,B,Option A
10878,B,Option A
10879,B,Option A
10880,A,B
10881,B,Option A would be a better choice for most travelers due to its lower price
10882,B,"Based on the information provided, I would recommend Option A - Hampton Inn"
10883,A,B
10884,A,"Based on the information provided, I would recommend Option B - The Hotel Ch"
10885,A,B
10886,B,"Option A would be a more cost-effective choice, offering similar amenities"
10887,A,B
10888,A,B
10889,B,"Option A is more expensive, but it's located in Times Square and has"
10890,B,Option A would be a better choice if you prefer to stay in Times Square and
10891,B,Option A would be a better choice for most travelers due to its lower price
10892,B,Option A would be a more cost-effective choice for a one-night
10893,B,"Option A would be a better choice for those seeking luxury and amenities,"
10894,B,"Option A would be a better choice for those who prioritize location, star"
10895,A,"Based on the information provided, I would recommend Option B - The Hotel Ch"
10896,A,"Based on the information provided, I would recommend Option B - The Hotel Ch"
10897,B,Option A would be a better choice if you are looking for a luxurious
10898,B,Option A would be a better choice if budget is not an issue and one pre
10899,B,Option A would be a better choice if your priority is staying in a higher
10900,B,Option A would be a better choice if your priority is staying in a higher
10901,A,B
10902,B,Option A would be a better choice for most travelers due to its lower price
10903,B,Option A would be a better choice if free cancellation and breakfast are important to
10904,A,B
10905,A,B
10906,B,Option A would be a better choice for those who prefer to stay in Manhattan
10907,B,Option A would be a better choice if you prefer to stay in Manhattan and
10908,B,Option A
10909,B,Option A would be a better choice if budget is not an issue and you prefer
10910,A,"Based on the information provided, I would recommend Option B - Nine Or"
10911,B,Option A would be a better choice if budget is not an issue and luxury
10912,A,B
10913,A,"Option B would be a better choice considering it offers free cancellation, includes breakfast"
10914,A,"Based on guest review scores and price, I would recommend Option B - N"
10915,B,Option A would be a better choice for most travelers due to its lower price
10916,A,"Option B would be a better choice due to its higher guest review score, free"
10917,B,"Option A is more suitable for a one-night stay in New York City,"
10918,A,B
10919,A,B
10920,A,B
10921,B,Option A would be a better choice if you prioritize location and amenities
10922,B,Option A would be a better choice if you prioritize location and amenities
10923,B,Option A would be a better choice for those who prioritize luxury and
10924,A,B
10925,B,Option A would be a better choice for most travelers due to its lower price
10926,B,Option A would be a better choice for most travelers due to its lower price
10927,B,Option A would be a better choice for most travelers due to its lower price
10928,B,Option A would be a better choice for most travelers due to its lower price
10929,A,B
10930,A,B
10931,A,B
10932,A,B
10933,B,Option A would be a more cost-effective choice for a one-night
10934,B,Option A would be a more cost-effective choice for a one-night
10935,B,Option A would be a more cost-effective choice for a one-night
10936,B,Option A would be a better choice for most travelers due to its lower price
10937,A,Option B would be a better choice for those who prioritize higher guest review
10938,B,Option A would be a more cost-effective choice for a one-night
10939,A,"Option B would be a better choice for those who value higher guest review scores,"
10940,A,"Based on the information provided, I would recommend choosing Option B - The Wall"
10941,A,B
10942,B,Option A
10943,B,Option A would be a better choice if you prioritize amenities and location
10944,A,B
10945,B,Option A would be a more suitable choice for most travelers due to its lower
10946,A,B
10947,A,"Based on the information provided, I would recommend Option B - Ink"
10948,A,B
10949,B,Option A would be a better choice for most travelers due to its lower price
10950,B,Option A would be a better choice if you prioritize location and guest review
10951,B,Option A
10952,A,B
10953,B,Option A would be a more cost-effective choice for a one-night
10954,B,Option A
10955,B,Option A
10956,B,Option A
10957,B,Option A would be a better choice for most travelers due to its lower price
10958,B,Option A
10959,B,Option A would be a more suitable choice for most travelers due to its lower
10960,B,Option A would be a more suitable choice for most travelers due to its lower
10961,B,Option A would be a better choice for those seeking luxury and convenience in Mid
10962,A,B
10963,A,B
10964,A,B
10965,B,Option A would be a better choice if you prioritize location and amenities
10966,A,B
10967,A,B
10968,A,B
10969,A,B
10970,A,B
10971,A,B
10972,A,B
10973,A,B
10974,A,B
10975,A,B
10976,B,Option A
10977,A,"Based on the information provided, I would recommend choosing Option B - Sofitel"
10978,B,Option A would be a more suitable choice for most travelers due to its lower
10979,A,"Based on the information provided, I would recommend Option B - Sofitel New"
10980,B,Option A would be a more suitable choice for most travelers due to its lower
10981,A,"Based on the information provided, I would recommend Option B - Sofitel New"
10982,A,B
10983,B,Option A
10984,B,Option A would be a better choice for those who value higher guest review scores and
10985,B,Option A would be a more cost-effective choice for a one-night
10986,B,Option A would be a better choice for most travelers due to its lower price
10987,A,Option B would be a better choice for those seeking luxury amenities and a
10988,A,"Based on the information provided, I would recommend Option B - Sofitel New"
10989,B,Option A would be a better choice if you prioritize location and guest reviews
10990,B,"Option A would be a better choice for those who value breakfast included, spa"
10991,B,Option A would be a better choice for most travelers due to its higher guest
10992,B,Option A would be a better choice for those who value breakfast included and city views
10993,B,Option A would be a better choice if you prioritize location and guest reviews
10994,B,Option A would be a better choice if you prioritize location and guest review
10995,B,Option A would be a better choice if you prioritize location and guest reviews
10996,A,B
10997,B,Option A would be a more cost-effective choice for a one-night
10998,B,Option A would be a more cost-effective choice for a one-night
10999,B,"Option A would be a more cost-effective choice, offering free breakfast and"
11000,B,Option A would be a more cost-effective choice for a one-night
11001,B,Option A
11002,B,Option A would be a better choice for most travelers due to its higher guest
11003,B,Option A would be a better choice for most travelers due to its lower price
11004,B,Option A would be a better choice for most travelers due to its lower price
11005,B,Option A would be a more cost-effective choice for a one-night
11006,B,Option A would be a more cost-effective choice for a one-night
11007,A,B
11008,A,B
11009,A,B
11010,A,B
11011,A,B
11012,A,"Option B would be a better choice if budget is not an issue, as it"
11013,A,"Option B would be a better choice for those who value higher star ratings, breakfast"
11014,A,B
11015,A,"Option B would be a better choice for those who prioritize star rating,"
11016,B,Option A would be a more suitable choice for most travelers due to its afford
11017,B,Option A would be a more suitable choice for most travelers due to its lower
11018,B,"Option A would be a more cost-effective choice, especially if breakfast is"
11019,B,"Option A would be a more cost-effective choice, especially if breakfast is"
11020,A,"Based on the information provided, I would recommend Option B - The Dominick"
11021,B,"Option A would be a better choice if you prioritize location and service,"
11022,B,"Option A would be a better choice if you value superior service, breakfast included and"
11023,A,B
11024,A,B
11025,A,B
11026,A,B
11027,A,B
11028,A,B
11029,B,Option A would be a more cost-effective choice for a one-night
11030,B,Option A would be a more suitable choice for most travelers due to its lower
11031,B,Option A would be a more suitable choice for most travelers due to its lower
11032,A,B
11033,A,B
11034,A,Option B would be a better choice due to its higher guest review score and additional
11035,A,B
11036,A,B
11037,B,Option A would be a more cost-effective choice for a one-night
11038,B,Option A would be a more suitable choice for most travelers due to its lower
11039,B,Option A would be a more suitable choice for most travelers due to its afford
11040,A,B
11041,B,Option A would be a more suitable choice for most travelers due to its afford
11042,B,Option A would be a more cost-effective choice for a one-night
11043,A,B
11044,B,"Option A would be a more suitable choice for most travelers, as it offers"
11045,B,Option A would be a more cost-effective choice for a one-night
11046,B,"Option A would be a more cost-effective choice, especially if budget is"
11047,B,"Option A would be a more cost-effective choice, offering similar amenities"
11048,B,Option A would be a more cost-effective choice for a one-night
11049,A,B
11050,A,B
11051,A,B
11052,B,Option A would be a better choice due to its lower price and higher guest review
11053,A,B
11054,A,B
11055,A,B
11056,A,B
11057,A,Option B would be a better choice for those who prioritize luxury and
11058,B,Option A would be a more suitable choice for most travelers due to its lower
11059,B,Option A would be a more suitable choice for most travelers due to its lower
11060,A,B
11061,A,B
11062,A,B
11063,B,Option A would be a more suitable choice for most travelers due to its afford
11064,A,B
11065,B,Option A would be a better choice for most travelers due to its lower price
11066,B,Option A would be a better choice for those who prioritize location and lower
11067,A,B
11068,B,Option A
11069,A,B
11070,A,B
11071,A,B
11072,A,"Based on the information provided, Option B (Four Seasons Hotel New"
11073,A,B
11074,B,Option A would be a more suitable choice for most travelers due to its afford
11075,B,Option A would be a more suitable choice for most travelers due to its afford
11076,B,Option A would be a more suitable choice for most travelers due to its afford
11077,A,Option B would be a better choice for those who value higher star ratings and additional
11078,A,Option B would be a better choice for those who prioritize star rating and
11079,B,Option A would be a more suitable choice for most travelers due to its lower
11080,B,Option A would be a more suitable choice for most travelers due to its lower
11081,B,Option A would be a more suitable choice for most travelers due to its afford
11082,B,"Option A would be a more cost-effective choice, offering similar amenities"
11083,A,Option B would be a better choice for those who prioritize star rating and
11084,B,"Option A would be a more cost-effective choice, but Option B offers"
11085,A,"Based on the information provided, I would recommend choosing Option B - The Fif"
11086,A,B
11087,B,Option A would be a more suitable choice for most travelers due to its afford
11088,A,B
11089,B,"Option A would be a better choice for me, as it offers free cancellation"
11090,B,Option A would be a better choice for most travelers due to its lower price
11091,A,B
11092,A,B
11093,B,Option A
11094,B,Option A
11095,A,B
11096,A,B
11097,A,B
11098,A,B
11099,A,B
11100,A,B
11101,A,B
11102,A,B
11103,A,Option B would be a better choice for those who are looking for more amenities
11104,A,B
11105,A,B
11106,B,Option A would be a better choice for those who prioritize location and amen
11107,A,B
11108,B,Option A would be a better choice for those who prioritize location and amen
11109,A,B
11110,A,B
11111,B,Option A would be a more cost-effective choice for a one-night
11112,A,B
11113,A,B
11114,A,B
11115,A,B
11116,A,B
11117,B,Option A would be a more suitable choice for most travelers due to its afford
11118,A,B
11119,A,B
11120,B,Option A would be a more suitable choice for most travelers due to its afford
11121,A,B
11122,B,Option A would be a more suitable choice for most travelers due to its significantly
11123,B,Option A would be a more cost-effective choice for a one-night
11124,A,B
11125,A,B
11126,B,Option A
11127,B,Option A
11128,B,Option A would be a better choice for most travelers due to its lower price
11129,B,Option A would be a more suitable choice for most travelers due to its lower
11130,B,Option A would be a more suitable choice for most travelers due to its afford
11131,B,Option A would be a more suitable choice for most travelers due to its lower
11132,B,Option A would be a more suitable choice for most travelers due to its afford
11133,A,B
11134,A,B
11135,A,B
11136,A,B
11137,B,"Option A would be a more cost-effective choice, offering similar amenities"
11138,B,Option A would be a more suitable choice for most travelers due to its afford
11139,B,Option A would be a more suitable choice for most travelers due to its afford
11140,B,Option A would be a more suitable choice for most travelers due to its lower
11141,A,B
11142,B,Option A would be a more suitable choice for most travelers due to its lower
11143,B,Option A would be a better choice for those looking to save money and stay in
11144,B,Option A would be a better choice for most travelers due to its central location
11145,B,Option A
11146,A,B
11147,A,B
11148,A,B
11149,A,B
11150,A,B
11151,A,"Option B would be a better choice due to its higher guest review score, more"
11152,B,Option A
11153,A,B
11154,A,B
11155,B,Option A would be a better choice for most travelers due to its central location
11156,A,B
11157,B,Option A
11158,B,Option A would be a better choice for most travelers due to its central location
11159,B,Option A would be a better choice for most travelers due to its higher star
11160,B,Option A seems to be a better choice due to its higher star rating and location
11161,B,Option A
11162,B,Option A would be a better choice for most travelers due to its lower price
11163,B,Option A
11164,B,Option A would be a better choice for most travelers due to its lower price
11165,A,B
11166,A,B
11167,B,Option A would be a better choice for those who prefer a higher star rating and
11168,B,Option A would be a better choice if you prioritize higher guest review scores
11169,B,Option A
11170,B,Option A would be a better choice for most travelers due to its lower price
11171,A,"Based on the information provided, I would recommend Option B - Hampton Inn"
11172,B,Option A would be a better choice for most travelers due to its higher guest
11173,B,Option A would be a better choice if you prefer to stay in Times Square and
11174,A,B
11175,A,B
11176,B,Option A would be a better choice if you prefer to stay in Times Square and
11177,A,B
11178,A,B
11179,A,"Option B would be a better choice as it offers free cancellation, breakfast included"
11180,B,Option A would be a better choice for most travelers due to its lower price
11181,B,Option A would be a better choice for those looking for luxury and high-
11182,A,B
11183,B,Option A would be a better choice if you prioritize luxury and amen
11184,B,Option A would be a better choice if you prioritize location and luxury
11185,B,Option A would be a better choice if you prefer to stay in Times Square and
11186,B,Option A
11187,A,B
11188,B,Option A would be a better choice for most travelers due to its lower price
11189,B,Option A
11190,B,Option A would be a better choice for most travelers due to its lower price
11191,B,Option A
11192,A,B
11193,A,B
11194,A,B
11195,A,"Based on the information provided, I would recommend Option B - Hampton Inn"
11196,B,"Option A would be a better choice if free cancellation is important to you,"
11197,A,B
11198,B,Option A would be a better choice for most travelers due to its lower price
11199,A,B
11200,A,B
11201,A,B
11202,B,Option A would be a better choice for most travelers due to its lower price
11203,B,"Option A would be a better choice if free cancellation is important to you,"
11204,B,Option A would be a better choice for those who prioritize cost savings
11205,B,"Option A would be a better choice due to its higher guest review score, lower"
11206,B,Option A would be a better choice for most travelers due to its higher guest
11207,A,B
11208,A,B
11209,A,B
11210,B,Option A
11211,A,B
11212,A,B
11213,B,Option A would be a better choice for most travelers due to its higher guest
11214,B,Option A would be a better choice if you prioritize location and guest review
11215,A,B
11216,B,Option A
11217,A,B
11218,B,Option A would be a better choice for most travelers due to its lower price
11219,A,B
11220,A,"Based on guest review scores and key amenities, I would recommend Option B"
11221,B,Option A would be a better choice for those who prioritize location and amen
11222,A,B
11223,B,Option A would be a better choice for those who prioritize location and amen
11224,A,B
11225,B,"Option A would be a better choice if you prioritize location, star rating"
11226,B,Option A would be a better choice if you prioritize location and luxury
11227,B,"Option A would be a better choice for those seeking luxury and convenience, while"
11228,B,Option A would be a better choice if you prioritize location and luxury
11229,B,Option A
11230,A,B
11231,A,B
11232,B,Option A
11233,B,Option A would be a better choice for most travelers due to its higher star
11234,B,Option A
11235,B,Option A would be a better choice for your one-night stay in New York
11236,B,A
11237,B,Option A would be a better choice for those looking to save money and still enjoy
11238,A,B
11239,B,Option A
11240,A,"Based on the information provided, I would recommend Option B - Hampton Inn"
11241,A,B
11242,A,B
11243,A,"Option B would be a better choice for most travelers, as it offers more"
11244,B,Option A
11245,A,B
11246,B,Option A would be a better choice if you prioritize location and luxury
11247,B,"Option A would be a better choice for those seeking luxury and convenience, while"
11248,A,B
11249,B,Option A seems to be a better choice for your one-night stay in New
11250,B,"Option A would be a better choice for several reasons. First, it is che"
11251,A,B
11252,B,Option A would be a better choice if you prefer to stay in Downtown
11253,B,"Option A would be a more suitable choice if budget is a primary concern, as"
11254,A,B
11255,A,Option B would be a better choice for most travelers due to its higher guest
11256,B,"Option A would be a more budget-friendly choice, while Option B offers"
11257,B,Option A would be a better choice for those who prioritize location and guest
11258,A,B
11259,B,Option A would be a better choice if you prefer staying in SoHo
11260,B,Option A would be a better choice if you prioritize location and guest review
11261,B,Option A would be a better choice for those who prioritize location and amen
11262,B,Option A would be a better choice for most travelers due to its higher guest
11263,B,Option A would be a better choice for most travelers due to its higher guest
11264,B,Option A would be a better choice for most travelers due to its higher guest
11265,B,Option A seems to be a better choice due to its higher guest review score and
11266,B,"Option A would be a better choice if breakfast is important to you, as it"
11267,B,Option A would be a better choice for most travelers due to its lower price
11268,B,Option A
11269,B,Option A would be a better choice for those who prefer a higher star rating and
11270,B,"Based on the information provided, I would recommend Option A - Crowne Pla"
11271,B,Option A
11272,B,"Option A would be a better choice as it has higher guest review score, is"
11273,A,B
11274,B,Option A would be a better choice if you prioritize location and amenities
11275,B,"Option A would be a better choice if you prioritize location, room quality"
11276,B,"Based on the information provided, I would recommend Option A - The Beek"
11277,A,"Based on the information provided, Option B seems to be a better choice due"
11278,A,B
11279,A,B
11280,A,B
11281,B,Option A would be a better choice for most travelers due to its higher star
11282,A,"Based on guest review scores and key amenities, I would recommend Option B"
11283,A,B
11284,B,Option A would be a better choice for most travelers due to its higher star
11285,B,"Based on the information provided, I would recommend Option A (InterContinental"
11286,B,Option A would be a better choice if you prioritize location and amenities
11287,B,"Option A would be a better choice if budget is not an issue, as it"
11288,A,B
11289,B,Option A would be a better choice for those who prioritize location and guest
11290,B,Option A would be a better choice for most travelers due to its higher star
11291,B,"Option A is a better choice due to its higher star rating, more favorable"
11292,B,Option A
11293,B,Option A would be a better choice if budget is not an issue and one pre
11294,B,Option A would be a better choice if your priority is staying in a high
11295,B,Option A would be a better choice if budget is not an issue and you prefer
11296,B,Option A would be a better choice if budget is not an issue and you prefer
11297,A,B
11298,A,B
11299,A,B
11300,A,B
11301,B,"Option A would be a better choice if you prefer a higher star rating, more"
11302,A,B
11303,B,Option A would be a better choice if you prioritize location and higher guest
11304,B,"Option A would be a better choice for those who prioritize location, room"
11305,B,A
11306,A,B
11307,B,A
11308,B,Option A
11309,B,Option A
11310,B,A
11311,A,B
11312,B,Option A
11313,B,Option A would be a better choice for most travelers due to its lower price
11314,B,"Option A would be a better choice if free cancellation is important to you,"
11315,B,"Based on the information provided, I would recommend Option A - New York Mar"
11316,B,Option A would be a better choice for most travelers due to its lower price
11317,B,Option A
11318,A,B
11319,A,B
11320,A,B
11321,B,"Option A would be a better choice if budget is not an issue, as it"
11322,B,Option A would be a better choice if you prioritize location and higher guest
11323,B,Option A would be a better choice if you prioritize location and higher guest
11324,B,"Option A would be a better choice for those seeking luxury and convenience, while"
11325,B,Option A
11326,B,Option A
11327,B,A
11328,A,B
11329,B,Option A
11330,B,Option A
11331,B,Option A
11332,B,Option A
11333,B,Option A
11334,B,Option A would be a better choice for those seeking luxury and top-not
11335,B,"Option A would be a better choice if budget is not an issue, as it"
11336,A,B
11337,A,B
11338,B,Option A would be a better choice if you prioritize location and breakfast included
11339,A,B
11340,B,Option A would be a better choice if you prioritize location and higher guest
11341,B,Option A would be a better choice if you prefer to stay in Greenwich Village
11342,B,Option A would be a better choice for those who prefer to stay in Greenwich
11343,B,Option A would be a better choice for most travelers due to its higher guest
11344,B,Option A would be a better choice for most travelers due to its higher guest
11345,B,A
11346,B,Option A would be a better choice if breakfast is important to you and location in
11347,B,A
11348,B,"Option A would be a better choice due to its higher guest review score, included"
11349,A,B
11350,B,Option A would be a better choice for most travelers due to its higher star
11351,A,B
11352,A,"Based on the information provided, I would recommend Option B - Holiday Inn"
11353,A,B
11354,B,Option A would be a better choice if you prioritize location and guest review
11355,B,Option A would be a better choice for those who prefer to stay in Times Square
11356,A,"Based on the information provided, I would recommend Option B - Holiday Inn"
11357,B,A
11358,B,Option A would be a better choice if budget is not an issue and one pre
11359,B,A
11360,B,"Option A would be a better choice if budget is not an issue, as it"
11361,B,Option A would be a better choice for those who value higher guest review scores and
11362,B,Option A would be a better choice for those who prioritize location and amen
11363,A,"Based on the information provided, I would recommend Option B - Holiday Inn"
11364,B,Option A would be a better choice for those who value higher guest review scores and
11365,B,A
11366,B,"Based on the information provided, I would recommend Option A (Hotel Con"
11367,B,Option A would be a better choice if budget is not an issue and priority is
11368,B,Option A would be a better choice if budget is not an issue and you prefer
11369,B,Option A would be a better choice if you prioritize location and higher guest
11370,B,Option A would be a better choice if you prioritize higher guest review scores
11371,B,Option A would be a better choice if you prioritize higher guest review scores
11372,B,"Option A would be a better choice if you prioritize higher star rating,"
11373,B,Option A would be a better choice for those who prefer to stay in Downt
11374,B,Option A
11375,A,B
11376,A,B
11377,A,B
11378,A,B
11379,A,B
11380,A,"Based on the information provided, I would recommend Option B - Holiday Inn"
11381,B,Option A would be a better choice for most travelers due to its lower price
11382,B,Option A would be a better choice for most travelers due to its lower price
11383,B,Option A
11384,B,Option A
11385,B,Option A would be a better choice if free cancellation is important to you and
11386,A,B
11387,A,B
11388,B,A
11389,B,"Option A would be a better choice due to its higher star rating, more positive"
11390,B,"Option A would be a better choice if your priority is higher star rating, free"
11391,A,B
11392,A,B
11393,B,Option A
11394,B,Option A
11395,A,"Option B would be a better choice as it offers free cancellation, includes breakfast"
11396,B,"Option A would be a better choice for several reasons. First, it is located"
11397,B,Option A would be a better choice if you prioritize location and higher guest
11398,B,Option A would be a better choice if you prioritize location and amenities
11399,B,"Option A would be a better choice for those who prioritize location, room"
11400,B,Option A
11401,B,Option A would be a better choice for those who prioritize location and guest
11402,B,Option A would be a better choice for most travelers due to its lower price
11403,B,Option A would be a better choice for most travelers due to its higher guest
11404,B,Option A would be a better choice if your priority is location and guest review score
11405,B,Option A would be a better choice if breakfast is important to you and you don
11406,B,Option A
11407,A,B
11408,B,Option A would be a better choice due to its higher guest review score and free
11409,A,B
11410,A,"Based on the information provided, I would recommend Option B - InterContinental"
11411,A,"Based on the information provided, I would recommend Option B - InterContinental"
11412,A,"Based on the information provided, I would recommend Option B - InterContinental"
11413,B,Option A
11414,B,Option A would be a more cost-effective choice for a one-night
11415,A,"Based on the information provided, I would recommend Option B - InterContinental"
11416,B,Option A would be a better choice for those who prioritize cost savings
11417,B,"Option A would be a better choice for those looking to save money, as it"
11418,A,B
11419,A,B
11420,A,B
11421,B,Option A would be a more cost-effective choice for a one-night
11422,B,"Option A would be a more cost-effective choice, offering similar amenities"
11423,B,Option A would be a more suitable choice for most travelers due to its lower
11424,B,"Option A would be a more cost-effective choice, offering free breakfast and"
11425,B,Option A would be a more suitable choice for most travelers due to its lower
11426,B,Option A would be a more cost-effective choice for a one-night
11427,A,B
11428,A,"Option B would be a better choice if budget is not an issue, as it"
11429,B,"Option A would be a more cost-effective choice, considering that both hot"
11430,A,B
11431,B,Option A would be a more suitable choice for most travelers due to its lower
11432,B,Option A would be a more suitable choice for most travelers due to its lower
11433,B,Option A would be a better choice for most travelers due to its lower price
11434,A,"Based on the information provided, I would recommend Option B - Kimpton Muse"
11435,A,B
11436,A,B
11437,B,Option A
11438,A,B
11439,B,Option A would be a better choice for those who prefer to have breakfast included and
11440,A,"Based on the information provided, I would recommend Option B - Kimpton Muse"
11441,A,"Based on guest review scores and neighborhood, I would recommend Option B - Kim"
11442,B,"Option A would be a more cost-effective choice, but Option B offers"
11443,A,"Based on the information provided, I would recommend choosing Option B - Kimpton"
11444,A,"Based on guest review scores, neighborhood location and key amenities, I would"
11445,B,"Option A would be a more suitable choice if budget is a primary concern, as"
11446,A,B
11447,A,B
11448,A,B
11449,B,Option A
11450,B,Option A would be a better choice if you prioritize location and breakfast included
11451,B,Option A would be a better choice if you prioritize location and breakfast included
11452,A,B
11453,B,Option A
11454,B,Option A
11455,B,Option A
11456,B,Option A
11457,A,"Based on the information provided, I would recommend Option B - Courtyard"
11458,A,"Based on the information provided, I would recommend Option B - Courtyard"
11459,A,"Based on the information provided, I would recommend Option B - Courtyard"
11460,B,Option A would be a better choice if you prioritize location and guest review
11461,A,B
11462,B,"Option A would be a better choice for those who value higher guest review scores,"
11463,A,B
11464,B,Option A would be a better choice if you prefer staying in the Meat
11465,B,Option A would be a better choice if budget is not an issue and you prefer
11466,B,"Option A would be a better choice if budget is not an issue, as it"
11467,B,A
11468,B,Option A would be a better choice if budget is not an issue and one pre
11469,B,Option A
11470,B,Option A
11471,B,Option A
11472,A,B
11473,B,Option A would be a better choice for most travelers due to its higher guest
11474,B,Option A would be a better choice if you prioritize location and guest review
11475,B,Option A would be a better choice if you prioritize location and guest review
11476,B,Option A
11477,B,Option A
11478,B,Option A
11479,B,Option A
11480,B,Option A
11481,B,"Option A would be a better choice if budget is not an issue, as it"
11482,B,Option A would be a better choice if budget is not an issue and preference for
11483,B,A
11484,B,"Option A would be a better choice if budget is not an issue, as it"
11485,B,Option A would be a better choice if you prefer to stay in TriBeCa
11486,A,B
11487,B,Option A would be a better choice for most travelers due to its higher star
11488,A,B
11489,A,B
11490,A,B
11491,A,B
11492,A,B
11493,A,B
11494,B,Option A would be a better choice if budget is not an issue and priority is
11495,A,B
11496,B,"Option A would be a better choice for those seeking a higher star rating, more"
11497,A,B
11498,B,Option A would be a better choice for most travelers due to its higher guest
11499,B,Option A would be a better choice if you prioritize location and guest review
11500,B,Option A would be a better choice if you prioritize location and guest review
11501,A,B
11502,A,B
11503,B,Option A would be a better choice if you prioritize luxury and amen
11504,A,B
11505,B,Option A would be a better choice if you prefer to stay in Times Square and
11506,B,Option A would be a better choice if proximity to Times Square and having a
11507,B,Option A
11508,B,Option A would be a better choice for those who prefer to stay in Times Square
11509,B,Option A would be a better choice if you prioritize location and guest review
11510,A,B
11511,A,B
11512,B,Option A would be a better choice for most travelers due to its central location
11513,B,Option A would be a better choice if you prioritize luxury and amen
11514,B,Option A would be a better choice if you prioritize higher guest review scores
11515,A,B
11516,B,"Based on the information provided, I would recommend Option A - The Beek"
11517,B,Option A would be a better choice for those who prioritize location and guest
11518,B,Option A would be a better choice for those who prioritize location and guest
11519,B,Option A would be a better choice if you prioritize location and guest reviews
11520,B,Option A would be a better choice for those who prioritize location and guest
11521,A,B
11522,B,Option A would be a better choice if you prioritize location and amenities
11523,B,Option A
11524,A,B
11525,A,B
11526,A,B
11527,B,Option A
11528,B,Option A would be a better choice for most travelers due to its lower price
11529,A,B
11530,B,Option A
11531,B,Option A
11532,B,Option A would be a better choice if you prefer to stay in Midtown and
11533,B,Option A would be a more cost-effective choice for a one-night
11534,B,Option A would be a more cost-effective choice for a one-night
11535,B,Option A would be a more cost-effective choice for a one-night
11536,A,"Based on the information provided, I would recommend Option B - AC Hotel New"
11537,B,Option A
11538,A,B
11539,B,Option A would be a better choice for most travelers due to its lower price
11540,B,Option A would be a better choice for most travelers due to its lower price
11541,B,Option A
11542,B,Option A
11543,B,"Option A would be a better choice due to its lower price, higher guest review"
11544,B,Option A
11545,B,Option A
11546,B,Option A
11547,A,B
11548,B,Option A
11549,A,Option B would be a better choice for most travelers due to its higher star
11550,A,Option B would be a better choice for most travelers due to its higher star
11551,A,B
11552,A,B
11553,A,B
11554,A,B
11555,B,"Option A would be a better choice if you prioritize location, guest review"
11556,A,B
11557,B,Option A would be a better choice for most travelers due to its lower price
11558,B,Option A would be a better choice for most travelers due to its lower price
11559,B,Option A would be a better choice for most travelers due to its lower price
11560,B,Option A would be a better choice for most travelers due to its lower price
11561,B,Option A
11562,A,B
11563,B,Option A would be a better choice as it is more affordable and located in
11564,A,"Based on the information provided, I would recommend Option B - The Westin"
11565,B,Option A would be a better choice if you prefer to stay in East Village and
11566,A,"Based on the information provided, I would recommend Option B - The Westin"
11567,B,Option A would be a better choice if you prefer to stay in East Village and
11568,B,Option A would be a better choice if you prefer to stay in East Village and
11569,B,Option A would be a better choice for most travelers due to its lower price
11570,A,B
11571,A,B
11572,A,B
11573,B,Option A would be a better choice for most travelers due to its lower price
11574,B,Option A would be a more cost-effective choice for a one-night
11575,A,B
11576,A,B
11577,B,Option A would be a more cost-effective choice for a one-night
11578,B,Option A would be a more cost-effective choice for a one-night
11579,A,Option B would be a better choice for most travelers due to its higher star
11580,A,Option B would be a better choice for those who value amenities and free can
11581,B,Option A
11582,B,Option A would be a better choice for most travelers due to its lower price
11583,B,Option A would be a better choice for most travelers due to its lower price
11584,B,Option A would be a better choice for most travelers due to its lower price
11585,B,Option A would be a better choice if you prioritize location and amenities
11586,B,Option A would be a better choice if budget is not an issue and one pre
11587,B,"Option A would be a better choice for those who prioritize luxury,"
11588,B,Option A would be a better choice if you prioritize luxury and amen
11589,A,"Option B would be a better choice due to its lower price, free cancellation"
11590,B,Option A would be a better choice for most travelers due to its higher guest
11591,A,"Based on the information provided, Option B seems to be a better choice due"
11592,B,Option A
11593,B,Option A would be a better choice for those who prioritize location and guest
11594,B,"Option A would be a better choice if your priority is location and guest reviews,"
11595,B,"Option A would be a better choice if location is more important to you, as"
11596,B,"Option A would be a better choice if location is more important to you, as"
11597,B,Option A would be a better choice for most travelers due to its higher guest
11598,A,"Based on the information provided, I would recommend Option B - Hyatt Grand"
11599,B,Option A
11600,A,B
11601,B,A
11602,B,Option A
11603,B,Option A
11604,B,Option A
11605,A,B
11606,B,A
11607,B,A
11608,B,Option A would be a better choice if you prioritize higher guest review scores
11609,A,B
11610,B,Option A would be a better choice for most travelers due to its lower price
11611,B,Option A
11612,B,Option A would be a better choice if you prefer to stay in the Lower East
11613,B,"Option A would be a better choice for those looking to save money, as it"
11614,B,Option A would be a better choice for most travelers due to its lower price
11615,B,"Option A is a better choice if you prefer to stay in Rockaway Beach,"
11616,A,B
11617,A,Option B would be a better choice due to its higher guest review score and additional
11618,A,Option B would be a better choice for most travelers due to its higher star
11619,A,Option B would be a better choice due to its higher guest review score and additional
11620,B,Option A would be a more cost-effective choice for a one-night
11621,B,Option A
11622,A,B
11623,B,Option A
11624,A,"Based on the information provided, I would recommend choosing Option B - Hyatt"
11625,B,Option A would be a better choice if you prioritize location and guest review
11626,A,"Based on the information provided, I would recommend Option B - Hyatt Reg"
11627,B,Option A would be a better choice if you prioritize location and guest review
11628,A,B
11629,B,"Option A would be a more cost-effective choice, as it is significantly"
11630,B,"Option A would be a more cost-effective choice, but Option B offers"
11631,B,Option A
11632,A,B
11633,A,Option B would be a better choice for most travelers due to its higher star
11634,A,"Option B would be a better choice if budget is not an issue, as it"
11635,B,Option A would be a more suitable choice for most travelers due to its lower
11636,A,B
11637,B,Option A would be a better choice for most travelers due to its lower price
11638,B,Option A would be a better choice for those who value free cancellation and breakfast
11639,B,Option A would be a better choice for most travelers due to its lower price
11640,B,Option A would be a better choice for most travelers due to its lower price
11641,A,B
11642,B,"Option A would be a better choice if budget is not an issue, as it"
11643,A,B
11644,A,B
11645,A,"Based on the information provided, I would recommend Option B - Park Hyatt"
11646,B,Option A would be a more suitable choice for most travelers due to its lower
11647,B,Option A would be a more suitable choice for most travelers due to its lower
11648,A,B
11649,A,B
11650,A,B
11651,B,Option A would be a better choice if location and amenities are your primary concerns
11652,B,Option A
11653,A,B
11654,A,B
11655,B,Option A would be a better choice if you prioritize location and guest review
11656,A,B
11657,A,B
11658,B,Option A would be a more cost-effective choice for a one-night
11659,A,B
11660,A,B
11661,B,Option A would be a better choice for those who prioritize luxury and
11662,B,Option A would be a better choice if you are looking for a higher star rating
11663,B,Option A would be a better choice if you are looking for a luxurious
11664,B,Option A would be a better choice for those seeking luxury and high-quality
11665,B,Option A would be a better choice for most travelers due to its higher guest
11666,B,Option A would be a better choice due to its higher guest review score and additional
11667,B,Option A would be a better choice for those who prioritize location and guest
11668,B,Option A would be a better choice for your one-night stay in New York
11669,B,Option A would be a better choice for those who prioritize location and guest
11670,B,Option A would be a better choice for most travelers due to its higher guest
11671,B,Option A
11672,B,Option A would be a better choice if you prioritize location and guest review
11673,B,Option A would be a better choice for those who prioritize location and guest
11674,B,"Based on the information provided, I would recommend Option A - Even Hotel Brook"
11675,B,A
11676,B,Option A would be a better choice due to its higher guest review score and additional
11677,B,Option A would be a better choice if you prioritize location and guest review
11678,B,Option A would be a better choice for those who prioritize location and guest
11679,B,Option A would be a better choice if you prioritize location and guest review
11680,B,Option A would be a better choice if you prioritize location and guest review
11681,B,Option A would be a better choice for those who prioritize location and guest
11682,B,Option A
11683,B,Option A
11684,B,Option A
11685,B,Option A would be a better choice for those seeking luxury and high-end
11686,B,Option A would be a better choice for those seeking luxury and high-end
11687,B,A
11688,B,"Option A would be a better choice for those seeking luxury and comfort, while"
11689,B,Option A would be a better choice for those who prioritize location and guest
11690,B,Option A would be a better choice for those who prioritize location and guest
11691,B,Option A would be a better choice for most travelers due to its higher star
11692,B,Option A
11693,B,Option A
11694,B,"Option A would be a better choice for several reasons. First, it has a"
11695,B,Option A would be a better choice for most travelers due to its higher star
11696,A,B
11697,B,A
11698,A,"Based on the information provided, I would recommend Option B - The Local NY"
11699,B,"Option A would be a better choice if location is more important to you, as"
11700,B,Option A
11701,B,Option A would be a better choice if you are looking for a more luxur
11702,A,"Based on the information provided, I would recommend Option B - The Local NY"
11703,B,Option A would be a better choice if you are looking for more luxury and
11704,B,Option A would be a better choice if you are looking for more luxury and
11705,B,"Option A would be a better choice for those seeking luxury and convenience, while"
11706,B,A
11707,B,"Option A would be a better choice for those seeking luxury and convenience, while"
11708,B,A
11709,A,B
11710,A,B
11711,B,Option A
11712,B,Option A
11713,B,Option A would be a better choice if you prefer to stay in Times Square and
11714,A,B
11715,A,B
11716,A,B
11717,B,A
11718,B,A
11719,B,A
11720,B,Option A
11721,B,Option A would be a more cost-effective choice for a one-night
11722,B,Option A would be a more cost-effective choice for a one-night
11723,B,Option A would be a more cost-effective choice for a one-night
11724,B,Option A would be a more cost-effective choice for a one-night
11725,B,"Option A would be a more cost-effective choice, but Option B offers"
11726,B,Option A would be a more cost-effective choice for a one-night
11727,A,"Based on guest review scores and neighborhood, I would recommend Option B - The"
11728,B,Option A would be a better choice for most travelers due to its central location
11729,A,B
11730,B,Option A would be a better choice for most travelers due to its lower price
11731,A,B
11732,B,Option A
11733,B,Option A
11734,B,Option A would be a better choice for those who prefer to stay in the Me
11735,B,Option A would be a better choice if you prefer to stay in the Meat
11736,A,"Based on the information provided, Option B (The Standard East Village) seems"
11737,B,Option A
11738,B,Option A
11739,B,Option A
11740,B,Option A
11741,A,B
11742,B,Option A would be a better choice for those seeking luxury and top-not
11743,A,B
11744,B,A
11745,B,Option A
11746,B,Option A
11747,B,Option A
11748,B,Option A
11749,B,Option A
11750,B,Option A would be a more suitable choice for most travelers due to its lower
11751,B,Option A
11752,B,Option A would be a more suitable choice for most travelers due to its lower
11753,A,Option B would be a better choice due to its higher guest review score and additional
11754,B,"Option A would be a more cost-effective choice, as it is significantly"
11755,B,"Option A would be a more cost-effective choice, as it is significantly"
11756,A,"Option B would be a better choice as it offers more amenities, including breakfast"
11757,A,Option B would be a better choice for those who value free cancellation and additional
11758,B,Option A would be a more suitable choice for most travelers due to its lower
11759,A,B
11760,A,"Option B would be a better choice for those who value higher star ratings, more"
11761,A,B
11762,A,B
11763,A,Option B would be a better choice for those looking for more amenities and a
11764,B,Option A would be a more suitable choice for most travelers due to its lower
11765,B,Option A would be a more suitable choice for most travelers due to its lower
11766,B,Option A
11767,B,Option A would be a better choice for most travelers due to its lower price
11768,B,Option A would be a more suitable choice for most travelers due to its significantly
11769,A,"Option B would be a better choice if budget is not an issue, as it"
11770,B,Option A would be a more suitable choice for most travelers due to its afford
11771,A,B
11772,A,B
11773,A,B
11774,A,B
11775,A,B
11776,A,"Option B would be a better choice for those who value amenities, free can"
11777,A,Option B would be a better choice for those who value additional amenities and are
11778,B,"Option A would be a more cost-effective choice, but Option B offers"
11779,B,Option A would be a more cost-effective choice for a one-night
11780,A,B
11781,A,B
11782,A,B
11783,B,"Based on the information provided, I would recommend Option A - New York Mar"
11784,B,Option A would be a better choice if you prefer to stay in the Finan
11785,A,B
11786,B,Option A
11787,A,B
11788,B,Option A
11789,A,"Option B would be a better choice for those who prioritize location, guest"
11790,B,Option A is a better choice due to its lower price and free cancellation policy
11791,A,B
11792,A,B
11793,B,Option A
11794,A,B
11795,B,Option A would be a better choice for most travelers due to its lower price
11796,B,Option A would be a better choice for most travelers due to its lower price
11797,B,Option A would be a better choice for most travelers due to its lower price
11798,B,Option A would be a better choice for most travelers due to its lower price
11799,B,Option A would be a more cost-effective choice for a one-night
11800,B,Option A would be a better choice for most travelers due to its lower price
11801,B,"Based on the information provided and considering factors such as star rating, guest review"
11802,A,Option C would be a good choice if free cancellation is important to you and
11803,A,"I would recommend Option C - The Pierre, A Taj Hotel. It has"
11804,A,"I would recommend Option C - The Pierre, A Taj Hotel. It has"
11805,B,"Based on the information provided and considering factors such as star rating, guest review"
11806,B,"Based on the information provided and considering factors such as star rating, guest review"
11807,C,Option A
11808,B,Option B
11809,A,I would recommend choosing Option C - Fairfield Inn & Suites New York Manh
11810,B,I would recommend Option B - W New York - Times Square. Although it is
11811,A,I would recommend Option C - Fairfield Inn & Suites New York Manhattan
11812,C,Option A
11813,B,"Based on the information provided, I would recommend Option B - The Greenwich"
11814,B,B
11815,C,Option A
11816,C,Option A
11817,B,"Based on the information provided, I would recommend Option B - The Greenwich"
11818,C,Option A
11819,C,I would recommend Option A - Holiday Inn Express Manhattan Midtown West.
11820,B,"Based on the information provided, I would recommend Option B - Public Hotel."
11821,B,"Based on the information provided, I would recommend Option B - Public Hotel."
11822,B,"Based on the information provided, I would recommend Option B - Public Hotel."
11823,C,Option A
11824,B,"Based on the information provided, I would recommend Option B - Public Hotel."
11825,C,Option A seems to be a good balance between price and amenities while also being
11826,A,I would recommend choosing Option C - New Yorker by Lotte Hotels.
11827,B,"Based on the information provided, I would recommend Option B - The Greenwich"
11828,C,Option A
11829,B,"Based on the information provided and considering factors such as star rating, guest review"
11830,C,Option A
11831,C,I would recommend Option A - Loews Regency Hotel New York for its
11832,B,"Based on the information provided and considering factors such as star rating, guest review"
11833,C,Option A would be my recommendation for a one-night stay in New York City
11834,B,"Based on the information provided and considering factors such as star rating, guest review"
11835,C,Option A would be a great choice if you're looking for luxury and
11836,C,Option A would be my recommendation for a one-night stay in New York City
11837,B,"Based on the information provided and considering factors such as star rating, guest review"
11838,C,Option A would be my recommendation for a one-night stay in New York City
11839,C,Option A would be my recommendation for a one-night stay in New York City
11840,C,Option A would be my recommendation for a one-night stay in New York City
11841,B,"Based on the information provided and considering factors such as star rating, guest review"
11842,B,"Based on the information provided and considering factors such as star rating, guest review"
11843,C,Option A would be my recommendation for a one-night stay in New York City
11844,B,"Based on the information provided and considering factors such as star rating, guest review"
11845,C,I would recommend choosing Option A - Hotel: Park Hyatt New York. It
11846,B,"Based on the information provided and considering factors such as star rating, guest review"
11847,B,"Based on the information provided and considering factors such as star rating, guest review"
11848,C,I would recommend Option A - Hotel: Park Hyatt New York. It has
11849,B,I would recommend Option B - The Greenwich Hotel. Although it is more expensive
11850,C,Option A would be a more cost-effective choice while still providing good amen
11851,B,Option B would be a great choice for your stay in New York City. It
11852,C,Option A
11853,B,I would recommend Option B - The Greenwich Hotel. Although it is more expensive
11854,B,I would recommend Option B - The Greenwich Hotel. It has a higher star
11855,C,Option A
11856,B,Option B
11857,C,Option A seems to be a good balance of price and amenities for your one
11858,C,Option A
11859,B,Option B would be a great choice if budget is not an issue as it offers
11860,C,Option A
11861,C,I would recommend Option A - AC Hotel New York Downtown. It has
11862,B,"Based on the information provided, I would recommend Option B - EVEN"
11863,B,"Based on the information provided, I would recommend Option B - EVEN"
11864,C,Option A
11865,C,I would recommend Option A - AC Hotel New York Downtown. It has
11866,C,Option A seems to be a good balance between price and amenities. It has
11867,C,Option A seems to be a good balance between price and amenities for your one
11868,A,Option C
11869,C,I would recommend Option A - The Renwick Hotel in Midtown East. It
11870,B,"Based on the information provided and considering factors such as star rating, guest review"
11871,A,I would recommend Option C - Equinox Hotel New York. It has a
11872,B,Option B is a good balance between price and amenities. It's in
11873,C,I would recommend Option A - The Marlton Hotel in Greenwich Village for
11874,B,I would recommend Option B - W New York - Union Square. It has a
11875,A,I would recommend Option C - Hampton Inn Manhattan-SoHo.
11876,C,Option A seems to be a good balance between price and amenities while also being
11877,C,I would recommend Option A - The Marlton Hotel in Greenwich Village for
11878,C,I would recommend Option A - The Marlton Hotel in Greenwich Village for
11879,B,"Based on the information provided and considering factors such as star rating, guest review"
11880,B,B
11881,B,Option B would be a great choice if budget is not an issue as it offers
11882,B,Option B would be a great choice if budget is not an issue as it offers
11883,B,"Based on the information provided and considering factors such as star rating, guest review"
11884,B,Option B would be a great choice if budget is not an issue as it offers
11885,A,I would recommend Option C - Courtyard by Marriott Manhattan/
11886,B,Option B would be a great choice if budget is not an issue as it offers
11887,B,I would recommend Option B - The Plaza. Although it is more expensive than
11888,B,I would recommend Option B - The Plaza. Although it is more expensive than
11889,B,"Based on the information provided, I would recommend Option B - The Plaza"
11890,B,I would recommend Option B - The Plaza. Although it is more expensive than
11891,A,Option C would be a good choice as it offers a balance between price and amen
11892,C,"Based on the information provided and considering a balance between cost and amenities,"
11893,C,Option A would be a good choice if you're looking for an affordable
11894,B,I would recommend Option B - The Fifth Avenue Hotel in NoMad neighborhood.
11895,C,Option A would be a good choice if you are looking for an affordable stay
11896,C,Option A would be a good choice if you're looking for an affordable
11897,C,I would recommend Option A - Hampton Inn Manhattan/Times Square South.
11898,C,Option A
11899,B,"Based on the information provided, I would recommend Option B - Ink"
11900,C,Option A
11901,C,Option A
11902,C,Option A
11903,B,"Based on the information provided and considering factors such as location, guest review score"
11904,C,I would recommend Option A - Hotel: Freehand New York. It has a
11905,C,I would recommend Option A - Hotel: Freehand New York. It has a
11906,A,I would recommend Option C - Pod 51. It has a higher guest
11907,C,I would recommend Option A - Hotel: Freehand New York. It has a
11908,C,I would recommend Option A - Hotel: Freehand New York. It has a
11909,A,I would recommend Option C - Casablanca Hotel by Library Hotel Collection.
11910,A,C
11911,A,I would recommend Option C - Casablanca Hotel by Library Hotel Collection.
11912,B,"Based on the information provided and considering factors such as star rating, guest review"
11913,A,Option C would be a great choice if you value high guest review scores and included
11914,B,"Based on the information provided and considering factors such as star rating, guest review"
11915,B,"Based on the information provided and considering factors such as price, guest review score"
11916,B,Option B seems to offer a good balance of price and amenities while also providing
11917,B,"Based on the information provided and considering factors such as price, amenities,"
11918,C,Option A seems to be a good choice as it offers free cancellation and has
11919,B,"Based on the information provided, I would recommend Option B - Nine Or"
11920,B,"Based on price and free cancellation policy, I would recommend Option B -"
11921,B,"Based on the information provided and considering factors such as star rating, guest review"
11922,C,Option A
11923,B,"Based on the information provided, I would recommend Option B - Motto by"
11924,C,"Option A seems to offer a good balance of quality (4-star rating),"
11925,B,"Based on the information provided, I would recommend Option B - Motto by"
11926,B,"Based on the information provided and considering factors such as star rating, guest review"
11927,B,Option B would be a great choice if budget is not an issue as it offers
11928,C,Option A
11929,B,Option B would be a great choice if budget is not an issue as it offers
11930,B,Option B would be a great choice if budget is not an issue as it offers
11931,B,Option B would be a great choice if budget is not an issue and you are
11932,C,Based on the information provided and considering a balance between quality of stay (star
11933,B,"Based on the information provided and considering factors such as star rating, guest review"
11934,B,"Based on the information provided and considering factors such as star rating, guest review"
11935,C,I would recommend Option A - Loews Regency Hotel New York for its
11936,B,"Based on the information provided and considering factors such as star rating, guest review"
11937,C,Option A would be my recommendation for a one-night stay in New York City
11938,B,"Based on the information provided and considering factors such as star rating, guest review"
11939,A,C
11940,A,C
11941,A,C
11942,A,C
11943,A,I would recommend Option C - The Pearl Hotel New York. It offers a
11944,A,C
11945,B,"Based on the information provided and considering factors such as star rating, guest review"
11946,C,Option A would be my recommendation for a one-night stay in New York City
11947,C,I would recommend choosing Option A - Hotel Sofitel New York. It has a
11948,B,"Based on the information provided and considering factors such as star rating, guest review"
11949,C,I would recommend Option A - Sofitel New York. It has a high guest
11950,B,"Based on the information provided and considering factors such as star rating, guest review"
11951,A,I would recommend Option C - Hyatt Centric Midtown 5th Avenue
11952,B,"Based on the information provided, I would recommend Option B - The Ludlow"
11953,B,"Based on the information provided, I would recommend Option B - The Ludlow"
11954,B,"Based on the information provided, I would recommend Option B - The Ludlow"
11955,A,I would recommend Option C - Hyatt Centric Midtown 5th Avenue
11956,A,I would recommend Option C - Hyatt Centric Midtown 5th Avenue
11957,B,"Based on the information provided, I would recommend Option B - The Dominick"
11958,B,Option B would be a great choice if budget is not an issue and you are
11959,B,"Based on the information provided, I would recommend Option B - The Dominick"
11960,B,Option B is a great choice if budget isn't an issue and you are
11961,B,"Based on the information provided and considering factors such as star rating, guest review"
11962,B,"Based on the information provided, I would recommend Option B - The Dominick"
11963,B,"Based on the information provided, I would recommend Option B - Hilton Garden"
11964,C,I would recommend Option A - Hotel Tempo by Hilton New York Times Square
11965,B,I would recommend Option B - Hilton Garden Inn New York/Central Park
11966,A,I would recommend Option C - Moxy NYC Lower East Side. It
11967,A,I would recommend Option C - Moxy NYC Lower East Side. It
11968,B,Option B seems to be a good balance between price and amenities. It offers
11969,C,Option A would be my recommendation for a one-night stay in New York City
11970,C,I would recommend choosing Option A - Hotel: Park Hyatt New York. It
11971,C,Option A would be my recommendation for a one-night stay in New York City
11972,C,I would recommend choosing Option A - Hotel: Park Hyatt New York. It
11973,C,Option A
11974,C,I would recommend choosing Option A - Hotel: Park Hyatt New York. It
11975,C,Option A seems to be a good balance between price and amenities while also offering
11976,C,Option A seems to be a good balance between price and amenities while also offering
11977,C,I would recommend Option A - Hyatt Centric Wall Street New York for its
11978,C,Option A seems to be a good balance between price and amenities for your one
11979,B,Option B is a good balance between price and amenities. It offers free breakfast
11980,A,I would recommend Option C - The Fifth Avenue Hotel in NoMad neighborhood for
11981,A,C
11982,B,"Based on the information provided and considering factors such as star rating, guest review"
11983,C,Option A
11984,B,Option B
11985,A,I would recommend Option C - citizenM New York Times Square. It has
11986,A,C
11987,C,Option A
11988,C,Option A would be a good choice if you prefer to stay in TriBeCa
11989,C,Option A
11990,C,Option A
11991,A,C
11992,C,I would recommend Option A - Sheraton Tribeca New York Hotel. It has
11993,B,"Based on the information provided and considering factors such as star rating, guest review"
11994,A,I would recommend Option C - NobleDEN Hotel. It offers a higher
11995,A,C
11996,A,C
11997,B,"Based on the information provided, I would recommend Option B - Virgin Hotels"
11998,B,"Based on the information provided and considering factors such as star rating, guest review"
11999,C,"I would recommend Option A - Hotel Henry Norman in Greenpoint, Brooklyn."
12000,C,"I would recommend Option A - Hotel Henry Norman in Greenpoint, Brooklyn."
12001,C,Option A
12002,C,Option A
12003,C,"I would recommend Option A - Henry Norman Hotel in Greenpoint, Brooklyn for"
12004,C,"I would recommend Option A - Hotel Henry Norman in Greenpoint, Brooklyn."
12005,B,"Based on the information provided and considering factors such as star rating, guest review"
12006,C,Option A would be my recommendation for a one-night stay in New York City
12007,C,Option A
12008,B,"Based on the information provided, I would recommend Option B - The Beek"
12009,B,"I would recommend Option B - The Beekman, A Thompson Hotel. It"
12010,C,I would recommend Option A - The Mercer in SoHo neighborhood for its
12011,B,"Based on guest review scores and price per night, I would recommend Option B"
12012,C,Option A would be a good choice if you prioritize location and free can
12013,B,"Based on guest review scores and price per night, I would recommend Option B"
12014,B,I would recommend Option B - Kimpton Hotel Eventi in Chelsea neighborhood
12015,B,"Based on guest review scores and price considerations, I would recommend Option B"
12016,B,"Based on guest review scores and price per night, I would recommend Option B"
12017,B,B
12018,B,"Based on the information provided, I would recommend Option B - New Yorker"
12019,C,I would recommend Option A - LUMA Hotel Times Square. It has a
12020,C,I would recommend Option A - LUMA Hotel Times Square. It has a
12021,B,"Based on the information provided, I would recommend Option B - New Yorker"
12022,C,Option A
12023,A,I would recommend Option C - Hotel: CIVILIAN Hotel. It
12024,B,I would recommend Option B - The Fifth Avenue Hotel. Despite being more expensive
12025,A,I would recommend Option C - Hotel: CIVILIAN Hotel. It
12026,B,"Based on the information provided and considering factors such as star rating, guest review"
12027,B,"Based on the information provided and considering factors such as star rating, guest review"
12028,A,I would recommend Option C - Hotel: CIVILIAN Hotel. It
12029,C,"I would recommend Option A - The Ritz-Carlton New York,"
12030,B,"Based on the information provided and considering factors such as star rating, guest review"
12031,B,"Based on the information provided and considering factors such as star rating, guest review"
12032,B,"Based on the information provided and considering factors such as star rating, guest review"
12033,B,"Based on the information provided and considering factors such as star rating, guest review"
12034,B,"Based on the information provided and considering factors such as star rating, guest review"
12035,A,I would recommend Option C (citizenM New York Times Square) as it
12036,A,C
12037,A,C
12038,A,I would recommend Option C - citizenM New York Times Square. It has
12039,A,I would recommend Option C - citizenM New York Times Square. It has
12040,B,"Based on the information provided, I would recommend Option B - Hard Rock Hotel"
12041,A,I would recommend Option C - New Yorker by Lotte Hotels. It
12042,B,"Based on the information provided and considering factors such as star rating, guest review"
12043,C,Option A would be a more budget-friendly choice while still offering free Wi
12044,A,I would recommend Option C (New Yorker by Lotte Hotels) for
12045,B,Option B
12046,C,Option A would be a more budget-friendly choice while still offering free Wi
12047,C,Option A
12048,B,"Based on the information provided and considering factors such as star rating, guest review"
12049,B,"Based on the information provided and considering factors such as star rating, guest review"
12050,C,Option A seems to be a good balance between price and amenities for your one
12051,B,"Based on the information provided and considering factors such as star rating, guest review"
12052,C,I would recommend Option A - Walker Hotel Tribeca. It has a higher star
12053,C,"I would recommend Option A - The Lexington Hotel, Autograph Collection. It"
12054,B,"Based on the information provided and considering factors such as star rating, guest review"
12055,B,"Based on the information provided and considering factors such as star rating, guest review"
12056,C,Option A would be a good choice if you prioritize location and guest review
12057,B,"Based on the information provided, I would recommend Option B - Sheraton Trib"
12058,C,Option A would be a good choice if you prioritize location and guest review
12059,C,I would recommend Option A - The Marlton Hotel in Greenwich Village for
12060,C,I would recommend Option A - The Marlton Hotel in Greenwich Village for
12061,C,I would recommend Option A - The Marlton Hotel in Greenwich Village for
12062,C,I would recommend Option A - The Marlton Hotel in Greenwich Village for
12063,C,Option A seems to be a good balance between price and guest review score while offering
12064,C,I would recommend Option A - The Marlton Hotel in Greenwich Village for
12065,C,Option A would be a good choice if you are looking for a higher star rating
12066,B,Option B is a great choice for its excellent guest review score and affordable price
12067,B,Option B is a good choice as it offers free cancellation and has a higher
12068,B,"Based on the information provided, Option B seems to be a good choice as"
12069,B,"Based on the information provided and considering factors such as star rating, guest review"
12070,B,"Based on the information provided and considering factors such as star rating, guest review"
12071,B,I would recommend Option B - Embassy Suites Manhattan Times Square.
12072,B,"Based on the information provided, I would recommend Option B - Embassy"
12073,B,Option B would be a good choice if you're looking for more amenities
12074,B,Option B would be a good choice as it offers more amenities and has a
12075,B,"Based on the information provided, I would recommend Option B - Embassy"
12076,B,I would recommend Option B - Embassy Suites Manhattan Times Square.
12077,B,Option B
12078,B,"Based on the information provided, I would recommend Option B - citizenM"
12079,B,"Based on the information provided, I would recommend Option B - citizenM"
12080,B,"Based on the information provided, I would recommend Option B - citizenM"
12081,B,"Based on the information provided, I would recommend Option B - citizenM"
12082,C,Option A
12083,C,I would recommend Option A - Hyatt Centric Wall Street New York for its
12084,C,Option A
12085,C,I would recommend Option A - Hyatt Centric Wall Street New York. It
12086,C,I would recommend Option A - Hyatt Centric Wall Street New York. It
12087,A,I would recommend Option C - Hilton Garden Inn New York/West 3
12088,C,I would recommend choosing Option A - Hyatt Centric Wall Street New York.
12089,B,"Based on the information provided and considering factors such as star rating, guest review"
12090,C,"Based on the information provided, I would recommend Option A - Conrad New"
12091,C,Option A would be my recommendation for a one-night stay in New York City
12092,A,C
12093,C,Option A would be a great choice if you're looking for luxury and
12094,C,Option A would be my recommendation for a one-night stay in New York City
12095,B,I would recommend Option B - Hard Rock Hotel New York. It has a higher
12096,B,I would recommend Option B - Hard Rock Hotel New York. Although it is more
12097,B,Option B
12098,A,I would recommend Option C - Aloft New York Chelsea. It has
12099,B,I would recommend Option B - Hard Rock Hotel New York. It has a higher
12100,B,I would recommend Option B - Hard Rock Hotel New York. Although it is more
12101,B,Option B would be a great choice if budget is not an issue as it offers
12102,B,"Based on the information provided and considering factors such as star rating, guest review"
12103,B,"Based on the information provided and considering factors such as star rating, guest review"
12104,B,"Based on the information provided and considering factors such as star rating, guest review"
12105,B,Option B would be a great choice if budget is not an issue as it offers
12106,C,Based on the information provided and considering a balance between quality of stay (star
12107,B,"Based on the information provided, I would recommend Option B - The Whitby"
12108,B,Option B would be a great choice if budget is not an issue as it offers
12109,B,Option B would be a great choice if budget is not an issue as it offers
12110,B,"Based on the information provided, I would recommend Option B - The Whitby"
12111,B,"Based on the information provided and considering factors such as star rating, guest review"
12112,B,"Based on the information provided, I would recommend Option B - The Whitby"
12113,B,"Based on the information provided and considering factors such as star rating, guest review"
12114,B,"Based on the information provided and considering factors such as star rating, guest review"
12115,C,I would recommend Option A - The Fifth Avenue Hotel. It has a higher
12116,B,"Based on the information provided and considering factors such as star rating, guest review"
12117,C,Option A would be my recommendation for a one-night stay in New York City
12118,B,"Based on the information provided and considering factors such as star rating, guest review"
12119,A,I would recommend Option C (voco Times Square South) as it offers a
12120,B,"Based on guest review scores and included amenities, I would recommend Option B"
12121,B,"Based on the information provided, I would recommend Option B - Courtyard"
12122,A,I would recommend Option C - voco Times Square South. It has a higher
12123,A,I would recommend Option C - voco Times Square South. It has a higher
12124,B,Option B
12125,C,Option A seems to be a good balance between price and amenities while also offering
12126,B,"Based on the information provided and considering factors such as star rating, guest review"
12127,C,Option A would be a more cost-effective choice for a one-night
12128,B,"I would recommend Option B - The Pierre, A Taj Hotel. Although it"
12129,A,I would recommend Option C - Hyatt Centric Times Square New York. It
12130,B,Option B would be a great choice if budget is not an issue as it offers
12131,C,I would recommend Option A - Sheraton Brooklyn New York Hotel. It has
12132,A,I would recommend Option C - Hampton Inn Manhattan Times Square Central. It
12133,A,I would recommend Option C - Hampton Inn Manhattan Times Square Central. It
12134,A,I would recommend Option C (Hampton Inn Manhattan Times Square Central)
12135,A,I would recommend Option C - Hampton Inn Manhattan Times Square Central. It
12136,A,I would recommend Option C - Hampton Inn Manhattan Times Square Central. It
12137,C,Option A seems to be a good balance between price and amenities while also offering
12138,B,Option B is a more cost-effective choice for a one-night stay
12139,B,"Based on the information provided and considering factors such as star rating, guest review"
12140,B,"Based on the information provided and considering factors such as star rating, guest review"
12141,B,"Based on the information provided and considering factors such as star rating, guest review"
12142,B,Option B is a great choice if you're looking for an affordable stay
12143,B,I would recommend Option B - Kimpton Muse Hotel in Times Square. Although it
12144,B,I would recommend Option B - Kimpton Muse Hotel in Times Square for its higher
12145,B,"Based on the information provided and considering factors such as star rating, guest review"
12146,B,I would recommend Option B - Kimpton Muse Hotel in Times Square. Although it
12147,B,"Based on guest review scores and price per night, I would recommend Option B"
12148,B,I would recommend Option B - Kimpton Muse Hotel in Times Square. It has
12149,B,"Based on the information provided, I would recommend Option B - Conrad New"
12150,B,"Based on the information provided, I would recommend Option B - Conrad New"
12151,B,B
12152,B,"Based on the information provided, I would recommend Option B - Conrad New"
12153,B,"Based on the information provided, I would recommend Option B - Conrad New"
12154,B,B
12155,B,"Based on the information provided, I would recommend Option B - Hotel Hugo in"
12156,C,Option A would be a great choice if you're looking for a comfortable stay
12157,B,"Based on the information provided, I would recommend Option B - Hotel Hugo in"
12158,B,"Based on the information provided, I would recommend Option B - Hotel Hugo."
12159,B,"Based on the information provided and considering factors such as star rating, guest review"
12160,B,"Based on the information provided and considering factors such as star rating, neighborhood,"
12161,C,"Based on the information provided, I would recommend Option A - The Langham"
12162,C,Option A would be my recommendation for a one-night stay in New York City
12163,C,I would recommend Option A - The Langham New York Fifth Avenue. It
12164,B,"Based on the information provided and considering factors such as star rating, guest review"
12165,C,Option A would be my recommendation for a one-night stay in New York City
12166,C,Option A would be my recommendation for a one-night stay in New York City
12167,C,Option A seems to be a good balance between price and amenities. It has
12168,B,"Based on the information provided and considering factors such as star rating, guest review"
12169,B,"Based on the information provided and considering factors such as star rating, guest review"
12170,C,I would recommend Option A - The Ludlow Hotel. It has a higher guest
12171,B,"Based on the information provided and considering factors such as star rating, guest review"
12172,B,"Based on the information provided and considering factors such as star rating, guest review"
12173,C,I would recommend Option A - The Hoxton Williamsburg. It has a
12174,B,"Based on the information provided and considering factors such as location, guest review score"
12175,C,Option A
12176,C,I would recommend Option A - The Hoxton Williamsburg. It has a
12177,C,Option A
12178,C,Option A
12179,C,Option A would be my recommendation for a one-night stay in New York City
12180,C,Option A would be my recommendation for a one-night stay in New York City
12181,C,Option A
12182,C,Option A
12183,C,"I would recommend Option A - The Ritz-Carlton New York,"
12184,B,"Based on the information provided and considering factors such as star rating, guest review"
12185,A,Option C
12186,C,I would recommend Option A - Hotel Conrad New York Downtown. It
12187,C,I would recommend Option A - Hotel Conrad New York Downtown. It
12188,C,I would recommend Option A - Conrad New York Downtown. It has
12189,C,I would recommend Option A - Conrad New York Downtown. It has
12190,B,"Based on the information provided and considering factors such as star rating, guest review"
12191,B,Option B would be a great choice if budget is not an issue and you are
12192,C,Option A would be a good choice if you're looking for a balance between
12193,B,Option B would be a great choice if budget is not an issue and you are
12194,B,"Based on the information provided and considering factors such as star rating, guest review"
12195,C,Option A would be a good choice if you're looking for a balance between
12196,B,"Based on the information provided and considering factors such as star rating, guest review"
12197,B,"Based on the information provided and considering factors such as location, guest review score"
12198,C,Option A
12199,B,"Based on the information provided, I would recommend Option B - DoubleTree by"
12200,B,"Based on the information provided and considering factors such as star rating, guest review"
12201,C,I would recommend Option A - Hyatt Regency Times Square. It has a
12202,B,"Based on the information provided, I would recommend Option B - DoubleTree by"
12203,C,I would recommend Option A - New York Marriott Downtown. It
12204,B,I would recommend Option B - The James New York NoMad. Although it is
12205,B,"Based on the information provided, I would recommend Option B - The James New"
12206,C,I would recommend choosing Option A - New York Marriott Downtown.
12207,B,"Based on the information provided, I would recommend Option B - The James New"
12208,C,I would recommend Option A - New York Marriott Downtown. It
12209,C,Option A
12210,C,I would recommend Option A - Hotel Holiday Inn Express Manhattan Times Square.
12211,B,"Based on the information provided and considering factors such as location, guest review score"
12212,C,Option A seems to be a good balance between price and amenities for your one
12213,A,I would recommend choosing Option C - The New York EDITION. Although it is
12214,A,I would recommend Option C - The New York EDITION. Despite being more expensive
12215,C,Option A would be my recommendation for a one-night stay in New York City
12216,C,I would recommend Option A - The Peninsula New York for a one-
12217,C,I would recommend Option A - The Peninsula New York for a one-
12218,C,I would recommend Option A - The Peninsula New York for a one-
12219,C,I would recommend Option A - The Peninsula New York for a one-
12220,C,I would recommend Option A - The Peninsula New York for a one-
12221,A,I would recommend Option C - Kimpton Hotel Eventi in Chelsea neighborhood
12222,C,Option A would be a more cost-effective choice for a one-night
12223,B,"Based on the information provided and considering factors such as star rating, guest review"
12224,A,I would recommend Option C - Kimpton Hotel Eventi in Chelsea neighborhood
12225,C,Option A would be a more cost-effective choice for a one-night
12226,B,Option B would be a good choice as it offers free cancellation and is located
12227,B,Option B would be a great choice if budget is not an issue as it offers
12228,B,Option B would be a great choice for your stay in New York City. It
12229,B,Option B would be a great choice if budget is not an issue as it offers
12230,A,C
12231,B,Option B would be a great choice if budget is not an issue and you prefer
12232,B,"I would recommend Option B - The Pierre, A Taj Hotel. Despite being"
12233,C,I would recommend Option A - Fairfield Inn & Suites New York Manhattan
12234,C,Option A seems to be a good balance between price and amenities while also being
12235,B,I would recommend Option B - DoubleTree by Hilton New York Times Square West
12236,C,Option A
12237,C,"Based on the information provided, I would recommend Option A - Fairfield Inn"
12238,B,I would recommend choosing Option B - DoubleTree by Hilton New York Times Square
12239,B,"Based on the information provided and considering factors such as star rating, guest review"
12240,B,"Based on the information provided and considering factors such as star rating, guest review"
12241,C,Option A
12242,A,I would recommend Option C - citizenM New York Bowery. It offers
12243,B,"Based on the information provided and considering factors such as star rating, guest review"
12244,B,"Based on the information provided and considering factors such as star rating, guest review"
12245,B,"Based on the information provided and considering factors such as star rating, guest review"
12246,B,"Based on the information provided and considering factors such as star rating, guest review"
12247,B,Option B would be a good choice as it offers a balance between quality and price
12248,B,"Based on the information provided and considering factors such as star rating, guest review"
12249,C,Option A would be my recommendation for a one-night stay in New York City
12250,B,"Based on the information provided and considering factors such as star rating, guest review"
12251,B,"Based on the information provided, I would recommend Option B - Sofitel New"
12252,B,"Based on the information provided, I would recommend Option B - Sofitel New"
12253,B,"Based on the information provided, I would recommend Option B - Sofitel New"
12254,B,"Based on the information provided, I would recommend Option B - Sofitel New"
12255,B,"Based on the information provided, I would recommend Option B - Sofitel New"
12256,B,"Based on the information provided, I would recommend Option B - Sofitel New"
12257,C,I would recommend choosing Option A - Hotel: Hyatt Regency Times Square.
12258,A,C
12259,C,I would recommend choosing Option A - Hyatt Regency Times Square. It has
12260,A,I would recommend choosing Option C (DoubleTree by Hilton New York Times Square
12261,C,I would recommend Option A - Hyatt Regency Times Square. It has a
12262,C,I would recommend choosing Option A - Hyatt Regency Times Square. It has
12263,A,I would recommend Option C - Hampton Inn Manhattan Times Square Central. It
12264,B,I would recommend Option B - The Fifth Avenue Hotel. Despite being more expensive
12265,B,Option B would be a great choice if budget is not an issue as it offers
12266,C,Option A would be a good choice if you are looking for an affordable stay
12267,B,Option B would be a great choice if budget is not an issue as it offers
12268,A,C
12269,B,I would recommend Option B - CIVILIAN Hotel. Although it is
12270,B,I would recommend Option B - CIVILIAN Hotel. Although it is
12271,B,I would recommend Option B - CIVILIAN Hotel. Although it is
12272,B,I would recommend Option B - Hotel: CIVILIAN Hotel. Although
12273,B,I would recommend Option B - CIVILIAN Hotel. It has a
12274,C,I would recommend Option A - Holiday Inn Express Manhattan Midtown West.
12275,C,Option A would be a good choice if you prioritize location and amenities
12276,B,"Based on the information provided and considering factors such as star rating, guest review"
12277,B,"Based on the information provided, I would recommend Option B - Freehand New"
12278,B,"Based on the information provided, I would recommend Option B - Hotel: Free"
12279,B,"Based on the information provided, I would recommend Option B - Freehand New"
12280,C,Option A would be a good choice if you prioritize location and amenities
12281,B,"Based on the information provided, I would recommend Option B - Hampton Inn"
12282,A,C
12283,A,"Based on the information provided, I would recommend Option C - Virgin Hotels"
12284,B,"Based on the information provided, I would recommend Option B - Hampton Inn"
12285,A,I would recommend Option C - Virgin Hotels New York City. It has a
12286,A,I would recommend Option C - Virgin Hotels New York City. It has a
12287,B,"Based on the information provided and considering factors such as star rating, guest review"
12288,C,I would recommend Option A - The Westin New York at Times Square. It
12289,C,Option A would be a good choice if you prioritize location and amenities
12290,B,"Based on the information provided, I would recommend Option B - W New York"
12291,C,I would recommend Option A - The Westin New York at Times Square. It
12292,B,"Based on the information provided, I would recommend Option B - W New York"
12293,B,Option B is a good choice as it offers free cancellation and has a higher
12294,B,I would recommend Option B (AC Hotel New York Downtown) as it
12295,B,Option B
12296,A,"Based on the information provided, I would recommend Option C (Kimpton"
12297,B,Option B
12298,A,I would recommend Option C - Kimpton Muse Hotel. It has a higher guest
12299,C,I would recommend Option A - Residence Inn New York Downtown Manhattan
12300,B,"Based on the information provided, I would recommend Option B - CIVI"
12301,C,I would recommend Option A - Residence Inn New York Downtown Manhattan
12302,B,"Based on the information provided, I would recommend Option B - CIVI"
12303,B,"Based on the information provided, I would recommend Option B - CIVI"
12304,B,I would recommend Option B - Hotel: CIVILIAN Hotel. Although
12305,B,"Based on the information provided, I would recommend Option B - InterContinental"
12306,B,Option B
12307,B,I would recommend Option B - InterContinental New York Times Square. Although it
12308,B,Option B would be a great choice if budget is not an issue as it offers
12309,B,Option B
12310,B,"Based on the information provided and considering factors such as star rating, guest review"
12311,A,I would recommend Option C - Nine Orchard. It has a higher
12312,B,Option B is a good balance between price and amenities. It offers free breakfast
12313,A,I would recommend Option C - Nine Orchard. It has a higher
12314,B,Option B
12315,A,"Based on the information provided, I would recommend Option C (Nine Or"
12316,A,I would recommend Option C - Nine Orchard. Despite being slightly more
12317,C,I would recommend Option A - The Marlton Hotel in Greenwich Village for
12318,C,Option A
12319,C,Option A
12320,B,"Based on the information provided and considering factors such as star rating, guest review"
12321,C,I would recommend Option A - The Marlton Hotel in Greenwich Village.
12322,C,Option A
12323,C,Option A would be my recommendation for a one-night stay in New York City
12324,C,Option A
12325,C,Option A would be my recommendation for a one-night stay in New York City
12326,C,"I would recommend Option A - The Carlyle, as it offers a higher"
12327,B,"Based on the information provided and considering factors such as star rating, guest review"
12328,C,Option A would be my recommendation for a one-night stay in New York City
12329,C,I would recommend Option A - Hyatt House New York/Chelsea.
12330,C,"Based on the information provided, I would recommend Option A - Hyatt House"
12331,C,I would recommend Option A - Hyatt House New York/Chelsea.
12332,C,I would recommend Option A - Hyatt House New York/Chelsea.
12333,C,I would recommend Option A - Hyatt House New York/Chelsea.
12334,C,"Based on the information provided, I would recommend Option A - Hyatt House"
12335,B,Option B would be a good choice if you're looking for more amenities
12336,C,Option A would be a good choice if you're looking for a more afford
12337,B,Option B is a better choice for your one-night stay in New York City
12338,B,Option B would be a good choice if budget is not an issue and you prefer
12339,C,Option A
12340,C,"I would recommend Option A - The Boro Hotel in Long Island City, Queens"
12341,C,Option A
12342,B,I would recommend Option B - Hard Rock Hotel New York. It has a higher
12343,B,I would recommend Option B - Hard Rock Hotel New York. It has a higher
12344,B,I would recommend Option B - Hard Rock Hotel New York. Although it is more
12345,A,C
12346,B,I would recommend Option B - Hard Rock Hotel New York. Although it is more
12347,C,Option A
12348,C,I would recommend Option A - Hampton Inn Manhattan/Times Square South.
12349,C,I would recommend Option A - Hampton Inn Manhattan/Times Square South.
12350,C,Option A
12351,C,Option A
12352,B,"Based on the information provided and considering factors such as location, guest review score"
12353,B,"Based on the information provided, I would recommend Option B - Hilton Garden"
12354,C,Option A would be a good choice if you're looking for an affordable
12355,C,I would recommend Option A - Hyatt Place New York Midtown South. It
12356,B,Option B is a good choice as it offers free cancellation and has a reasonable
12357,B,I would recommend choosing Option B - Hilton Garden Inn New York/Central
12358,C,Option A is the most suitable choice for a one-night stay in New York
12359,C,I would recommend Option A (Arlo Midtown) for its central location in
12360,A,I would recommend Option C - Ace Hotel Brooklyn. It has a higher
12361,A,I would recommend Option C - Ace Hotel Brooklyn. Despite being more expensive
12362,A,I would recommend Option C - Ace Hotel Brooklyn. Despite being slightly more
12363,A,I would recommend Option C - Ace Hotel Brooklyn. It has a higher
12364,A,I would recommend Option C - Ace Hotel Brooklyn. It has a higher
12365,B,I would recommend Option B as it offers free cancellation and a higher guest review
12366,A,"I would recommend Option C as it offers a good balance of price, amenities"
12367,C,I would recommend Option A - Hotel Best Western Plus Hospitality House Suites in
12368,A,"I would recommend Option C as it offers a good balance of price, amenities"
12369,B,"Based on the information provided, I would recommend Option B - Courtyard"
12370,A,I would recommend Option C (Hotel Courtyard by Marriott New
12371,B,I would recommend Option B - W New York - Union Square. Although it is
12372,A,I would recommend Option C - Holiday Inn Express Manhattan Midtown West.
12373,C,Option A would be a good choice if budget is your primary concern as it offers
12374,A,I would recommend Option C - Holiday Inn Express Manhattan Midtown West.
12375,A,I would recommend Option C - Holiday Inn Express Manhattan Midtown West.
12376,A,I would recommend Option C - Holiday Inn Express Manhattan Midtown West.
12377,B,"Based on the information provided and considering factors such as star rating, guest review"
12378,B,"Based on the information provided, I would recommend Option B - AC Hotel New"
12379,B,Option B would be a good balance between cost and amenities for most travelers
12380,B,"Based on the information provided, I would recommend Option B - AC Hotel New"
12381,B,Option B would be a good balance between cost and amenities for most travelers
12382,B,"Based on the information provided and considering factors such as star rating, guest review"
12383,B,I would recommend Option B (Hyatt Centric Wall Street New York) for
12384,B,"Based on the information provided, I would recommend Option B - Hyatt Cent"
12385,B,I would recommend Option B (Hyatt Centric Wall Street New York) for
12386,B,"Based on the information provided, I would recommend Option B - Hyatt Cent"
12387,B,"Based on the information provided, I would recommend Option B - Hyatt Cent"
12388,B,"Based on the information provided, I would recommend Option B - Hyatt Cent"
12389,B,"Based on the information provided and considering factors such as star rating, guest review"
12390,C,Option A would be my recommendation for a one-night stay in New York City
12391,C,Option A would be my recommendation for a one-night stay in New York City
12392,C,Option A
12393,C,Option A would be my recommendation for a one-night stay in New York City
12394,B,"Based on the information provided and considering factors such as star rating, guest review"
12395,C,Option A seems to be a good balance of price and amenities for your stay
12396,B,I would recommend Option B - Ink 48 Hotel. Despite being slightly
12397,C,Option A
12398,A,I would recommend Option C - Hard Rock Hotel New York. It has a high
12399,C,I would recommend Option A - The Marlton Hotel in Greenwich Village for
12400,C,Option A would be a good choice if you're looking for a balance between
12401,B,I would recommend Option B - The Plaza. Despite being more expensive than the
12402,C,Option A
12403,B,"Based on the information provided and considering factors such as star rating, guest review"
12404,C,Option A
12405,B,"Based on the information provided and considering factors such as star rating, guest review"
12406,C,Option A
12407,B,"Based on the information provided and considering factors such as star rating, guest review"
12408,C,Option A
12409,C,Option A
12410,C,Option A would be my recommendation for a one-night stay in New York City
12411,B,"Based on the information provided and considering factors such as star rating, guest review"
12412,B,"Based on the information provided and considering factors such as star rating, guest review"
12413,C,"Based on the information provided, I would recommend Option A - The Mercer"
12414,C,I would recommend Option A - The Mercer in SoHo neighborhood for a
12415,C,Option A would be a great choice if budget is not an issue and you are
12416,C,"Based on the information provided, I would recommend Option A - The Mercer"
12417,A,"Based on the information provided, I would recommend Option C - Courtyard"
12418,C,Option A would be my recommendation for a one-night stay in New York City
12419,B,"Based on the information provided and considering factors such as star rating, guest review"
12420,B,"Based on the information provided and considering factors such as star rating, guest review"
12421,B,"Based on the information provided and considering factors such as star rating, guest review"
12422,C,Option A would be my recommendation for a one-night stay in New York City
12423,C,I would recommend Option A - Hotel: 1 Hotel Central Park. It has
12424,C,Option A would be my recommendation for a one-night stay in New York City
12425,B,"Based on the information provided, I would recommend Option B - Four Seasons"
12426,B,Option B would be a great choice if budget is not an issue as it offers
12427,B,Option B would be a great choice if budget is not an issue as it offers
12428,B,Option B would be a great choice if budget is not an issue as it offers
12429,C,Option A
12430,B,B
12431,C,I would recommend Option A (Hotel Le Bleu) for a more budget
12432,C,Option A would be a good choice if you're looking for a more budget
12433,C,I would recommend Option A (Hotel Le Bleu) for a more budget
12434,C,Option A would be a good choice if budget is a priority and you don'
12435,C,Option A seems to be a good balance between price and amenities while also offering
12436,B,"Based on the information provided and considering factors such as star rating, guest review"
12437,C,I would recommend Option A - The Langham New York Fifth Avenue for its
12438,B,"Based on the information provided and considering factors such as star rating, guest review"
12439,B,"Based on the information provided and considering factors such as star rating, guest review"
12440,B,"Based on the information provided and considering factors such as star rating, guest review"
12441,C,Option A would be my recommendation for a one-night stay in New York City
12442,C,I would recommend Option A - The Langham New York Fifth Avenue for its
12443,C,Option A would be a good choice if you're looking for an affordable
12444,B,"Based on the information provided and considering factors such as location, guest review score"
12445,B,Option B
12446,B,Option B would be a good choice as it offers free cancellation and includes breakfast
12447,B,"Based on the information provided and considering factors such as star rating, guest review"
12448,B,"Based on the information provided and considering factors such as location, guest review score"
12449,C,Option A would be my recommendation for a one-night stay in New York City
12450,C,Option A would be a great choice if you're looking for a higher star
12451,C,Option A would be my recommendation for a one-night stay in New York City
12452,C,Option A would be a great choice if you're looking for a higher star
12453,B,"Based on the information provided and considering factors such as star rating, guest review"
12454,B,"Option B is a good balance between price and amenities, including free cancellation"
12455,B,"Based on the information provided and considering factors such as star rating, guest review"
12456,C,Option A seems to be a good balance between price and amenities for your one
12457,C,Option A seems to be a good balance between price and amenities for your stay
12458,A,Option C would be a great choice if budget is not an issue as it offers
12459,B,Option B
12460,B,Option B is a more cost-effective choice for a one-night stay
12461,B,"Based on the information provided, I would recommend Option B - Hyatt Grand"
12462,B,"Based on the information provided and considering factors such as star rating, guest review"
12463,C,Option A
12464,C,I would recommend Option A - The Standard East Village. It has a higher guest
12465,C,I would recommend choosing Option A - The Standard East Village. It has a higher
12466,C,Option A
12467,C,Option A
12468,C,"I would recommend Option A - The Boro Hotel in Long Island City, Queens"
12469,B,"Based on the information provided, I would recommend Option B - Hampton Inn"
12470,B,Option B seems to be a good balance between price and amenities. It'
12471,C,"I would recommend Option A - The Boro Hotel in Long Island City, Queens"
12472,C,"I would recommend Option A - The Boro Hotel in Long Island City, Queens"
12473,C,Option A
12474,C,Option A would be my recommendation for a one-night stay in New York City
12475,C,Option A would be my recommendation for a one-night stay in New York City
12476,C,Option A would be my recommendation for a one-night stay in New York City
12477,C,Option A
12478,C,I would recommend Option A - Conrad New York Downtown. It has
12479,B,"Based on the information provided and considering factors such as location, amenities,"
12480,C,Option A is the most cost-effective choice at $161 per
12481,B,"Based on the information provided and considering factors such as location, guest review score"
12482,B,"Based on the information provided and considering factors such as location, amenities,"
12483,A,I would recommend Option C - LUMA Hotel Times Square. It offers a
12484,A,I would recommend Option C - LUMA Hotel Times Square. It has a
12485,C,Option A
12486,C,I would recommend Option A - The Williamsburg Hotel. It has a higher star
12487,C,Option A
12488,B,"Based on the information provided, I would recommend Option B - Fairfield Inn"
12489,C,Option A
12490,C,I would recommend Option A - The Williamsburg Hotel. It has a higher star
12491,B,"Based on guest review scores and price considerations, I would recommend Option B"
12492,B,"Based on guest review scores and price considerations, I would recommend Option B"
12493,B,I would recommend Option B - Hilton Garden Inn New York/Central Park
12494,B,I would recommend Option B - Hilton Garden Inn New York/Central Park
12495,B,I would recommend Option B - Hilton Garden Inn New York/Central Park
12496,A,C
12497,C,Option A
12498,B,Option B would be a great choice if budget is not an issue as it offers
12499,B,Option B
12500,B,Option B
12501,B,I would recommend Option B - The St. Regis New York. Despite being
12502,C,Option A would be a good choice if you're looking for a balance between
12503,B,"Based on the information provided and considering factors such as star rating, guest review"
12504,C,Option A would be my recommendation for a one-night stay in New York City
12505,C,Option A would be my recommendation for a one-night stay in New York City
12506,C,Option A would be my recommendation for a one-night stay in New York City
12507,C,Option A would be my recommendation for a one-night stay in New York City
12508,C,Option A would be my recommendation for a one-night stay in New York City
12509,A,I would recommend Option C - Residence Inn New York Manhattan/Mid
12510,B,Option B is a good choice as it offers a king room in Downtown
12511,B,"Based on guest review scores and price per night, I would recommend Option B"
12512,B,Option B
12513,B,Option B is a good choice as it has a higher guest review score and lower
12514,B,"Based on the information provided, I would recommend Option B - Even Hotel Brook"
12515,B,I would recommend Option B - Hampton Inn Manhattan-Seaport/
12516,B,"Based on the information provided, I would recommend Option B - Hampton Inn"
12517,B,"Based on the information provided, I would recommend Option B as it offers a"
12518,B,"Based on the information provided, I would recommend Option B - Hampton Inn"
12519,B,"Based on the information provided, I would recommend Option B - Hampton Inn"
12520,B,"Based on the information provided, I would recommend Option B - Hampton Inn"
12521,C,Option A would be my recommendation for a one-night stay in New York City
12522,C,Option A
12523,C,Option A would be my recommendation for a one-night stay in New York City
12524,C,"Based on the information provided, I would recommend Option A - The Greenwich"
12525,C,Option A would be my recommendation for a one-night stay in New York City
12526,C,Option A would be my recommendation for a one-night stay in New York City
12527,B,"Based on the information provided, I would recommend Option B - Holiday Inn"
12528,B,"Based on the information provided, I would recommend Option B - Holiday Inn"
12529,B,"Based on the information provided, I would recommend Option B - Holiday Inn"
12530,B,"Based on the information provided, I would recommend Option B - Holiday Inn"
12531,B,"Based on the information provided, I would recommend Option B - Holiday Inn"
12532,C,I would recommend choosing Option A - Fairfield Inn & Suites New York Manh
12533,B,"Based on the information provided and considering factors such as star rating, guest review"
12534,B,Option B would be a good choice as it offers a higher star rating and includes
12535,B,"Based on the information provided and considering factors such as star rating, guest review"
12536,B,Option B would be a good choice as it offers a balance between price and amen
12537,C,Option A would be a more cost-effective choice for a one-night
12538,B,Option B would be a good choice if you're looking for a balance between
12539,B,"Based on the information provided and considering factors such as star rating, guest review"
12540,B,"Based on the information provided and considering factors such as star rating, guest review"
12541,C,Option A would be a great choice if budget is not an issue and you are
12542,B,Option B is a good balance between price and amenities while also offering free can
12543,C,Option A seems to offer a higher guest review score and more amenities like a
12544,C,I would recommend Option A - The Mercer in SoHo neighborhood for a
12545,A,I would recommend Option C - Hampton Inn Manhattan Grand Central. It has
12546,A,I would recommend Option C - Hampton Inn Manhattan Grand Central. It has
12547,A,I would recommend Option C - Hampton Inn Manhattan Grand Central. It has
12548,C,I would recommend choosing Option A - The Renwick Hotel. It has a higher
12549,C,I would recommend Option A - The Renwick Hotel. It has a higher star
12550,A,I would recommend Option C - Hampton Inn Manhattan Grand Central. Despite being
12551,C,"Based on the information provided, I would recommend Option A - Renaissance New York"
12552,C,I would recommend Option A - Renaissance New York Midtown Hotel. It has a
12553,B,"Based on the information provided and considering factors such as price, location, amen"
12554,A,I would recommend Option C - Courtyard by Marriott Times Square West
12555,B,"Based on the information provided and considering factors such as star rating, guest review"
12556,C,I would recommend Option A - Renaissance New York Midtown Hotel. It has a
12557,B,"Based on the information provided and considering factors such as star rating, guest review"
12558,B,I would recommend Option B - The Fifth Avenue Hotel. Although it is more
12559,A,I would recommend Option C - The Pearl Hotel New York. It offers a
12560,B,I would recommend Option B - The Fifth Avenue Hotel. Although it is more
12561,B,I would recommend Option B - The Fifth Avenue Hotel. Although it is more
12562,A,C
12563,B,"Based on the given information and considering factors such as star rating, guest review"
12564,C,I would recommend Option A - Fairfield Inn & Suites New York Manhattan
12565,B,Option B
12566,A,Option C would be a good choice if you value breakfast included and access to a
12567,B,"Based on the information provided, I would recommend Option B - DoubleTree by"
12568,B,"Based on the information provided, I would recommend Option B - DoubleTree by"
12569,C,Option A
12570,C,Option A
12571,B,Option B
12572,B,Option B would be a great choice if budget is not an issue as it offers
12573,C,Option A seems to be a good balance between price and guest review score while also
12574,C,Option A
12575,B,"Based on the information provided and considering factors such as star rating, guest review"
12576,A,Option C would be a great choice if budget is not an issue as it offers
12577,B,"Based on the information provided and considering factors such as star rating, guest review"
12578,C,Option A
12579,A,"Based on the information provided, I would recommend Option C - The Dominick"
12580,A,I would recommend Option C - The Dominick Hotel in SoHo. Despite
12581,A,C
12582,B,"Based on the information provided and considering factors such as price, amenities,"
12583,B,"Based on the information provided and considering factors such as guest review score, amen"
12584,C,Option A is the most suitable choice considering its affordable price and high guest review
12585,A,I would recommend Option C - Casablanca Hotel by Library Hotel Collection.
12586,A,I would recommend Option C - Casablanca Hotel by Library Hotel Collection.
12587,C,Option A would be my recommendation for a one-night stay in New York City
12588,C,Option A would be my recommendation for a one-night stay in New York City
12589,B,"Based on the information provided and considering factors such as star rating, guest review"
12590,B,"Based on the information provided and considering factors such as star rating, guest review"
12591,C,Option A would be my recommendation for a one-night stay in New York City
12592,C,Option A would be a great choice if budget is not an issue and you are
12593,B,"Based on the information provided, I would recommend Option B - The Westin"
12594,A,"Based on the information provided, I would recommend Option C (Hyatt House"
12595,C,I would recommend Option A - Renaissance New York Midtown Hotel. It has a
12596,B,Option B
12597,A,I would recommend Option C - Hyatt House New York/Chelsea.
12598,C,I would recommend Option A - Renaissance New York Midtown Hotel. It has a
12599,A,"Based on the information provided, I would recommend Option C - Hilton Garden"
12600,A,"Based on the information provided, I would recommend Option C - Hilton Garden"
12601,B,"Based on the information provided, I would recommend Option B - Fairfield Inn"
12602,A,I would recommend Option C - Hilton Garden Inn New York/Midtown
12603,A,"Based on the information provided, I would recommend Option C - Hilton Garden"
12604,A,I would recommend Option C - Hilton Garden Inn New York/Midtown
12605,C,Option A
12606,B,Option B would be a great choice if you're looking for luxury and
12607,B,I would recommend Option B - Sofitel New York. Although it is more expensive
12608,B,"Based on the information provided and considering factors such as star rating, guest review"
12609,B,"Based on the information provided, I would recommend Option B - Sofitel New"
12610,B,Option B would be a great choice if budget is not an issue as it offers
12611,B,Option B would be a good choice if you're looking for breakfast included and
12612,B,"Based on the information provided, I would recommend Option B - Hampton Inn"
12613,B,"Based on the information provided, I would recommend Option B - Hampton Inn"
12614,A,"Based on the information provided, I would recommend Option C (Executive Hotel"
12615,B,Option B would be a good choice if breakfast is important to you and you don
12616,A,I would recommend Option C - Executive Hotel Le Soleil New York. It
12617,B,Option B would be a great choice if budget is not an issue and you are
12618,C,Option A would be a more cost-effective choice for a one-night
12619,B,Option B would be a great choice if budget is not an issue as it offers
12620,C,Option A seems to be a good balance between price and amenities while also offering
12621,B,Option B
12622,C,"Based on the information provided and considering a balance between cost, amenities,"
12623,A,I would recommend Option C - InterContinental New York Times Square. Despite being
12624,B,"Based on the information provided and considering factors such as star rating, guest review"
12625,A,I would recommend Option C - InterContinental New York Times Square. Despite being
12626,A,I would recommend Option C - InterContinental New York Times Square. Despite being
12627,C,Option A
12628,B,"Based on the information provided and considering factors such as star rating, guest review"
12629,A,C
12630,B,"Based on the information provided, I would recommend Option B - Holiday Inn"
12631,C,I would recommend Option A - The Ludlow Hotel. It has a higher star
12632,C,I would recommend Option A - The Ludlow Hotel. It has a higher star
12633,C,I would recommend Option A - The Ludlow Hotel. It has a higher star
12634,C,I would recommend Option A - The Ludlow Hotel. It has a higher star
12635,C,Option A would be my recommendation for a one-night stay in New York City
12636,B,"Based on the information provided and considering factors such as star rating, guest review"
12637,B,"Based on the information provided and considering factors such as star rating, guest review"
12638,B,"Based on the information provided and considering factors such as star rating, guest review"
12639,B,"Based on the information provided and considering factors such as star rating, guest review"
12640,C,Option A would be my recommendation for a one-night stay in New York City
12641,C,I would recommend Option A - Hotel Conrad New York Midtown. It has
12642,C,I would recommend choosing Option A - Conrad New York Midtown. It has
12643,C,I would recommend choosing Option A - Conrad New York Midtown. It has
12644,C,Option A
12645,C,I would recommend choosing Option A - Conrad New York Midtown. It has
12646,C,Option A
12647,B,"Based on the information provided and considering factors such as location, amenities,"
12648,A,C
12649,C,Option A would be a good choice if you prefer to stay in TriBeCa
12650,A,I would recommend Option C - Embassy Suites Manhattan Times Square.
12651,B,"Based on the information provided and considering factors such as location, guest review score"
12652,A,C
12653,B,I would recommend Option B - Kimpton Muse Hotel. Although it is more expensive
12654,B,I would recommend Option B - Kimpton Muse Hotel. It has a higher guest
12655,B,B
12656,B,I would recommend Option B - Kimpton Muse Hotel. Although it is more expensive
12657,B,"Based on the information provided, I would recommend Option B - Kimpton Muse"
12658,B,"Based on the information provided and considering factors such as star rating, guest review"
12659,A,I would recommend Option C - Motto by Hilton New York City Chelse
12660,B,"Based on the information provided, I would recommend Option B - Hampton Inn"
12661,A,I would recommend Option C - Motto by Hilton New York City Chelse
12662,A,I would recommend Option C - Motto by Hilton New York City Chelse
12663,A,I would recommend Option C - Motto by Hilton New York City Chelse
12664,B,"Based on the information provided and considering factors such as star rating, guest review"
12665,B,"Based on the information provided and considering factors such as star rating, guest review"
12666,A,C
12667,A,I would recommend Option C - Hampton Inn Manhattan/Times Square South.
12668,A,C
12669,B,"Based on the information provided, I would recommend Option B - Hampton Inn"
12670,B,"Based on the information provided, I would recommend Option B - Hampton Inn"
12671,B,Option B
12672,B,Option B
12673,A,Option C would be a great choice if budget is not an issue as it offers
12674,B,Option B is a good balance between price and amenities while also offering free can
12675,C,"I would recommend Option A - The Lexington Hotel, Autograph Collection. It"
12676,C,"Option A seems to be a good balance between price and amenities. However,"
12677,C,Option A
12678,A,I would recommend Option C - MADE Hotel. It has a higher guest review
12679,A,I would recommend Option C - MADE Hotel. It offers a good balance of
12680,A,I would recommend Option C - MADE Hotel. It has a high guest review
12681,B,"Based on the information provided and considering factors such as star rating, guest review"
12682,A,I would recommend Option C - MADE Hotel. It has a higher guest review
12683,A,C
12684,B,Option B would be a great choice if budget is not an issue as it offers
12685,B,"Based on the information provided, I would recommend Option B - The Beek"
12686,B,Option B would be a great choice if budget is not an issue as it offers
12687,B,Option B
12688,A,C
12689,B,"Based on the information provided, I would recommend Option B - citizenM"
12690,B,"Based on the information provided, I would recommend Option B - citizenM"
12691,B,"Based on the information provided, I would recommend Option B - citizenM"
12692,B,"Based on the information provided, I would recommend Option B - citizenM"
12693,B,"Based on the information provided and considering factors such as star rating, guest review"
12694,B,B
12695,C,Option A
12696,B,"Based on the information provided, I would recommend Option B - The Hotel Ch"
12697,B,"Based on the information provided and considering factors such as star rating, guest review"
12698,B,"Based on the information provided, I would recommend Option B - The Hotel Ch"
12699,B,I would recommend Option B - The Hotel Chelsea. Although it is slightly
12700,C,I would recommend Option A - Residence Inn New York Manhattan/Times Square
12701,B,Option B
12702,A,I would recommend Option C - The Wall Street Hotel. It has a higher guest
12703,B,Option B
12704,C,Option A
12705,B,"Based on the information provided, I would recommend Option B - The Beek"
12706,A,I would recommend Option C - The Wall Street Hotel. It has a high guest
12707,B,"Based on guest review scores and free cancellation policy, I would recommend Option"
12708,B,"Based on guest review scores and amenities offered, I would recommend Option B"
12709,B,"Based on guest review scores and price considerations, I would recommend Option B"
12710,B,"Based on guest review scores and key amenities, I would recommend Option B"
12711,B,"Based on guest review scores and amenities offered, I would recommend Option B"
12712,B,"Based on guest review scores and key amenities, I would recommend Option B"
12713,B,Option B would be a good choice if you're looking for a higher guest
12714,B,"Based on the information provided, I would recommend Option B - New Yorker"
12715,B,"Based on guest review scores and price considerations, I would recommend Option B"
12716,B,I would recommend choosing Option B - New Yorker by Lotte Hotels.
12717,B,"Based on guest review scores and price considerations, I would recommend Option B"
12718,B,"Based on the information provided, I would recommend Option B - New Yorker"
12719,A,I would recommend Option C - Hampton Inn Manhattan Grand Central. It has
12720,A,C
12721,A,"Based on the information provided, I would recommend Option C - Hampton Inn"
12722,A,I would recommend Option C - Hampton Inn Manhattan Grand Central. Despite being
12723,A,"Based on the information provided, I would recommend Option C - Hampton Inn"
12724,C,I would recommend Option A - The Rockaway Hotel & Spa. It has
12725,C,Option A
12726,B,"Based on the information provided, I would recommend Option B - Freehand New"
12727,B,"Based on the information provided, I would recommend Option B - Freehand New"
12728,C,I would recommend Option A - Arlo Midtown. It has a good guest
12729,B,"Based on the information provided, I would recommend Option B - Freehand New"
12730,B,"Based on the information provided, I would recommend Option B - Freehand New"
12731,B,I would recommend Option B - The Langham New York Fifth Avenue. It
12732,B,Option B
12733,B,"Based on the information provided and considering factors such as star rating, guest review"
12734,B,"Based on the information provided and considering factors such as star rating, guest review"
12735,A,C
12736,B,"Based on the information provided and considering factors such as star rating, guest review"
12737,B,Option B
12738,C,Option A would be my recommendation for a one-night stay in New York City
12739,B,"Based on the information provided and considering factors such as star rating, guest review"
12740,C,Option A
12741,B,"Based on the information provided and considering factors such as star rating, neighborhood,"
12742,C,Option A would be a great choice if budget is not an issue and you are
12743,B,"Based on the information provided, I would recommend Option B - Hampton Inn"
12744,B,I would recommend choosing Option B - Hampton Inn Manhattan Grand Central. It
12745,B,"Based on the information provided and considering factors such as star rating, guest review"
12746,B,I would recommend Option B - Hampton Inn Manhattan Grand Central. Although it
12747,B,"Based on guest review scores and price per night, I would recommend Option B"
12748,B,"Based on the information provided, I would recommend Option B - Hampton Inn"
12749,B,"Based on guest review scores and price per night, I would recommend Option B"
12750,B,"Based on guest review scores and price considerations, I would recommend Option B"
12751,B,"Based on guest review scores and price per night, I would recommend Option B"
12752,B,"Based on the information provided, I would recommend Option B - The Local NY"
12753,B,"Based on guest review scores and price per night, I would recommend Option B"
12754,B,"Based on guest review scores and price per night, I would recommend Option B"
12755,A,I would recommend Option C - Hampton Inn Manhattan Grand Central. It has
12756,A,I would recommend Option C - Hampton Inn Manhattan Grand Central. It has
12757,B,"Based on guest review scores and price considerations, I would recommend Option B"
12758,A,I would recommend Option C - Hampton Inn Manhattan Grand Central. It has
12759,A,I would recommend Option C - Hampton Inn Manhattan Grand Central. It has
12760,A,C
12761,B,I would recommend Option B - AC Hotel New York Downtown. It has
12762,B,"Based on the information provided, I would recommend Option B - AC Hotel New"
12763,C,Option A would be a more cost-effective choice for a one-night
12764,B,"Based on the information provided, I would recommend Option B - AC Hotel New"
12765,B,"Based on the information provided, I would recommend Option B - AC Hotel New"
12766,B,Option B would be a good choice if you are looking for a higher star rating
12767,A,I would recommend Option C - Arlo NoMad. It has a higher star
12768,A,I would recommend Option C - Arlo NoMad. It has a higher star
12769,A,I would recommend Option C - Arlo NoMad. It has a higher star
12770,A,I would recommend Option C - Arlo NoMad. It has a higher star
12771,B,Option B is a more cost-effective choice considering its lower price and included
12772,A,I would recommend Option C (Arlo NoMad) for its higher star rating
12773,C,Option A would be my recommendation for a one-night stay in New York City
12774,C,"I would recommend Option A - The Ritz-Carlton New York,"
12775,B,"Based on the information provided and considering factors such as star rating, guest review"
12776,B,"Based on the information provided and considering factors such as star rating, guest review"
12777,B,"Based on the information provided and considering factors such as star rating, guest review"
12778,B,"Based on the information provided and considering factors such as star rating, guest review"
12779,C,Option A
12780,C,Option A would be my recommendation for a one-night stay in New York City
12781,C,I would recommend Option A - The Peninsula New York. It has a
12782,C,I would recommend Option A - The Peninsula New York. It has a
12783,C,I would recommend Option A - The Peninsula New York for its excellent guest
12784,C,Option A would be my recommendation for a one-night stay in New York City
12785,B,Option B would be a good choice if you prefer to stay in Times Square and
12786,B,"Based on the information provided and considering factors such as star rating, guest review"
12787,C,Option A
12788,C,Option A
12789,B,"Based on the information provided and considering factors such as location, guest review score"
12790,B,"Based on the information provided and considering factors such as location, guest review score"
12791,A,I would recommend Option C - InterContinental New York Barclay. It
12792,A,Option C
12793,B,"Based on the information provided and considering factors such as star rating, guest review"
12794,A,I would recommend Option C - InterContinental New York Barclay. Despite
12795,C,"Based on the information provided and considering a balance between cost, amenities,"
12796,A,I would recommend Option C - InterContinental New York Barclay. It
12797,A,I would recommend Option C - MADE Hotel. It has a higher guest review
12798,A,I would recommend Option C - MADE Hotel. It has a higher guest review
12799,A,I would recommend Option C - MADE Hotel. It has a higher guest review
12800,A,"Based on the information provided, I would recommend Option C (MADE Hotel"
12801,A,I would recommend Option C - MADE Hotel. It has a higher guest review
12802,B,"Based on the information provided and considering factors such as star rating, guest review"
12803,B,"Based on the information provided and considering factors such as star rating, guest review"
12804,B,"Based on the information provided, I would recommend Option B - Virgin Hotels"
12805,C,Option A is the most cost-effective choice for a one-night stay
12806,B,"Based on the information provided, I would recommend Option B - Virgin Hotels"
12807,B,"Based on the information provided and considering factors such as star rating, guest review"
12808,B,Option B
12809,B,Option B is a great choice if budget isn't an issue and you are
12810,B,Option B would be a great choice if budget is not an issue as it offers
12811,B,"Based on the information provided, I would recommend Option B - The Greenwich"
12812,B,Option B would be a great choice if budget is not an issue as it offers
12813,B,Option B would be a great choice if budget is not an issue as it offers
12814,B,"Based on the information provided and considering factors such as star rating, guest review"
12815,C,Option A would be my recommendation for a one-night stay in New York City
12816,C,Option A would be my recommendation for a one-night stay in New York City
12817,C,Option A would be my recommendation for a one-night stay in New York City
12818,C,"Based on the information provided, I would recommend Option A (Loews"
12819,C,Option A would be my recommendation for a one-night stay in New York City
12820,C,I would recommend Option A - Loews Regency Hotel New York. It
12821,B,"Based on the information provided, I would recommend Option B - W New York"
12822,B,Option B
12823,A,I would recommend Option C - Kimpton Hotel Eventi. It has a higher
12824,A,I would recommend Option C (Kimpton Hotel Eventi) for its higher
12825,A,I would recommend Option C - Kimpton Hotel Eventi. It has a higher
12826,A,I would recommend Option C - Kimpton Hotel Eventi. It has a higher
12827,A,I would recommend Option C (Casablanca Hotel by Library Hotel Collection
12828,A,"Based on the information provided, I would recommend Option C (Casab"
12829,B,"Based on guest review scores and free cancellation policy, I would recommend Option"
12830,B,"Based on the information provided and considering factors such as star rating, guest review"
12831,A,I would recommend Option C - Casablanca Hotel by Library Hotel Collection.
12832,A,C
12833,B,"Based on the information provided and considering factors such as star rating, guest review"
12834,B,"Based on the information provided and considering factors such as star rating, guest review"
12835,B,"Based on the information provided and considering factors such as star rating, guest review"
12836,A,I would recommend Option C - Bryant Park Hotel. It offers a good balance
12837,B,"Based on the information provided and considering factors such as star rating, guest review"
12838,B,"Based on the information provided and considering factors such as star rating, guest review"
12839,C,I would recommend choosing Option A (W New York - Union Square). It has
12840,B,"Based on the information provided, I would recommend Option B - Bryant Park"
12841,C,Option A would be a great choice if you're looking for convenience and amen
12842,B,"Based on the information provided and considering factors such as location, amenities,"
12843,C,Option A seems to be a good choice as it has a higher guest review score
12844,B,Option B is a good balance between price and amenities. It has a higher
12845,B,"Based on the information provided, I would recommend Option B - DoubleTree by"
12846,A,C
12847,A,I would recommend Option C - Hilton Garden Inn New York/West 3
12848,A,"Based on the information provided, I would recommend Option C - Hilton Garden"
12849,A,I would recommend Option C - Hilton Garden Inn New York/West 3
12850,B,Option B is a good balance between price and amenities. It has a higher
12851,B,Option B
12852,B,Option B
12853,C,I would recommend Option A - Hotel: Freehand New York. It has a
12854,B,I would recommend Option B - Hampton Inn Manhattan-SoHo.
12855,B,I would recommend Option B - Hampton Inn Manhattan-SoHo.
12856,A,I would recommend Option C - Ace Hotel Brooklyn. It has a higher
12857,C,Option A seems to be a good balance between price and amenities for your one
12858,B,"Based on the information provided, I would recommend Option B - Renaissance New York"
12859,B,Option B is a better choice as it offers more amenities and has a higher
12860,B,"Based on the information provided, I would recommend Option B - Renaissance New York"
12861,C,Option A is the best choice for a one-night stay in New York City
12862,B,"Based on the information provided, I would recommend Option B - Renaissance New York"
12863,C,Option A
12864,C,Option A
12865,C,Option A
12866,C,Option A
12867,B,"Based on the information provided and considering factors such as star rating, guest review"
12868,A,I would recommend Option C - The Dominick Hotel. Despite being more expensive than
12869,B,"Based on the information provided, I would recommend Option B - The Hoxt"
12870,B,"Based on the information provided, I would recommend Option B - The Hoxt"
12871,A,I would recommend Option C - DoubleTree by Hilton New York Times Square South
12872,B,Option B
12873,B,"Based on the information provided, I would recommend Option B - The Hoxt"
12874,C,I would recommend Option A - New York Marriott Downtown. It
12875,A,I would recommend Option C as it offers a higher guest review score and includes breakfast
12876,A,I would recommend Option C - Hampton Inn Manhattan-Chelsea.
12877,A,I would recommend Option C - Hampton Inn Manhattan-Chelsea.
12878,A,"Based on the information provided, I would recommend Option C (Hampton"
12879,A,"Based on the information provided, I would recommend Option C (Hampton"
12880,A,I would recommend Option C (Hampton Inn Manhattan-Chelsea
12881,B,Option B would be a good choice considering its higher guest review score and additional amen
12882,B,Option B would be a good choice considering its higher guest review score and additional amen
12883,B,"Based on the information provided, I would recommend Option B - New Yorker"
12884,B,"Based on the information provided, I would recommend Option B - New Yorker"
12885,B,"Based on guest review scores and price per night, I would recommend Option B"
12886,B,Option B
12887,C,I would recommend Option A - Fairfield Inn & Suites New York Manhattan
12888,C,I would recommend Option A - Fairfield Inn & Suites New York Manhattan
12889,C,I would recommend Option A - Fairfield Inn & Suites New York Manhattan
12890,C,"Based on the information provided, I would recommend Option A - Fairfield Inn"
12891,C,I would recommend Option A - Fairfield Inn & Suites New York Manhattan
12892,B,I would recommend Option B - DoubleTree by Hilton New York Midtown Fif
12893,C,I would recommend Option A - Kimpton Muse Hotel. It has a higher star
12894,C,I would recommend Option A - Kimpton Muse Hotel. It has a higher guest
12895,C,I would recommend Option A (Kimpton Muse Hotel) for its higher guest
12896,C,I would recommend Option A - Kimpton Muse Hotel. It has a higher star
12897,C,Option A
12898,C,Option A would be my recommendation for a one-night stay in New York City
12899,A,I would recommend Option C - Four Seasons Hotel New York Downtown.
12900,A,I would recommend Option C - Four Seasons Hotel New York Downtown.
12901,A,I would recommend Option C - Four Seasons Hotel New York Downtown.
12902,A,I would recommend Option C - Four Seasons Hotel New York Downtown.
12903,A,C
12904,A,I would recommend Option C - Four Seasons Hotel New York Downtown.
12905,B,"Based on the information provided and considering factors such as price, location, amen"
12906,C,I would recommend choosing Option A - Hotel: Freehand New York. It has
12907,B,"Based on the information provided, I would recommend Option B - Moxy"
12908,A,I would recommend Option C - voco Times Square South. It has a good
12909,B,"Based on the information provided, I would recommend Option B - Moxy"
12910,A,I would recommend Option C - voco Times Square South. It has a higher
12911,A,I would recommend Option C - Hampton Inn Manhattan/Downtown
12912,C,Option A
12913,C,Option A
12914,B,"Based on the information provided and considering factors such as price, amenities,"
12915,B,"Based on the information provided, I would recommend Option B - Holiday Inn"
12916,B,Option B is a good choice as it offers free breakfast and has a higher guest
12917,C,Option A would be a good choice if you're looking for a high-
12918,C,Option A would be a good choice if you're looking for a luxur
12919,C,Option A
12920,C,I would recommend Option A - Conrad New York Midtown. It has a
12921,C,I would recommend choosing Option A - Conrad New York Midtown. It offers
12922,C,Option A would be a good choice if you are looking for a luxurious
12923,B,"Based on the information provided and considering factors such as star rating, guest review"
12924,C,I would recommend choosing Option A - The Ritz-Carlton New York
12925,B,"Based on the information provided, I would recommend Option B - Nine Or"
12926,C,Option A
12927,B,"Based on the information provided and considering factors such as star rating, guest review"
12928,C,Option A
12929,A,I would recommend Option C - InterContinental New York Times Square. Although it
12930,A,I would recommend Option C - InterContinental New York Times Square. Despite being
12931,A,I would recommend Option C - InterContinental New York Times Square. Although it
12932,B,"Based on the information provided and considering factors such as price, location, amen"
12933,B,"Based on the information provided and considering factors such as price, location, guest"
12934,B,"Based on the information provided and considering factors such as star rating, guest review"
12935,C,"Based on the information provided and considering a balance between cost and amenities,"
12936,B,Option B would be a good choice as it offers free cancellation and has a
12937,B,"Based on the information provided and considering factors such as star rating, guest review"
12938,B,"Based on the information provided and considering factors such as star rating, guest review"
12939,B,Option B
12940,B,"Based on the information provided and considering factors such as star rating, guest review"
12941,C,Option A
12942,B,I would recommend choosing Option B - Hard Rock Hotel New York. It has a
12943,B,"Based on price and guest review score, Option B (Hard Rock Hotel"
12944,B,"Based on the information provided, I would recommend Option B - Hard Rock Hotel"
12945,B,"Based on the information provided, I would recommend Option B - Hard Rock Hotel"
12946,B,"Based on the information provided, I would recommend Option B - Hard Rock Hotel"
12947,A,I would recommend Option C - Hyatt Centric Wall Street New York. Despite
12948,A,I would recommend Option C - Hyatt Centric Wall Street New York. Despite
12949,A,I would recommend Option C - Hyatt Centric Wall Street New York. Despite
12950,A,C
12951,A,I would recommend Option C - Hyatt Centric Wall Street New York. Despite
12952,A,I would recommend Option C - Hyatt Centric Wall Street New York. It
12953,B,"Based on the information provided, I would recommend Option B - Courtyard"
12954,A,I would recommend Option C - Hilton Garden Inn New York/Central Park
12955,A,I would recommend Option C - Hilton Garden Inn New York/Central Park
12956,A,I would recommend Option C - Hilton Garden Inn New York/Central Park
12957,C,I would recommend Option A - Residence Inn New York Manhattan/Mid
12958,A,I would recommend Option C - Hilton Garden Inn New York/Central Park
12959,A,I would recommend Option C - Courtyard by Marriott Manhattan/
12960,A,I would recommend Option C - Courtyard by Marriott Manhattan/
12961,A,I would recommend Option C - Courtyard by Marriott Manhattan/
12962,A,I would recommend Option C - Courtyard by Marriott Manhattan/
12963,A,I would recommend Option C - Courtyard by Marriott Manhattan/
12964,A,I would recommend Option C (Courtyard by Marriott Manhattan
12965,A,I would recommend Option C - Hampton Inn Manhattan Grand Central. Despite being
12966,A,I would recommend Option C - Hampton Inn Manhattan Grand Central. It has
12967,A,I would recommend Option C - Hampton Inn Manhattan Grand Central. Despite being
12968,A,I would recommend choosing Option C (Hampton Inn Manhattan Grand Central)
12969,A,I would recommend Option C (Hampton Inn Manhattan Grand Central) for
12970,A,I would recommend Option C - Hampton Inn Manhattan Grand Central. It has
12971,C,Option A would be a great choice if you're looking for a higher star
12972,A,C
12973,C,Option A would be a great choice if you're looking for a higher star
12974,A,I would recommend Option C - Hampton Inn Manhattan/Times Square South.
12975,A,Option C would be a good choice as it offers breakfast included and is located in
12976,B,"Option B seems to offer a good balance of price, amenities, and location"
12977,C,Option A would be my recommendation for a one-night stay in New York City
12978,C,Option A would be a great choice if budget is not an issue and you are
12979,C,Option A would be my recommendation for a one-night stay in New York City
12980,C,Option A would be a great choice if budget is not an issue and you are
12981,C,Option A would be a great choice if you're looking for luxury and
12982,C,Option A would be a great choice if you're looking for luxury and
12983,C,Option A would be my recommendation for a one-night stay in New York City
12984,C,"I would recommend Option A - The Pierre, a Taj Hotel. It has"
12985,C,Option A would be my choice for a one-night stay in New York City
12986,C,"I would recommend Option A - The Pierre, a Taj Hotel. It has"
12987,C,"Based on the information provided, I would recommend Option A - The Pierre,"
12988,A,I would recommend Option C - Hampton Inn Manhattan/Times Square South.
12989,A,I would recommend Option C - The Civilian Hotel in Midtown West for its
12990,A,I would recommend Option C - The Civilian Hotel in Midtown West for its
12991,A,I would recommend Option C - The Civilian Hotel in Midtown West. It
12992,C,I would recommend Option A - The Bowery Hotel in East Village. It has
12993,A,I would recommend Option C - The Civilian Hotel in Midtown West. It
12994,B,"Based on the information provided and considering factors such as price, location, guest"
12995,B,"Based on the information provided and considering factors such as price, location, guest"
12996,C,Option A
12997,B,"Based on the information provided and considering factors such as star rating, guest review"
12998,B,Option B is a more cost-effective choice for a one-night stay
12999,C,I would recommend Option A - Hotel: Best Western Plus Hospitality House Suites
13000,B,"Based on the information provided and considering factors such as star rating, guest review"
13001,A,"I would recommend Option C - The William Vale in Williamsburg, Brooklyn"
13002,A,"I would recommend Option C - The William Vale in Williamsburg, Brooklyn"
13003,A,"I would recommend Option C - The William Vale in Williamsburg, Brooklyn"
13004,A,"I would recommend Option C - The William Vale in Williamsburg, Brooklyn"
13005,A,"I would recommend Option C - The William Vale in Williamsburg, Brooklyn"
13006,B,"Based on the information provided and considering factors such as price, amenities,"
13007,C,Option A
13008,B,"Based on the information provided, I would recommend Option B - The Marl"
13009,C,Option A would be a great choice if you're looking for luxury and
13010,C,I would recommend Option A - Hotel Conrad New York Downtown. It
13011,C,I would recommend Option A - Hotel Conrad New York Downtown. It
13012,C,Option A would be a great choice if you're looking for luxury and
13013,B,"Based on the information provided and considering factors such as star rating, guest review"
13014,B,Option B is a great choice if budget isn't an issue and you are
13015,A,I would recommend Option C - Andaz 5th Avenue. It offers a
13016,B,I would recommend Option B - The Fifth Avenue Hotel. Despite being more expensive
13017,A,I would recommend Option C - Andaz 5th Avenue. It offers a
13018,A,I would recommend choosing Option C - Andaz 5th Avenue. It offers
13019,B,Option B is a more cost-effective choice that includes breakfast and has good
13020,B,"Based on the information provided and considering factors such as star rating, guest review"
13021,C,Option A seems to be a good balance between price and amenities while also being
13022,B,"Based on the information provided and considering factors such as star rating, guest review"
13023,C,Option A seems to be a good balance between price and amenities for your one
13024,C,Option A seems to be a good balance of price and amenities while also having
13025,B,"Based on the information provided, I would recommend Option B - Public Hotel."
13026,C,I would recommend choosing Option A - The Wall Street Hotel. It has a higher
13027,B,"Based on the information provided and considering factors such as star rating, guest review"
13028,B,"Based on the information provided and considering factors such as star rating, guest review"
13029,B,"Based on the information provided and considering factors such as star rating, guest review"
13030,B,"Based on the information provided and considering factors such as star rating, guest review"
13031,A,Option C would be a good choice as it offers a balance between price and amen
13032,B,"Based on the information provided and considering factors such as star rating, guest review"
13033,B,Option B
13034,B,Option B would be a great choice if budget is not an issue and you are
13035,B,I would recommend Option B - The St. Regis New York for its higher
13036,B,Option B would be a great choice if budget is not an issue as it offers
13037,B,"Based on the information provided and considering factors such as star rating, guest review"
13038,B,"Based on the information provided and considering factors such as star rating, guest review"
13039,B,"Based on the information provided and considering factors such as star rating, guest review"
13040,B,"Based on the information provided and considering factors such as star rating, guest review"
13041,B,"Based on the information provided and considering factors such as star rating, guest review"
13042,C,Option A
13043,C,I would recommend Option A - Arlo Midtown. It has a good guest
13044,A,C
13045,A,I would recommend Option C (Hampton Inn Manhattan-Chelsea
13046,A,Option C would be a good choice if you value free cancellation and breakfast inclusion
13047,A,I would recommend Option C - Hampton Inn Manhattan-Chelsea.
13048,A,I would recommend Option C - Hampton Inn Manhattan-Chelsea.
13049,B,"Based on the information provided, I would recommend Option B - Arlo No"
13050,B,"Based on the information provided, I would recommend Option B - Arlo No"
13051,C,I would recommend Option A - EVEN Hotel New York - Times Square South
13052,C,Option A
13053,B,"Based on the information provided, I would recommend Option B - Arlo No"
13054,B,"Based on the information provided, I would recommend Option B - Arlo No"
13055,B,I would recommend Option B - Virgin Hotels New York City. It has a
13056,B,Option B would be a good choice if you're looking for more amenities
13057,B,"Based on the information provided, I would recommend Option B - Virgin Hotels"
13058,B,I would recommend Option B - Virgin Hotels New York City. It has a
13059,B,I would recommend Option B - Virgin Hotels New York City. It has a
13060,B,"Based on the information provided, I would recommend Option B - Virgin Hotels"
13061,B,Option B
13062,B,"Based on the information provided, I would recommend Option B - Virgin Hotels"
13063,C,I would recommend Option A - Hyatt Place New York/Chelsea.
13064,C,Option A would be a good choice if you're looking for an affordable
13065,B,"Based on the information provided, I would recommend Option B - Virgin Hotels"
13066,C,Option A seems to be a good balance of price and amenities for your stay
13067,C,I would recommend choosing Option A - The Langham New York Fifth Avenue.
13068,C,I would recommend choosing Option A - The Langham New York Fifth Avenue.
13069,C,I would recommend choosing Option A - The Langham New York Fifth Avenue.
13070,C,I would recommend choosing Option A - The Langham New York Fifth Avenue.
13071,C,I would recommend Option A - The Langham New York Fifth Avenue for a
13072,C,I would recommend choosing Option A - The Langham New York Fifth Avenue.
13073,A,I would recommend Option C (Virgin Hotels New York City) for
13074,A,I would recommend Option C - Virgin Hotels New York City. It offers a
13075,A,I would recommend Option C - Virgin Hotels New York City. It has a
13076,A,I would recommend Option C - Virgin Hotels New York City. It has a
13077,A,I would recommend Option C - Virgin Hotels New York City. It offers a
13078,A,I would recommend Option C - Virgin Hotels New York City. It has a
13079,A,I would recommend Option C - AC Hotel New York Times Square. It has a
13080,A,"Based on the information provided, I would recommend Option C - AC Hotel New"
13081,B,Option B is a good choice if you're looking for a higher guest review
13082,C,I would recommend Option A - McCarren Hotel & Pool. It has a
13083,C,"I would recommend Option A - McCarhen Hotel & Pool in Williamsburg,"
13084,A,I would recommend Option C - AC Hotel New York Times Square. It offers a
13085,B,"Based on the information provided and considering factors such as star rating, guest review"
13086,C,I would recommend Option A - The Bowery Hotel in East Village for its higher
13087,C,I would recommend Option A - The Bowery Hotel. It has a higher star
13088,C,Option A would be a great choice if you're looking for a higher star
13089,C,Option A would be my recommendation for a stay in New York City. It offers
13090,B,"Based on the information provided and considering factors such as star rating, guest review"
13091,B,Option B would be a great choice if budget is not an issue as it offers
13092,A,Option C would be a good choice if you're looking for value and convenience
13093,C,Option A would be a more cost-effective choice for a one-night
13094,C,Option A would be a good choice if you are looking for an affordable stay
13095,C,Option A would be a good choice if you are looking for an affordable stay
13096,C,Option A would be a good choice if budget is a priority and you don'
13097,C,Option A
13098,C,"I would recommend Option A - The Ritz-Carlton New York,"
13099,B,"Based on the information provided and considering factors such as star rating, guest review"
13100,C,Option A
13101,C,"I would recommend Option A - The Ritz-Carlton New York,"
13102,C,Option A
13103,C,Option A
13104,B,"Based on the information provided, I would recommend Option B - voco Times"
13105,B,"Based on the information provided and considering factors such as price, location, guest"
13106,C,Option A
13107,B,"Based on the information provided and considering factors such as star rating, guest review"
13108,C,Option A
13109,C,I would recommend Option A - Hotel Moxy NYC Chelsea.
13110,B,I would recommend Option B - The Fifth Avenue Hotel. Despite being more expensive
13111,C,I would recommend Option A (Hotel Moxy NYC Chelsea
13112,B,I would recommend Option B - The Fifth Avenue Hotel. Although it is more
13113,B,Option B
13114,B,I would recommend Option B - The Fifth Avenue Hotel. Despite being more expensive
13115,B,Option B would be a great choice if budget is not an issue as it offers
13116,B,"Based on the information provided, I would recommend Option B - InterContinental"
13117,B,"Based on the information provided, I would recommend Option B - InterContinental"
13118,B,I would recommend Option B - InterContinental New York Barclay. Although
13119,B,Option B would be a great choice if budget is not an issue as it offers
13120,B,"Based on the information provided, I would recommend Option B - InterContinental"
13121,C,Option A
13122,B,"Based on the information provided, I would recommend Option B - Andaz"
13123,C,Option A
13124,C,Option A
13125,C,I would recommend Option A - The Ned NoMad. It has a higher guest
13126,B,"Based on the information provided, I would recommend Option B - Andaz"
13127,A,C
13128,A,I would recommend Option C - citizenM New York Times Square. It has
13129,C,Option A seems to offer a better balance of amenities and location for your stay
13130,B,"Based on the information provided and considering factors such as price, amenities,"
13131,A,I would recommend Option C - citizenM New York Times Square. It has
13132,C,I would recommend Option A - The Ludlow Hotel in Lower East Side for a
13133,A,I would recommend Option C - The Whitby Hotel. It has a higher guest
13134,A,I would recommend Option C - The Whitby Hotel. It has a higher guest
13135,C,Option A
13136,A,I would recommend Option C - The Whitby Hotel. It has a higher guest
13137,A,C
13138,C,"Option A seems to be a good balance between price and amenities. However,"
13139,C,I would recommend Option A - The Rockaway Hotel & Spa. It has
13140,C,I would recommend Option A - The Rockaway Hotel & Spa. It has
13141,B,I would recommend Option B - Bryant Park Hotel. It has a higher guest
13142,C,I would recommend Option A - The Rockaway Hotel & Spa. It has
13143,B,I would recommend Option B - Bryant Park Hotel. It has a higher guest
13144,B,I would recommend Option B - Bryant Park Hotel. It has a high guest
13145,B,Option B would be a great choice if budget is not an issue as it offers
13146,B,Option B is a great choice if budget isn't an issue and you are
13147,B,Option B would be a great choice if budget is not an issue and you are
13148,B,Option B would be a great choice if budget is not an issue as it offers
13149,B,Option B would be a great choice if budget is not an issue as it offers
13150,C,Option A
13151,C,I would recommend Option A - Hotel Conrad New York Downtown. It
13152,A,I would recommend Option C - citizenM New York Times Square. It offers
13153,C,I would recommend Option A - Hotel Conrad New York Downtown. It
13154,C,I would recommend Option A - Hotel Conrad New York Downtown. It
13155,A,I would recommend Option C - citizenM New York Times Square. It offers
13156,A,Option C would be a good choice as it offers a balance between quality and price
13157,B,Option B
13158,B,"Based on guest review scores and price considerations, I would recommend Option B"
13159,B,"Based on the information provided, I would recommend Option B - NobleD"
13160,B,"Based on the information provided, I would recommend Option B - NobleD"
13161,B,Option B
13162,B,Option B
13163,B,"Based on the information provided and considering factors such as star rating, guest review"
13164,B,"Based on the information provided and considering factors such as star rating, guest review"
13165,B,Option B
13166,C,Option A is a more budget-friendly choice and offers free cancellation and
13167,B,Option B
13168,B,Option B
13169,A,I would recommend Option C - Hilton Garden Inn New York/Midtown
13170,A,C
13171,A,I would recommend Option C - Hilton Garden Inn New York/Midtown
13172,A,I would recommend Option C - Hilton Garden Inn New York/Midtown
13173,A,I would recommend Option C - Hilton Garden Inn New York/Midtown
13174,A,I would recommend Option C - Hilton Garden Inn New York/Midtown
13175,A,C
13176,A,I would recommend choosing Option C - Hampton Inn Manhattan-35th
13177,A,I would recommend choosing Option C - Hampton Inn Manhattan-35th
13178,A,"Based on the information provided, I would recommend Option C - Hampton Inn"
13179,A,Option C would be a good choice as it has the highest guest review score and
13180,A,I would recommend Option C - Hampton Inn Manhattan-35th St
13181,C,Option A
13182,C,I would recommend Option A - The James New York NoMad. It has a
13183,A,C
13184,C,"Based on the information provided, I would recommend Option A - The James New"
13185,B,"Based on the information provided, I would recommend Option B - Hyatt Grand"
13186,C,I would recommend Option A - The James New York NoMad. It has a
13187,C,Option A
13188,C,Option A would be a good choice if budget is a concern and you're
13189,B,I would recommend Option B - The Plaza. Despite being more expensive than the
13190,B,"Based on the information provided and considering factors such as star rating, guest review"
13191,B,Option B
13192,B,I would recommend Option B - The Plaza. Despite being more expensive than the
13193,B,"Based on the information provided, I would recommend Option B - Hyatt Cent"
13194,B,Option B
13195,B,Option B
13196,B,"Based on the information provided, I would recommend Option B - Hyatt Cent"
13197,B,Option B
13198,A,I would recommend Option C - The Ned NoMad. It offers a higher star
13199,B,Option B would be a great choice if budget is not an issue as it offers
13200,B,I would recommend Option B - The Greenwich Hotel. Although it is more expensive
13201,B,I would recommend Option B - The Greenwich Hotel. Although it is more expensive
13202,B,Option B would be a great choice if budget is not an issue as it offers
13203,B,Option B would be a great choice if budget is not an issue as it offers
13204,B,Option B would be a great choice if budget is not an issue as it offers
13205,B,"Based on the information provided, I would recommend Option B - Virgin Hotels"
13206,B,"Based on the information provided, I would recommend Option B - Virgin Hotels"
13207,B,"Based on the information provided, I would recommend Option B - Virgin Hotels"
13208,B,"Based on the information provided, I would recommend Option B - Virgin Hotels"
13209,B,"Based on the information provided, I would recommend Option B - Virgin Hotels"
13210,B,"Based on the information provided, I would recommend Option B - Virgin Hotels"
13211,C,Option A would be my recommendation for a one-night stay in New York City
13212,B,"Based on the information provided and considering factors such as star rating, guest review"
13213,B,"Based on the information provided and considering factors such as star rating, guest review"
13214,C,Option A would be my recommendation for a one-night stay in New York City
13215,C,I would recommend choosing Option A - The St. Regis New York for a
13216,C,I would recommend choosing Option A - The St. Regis New York. It
13217,C,I would recommend Option A - The St. Regis New York for a one
13218,C,I would recommend Option A - The St. Regis New York for a one
13219,C,I would recommend choosing Option A - The St. Regis New York. It
13220,C,I would recommend choosing Option A - The St. Regis New York for a
13221,C,I would recommend choosing Option A - The St. Regis New York for a
13222,C,I would recommend Option A - The St. Regis New York for a one
13223,A,I would recommend Option C - Virgin Hotels New York City. It offers a
13224,B,"Based on the information provided and considering factors such as star rating, guest review"
13225,B,I would recommend Option B - Andaz 5th Avenue. Although it is
13226,B,"Based on the information provided, I would recommend Option B - Andaz"
13227,C,Option A would be a good choice if budget is a priority and breakfast included in
13228,B,Option B
13229,B,"Based on the information provided, I would recommend Option B - DoubleTree by"
13230,B,"Based on the information provided, I would recommend Option B - DoubleTree by"
13231,B,Option B is a good balance between price and quality. It has a higher star
13232,C,Option A
13233,A,I would recommend Option C - Bryant Park Hotel. It has a higher guest
13234,C,Option A
13235,C,Option A
13236,B,I would recommend Option B - Public Hotel in Lower East Side for its higher guest
13237,B,"Based on the information provided and considering factors such as star rating, guest review"
13238,C,Option A
13239,B,"Based on the information provided, I would recommend Option B - Public Hotel in"
13240,C,I would recommend Option A - McCarren Hotel & Pool. It has a
13241,B,Option B would be a great choice if budget is not an issue and you prefer
13242,B,"Based on the information provided and considering factors such as star rating, guest review"
13243,B,Option B is a great choice if budget isn't an issue and you prefer
13244,B,Option B would be a great choice if budget is not an issue and you prefer
13245,C,Option A
13246,C,Option A would be a good choice if you're looking for a more budget
13247,B,Option B would be a great choice if you're looking for more amenities
13248,B,I would recommend Option B (Hotel: 1 Hotel Brooklyn Bridge)
13249,B,Option B would be a good choice if you're looking for more amenities
13250,C,Option A would be a good choice if you're looking for a balance between
13251,C,I would recommend Option A - The Renwick Hotel. It offers a good balance
13252,C,Option A would be a good choice if you're looking for a balance between
13253,B,"Based on the information provided and considering factors such as star rating, guest review"
13254,B,"Based on the information provided and considering factors such as star rating, guest review"
13255,C,Option A would be my recommendation for a one-night stay in New York City
13256,C,"I would recommend Option A - The Ritz-Carlton New York,"
13257,C,"I would recommend Option A - The Ritz-Carlton New York,"
13258,B,"Based on the information provided and considering factors such as star rating, guest review"
13259,C,I would recommend Option A - Hyatt Centric Wall Street New York. It
13260,B,"Based on the information provided, I would recommend Option B - Hotel Scherman"
13261,B,"Based on the information provided and considering factors such as star rating, guest review"
13262,C,I would recommend Option A - Hyatt Centric Wall Street New York. It
13263,B,"Based on the information provided, I would recommend Option B - Hotel Scherman"
13264,C,Option A would be a good choice if you're looking for a more afford
13265,B,"Based on the information provided, I would recommend Option B - The Westin"
13266,B,Option B seems to be a good balance between price and amenities. It offers
13267,C,I would recommend Option A - The Bowery Hotel in East Village. It has
13268,C,Option A would be my recommendation for a one-night stay in New York City
13269,C,Option A
13270,C,Option A
13271,B,Option B would be a great choice if budget is not an issue as it offers
13272,B,Option B would be a great choice if budget is not an issue and you are
13273,C,Option A
13274,C,Option A would be a good choice if you are looking for an affordable stay
13275,B,"Based on the information provided, I would recommend Option B - Sofitel New"
13276,C,Option A would be a good choice if you're looking for a balance between
13277,C,Option A
13278,C,I would recommend Option A - The Hoxton Williamsburg. It has a
13279,A,I would recommend Option C - DoubleTree by Hilton NYC Financial
13280,C,Option A
13281,A,C
13282,C,Option A
13283,B,I would recommend Option B - Hyatt Centric Midtown 5th Avenue
13284,A,C
13285,B,"Based on the information provided, I would recommend Option B - Hyatt Cent"
13286,B,Option B
13287,B,"Based on guest review scores and price considerations, I would recommend Option B"
13288,B,"Based on the information provided, I would recommend Option B - Hyatt Cent"
13289,B,"Based on the information provided and considering factors such as price, guest review score"
13290,B,"Based on the information provided and considering factors such as price, guest review score"
13291,A,I would recommend Option C - CIVILIAN Hotel. It has a
13292,A,I would recommend Option C - Hotel: CIVILIAN Hotel. It
13293,A,I would recommend Option C - CIVILIAN Hotel. It has a
13294,A,I would recommend Option C - CIVILIAN Hotel. It has a
13295,A,C
13296,B,Option B
13297,B,"Based on guest review scores and included amenities, I would recommend Option B"
13298,A,I would recommend Option C as it has a higher guest review score and offers free
13299,B,I would recommend Option B - Hilton Garden Inn New York/Midtown
13300,B,"Based on the information provided, I would recommend Option B - Hilton Garden"
13301,A,I would recommend Option C - Hard Rock Hotel New York. It has a higher
13302,C,Option A would be a good choice if you're looking for a more budget
13303,C,Option A
13304,B,"Based on the information provided, I would recommend Option B - Hyatt Cent"
13305,B,"Based on the information provided and considering factors such as star rating, guest review"
13306,C,I would recommend Option A - Moxy NYC Chelsea. It
13307,A,I would recommend Option C - Courtyard by Marriott Manhattan/
13308,A,I would recommend Option C - Courtyard by Marriott Manhattan/
13309,C,Option A
13310,B,I would recommend Option B - The Wall Street Hotel. It has a higher guest
13311,A,Option C would be a good choice as it offers free cancellation and is located
13312,C,I would recommend Option A - AC Hotel New York Times Square. It has a
13313,C,Option A would be my recommendation for a one-night stay in New York City
13314,B,"Based on the information provided and considering factors such as star rating, guest review"
13315,C,Option A would be my recommendation for a one-night stay in New York City
13316,B,"Based on the information provided and considering factors such as star rating, guest review"
13317,C,Option A would be my recommendation for a one-night stay in New York City
13318,B,"Based on the information provided, I would recommend Option B - Andaz"
13319,C,Option A seems to be a more cost-effective choice while still offering essential
13320,B,"Based on the information provided and considering factors such as star rating, guest review"
13321,C,Option A would be a good choice if budget is a concern and breakfast included in
13322,A,"Based on the information provided, I would recommend Option C - LUMA"
13323,B,Option B would be a good choice if you're looking for a higher star
13324,A,I would recommend Option C - LUMA Hotel Times Square. It has a
13325,C,"Option A seems to be a good balance of price and amenities, including breakfast"
13326,C,I would recommend choosing Option A - Fairfield Inn & Suites New York Manh
13327,B,"Based on the information provided, I would recommend Option B - Holiday Inn"
13328,A,I would recommend choosing Option C (Hampton Inn Manhattan-Chelse
13329,C,I would recommend choosing Option A - Fairfield Inn & Suites New York Manh
13330,B,"Based on the information provided, I would recommend Option B - Holiday Inn"
13331,B,"Based on the information provided and considering factors such as star rating, amenities"
13332,B,"Based on the information provided and considering factors such as star rating, guest review"
13333,C,Option A
13334,C,Option A
13335,C,Option A
13336,C,Option A
13337,B,"Based on the information provided and considering factors such as star rating, guest review"
13338,C,Option A
13339,B,"Based on the information provided and considering factors such as star rating, guest review"
13340,B,"Based on the information provided and considering factors such as star rating, guest review"
13341,A,I would recommend Option C - The Ned NoMad. Although it is slightly more
13342,B,"Based on the information provided and considering factors such as star rating, guest review"
13343,B,Option B is a great choice if budget isn't an issue and you are
13344,C,Based on the information provided and considering a balance between cost and quality of stay
13345,B,"Based on the information provided and considering factors such as star rating, guest review"
13346,B,Option B would be a great choice if budget is not an issue and you are
13347,B,Option B
13348,B,"Based on the information provided and considering factors such as star rating, guest review"
13349,A,I would recommend Option C - The Wall Street Hotel. It has a higher star
13350,A,I would recommend Option C - The Wall Street Hotel. It has a higher guest
13351,A,I would recommend Option C - The Wall Street Hotel. It has a higher guest
13352,A,I would recommend Option C - The Wall Street Hotel. It has a higher guest
13353,C,I would recommend Option A - The Rockaway Hotel & Spa. It has
13354,B,"Based on the information provided and considering factors such as location, guest review score"
13355,A,I would recommend Option C - The Whitby Hotel. It has a higher guest
13356,A,I would recommend Option C - The Whitby Hotel. It has a higher guest
13357,A,I would recommend Option C - The Whitby Hotel. It has a higher guest
13358,A,C
13359,A,I would recommend Option C - The Whitby Hotel. Although it does not offer
13360,B,"Based on the information provided and considering factors such as star rating, guest review"
13361,C,I would recommend choosing Option A - The St. Regis New York. It
13362,C,Option A would be my recommendation for a one-night stay in New York City
13363,C,I would recommend choosing Option A - The St. Regis New York for a
13364,C,I would recommend choosing Option A - The St. Regis New York. It
13365,C,Option A would be my recommendation for a one-night stay in New York City
13366,C,I would recommend choosing Option A - The St. Regis New York. It
13367,C,"Based on the information provided, I would recommend Option A - Conrad New"
13368,C,Option A would be a great choice for your one-night stay in New York
13369,B,"Based on the information provided, I would recommend Option B - The Ludlow"
13370,C,Option A
13371,B,"Based on the information provided and considering factors such as star rating, guest review"
13372,B,"Based on the information provided, I would recommend Option B - The Ludlow"
13373,B,"Based on the information provided and considering factors such as star rating, guest review"
13374,B,"Based on the information provided and considering factors such as star rating, guest review"
13375,C,Option A would be my recommendation for a one-night stay in New York City
13376,B,"Based on the information provided and considering factors such as star rating, guest review"
13377,B,"Based on the information provided and considering factors such as star rating, guest review"
13378,B,"Based on the information provided and considering factors such as star rating, guest review"
13379,C,I would recommend Option A - The Ludlow Hotel. It has a higher star
13380,C,I would recommend Option A - The Ludlow Hotel. It has a higher star
13381,C,I would recommend Option A - The Ludlow Hotel. It has a higher star
13382,C,I would recommend Option A - The Ludlow Hotel. It has a higher star
13383,A,I would recommend Option C - Fairfield Inn & Suites New York Manhattan
13384,C,I would recommend Option A - The Ludlow Hotel. It has a higher star
13385,B,"Based on the information provided and considering factors such as star rating, guest review"
13386,A,"Based on the information provided, I would recommend Option C - The Plaza"
13387,C,"Based on the information provided and considering a balance between cost, amenities,"
13388,B,Option B
13389,B,"Based on the information provided and considering factors such as star rating, guest review"
13390,B,Option B would be a good balance between cost and amenities for most travelers
13391,C,Option A
13392,B,Option B would be a great choice if budget is not an issue and you are
13393,C,Option A
13394,C,Option A
13395,C,Option A
13396,C,Option A
13397,B,"Based on the information provided and considering factors such as star rating, guest review"
13398,C,Based on the information provided and considering a balance between quality of stay and cost
13399,B,"Based on the information provided and considering factors such as star rating, guest review"
13400,B,"Based on the information provided and considering factors such as star rating, guest review"
13401,B,"Based on the information provided and considering factors such as star rating, guest review"
13402,B,Option B
13403,C,Option A
13404,A,I would recommend Option C - Hotel NoMo SoHo in SoHo
13405,A,I would recommend Option C - Hotel NoMo SoHo in SoHo
13406,B,"Based on the information provided and considering factors such as star rating, guest review"
13407,A,I would recommend Option C - Hotel NoMo SoHo in SoHo
13408,B,"Based on the information provided and considering factors such as star rating, guest review"
13409,B,"Based on the information provided and considering factors such as star rating, guest review"
13410,B,Option B
13411,B,"Based on the information provided and considering factors such as star rating, guest review"
13412,B,Option B
13413,B,"Based on the information provided, I would recommend Option B - The Greenwich"
13414,B,Option B
13415,B,Option B would be a good choice as it offers free cancellation and has a
13416,B,Option B
13417,C,Option A is a good balance between price and amenities for a one-night
13418,B,Option B
13419,B,Option B
13420,B,"Based on the information provided and considering factors such as star rating, guest review"
13421,B,"Based on the information provided, I would recommend Option B - The Knicker"
13422,B,Option B
13423,B,"Based on the information provided, I would recommend Option B - The Knicker"
13424,B,"Based on the information provided, I would recommend Option B - The Knicker"
13425,B,"Based on the information provided, I would recommend Option B - The Knicker"
13426,B,"Based on the information provided and considering factors such as star rating, guest review"
13427,C,I would recommend Option A - Courtyard by Marriott Manhattan/
13428,C,"Based on the information provided, I would recommend Option A - Courtyard"
13429,C,"Based on the information provided, I would recommend Option A - Courtyard"
13430,C,Option A
13431,C,I would recommend choosing Option A - Courtyard by Marriott Manhattan
13432,C,"Based on the information provided, I would recommend Option A - Courtyard"
13433,B,"Based on the information provided, I would recommend Option B - InterContinental"
13434,B,Option B would be a great choice for your one-night stay in New York
13435,A,C
13436,B,Option B would be a great choice for your stay in New York City as it
13437,B,Option B would be a great choice if you're looking for more amenities
13438,B,I would recommend Option B - InterContinental New York Times Square. Despite not
13439,B,Option B is a good balance between price and amenities. It offers free can
13440,A,"Based on the information provided, I would recommend Option C - The Knicker"
13441,A,"Based on the information provided, I would recommend Option C - The Knicker"
13442,A,"Based on the information provided, I would recommend Option C - The Knicker"
13443,B,Option B
13444,B,"Based on the information provided and considering factors such as star rating, guest review"
13445,C,Option A would be a great choice if budget is not an issue and you are
13446,C,Option A would be my recommendation for a one-night stay in New York City
13447,C,Option A would be my recommendation for a one-night stay in New York City
13448,C,Option A would be a great choice if budget is not an issue and you are
13449,B,Option B
13450,C,Option A would be a great choice if budget is not an issue and you are
13451,C,Option A seems to be a good balance between price and amenities while also offering
13452,A,"Based on the information provided, I would recommend Option C - The Whitby"
13453,B,"Based on the information provided and considering factors such as star rating, guest review"
13454,B,Option B is a more cost-effective choice for a one-night stay
13455,B,Option B is a more cost-effective choice considering its lower price and free
13456,B,Option B is a good balance between price and quality. It has free cancellation
13457,B,Option B
13458,C,Option A
13459,B,"Based on the information provided and considering factors such as star rating, neighborhood,"
13460,B,"Based on the information provided and considering factors such as star rating, guest review"
13461,B,"Based on the information provided and considering factors such as star rating, guest review"
13462,B,"Based on the information provided and considering factors such as star rating, guest review"
13463,C,"I would recommend Option A - The Pierre, a Taj Hotel. It has"
13464,C,"I would recommend Option A - The Pierre, a Taj Hotel. It has"
13465,C,"Based on the information provided, I would recommend Option A - The Pierre,"
13466,C,"I would recommend Option A - The Pierre, a Taj Hotel. It has"
13467,B,"Based on the information provided and considering factors such as star rating, guest review"
13468,C,Option A would be a great choice if budget is not an issue and you are
13469,A,I would recommend Option C - The Ned NoMad. It has a higher guest
13470,A,I would recommend Option C - The Ned NoMad. Despite being more expensive than
13471,A,C
13472,A,I would recommend Option C - The Ned NoMad. It has a higher guest
13473,C,I would recommend Option A - Hotel NoMo SoHo. It has a
13474,C,I would recommend Option A - Hotel NoMo SoHo. It has a
13475,C,I would recommend Option A - The Marlton Hotel in Greenwich Village for
13476,C,I would recommend Option A - The Marlton Hotel in Greenwich Village.
13477,A,I would recommend Option C - Holiday Inn Express Manhattan Midtown West.
13478,C,Option A would be a great choice if you're looking for a higher star
13479,C,Option A would be a great choice if you prefer to stay in Greenwich Village
13480,C,I would recommend Option A - The Marlton Hotel in Greenwich Village.
13481,C,"Based on the information provided, I would recommend Option A - The Greenwich"
13482,C,Option A would be my recommendation for a one-night stay in New York City
13483,C,I would recommend Option A - The Greenwich Hotel. It has a higher star
13484,C,Option A would be my recommendation for a one-night stay in New York City
13485,C,I would recommend Option A - The Greenwich Hotel. It has a higher star
13486,C,Option A would be my recommendation for a stay in New York City. It offers
13487,B,"Based on the information provided and considering factors such as star rating, guest review"
13488,C,Option A seems to be a good balance between price and amenities while also offering
13489,C,I would recommend Option A - Hotel Smyth Tribeca. It has a
13490,C,Option A
13491,C,I would recommend Option A - Hotel Smyth Tribeca. It has a
13492,B,"Based on the information provided and considering factors such as star rating, guest review"
13493,B,"Based on the information provided and considering factors such as star rating, guest review"
13494,A,I would recommend Option C - Four Seasons Hotel New York Downtown.
13495,C,I would recommend choosing Option A (AC Hotel New York Times Square) for a
13496,B,Option B is a good balance between price and amenities while also offering free can
13497,A,I would recommend Option C - Four Seasons Hotel New York Downtown.
13498,C,Option A
13499,B,"Based on the information provided and considering factors such as location, guest review score"
13500,B,"Based on the information provided and considering factors such as star rating, guest review"
13501,B,"Based on the information provided and considering factors such as location, guest review score"
13502,B,"Based on the information provided and considering factors such as star rating, guest review"
13503,C,Option A would be my recommendation for a one-night stay in New York City
13504,C,I would recommend Option A - New York Marriott Marquis. It has
13505,A,C
13506,A,C
13507,A,I would recommend Option C - citizenM New York Times Square. It has
13508,A,I would recommend Option C (citizenM New York Times Square) for its
13509,A,I would recommend Option C - citizenM New York Times Square. Despite being
13510,A,I would recommend Option C - citizenM New York Times Square. It has
13511,C,Option A would be a good choice if you are looking for a more affordable
13512,B,Option B would be a great choice if budget is not an issue as it offers
13513,B,I would recommend Option B - The Langham New York Fifth Avenue. Despite
13514,B,"Based on the information provided and considering factors such as star rating, guest review"
13515,B,"Based on the information provided and considering factors such as star rating, guest review"
13516,B,Option B would be a great choice if budget is not an issue and you prefer
13517,B,"Based on the information provided and considering factors such as price, amenities,"
13518,A,I would recommend Option C - New Yorker by Lotte Hotels. It
13519,B,Option B
13520,A,I would recommend Option C - New Yorker by Lotte Hotels. It
13521,A,Option C would be a great choice for your one-night stay in New York
13522,C,Option A
13523,C,I would recommend Option A - The Peninsula New York. It has a
13524,B,"Based on the information provided and considering factors such as star rating, guest review"
13525,C,Option A
13526,C,I would recommend Option A - The Peninsula New York. It has a
13527,C,Option A
13528,B,"Based on the information provided and considering factors such as star rating, guest review"
13529,A,I would recommend Option C - Motto by Hilton New York City Chelse
13530,A,"I would recommend Option C for its combination of a high guest review score, free"
13531,A,I would recommend Option C - Motto by Hilton New York City Chelse
13532,A,C
13533,A,I would recommend Option C - Motto by Hilton New York City Chelse
13534,A,C
13535,B,Option B
13536,B,"Based on the information provided and considering factors such as star rating, guest review"
13537,B,Option B
13538,B,"Based on the information provided and considering factors such as star rating, guest review"
13539,B,"Based on the information provided and considering factors such as star rating, guest review"
13540,C,Option A would be a more budget-friendly choice for a one-night
13541,B,"Based on the information provided and considering factors such as location, guest review score"
13542,C,"I would recommend Option A - Wythe Hotel in Williamsburg, Brooklyn for"
13543,A,I would recommend Option C - Hotel Scherman. It offers a higher guest review
13544,C,Option A
13545,C,"I would recommend Option A - Wythe Hotel in Williamsburg, Brooklyn."
13546,C,"I would recommend Option A - Wythe Hotel in Williamsburg, Brooklyn."
13547,B,I would recommend Option B - Nine Orchard. It has a higher
13548,B,I would recommend Option B - Nine Orchard. Although it is more
13549,A,I would recommend Option C - SpringHill Suites by Marriott Mid
13550,C,I would recommend Option A - Moxy NYC Chelsea. It
13551,B,I would recommend Option B - Nine Orchard. Despite being more expensive
13552,B,"Based on the information provided, I would recommend Option B - Nine Or"
13553,B,"Based on the information provided and considering factors such as star rating, guest review"
13554,C,Option A
13555,C,Option A would be a better choice for your one-night stay in New York
13556,C,Option A would be a good choice if you prioritize location and star rating
13557,C,I would recommend Option A - DoubleTree by Hilton New York Midtown Fif
13558,C,Option A would be a better choice for your one-night stay in New York
13559,A,I would recommend Option C - The Ludlow Hotel. It has a slightly higher
13560,C,"I would recommend Option A - Wythe Hotel in Williamsburg, Brooklyn for"
13561,A,I would recommend Option C - The Ludlow Hotel. It has a higher guest
13562,C,"I would recommend Option A - Wythe Hotel in Williamsburg, Brooklyn for"
13563,B,"Based on the information provided, I would recommend Option B - The Standard High"
13564,A,I would recommend Option C - The Ludlow Hotel. It offers a king room
13565,B,"Based on the information provided and considering factors such as star rating, guest review"
13566,C,Option A
13567,B,"Based on the information provided and considering factors such as location, guest review score"
13568,C,Option A
13569,B,"Based on the information provided and considering factors such as star rating, guest review"
13570,C,I would recommend Option A - The Rockaway Hotel & Spa. It has
13571,C,"Based on the information provided, I would recommend Option A - Fairfield Inn"
13572,B,"Based on the information provided, I would recommend Option B - Ace Hotel"
13573,B,"Based on the information provided, I would recommend Option B - Ace Hotel"
13574,B,"Based on the information provided, I would recommend Option B - Ace Hotel"
13575,B,"Based on the information provided, I would recommend Option B - Ace Hotel"
13576,B,"Based on the information provided, I would recommend Option B - Ace Hotel"
13577,C,Option A
13578,C,I would recommend choosing Option A - The Ritz-Carlton New York
13579,C,I would recommend choosing Option A - The Ritz-Carlton New York
13580,C,Option A
13581,C,"Based on the information provided, I would recommend Option A - The Ritz"
13582,B,"Based on the information provided and considering factors such as star rating, guest review"
13583,C,Option A
13584,B,"Based on the information provided and considering factors such as price, location, amen"
13585,C,Option A
13586,B,"Based on the information provided and considering factors such as location, guest review score"
13587,C,Option A
13588,B,"Based on the information provided and considering factors such as location, guest review score"
13589,A,I would recommend Option C - Nine Orchard. It has a high
13590,A,"Based on the information provided, I would recommend Option C (Nine Or"
13591,C,Option A
13592,C,I would recommend Option A - The Standard High Line. It has a higher star
13593,A,Option C would be a great choice if you're looking for a higher star
13594,A,I would recommend Option C - Nine Orchard. It has a higher
13595,B,"Based on the information provided and considering factors such as star rating, guest review"
13596,C,Option A would be my recommendation for a one-night stay in New York City
13597,C,Option A
13598,C,I would recommend Option A - The Greenwich Hotel. It has a higher star
13599,B,"Based on the information provided and considering factors such as star rating, guest review"
13600,B,"Based on the information provided and considering factors such as star rating, guest review"
