task_id,choice,raw_output
1,B,I would choose **Option B** for my hotel stay in New York City.
2,B,I would choose **Option B** for my hotel stay in New York City.
3,B,"I would recommend Option B. It offers a higher star rating, better amenities,"
4,B,I would choose **Option B** for my hotel stay in New York City.
5,B,I would choose **Option B** for my stay in New York City. The
6,B,"I would recommend Option B. It offers a higher star rating, better amenities,"
7,B,I would choose **Option B** for my hotel stay in New York City.
8,B,I would choose **Option B** for my stay in New York City. The
9,B,"I would recommend Option B, Equinox Hotel New York. It offers a superior"
10,B,I would choose Option B.
11,B,"I would recommend Option B, Equinox Hotel New York. It offers a superior"
12,B,"I would recommend Option B, Equinox Hotel New York. It offers a superior"
13,B,"I would recommend Option B, The Westin New York Grand Central. It offers"
14,B,I would recommend Option B. It offers a higher price per night ($32
15,B,"I would recommend Option B, The Westin New York Grand Central. It offers"
16,B,"I would recommend Option B.

**Step-by-Step Explanation:**

1."
17,B,I would choose **Option B** for my stay in New York City. The
18,A,I would choose **Option A** for my hotel room in New York City.
19,B,I would choose **Option B** for my stay in New York City. The
20,B,I would choose **Option B** for my stay in New York City. The
21,B,I would choose **Option B** for my hotel stay in New York City.
22,B,I would choose **Option B** for my hotel stay in New York City.
23,B,"I would recommend Option B, as it offers a higher star rating and better amenities"
24,B,I would choose **Option B** for my hotel stay in New York City.
25,B,I would choose **Option B** for my hotel stay in New York City.
26,B,"I would recommend Option B, as it offers a higher star rating (5 stars"
27,B,"I would recommend Option B, as it offers a higher star rating (5 stars"
28,B,"I would recommend Option B. It offers a higher star rating, more key amenities"
29,A,I would choose **Option A** for my hotel room in New York City.
30,B,I would choose **Option B** for my stay in New York City. The
31,B,"I would choose Option B.

**Reasoning:** 
- **Star Rating**:"
32,B,I would choose **Option B** for my stay in New York City. The
33,B,"I would choose Option B.

**Step-by-Step Explanation:**

1."
34,B,"I would choose Option B. It offers a higher star rating, better amenities,"
35,B,"I would choose Option B.

**Step-by-Step Explanation:**

1."
36,B,"I would choose Option B.

**Step-by-Step Explanation:**

1."
37,B,"I would choose Option B. It offers a higher star rating, better amenities,"
38,B,I would choose **Option B** for my stay in New York City. It
39,B,"I would choose Option B. It offers a higher star rating, better guest reviews"
40,B,"I would recommend Option B, Arlo NoMad. It offers a higher star"
41,B,I would choose **Option B** for my hotel stay in New York City.
42,B,I would choose **Option B** for my hotel stay in New York City.
43,B,I would choose **Option B** for my stay in New York City. The
44,B,I would choose **Option B** for my hotel stay in New York City.
45,B,"I would choose Option B.

**Reasoning:** 
- **Price Comparison**:"
46,B,I would choose **Option B** for my stay in New York City. The
47,B,"I would recommend Option B. It offers a higher star rating, better amenities,"
48,B,I would choose **Option B** for my stay in New York City. The
49,B,I would choose **Option B** for my stay in New York City. The
50,B,"I would choose Option B. It offers a higher star rating, better amenities,"
51,B,I would choose **Option B** for my stay in New York City. The
52,B,I would choose **Option B** for my hotel stay in New York City.
53,B,I would choose **Option B** for my stay in New York City. The
54,B,I would choose **Option B** for my stay in New York City. The
55,B,"I would choose Option B.

**Step-by-Step Explanation:**

1."
56,B,I would choose **Option B** for my stay in New York City. The
57,B,I would choose **Option B** for my stay in New York City. The
58,B,I would choose **Option B** for my stay in New York City. The
59,B,I would choose **Option B** for my stay in New York City. The
60,B,I would choose **Option B** for my stay in New York City. The
61,B,I would choose **Option B** for my hotel stay in New York City.
62,B,I would choose **Option B** for my hotel stay in New York City.
63,B,I would choose **Option B** for my hotel room in New York City.
64,B,I would choose **Option B** for my hotel stay in New York City.
65,B,I would choose **Option B** for my hotel booking in New York City.
66,B,I would choose **Option B** for my hotel booking in New York City.
67,B,I would choose **Option B** for my hotel booking in New York City.
68,B,I would choose **Option B** for my hotel stay in New York City.
69,B,"I would choose **Option B** because it offers a higher star rating, better"
70,B,I would choose **Option B** for my hotel stay in New York City.
71,B,I would choose **Option B** because it offers a higher price per night ($
72,B,I would choose **Option B** for my stay in New York City. The
73,B,I would choose **Option B** for my hotel stay in New York City.
74,B,I would choose Option B because it offers a superior stay in a higher-rated location
75,B,"I would choose Option B. It offers a superior room type, free WiFi,"
76,B,I would choose Option B. It offers a higher star rating and more amenities compared
77,B,I would choose **Option B** for my hotel stay in New York City.
78,B,"I would choose **Option B** because it offers a higher star rating, better"
79,B,I would choose **Option B** for my hotel stay in New York City.
80,B,I would choose **Option B** for my hotel stay in New York City.
81,B,"I would choose Option B, Mandarin Oriental New York, for its superior star rating"
82,B,I would choose Option B. It offers a higher star rating and more amenities compared
83,B,I would choose Option B because it offers a higher star rating (5 stars)
84,B,I would choose Option B. It offers a higher star rating (5 stars)
85,B,I would choose **Option B** for my hotel stay in New York City.
86,A,I would choose **Option A** for my hotel room in New York City.
87,B,I would choose **Option B** for my hotel stay in New York City.
88,A,I would choose **Option A** for my hotel room in New York City.
89,B,I would choose **Option B** for my stay in New York City. The
90,B,I would choose **Option B** for my stay in New York City. The
91,B,I would choose **Option B** for my stay in New York City. The
92,B,I would choose **Option B** for my hotel stay in New York City.
93,B,"I would choose Option B. It offers a higher star rating, better amenities,"
94,B,I would choose **Option B** for my hotel stay in New York City.
95,B,"I would choose Option B. It offers a higher star rating, better amenities,"
96,B,"I would recommend Option B. It offers a higher star rating, better amenities,"
97,B,"I would choose Option B because it offers a higher star rating, better neighborhood location"
98,B,I would choose **Option B** for my hotel stay in New York City.
99,B,I would choose **Option B** because it offers a higher price per night ($
100,B,I would choose **Option B** for my hotel stay in New York City.
101,B,I would choose **Option B** for my hotel stay in New York City.
102,B,I would choose **Option B** for my hotel stay in New York City.
103,B,I would choose **Option B** for my hotel stay in New York City.
104,B,I would choose **Option B** for my hotel stay in New York City.
105,B,I would choose **Option B** for my hotel stay in New York City.
106,B,I would choose **Option B** for my stay in New York City. The
107,B,I would choose **Option B** for my stay in New York City. The
108,B,I would choose **Option B** for my stay in New York City. It
109,A,I would choose **Option A** for my stay in New York City. The
110,B,I would choose Option B. It offers a better value for money and has higher
111,A,I would choose **Option A** for my stay in New York City. The
112,B,I would choose **Option B** for my stay in New York City. The
113,B,"I would choose Option B. It offers a higher star rating, better amenities,"
114,B,I would choose **Option B** for my hotel stay in New York City.
115,B,I would choose **Option B** for my hotel stay in New York City.
116,B,I would choose **Option B** for my stay in New York City. It
117,B,I would choose **Option B** for my hotel room in New York City.
118,B,I would choose **Option B** for my hotel stay in New York City.
119,B,I would choose **Option B** for my stay in New York City. The
120,B,I would choose **Option B** for my stay in New York City. It
121,B,I would choose **Option B** for my stay in New York City. The
122,B,I would choose **Option B** for my stay in New York City. The
123,B,"I would choose Option B. It offers a higher star rating, better amenities,"
124,B,I would choose **Option B** because it offers a higher price per night ($
125,B,"I would choose Option B. It offers a higher star rating, better amenities,"
126,B,"I would choose Option B. It offers a higher star rating, more amenities,"
127,B,"I would choose Option B. It offers a higher star rating, more amenities,"
128,B,"I would recommend Option B, New York Marriott Marquis, as it offers a"
129,B,I would choose **Option B** for my hotel stay in New York City.
130,B,"I would choose Option B because it offers a higher star rating, better amenities,"
131,B,"I would choose Option B, as it offers a higher price per night ($6"
132,B,I would choose **Option B** because it offers a higher price per night ($
133,A,I would choose **Option A** for my stay in New York City. The
134,B,I would choose **Option B** for my hotel stay in New York City.
135,B,I would choose **Option B** for my stay in New York City. The
136,A,I would choose **Option A** for my stay in New York City. The
137,B,I would choose **Option B** for my hotel stay in New York City.
138,B,I would choose **Option B** for my hotel stay in New York City.
139,A,I would choose **Option A** for my stay in New York City. The
140,A,I would choose **Option A** for my stay in New York City. The
141,B,I would choose **Option B** for my stay in New York City. The
142,B,I would choose **Option B** for my stay in New York City. The
143,B,I would choose **Option B** for my stay in New York City. The
144,B,I would choose **Option B** for my hotel stay in New York City.
145,B,I would choose **Option B** for my stay in New York City. The
146,B,I would choose **Option B** for my stay in New York City. The
147,B,I would choose **Option B** for my stay in New York City. The
148,A,I would choose **Option A** for my stay in New York City. The
149,B,I would choose **Option B** for my hotel stay in New York City.
150,B,I would choose Option B. The higher price of $791 for a
151,B,"I would recommend Option B. It offers a higher star rating, better amenities,"
152,B,"I would choose **Option B**.

**Step-by-Step Explanation:**"
153,B,"I would recommend Option B, as it offers a higher guest review score and better"
154,B,I would choose **Option B** for my stay at the hotel in New York
155,B,I would choose **Option B** for my stay at the hotel in New York
156,B,I would choose **Option B** for my stay in New York City. The
157,A,I would choose **Option A** for my stay at MOXY NYC Times Square
158,A,I would choose **Option A** for my stay in New York City. The
159,B,I would choose **Option B** for my stay in New York City. The
160,A,I would choose **Option A** for my stay at MOXY NYC Times Square
161,B,"I would choose Option B, InterContinental New York Times Square. It offers"
162,B,I would choose **Option B** for my hotel stay in New York City.
163,B,I would choose **Option B** for my stay in New York City. The
164,B,I would choose **Option B** for my stay in New York City. The
165,B,I would choose **Option B** for my stay in New York City. The
166,B,I would choose **Option B** for my stay in New York City. The
167,B,I would choose **Option B** for my stay in New York City. The
168,B,I would choose **Option B** for my stay in New York City. The
169,B,I would choose **Option B** for my hotel room in New York City.
170,A,I would choose **Option A** for my stay in New York City. The
171,A,I would choose **Option A** for my stay in New York City. The
172,B,I would choose **Option B** for my stay in New York City. The
173,A,I would choose **Option A** for my hotel room in New York City.
174,B,I would choose **Option B** for my hotel stay in New York City.
175,B,I would choose **Option B** for my hotel stay in New York City.
176,B,I would choose Option B. It offers better amenities and a higher guest review score
177,B,"I would choose Option B. It offers a higher star rating, better amenities,"
178,B,"I would choose Option B. It offers a higher star rating, better amenities,"
179,B,I would choose **Option B** for my hotel stay in New York City.
180,B,I would choose **Option B** for my hotel stay in New York City.
181,B,I would choose **Option B** for my stay in New York City. The
182,B,I would choose **Option B** for my hotel stay in New York City.
183,B,"I would choose Option B. It offers a higher star rating, better amenities,"
184,B,I would choose Option B. It offers a higher price per night ($43
185,A,I would choose **Option A** for my hotel room in New York City.
186,A,I would choose **Option A** for my hotel room in New York City.
187,A,I would choose **Option A** for my hotel stay in New York City.
188,B,"I would choose Option B.

**Step-by-Step Explanation:**

1."
189,B,"I would recommend Option B, Hyatt Place New York/Chelsea. It offers"
190,A,I would choose **Option A** for my hotel room in New York City.
191,B,I would choose **Option B** for my hotel stay in New York City.
192,B,I would choose **Option B** for my hotel stay in New York City.
193,B,"I would choose Option B.

**Reasoning:** The 4-star hotel in"
194,B,I would choose **Option B** for my hotel stay in New York City.
195,B,I would choose **Option B** for my hotel stay in New York City.
196,B,"I would recommend Option B, The Wall Street Hotel. It offers a higher star"
197,B,I would choose **Option B** for my hotel stay in New York City.
198,B,"I would choose Option B, The Beekman, A Thompson Hotel. It"
199,B,I would choose **Option B** for my stay in New York City. The
200,B,"I would choose Option B. It offers a higher star rating, more key amenities"
201,A,I would choose **Option A** for my hotel room in New York City.
202,B,I would choose **Option B**. It offers a better value for money and
203,B,I would choose **Option B** for my hotel stay in New York City.
204,A,I would choose **Option A** for my hotel room in New York City.
205,B,I would choose **Option B** for my hotel stay in New York City.
206,B,I would choose **Option B** for my hotel stay in New York City.
207,B,I would choose **Option B** for my hotel stay in New York City.
208,B,"I would recommend Option B, The Renwick Hotel. It offers a higher star"
209,B,I would choose **Option B** for my hotel stay in New York City.
210,B,I would choose **Option B** for my hotel stay in New York City.
211,B,I would choose **Option B** for my hotel stay in New York City.
212,B,I would choose **Option B** for my hotel stay in New York City.
213,B,I would choose **Option B** for my hotel stay in New York City.
214,B,I would choose **Option B** for my hotel stay in New York City.
215,B,I would choose **Option B** for my stay in New York City. The
216,A,I would choose **Option A** for my hotel stay in New York City.
217,B,I would choose **Option B** for my hotel stay in New York City.
218,B,I would choose **Option B** for my hotel stay in New York City.
219,B,I would choose **Option B** for my hotel stay in New York City.
220,A,I would choose **Option A** for my hotel room in New York City.
221,B,I would choose **Option B** for my stay in New York City. The
222,B,I would choose **Option B** for my hotel stay in New York City.
223,B,I would choose **Option B** for my hotel stay in New York City.
224,B,I would choose **Option B** for my hotel stay in New York City.
225,B,"I would choose **Option B**.

**Step-by-Step Explanation:**"
226,B,I would choose **Option B** for my hotel stay in New York City.
227,B,I would choose **Option B** for my hotel stay in New York City.
228,B,I would choose **Option B** for my stay in New York City. The
229,B,"I would choose Option B. It offers a higher star rating, more reviews,"
230,B,"I would choose Option B. It offers a higher star rating, more reviews,"
231,B,"I would choose Option B. It offers a higher star rating, more reviews,"
232,B,I would choose **Option B** because it offers a higher star rating (4
233,B,I would choose **Option B** for my stay in New York City. The
234,B,I would choose **Option B** for my stay in New York City. The
235,B,I would choose **Option B** for my stay in New York City. The
236,B,I would choose **Option B** for my stay in New York City. The
237,B,I would choose **Option B** because it offers a lower price per night ($
238,B,I would choose **Option B** for my hotel stay in New York City.
239,B,I would choose **Option B** for my stay in New York City. The
240,A,I would choose **Option A** for my hotel stay in New York City.
241,B,I would choose **Option B** for my stay in New York City. The
242,B,I would choose **Option B** for my stay in New York City. The
243,B,I would choose **Option B** for my stay in New York City. The
244,B,I would choose **Option B** for my hotel stay in New York City.
245,B,I would choose **Option B** for my stay in New York City. The
246,B,I would choose **Option B** for my stay in New York City. The
247,B,"I would recommend Option B, The Whitby Hotel. It offers a superior king"
248,B,I would choose Option B. It offers a superior stay with a higher star rating
249,B,"I would choose Option B.

**Reasoning:** The Four Seasons Hotel New York"
250,B,"I would choose Option B, Four Seasons Hotel New York Downtown. It offers a"
251,B,"I would choose Option B.

**Reasoning:** The price per night for Option"
252,B,I would choose **Option B** for my stay in New York City. The
253,A,I would choose **Option A** for my stay in New York City. The
254,B,I would choose **Option B** for my stay in New York City. The
255,A,I would choose **Option A** for my stay in New York City. The
256,A,I would choose **Option A** for my stay in New York City. The
257,B,I would choose **Option B** for my hotel stay in New York City.
258,B,I would choose **Option B** for my hotel stay in New York City.
259,B,I would choose **Option B** for my hotel stay in New York City.
260,B,I would choose **Option B** for my hotel stay in New York City.
261,B,I would choose **Option B** for my hotel stay in New York City.
262,B,I would choose **Option B** for my stay in New York City. The
263,B,I would choose **Option B** for my stay in New York City. The
264,B,I would choose **Option B** for my hotel stay in New York City.
265,B,I would choose **Option B** for my hotel stay in New York City.
266,B,I would choose **Option B** for my hotel stay in New York City.
267,B,I would choose **Option B** for my stay in New York City. The
268,B,"I would choose **Option B**. It offers a higher star rating, better"
269,B,I would choose **Option B** for my stay in New York City. The
270,B,I would choose Option B. It offers a better value for your stay in New
271,B,I would choose **Option B** for my stay in New York City. The
272,B,I would choose **Option B** for my stay in New York City. The
273,B,I would choose **Option B** for my stay in New York City. The
274,B,I would choose **Option B** for my stay in New York City. The
275,B,I would choose **Option B** for my stay in New York City. The
276,B,I would choose **Option B** for my stay in New York City. The
277,B,I would recommend Option B. It offers a higher star rating and more amenities compared
278,B,I would recommend Option B. It offers a superior stay in a centrally located Mid
279,B,I would choose Option B. It offers a higher star rating and more amenities compared
280,B,I would choose **Option B** for my stay in New York City. The
281,B,I would choose **Option B** for my hotel stay in New York City.
282,B,I would choose **Option B** for my stay in New York City. The
283,B,I would choose **Option B** for my hotel stay in New York City.
284,B,I would choose **Option B** for my hotel stay in New York City.
285,B,I would choose **Option B** for my stay in New York City. The
286,B,"I would recommend Option B.

**Reasoning:** 
- **Star Rating**:"
287,B,"I would choose Option B.

**Reasoning:** 
- **Price Per Night"
288,B,"I would recommend Option B.

**Step-by-Step Explanation:**

1."
289,B,I would choose **Option B** for my stay in New York City. The
290,B,I would choose **Option B** for my stay in New York City. The
291,B,I would choose **Option B** for my stay in New York City. The
292,B,"I would choose Option B. It offers a higher star rating, better amenities,"
293,B,I would choose **Option B** for my hotel booking in New York City.
294,B,I would choose **Option B** for my hotel stay in New York City.
295,B,I would choose **Option B** for my hotel stay in New York City.
296,B,I would choose **Option B** for my hotel stay in New York City.
297,B,I would choose **Option B** for my hotel stay in New York City.
298,B,I would choose **Option B** for my hotel stay in New York City.
299,B,I would choose **Option B** for my hotel stay in New York City.
300,B,I would choose **Option B** for my hotel stay in New York City.
301,B,I would choose **Option B** for my stay in New York City. It
302,A,I would choose **Option A** for my hotel room in New York City.
303,B,"I would choose Option B.

**Reasoning:** 
- **Price Comparison**:"
304,A,I would choose **Option A** for my hotel booking in New York City.
305,B,I would choose **Option B** for my hotel stay in New York City.
306,B,I would choose **Option B** for my hotel stay in New York City.
307,B,I would choose **Option B** for my hotel stay in New York City.
308,B,I would choose **Option B** for my hotel stay in New York City.
309,A,I would choose **Option A** for my hotel room in New York City.
310,B,I would choose Option B. It offers a higher price per night ($35
311,B,"I would choose Option B. It offers better value for money and more amenities,"
312,A,I would choose **Option A** for my hotel room in New York City.
313,B,I would choose **Option B** for my hotel stay in New York City.
314,B,I would choose **Option B** for my hotel stay in New York City.
315,B,I would choose **Option B** for my hotel stay in New York City.
316,B,I would choose **Option B** for my hotel stay in New York City.
317,B,I would choose **Option B** for my stay in New York City. The
318,B,"I would choose Option B. It offers a higher star rating, better location in"
319,B,I would choose **Option B** for my stay in New York City. It
320,B,I would choose **Option B** for my hotel stay in New York City.
321,B,I would choose **Option B** for my hotel stay in New York City.
322,B,I would choose **Option B** for my hotel stay in New York City.
323,B,I would choose **Option B** for my stay in New York City. The
324,B,I would choose **Option B** for my stay in New York City. The
325,B,I would choose **Option B** for my stay in New York City. The
326,B,I would choose **Option B** for my hotel stay in New York City.
327,B,I would choose **Option B** for my hotel stay in New York City.
328,B,I would choose **Option B** for my stay in New York City. The
329,A,I would choose **Option A** for my hotel booking in New York City.
330,B,I would choose **Option B** for my hotel stay in New York City.
331,B,I would choose **Option B** for my stay in New York City. The
332,B,I would choose **Option B** for my stay in New York City. The
333,B,I would choose **Option B** for my hotel stay in New York City.
334,B,I would choose **Option B** because it offers a better price of $1
335,B,I would choose **Option B** for my hotel stay in New York City.
336,A,I would choose **Option A** for my hotel booking in New York City.
337,B,I would choose **Option B** for my stay in New York City. The
338,A,I would choose **Option A** for my stay in New York City. The
339,A,I would choose **Option A** for my stay in New York City. The
340,B,I would choose **Option B** for my stay in New York City. The
341,B,I would choose **Option B** for my stay in New York City. The
342,B,I would choose **Option B** for my stay in New York City. The
343,A,I would choose **Option A** for my stay in New York City. The
344,B,I would choose **Option B** for my stay in New York City. The
345,B,I would choose **Option B** for my hotel stay in New York City.
346,B,I would choose **Option B** for my hotel stay in New York City.
347,B,I would choose **Option B** for my hotel stay in New York City.
348,B,I would choose **Option B** for my hotel stay in New York City.
349,B,"I would choose Option B. It offers a higher star rating, better amenities,"
350,B,I would choose **Option B** because it offers a higher star rating (4
351,B,I would choose **Option B** because it offers a higher star rating of
352,B,"I would choose Option B. It offers a higher star rating, better amenities,"
353,A,I would choose **Option A** for my stay in New York City. The
354,B,I would choose **Option B** for my stay in New York City. The
355,B,I would choose **Option B** for my stay in New York City. The
356,B,I would choose **Option B** for my stay in New York City. The
357,B,I would choose **Option B** for my stay in New York City. The
358,B,I would choose **Option B** for my hotel stay in New York City.
359,B,"I would choose **Option B**.

**Step-by-Step Explanation:**"
360,B,I would choose **Option B** for my hotel stay in New York City.
361,B,I would choose **Option B** for my hotel stay in New York City.
362,B,I would choose **Option B** for my hotel stay in New York City.
363,B,I would choose **Option B** for my hotel stay in New York City.
364,B,I would choose **Option B** for my hotel stay in New York City.
365,B,I would choose **Option B** for my stay in New York City. The
366,B,I would choose **Option B** for my stay in New York City. The
367,B,"I would recommend Option B, as it offers a slightly better price and more convenient"
368,B,I would choose **Option B** for my stay in New York City. The
369,B,I would choose **Option B** for my stay in New York City. The
370,B,I would choose **Option B** for my stay in New York City. The
371,B,I would choose **Option B** for my stay in New York City. The
372,B,I would choose **Option B** for my stay in New York City. The
373,B,I would choose **Option B** for my hotel stay in New York City.
374,B,I would choose **Option B** for my hotel stay in New York City.
375,A,I would choose **Option A** for my hotel room in New York City.
376,B,I would choose **Option B** for my hotel stay in New York City.
377,B,I would choose **Option B** for my stay in New York City. The
378,B,I would choose **Option B** for my hotel stay in New York City.
379,B,I would choose **Option B** for my hotel stay in New York City.
380,B,I would choose **Option B** for my hotel stay in New York City.
381,B,I would choose **Option B** for my hotel stay in New York City.
382,B,I would choose **Option B** because it offers a higher price per night ($
383,B,I would choose **Option B** because it offers a higher star rating (4
384,B,I would choose **Option B** for my hotel stay in New York City.
385,B,"I would choose Option B. It offers a superior room type, free WiFi,"
386,B,I would recommend Option B. It offers a higher star rating and more amenities compared
387,B,I would choose Option B. It offers a superior king room at a significantly lower
388,B,"I would recommend Option B. It offers a superior room type, free breakfast,"
389,B,I would choose **Option B** for my hotel stay in New York City.
390,B,I would choose **Option B** for my hotel stay in New York City.
391,B,I would choose **Option B** for my hotel stay in New York City.
392,B,I would choose **Option B** for my hotel stay in New York City.
393,B,I would choose **Option B** for my stay in New York City. The
394,A,I would choose **Option A** for my stay in New York City. The
395,A,I would choose **Option A** for my stay in New York City. The
396,A,I would choose **Option A** for my hotel stay in New York City.
397,B,I would choose **Option B** for my stay in New York City. The
398,A,I would choose **Option A** for my stay in New York City. The
399,B,I would choose **Option B** for my stay in New York City. The
400,B,I would choose **Option B** for my hotel stay in New York City.
401,B,I would choose **Option B** for my stay in New York City. The
402,B,I would choose **Option B** for my stay in New York City. The
403,B,I would choose **Option B** for my hotel stay in New York City.
404,B,I would choose **Option B** for my stay in New York City. The
405,B,I would choose **Option B** for my stay in New York City. The
406,B,I would choose **Option B** for my hotel stay in New York City.
407,B,I would choose **Option B** for my hotel stay in New York City.
408,B,"I would recommend Option B, The Ned NoMad, as it offers a higher"
409,B,"I would recommend Option B, as it offers a higher price per night ($3"
410,B,"I would recommend Option B, as it offers a slightly better price and more amenities"
411,B,I would choose **Option B** for my hotel stay in New York City.
412,A,"I would recommend Option A, the Hilton Garden Inn New York/West 3"
413,B,I would choose **Option B** for my hotel stay in New York City.
414,B,I would choose **Option B** for my hotel stay in New York City.
415,B,"I would recommend Option B.

**Step-by-Step Explanation:**

1."
416,B,"I would recommend Option B.

**Step-by-Step Explanation:**

1."
417,B,"I would recommend Option B.

**Reasoning:** 
- **Price Comparison**:"
418,B,I would choose **Option B** for my hotel stay in New York City.
419,B,"I would recommend Option B.

**Step-by-Step Explanation:**

1."
420,B,"I would recommend Option B.

**Reasoning:** 
- **Price Comparison**:"
421,B,I would choose **Option B** for my hotel stay in New York City.
422,B,I would choose **Option B** for my hotel stay in New York City.
423,B,I would choose **Option B** for my hotel stay in New York City.
424,B,I would choose **Option B** for my hotel stay in New York City.
425,B,I would choose **Option B** for my stay in New York City. The
426,B,I would choose **Option B** for my hotel stay in New York City.
427,B,I would choose **Option B** for my stay in New York City. The
428,B,I would choose **Option B** for my stay in New York City. The
429,B,I would choose **Option B** for my hotel stay in New York City.
430,B,I would choose **Option B** for my hotel stay in New York City.
431,B,I would choose **Option B** for my hotel stay in New York City.
432,B,I would choose **Option B** for my hotel stay in New York City.
433,B,I would choose **Option B** for my hotel stay in New York City.
434,B,I would choose **Option B** for my hotel booking in New York City.
435,B,I would choose **Option B** for my hotel stay in New York City.
436,B,I would choose **Option B** for my hotel booking in New York City.
437,B,I would choose **Option B** for my hotel stay in New York City.
438,A,I would choose **Option A** for my hotel room in New York City.
439,A,I would choose **Option A** for my hotel room in New York City.
440,B,I would choose **Option B** for my hotel stay in New York City.
441,B,I would choose **Option B** for my hotel stay in New York City.
442,B,I would choose **Option B** for my hotel stay in New York City.
443,B,I would choose **Option B** for my hotel stay in New York City.
444,B,I would choose **Option B** for my hotel stay in New York City.
445,A,I would choose **Option A** for my hotel stay in New York City.
446,A,I would choose **Option A** for my hotel room in New York City.
447,B,I would choose **Option B** for my stay in New York City. The
448,B,I would choose **Option B** for my stay in New York City. The
449,B,I would choose **Option B** because it offers a lower price per night ($
450,B,I would choose **Option B** for my hotel stay in New York City.
451,B,I would choose **Option B** for my hotel stay in New York City.
452,B,I would choose **Option B** for my hotel stay in New York City.
453,B,I would choose **Option B** for my hotel room in New York City.
454,B,I would choose **Option B** because it offers a better price of $1
455,B,I would choose **Option B** because it offers a better price of $2
456,B,I would choose **Option B** for my hotel room in New York City.
457,B,I would choose **Option B** for my hotel stay in New York City.
458,B,I would choose **Option B** for my hotel stay in New York City.
459,A,I would choose **Option A** for my hotel room in New York City.
460,B,I would choose **Option B** for my hotel stay in New York City.
461,B,I would choose **Option B** for my hotel stay in New York City.
462,B,I would choose **Option B** for my hotel stay in New York City.
463,B,I would choose **Option B** for my hotel stay in New York City.
464,B,I would choose **Option B** for my hotel stay in New York City.
465,A,I would choose **Option A** for my hotel room in New York City.
466,B,I would choose **Option B** for my hotel stay in New York City.
467,A,I would choose **Option A** for my hotel room in New York City.
468,B,I would choose **Option B** for my hotel stay in New York City.
469,B,I would choose Option B. The 5-star Greenwich Hotel offers a luxurious stay
470,B,I would recommend Option B. It offers a higher star rating and more amenities compared
471,B,I would choose **Option B** for my hotel stay in New York City.
472,B,I would choose **Option B** for my hotel stay in New York City.
473,A,I would choose **Option A** for my hotel room in New York City.
474,B,I would choose **Option B** for my hotel stay in New York City.
475,B,I would choose **Option B** for my hotel stay in New York City.
476,B,I would choose **Option B** for my hotel room in New York City.
477,B,I would choose **Option B** for my hotel stay in New York City.
478,B,I would choose **Option B** for my hotel stay in New York City.
479,B,I would choose **Option B** for my hotel stay in New York City.
480,B,I would choose **Option B** for my hotel stay in New York City.
481,B,I would choose **Option B** for my stay in New York City. The
482,B,I would choose **Option B** for my stay in New York City. The
483,B,I would choose **Option B** for my stay in New York City. The
484,B,I would choose **Option B** for my stay in New York City. The
485,B,I would choose **Option B** for my stay in New York City. The
486,B,I would choose **Option B** for my stay in New York City. Both
487,B,I would choose **Option B** for my stay in New York City. The
488,B,I would choose **Option B** for my stay in New York City. The
489,A,I would choose **Option A** for my stay in New York City. The
490,A,I would choose **Option A** for my stay in New York City. The
491,B,I would choose **Option B** for my hotel stay in New York City.
492,B,I would choose **Option B** for my stay in New York City. Both
493,B,I would choose **Option B** for my hotel stay in New York City.
494,A,I would choose **Option A** for my hotel stay in New York City.
495,B,I would choose **Option B** for my hotel stay in New York City.
496,A,I would choose **Option A** for my stay in New York City. The
497,B,I would choose **Option B** for my stay in New York City. The
498,B,I would choose **Option B** for my stay in New York City. The
499,B,"I would choose Option B.

**Reasoning:** 
- **Price Comparison**:"
500,B,I would choose **Option B** for my stay in New York City. The
501,B,I would choose **Option B** for my stay in New York City. The
502,B,I would choose **Option B** for my stay in New York City. The
503,B,I would choose **Option B** for my stay in New York City. The
504,B,I would choose **Option B** for my stay in New York City. The
505,A,I would choose **Option A** for my stay in New York City. The
506,A,I would choose **Option A** for my stay in New York City. The
507,B,I would choose **Option B** for my stay in New York City. The
508,A,I would choose **Option A** for my stay in New York City. The
509,B,I would choose **Option B** for my stay in New York City. The
510,B,I would choose **Option B** for my stay in New York City. The
511,B,I would choose **Option B** for my stay in New York City. The
512,B,I would choose **Option B** for my stay in New York City. The
513,B,I would choose **Option B** for my stay in New York City. The
514,B,I would choose **Option B** for my hotel stay in New York City.
515,B,"I would choose **Option B**.

**Step-by-Step Explanation:**"
516,B,I would choose **Option B** for my hotel stay in New York City.
517,B,"I would choose Option B. It offers a higher star rating, better amenities,"
518,B,I would choose Option B.
519,B,I would choose **Option B** for my stay in New York City. The
520,B,I would choose **Option B** for my hotel stay in New York City.
521,A,I would choose **Option A** for my stay in New York City. The
522,A,I would choose **Option A** for my stay in New York City. The
523,A,I would choose **Option A** for my stay in New York City. The
524,A,I would choose **Option A** for my stay in New York City. The
525,B,I would choose **Option B** for my hotel stay in New York City.
526,B,I would choose **Option B** for my hotel stay in New York City.
527,B,I would choose **Option B** for my stay in New York City. The
528,A,I would choose **Option A** for my hotel stay in New York City.
529,B,I would choose **Option B** because it offers a better price of $2
530,B,I would choose **Option B** for my stay at AC Hotel New York Downtown
531,A,I would choose **Option A** for my stay at Park Central Hotel New York
532,B,I would choose **Option B** for my hotel stay in New York City.
533,A,I would choose **Option A** for my hotel stay in New York City.
534,B,I would choose **Option B** for my hotel stay in New York City.
535,B,I would choose **Option B** for my hotel stay in New York City.
536,B,I would choose **Option B** for my hotel stay in New York City.
537,B,I would choose **Option B** for my stay at the Best Western Plus Hospitality
538,B,I would choose **Option B** because it offers a lower price per night ($
539,B,I would choose **Option B** for my stay at the Best Western Plus Hospitality
540,B,"I would choose **Option B**.

**Step-by-Step Explanation:**"
541,A,I would choose **Option A** for my stay at the Park Central Hotel New
542,A,I would choose **Option A** for my stay at Park Central Hotel New York
543,A,I would choose **Option A** for my hotel stay in New York City.
544,A,I would choose **Option A** for my stay at the Park Central Hotel New
545,B,I would choose **Option B** for my hotel room in New York City.
546,A,I would choose **Option A** because it offers a better price per night ($
547,A,I would choose **Option A** for my hotel room in New York City.
548,B,I would choose **Option B** for my hotel room in New York City.
549,A,I would choose **Option A** for my hotel room in New York City.
550,A,I would choose **Option A** for my hotel room in New York City.
551,B,I would choose **Option B** for my hotel stay in New York City.
552,B,I would choose **Option B** for my stay in New York City. The
553,B,I would choose **Option B** for my hotel stay in New York City.
554,A,I would choose **Option A** because it offers a better value for your stay
555,B,I would choose **Option B** for my hotel stay in New York City.
556,B,"I would choose **Option B**.

**Step-by-Step Explanation:**"
557,A,I would choose **Option A** for my hotel room in New York City.
558,A,I would choose **Option A** for my hotel room in New York City.
559,B,I would choose **Option B** for my hotel room in New York City.
560,B,I would choose **Option B** for my hotel room in New York City.
561,A,I would choose **Option A** for my hotel room in New York City.
562,B,I would choose **Option B** for my hotel stay in New York City.
563,B,I would choose **Option B** for my stay in New York City. The
564,B,I would choose **Option B** because it offers a better price per night ($
565,A,I would choose **Option A** for my hotel room in New York City.
566,B,I would choose **Option B** for my hotel stay in New York City.
567,B,I would choose **Option B** for my hotel stay in New York City.
568,B,I would choose **Option B** for my hotel stay in New York City.
569,A,I would choose **Option A** for my hotel room in New York City.
570,B,I would choose **Option B** for my hotel room in New York City.
571,A,I would choose **Option A** for my hotel room in New York City.
572,B,I would choose **Option B** because it offers a better price of $2
573,A,I would choose **Option A** for my hotel room in New York City.
574,B,I would choose **Option B** for my stay in New York City. The
575,B,I would choose **Option B** for my stay in New York City. The
576,B,I would choose **Option B** for my stay in New York City. The
577,B,I would choose **Option B** for my hotel stay in New York City.
578,B,I would choose **Option B** for my hotel stay in New York City.
579,B,I would choose **Option B** for my hotel stay in New York City.
580,B,I would choose **Option B** for my stay in New York City. The
581,B,"I would recommend Option B, as it offers a higher star rating (5 stars"
582,B,I would choose **Option B** for my hotel stay in New York City.
583,B,I would choose **Option B** for my hotel stay in New York City.
584,B,I would choose **Option B** for my hotel stay in New York City.
585,B,I would choose **Option B** for my stay in New York City. The
586,B,I would choose **Option B** for my stay in New York City. The
587,A,I would choose **Option A** for my stay in New York City. The
588,B,"I would choose **Option B**.

**Step-by-Step Explanation:**"
589,B,I would choose **Option B** for my hotel stay in New York City.
590,B,I would choose **Option B** for my hotel stay in New York City.
591,B,I would choose **Option B** for my hotel stay in New York City.
592,B,I would choose **Option B** for my hotel stay in New York City.
593,B,"I would choose **Option B**.

**Step-by-Step Explanation:**"
594,B,"I would choose Option B.

**Reasoning:** 
- **Price Comparison**:"
595,B,I would choose **Option B** for my hotel stay in New York City.
596,B,I would choose **Option B** for my stay in New York City. The
597,B,I would choose **Option B** for my stay in New York City. The
598,B,I would choose **Option B** for my hotel stay in New York City.
599,B,I would choose **Option B**. It offers a lower price per night ($
600,B,I would choose **Option B** for my stay in New York City. The
601,B,I would choose **Option B** for my hotel stay in New York City.
602,B,"I would choose Option B.

**Step-by-Step Explanation:**

1."
603,B,"I would choose Option B.

**Reasoning:** 
- **Price Comparison**:"
604,B,I would choose Option B because it offers a higher star rating (5 stars vs
605,B,I would choose **Option B** for my hotel stay in New York City.
606,B,I would choose **Option B** for my hotel stay in New York City.
607,B,I would choose **Option B** for my hotel stay in New York City.
608,A,I would choose **Option A** for my hotel stay in New York City.
609,A,"I would choose Option A, MADE Hotel. It offers a better star rating of"
610,B,I would choose **Option B** for my hotel stay in New York City.
611,A,I would choose **Option A** for my hotel stay in New York City.
612,B,I would choose **Option B** because it offers a better price per night ($
613,A,I would choose **Option A** for my hotel stay in New York City.
614,B,I would choose **Option B** because it offers a lower price per night ($
615,B,I would choose **Option B** for my hotel stay in New York City.
616,B,I would choose **Option B** for my hotel stay in New York City.
617,B,"I would choose Option B.

**Step-by-Step Explanation:**

1."
618,B,"I would recommend Option B.

**Step-by-Step Explanation:**

1."
619,B,I would choose **Option B** for my hotel stay in New York City.
620,B,I would choose **Option B** for my hotel stay in New York City.
621,A,I would choose **Option A** for my hotel room in New York City.
622,B,I would choose **Option B** for my hotel stay in New York City.
623,B,I would choose **Option B** for my hotel room in New York City.
624,B,I would choose **Option B** for my hotel booking in New York City.
625,B,I would choose **Option B** for my hotel stay in New York City.
626,A,I would choose **Option A** for my hotel room in New York City.
627,A,I would choose **Option A** for my hotel room in New York City.
628,A,"I would choose Option A. It offers a higher star rating, better neighborhood location"
629,B,I would choose **Option B** for my hotel stay in New York City.
630,A,I would choose **Option A** for my hotel room in New York City.
631,A,I would choose **Option A** for my hotel room in New York City.
632,B,I would choose **Option B** for my hotel room in New York City.
633,B,I would choose **Option B** for my hotel stay in New York City.
634,B,I would choose **Option B** because it offers a better price per night ($
635,B,I would choose **Option B** for my hotel stay in New York City.
636,A,I would choose **Option A** for my hotel room in New York City.
637,B,I would choose **Option B** for my hotel stay in New York City.
638,A,I would choose **Option A** for my hotel stay in New York City.
639,B,I would choose **Option B** for my hotel stay in New York City.
640,B,I would choose **Option B** for my hotel stay in New York City.
641,B,I would choose **Option B** for my hotel stay in New York City.
642,A,I would choose **Option A** for my hotel stay in New York City.
643,A,I would choose **Option A** for my hotel room in New York City.
644,B,I would choose **Option B** for my hotel stay in New York City.
645,B,I would choose **Option B** for my hotel stay in New York City.
646,B,I would choose **Option B** for my hotel stay in New York City.
647,B,I would choose **Option B** for my hotel stay in New York City.
648,B,I would choose **Option B** for my hotel stay in New York City.
649,A,I would choose **Option A** for my hotel stay in New York City.
650,B,I would choose **Option B** for my hotel stay in New York City.
651,B,I would choose **Option B** for my hotel stay in New York City.
652,B,I would choose **Option B** for my hotel stay in New York City.
653,B,I would choose **Option B** for my stay in New York City. The
654,B,I would choose **Option B** for my stay in New York City. The
655,B,I would choose **Option B** for my stay in New York City. The
656,B,I would choose **Option B** for my stay in New York City. The
657,A,I would choose **Option A** for my hotel room in New York City.
658,B,I would choose **Option B** for my hotel stay in New York City.
659,B,I would recommend Option B. It offers better amenities and a higher guest review score
660,A,I would choose **Option A** for my hotel stay in New York City.
661,B,I would choose **Option B** for my stay at the Crosby Street Hotel in
662,B,"I would choose Option B. It offers a higher star rating, better amenities,"
663,B,I would choose Option B. It offers a higher star rating and better amenities compared
664,B,I would choose **Option B** for my stay at Crosby Street Hotel in New
665,B,I would choose **Option B** for my hotel stay in New York City.
666,B,I would choose **Option B** because it offers a lower price per night ($
667,B,I would choose **Option B** for my hotel stay in New York City.
668,B,I would choose **Option B** for my hotel stay in New York City.
669,B,I would choose **Option B** for my hotel booking in New York City.
670,B,I would choose **Option B** for my stay at the Hampton Inn Manhattan-
671,B,I would choose **Option B** for my hotel booking in New York City.
672,B,I would choose **Option B** for my hotel stay in New York City.
673,B,I would choose **Option B** for my hotel stay in New York City.
674,B,I would choose **Option B** for my hotel stay in New York City.
675,B,I would choose **Option B** for my hotel stay in New York City.
676,A,I would choose **Option A** for my hotel booking in New York City.
677,B,I would choose **Option B** for my hotel stay in New York City.
678,B,I would choose **Option B** because it offers a better price of $2
679,B,I would choose **Option B** for my stay at the DoubleTree by Hilton
680,A,I would choose **Option A** for my stay at the Bryant Park Hotel in
681,B,I would choose **Option B** because it offers a lower price per night ($
682,B,I would choose **Option B** for my stay at the Fairfield Inn & Suites
683,B,I would choose **Option B** for my hotel booking in New York City.
684,B,I would choose **Option B** for my stay at the Fairfield Inn & Suites
685,B,I would choose Option B because it offers a higher star rating (5 stars)
686,B,I would choose **Option B** for my hotel stay in New York City.
687,B,I would choose **Option B** for my stay at The St. Regis
688,B,I would choose **Option B** for my stay at The St. Regis
689,B,"I would choose Option B. It offers a higher star rating, better amenities,"
690,B,I would choose **Option B** for my stay in New York City. The
691,B,"I would recommend Option B, The Dominick Hotel. It offers a superior room"
692,B,I would choose **Option B** for my stay in New York City. The
693,B,I would choose **Option B** for my stay in New York City. The
694,B,I would choose **Option B** for my hotel stay in New York City.
695,B,I would choose **Option B** for my stay in New York City. The
696,B,I would choose **Option B** for my stay in New York City. The
697,B,I would choose **Option B** because it offers a better value for money and
698,B,"I would choose **Option B**.

**Step-by-Step Explanation:**"
699,B,I would choose **Option B** for my stay in New York City. The
700,B,I would choose **Option B** for my stay in New York City. The
701,B,I would choose **Option B** for my stay in New York City. The
702,B,I would choose Option B. It offers a higher star rating and better amenities compared
703,B,I would choose **Option B** for my stay in New York City. The
704,B,"I would choose Option B because it offers a higher price per night ($1,"
705,A,I would choose **Option A** for my stay in New York City. The
706,B,I would choose **Option B** for my stay in New York City. The
707,B,I would choose **Option B** for my hotel stay in New York City.
708,A,I would choose **Option A** for my hotel stay in New York City.
709,B,I would choose **Option B** for my hotel stay in New York City.
710,B,"I would choose **Option B**.

**Step-by-Step Explanation:**"
711,B,I would choose **Option B** for my hotel stay in New York City.
712,B,I would choose **Option B** for my hotel stay in New York City.
713,B,I would choose **Option B** for my hotel room in New York City.
714,B,I would choose **Option B** for my hotel room in New York City.
715,B,I would choose **Option B** for my stay in New York City. The
716,A,I would choose **Option A** for my stay in New York City. The
717,B,I would choose **Option B** for my hotel stay in New York City.
718,A,I would choose **Option A** for my hotel room in New York City.
719,A,I would choose **Option A** for my hotel room in New York City.
720,B,I would choose **Option B** for my hotel stay in New York City.
721,B,"I would recommend Option B, Mandarin Oriental New York. It offers a higher star"
722,B,"I would choose Option B.

**Reasoning:** 
- **Price Comparison**:"
723,B,I would choose Option B. It offers a higher star rating (5 stars)
724,B,"I would choose Option B, Mandarin Oriental New York. It offers a higher star"
725,B,I would choose **Option B** because it offers a better price of $3
726,B,I would choose **Option B** because it offers a better price of $3
727,B,I would choose **Option B** for my hotel room in New York City.
728,B,I would choose **Option B** because it offers a better price per night ($
729,B,I would choose **Option B** for my hotel stay in New York City.
730,B,I would choose **Option B** because it offers a lower price per night ($
731,B,I would choose **Option B** for my hotel stay in New York City.
732,B,I would choose **Option B** for my stay in New York City. The
733,B,I would choose **Option B** for my stay at The AC Hotel New York
734,A,I would choose **Option A** for my hotel stay in New York City.
735,B,I would choose **Option B** for my stay at The AC Hotel New York
736,B,I would choose **Option B** for my hotel stay in New York City.
737,A,I would choose **Option A** for my stay at The Pearl Hotel New York
738,B,I would choose **Option B** for my stay at The Hoxton Williams
739,A,I would choose **Option A** for my stay at The Pearl Hotel New York
740,B,I would choose **Option B** for my stay at The Hoxton Williams
741,B,"I would recommend Option B.

**Step-by-Step Explanation:**

1."
742,B,I would choose **Option B** for my stay at the Conrad New York Mid
743,B,I would choose **Option B** for my hotel stay in New York City.
744,B,"I would recommend Option B, as it offers a higher star rating (5 stars"
745,B,I would choose **Option B** for my hotel stay in New York City.
746,B,"I would choose **Option B**.

**Step-by-Step Explanation:**"
747,B,"I would choose **Option B**.

**Step-by-Step Explanation:**"
748,B,"I would choose **Option B**.

**Step-by-Step Explanation:**"
749,B,I would choose **Option B** for my hotel stay in New York City.
750,B,I would choose **Option B** for my stay in New York City. The
751,A,I would choose **Option A** for my stay in New York City. The
752,B,I would choose **Option B** for my stay in New York City. The
753,B,I would choose **Option B** for my stay in New York City. The
754,B,I would choose **Option B** for my stay in New York City. The
755,B,I would choose **Option B** for my stay in New York City. The
756,B,I would choose Option B. It offers a higher star rating and better amenities compared
757,B,"I would recommend Option B, The Carlyle, A Rosewood Hotel. It"
758,B,I would choose **Option B** for my stay in New York City. The
759,B,I would choose **Option B** for my stay in New York City. The
760,B,I would choose **Option B** for my stay in New York City. The
761,B,I would choose **Option B** for my stay in New York City. The
762,B,I would choose **Option B** for my stay in New York City. The
763,B,I would choose **Option B** for my hotel stay in New York City.
764,B,I would choose **Option B** for my hotel stay in New York City.
765,B,I would choose **Option B** for my stay in New York City. The
766,B,I would choose **Option B** for my hotel stay in New York City.
767,A,I would choose **Option A** for my stay in New York City. The
768,B,I would choose **Option B** for my stay in New York City. The
769,B,I would choose **Option B** for my stay in New York City. The
770,B,I would choose **Option B** for my stay in New York City. The
771,A,I would choose **Option A** for my stay in New York City. The
772,B,I would choose **Option B** for my stay in New York City. The
773,B,I would choose **Option B** for my stay in New York City. The
774,B,I would choose **Option B** for my stay in New York City. The
775,B,I would choose **Option B** for my stay in New York City. The
776,B,I would choose **Option B** for my stay in New York City. The
777,B,I would choose **Option B** for my stay in New York City. The
778,B,I would choose **Option B** for my stay in New York City. The
779,B,I would choose **Option B** for my stay in New York City. The
780,A,I would choose **Option A** for my stay in New York City. The
781,B,I would choose **Option B** for my stay in New York City. The
782,A,I would choose **Option A** for my stay in New York City. The
783,A,I would choose **Option A** for my stay in New York City. The
784,B,I would choose **Option B** for my stay in New York City. The
785,B,I would choose **Option B** for my stay in New York City. The
786,B,I would choose **Option B** for my hotel stay in New York City.
787,B,I would choose **Option B** for my hotel booking in New York City.
788,B,I would choose **Option B**. It offers a better value for money and
789,B,I would choose **Option B** for my stay in New York City. The
790,B,I would choose **Option B** for my stay in New York City. The
791,B,I would choose **Option B** for my stay in New York City. The
792,B,I would choose **Option B** for my stay in New York City. The
793,A,I would choose **Option A** for my stay in New York City. The
794,A,I would choose **Option A** for my stay in New York City. The
795,A,I would choose **Option A** for my hotel room in New York City.
796,A,I would choose **Option A** for my hotel room in New York City.
797,B,I would choose **Option B** for my stay in New York City. The
798,B,"I would recommend Option B, as it offers a higher star rating and better value"
799,B,"I would recommend Option B.

**Step-by-Step Explanation:**

1."
800,A,I would choose **Option A** for my stay in New York City. The
801,B,I would choose **Option B** for my hotel booking in New York City.
802,B,I would choose **Option B** for my hotel stay in New York City.
803,B,I would choose **Option B** for my hotel stay in New York City.
804,B,I would choose **Option B** for my hotel stay in New York City.
805,A,I would choose **Option A** for my hotel stay in New York City.
806,A,I would choose **Option A** for my hotel room in New York City.
807,B,"I would choose Option B, New York Marriott Downtown. It offers better amenities like"
808,B,I would choose **Option B** because it offers a better price per night ($
809,B,I would choose **Option B** for my stay in New York City. The
810,B,I would choose **Option B** for my stay in New York City. The
811,B,I would choose **Option B**. It offers a lower price and better amenities
812,B,I would choose **Option B** for my stay in New York City. The
813,B,I would choose **Option B** for my hotel stay in New York City.
814,B,I would choose **Option B** for my hotel stay in New York City.
815,A,I would choose **Option A** for my hotel room in New York City.
816,B,I would choose **Option B** for my hotel stay in New York City.
817,B,I would choose Option B. The 5-star Carlyle hotel offers superior amenities
818,B,I would choose Option B. The 5-star Carlyle hotel offers superior amenities
819,B,"I would recommend Option B, The Carlyle, A Rosewood Hotel. It"
820,B,I would choose **Option B** for my stay in New York City. The
821,A,I would choose **Option A** for my hotel room in New York City.
822,A,I would choose **Option A** for my hotel room in New York City.
823,B,I would choose **Option B** for my hotel room in New York City.
824,A,I would choose **Option A** for my hotel room in New York City.
825,A,I would choose **Option A** for my hotel room in New York City.
826,A,"I would recommend Option A, New York Hilton Midtown. It offers a great"
827,A,I would choose **Option A** for my hotel booking in New York City.
828,B,I would choose **Option B** for my stay in New York City. The
829,B,I would choose **Option B** for my hotel stay in New York City.
830,B,I would choose **Option B** for my hotel stay in New York City.
831,B,I would choose **Option B** for my hotel stay in New York City.
832,A,I would choose **Option A** for my hotel room in New York City.
833,B,I would choose **Option B** because it offers a lower price per night ($
834,B,I would choose **Option B** for my hotel stay in New York City.
835,B,I would choose **Option B** because it offers a better price and more amenities
836,B,I would choose **Option B** for my hotel stay in New York City.
837,B,I would choose **Option B** for my hotel stay in New York City.
838,B,I would choose **Option B** for my hotel stay in New York City.
839,B,I would choose **Option B** for my hotel stay in New York City.
840,B,I would choose **Option B** for my hotel stay in New York City.
841,B,I would choose **Option B** for my hotel stay in New York City.
842,B,I would choose **Option B** for my stay in New York City. The
843,B,I would choose **Option B** for my stay in New York City. The
844,B,I would choose **Option B** for my stay in New York City. The
845,B,I would choose **Option B** for my stay in New York City. The
846,A,I would choose **Option A** for this stay. It offers a better star
847,B,I would choose **Option B** for my stay in New York City. The
848,A,I would choose **Option A** for this stay. It offers a better star
849,B,I would choose **Option B** for my hotel stay in New York City.
850,B,I would choose **Option B** for my hotel stay in New York City.
851,A,I would choose **Option A** for my hotel stay in New York City.
852,A,I would choose **Option A** for my hotel stay in New York City.
853,A,I would choose **Option A** for my stay in New York City. The
854,A,I would choose **Option A** for my stay in New York City. The
855,B,I would choose **Option B** for my stay in New York City. The
856,B,I would choose **Option B** for my hotel stay in New York City.
857,B,I would choose **Option B** because it offers a better price of $2
858,A,I would choose **Option A** for my stay in New York City. The
859,B,I would choose **Option B** for my hotel stay in New York City.
860,B,I would choose **Option B** for my stay in New York City. The
861,B,I would choose **Option B** for my stay in New York City. The
862,B,I would choose **Option B** for my stay in New York City. The
863,B,I would choose **Option B** for my stay in New York City. The
864,B,I would choose **Option B** for my stay in New York City. The
865,B,I would choose **Option B** for my stay in New York City. The
866,B,I would choose **Option B** for my stay in New York City. The
867,B,I would choose **Option B** for my stay in New York City. The
868,B,I would choose **Option B** for my stay in New York City. The
869,A,I would choose **Option A** for my stay in New York City. The
870,A,I would choose **Option A** for my stay in New York City. The
871,B,I would choose **Option B** for my stay in New York City. The
872,B,I would choose **Option B** for my stay in New York City. The
873,B,I would choose **Option B** for my hotel stay in New York City.
874,A,I would choose **Option A** for my stay in New York City. The
875,A,I would choose **Option A** for my stay in New York City. The
876,B,I would choose **Option B** for my stay in New York City. The
877,B,I would choose **Option B** for my stay in New York City. The
878,A,I would choose **Option A** for my hotel room in New York City.
879,A,I would choose **Option A** for my stay in New York City. It
880,A,I would choose **Option A** for my stay in New York City. The
881,B,I would choose **Option B** for my hotel stay in New York City.
882,B,I would choose **Option B** for my hotel stay in New York City.
883,B,I would choose **Option B** because it offers a better price per night ($
884,B,I would choose **Option B** for my hotel stay in New York City.
885,A,I would choose **Option A** for my hotel booking in New York City.
886,B,I would choose **Option B** for my hotel stay in New York City.
887,B,I would choose **Option B** for my hotel stay in New York City.
888,A,I would choose **Option A** for my hotel booking in New York City.
889,B,I would choose Option B. It offers a higher price per night ($40
890,A,I would choose **Option A** for my hotel room in New York City.
891,B,I would choose **Option B** because it offers a lower price per night ($
892,B,I would choose **Option B** because it offers a lower price per night ($
893,B,"I would choose Option B.

**Reasoning:** 
- **Star Rating**:"
894,B,"I would choose Option B.

**Step-by-Step Explanation:**

1."
895,B,"I would choose Option B.

**Reasoning:** 
- **Price Comparison**:"
896,B,I would choose **Option B** for my hotel stay in New York City.
897,B,"I would choose Option B, The Mercer, as it offers a higher star rating"
898,B,"I would choose Option B, The Mercer, for its superior star rating and proximity"
899,B,I would choose **Option B** for my hotel stay in New York City.
900,B,"I would choose Option B, The Mercer. It offers a higher star rating and"
901,B,"I would choose **Option B**.

**Step-by-Step Explanation:**"
902,B,I would choose **Option B** for my hotel booking in New York City.
903,A,I would choose **Option A** for my stay in New York City. The
904,B,I would choose **Option B** for my stay in New York City. The
905,A,I would choose **Option A** because it offers a lower price per night ($
906,B,I would choose **Option B** for my hotel stay in New York City.
907,A,"I would choose Option A. It offers a higher quality of life, better amenities"
908,B,I would choose **Option B** for my stay in New York City. The
909,B,"I would choose Option B. It offers a higher star rating, better amenities,"
910,B,I would choose **Option B** for my stay in New York City. It
911,B,I would choose Option B. It offers a higher star rating (5 stars)
912,A,I would choose **Option A** for my stay in New York City. The
913,B,I would choose **Option B** for my hotel stay in New York City.
914,B,I would choose **Option B** for my hotel room in New York City.
915,B,"I would choose **Option B**. It offers a more comfortable stay, better"
916,B,I would choose **Option B** for my hotel stay in New York City.
917,A,I would choose **Option A** for my stay in New York City. It
918,B,I would choose **Option B**. It offers a lower price and better amenities
919,B,I would choose **Option B** for my hotel stay in New York City.
920,B,I would choose **Option B** for my stay in New York City. The
921,B,I would choose **Option B** for my hotel stay in New York City.
922,B,I would choose Option B because it offers a higher star rating (5 stars)
923,B,I would choose Option B. It offers a higher star rating (5 stars)
924,B,I would choose Option B because it offers a higher star rating (5 stars)
925,B,I would choose **Option B** for my hotel stay in New York City.
926,B,I would choose **Option B** for my hotel stay in New York City.
927,B,I would choose **Option B** for my hotel stay in New York City.
928,B,I would choose **Option B** for my hotel stay in New York City.
929,B,I would choose **Option B** for my stay in New York City. The
930,B,I would choose **Option B** for my stay in New York City. The
931,B,I would choose **Option B**. It offers a lower price and better amenities
932,B,I would choose **Option B** because it offers a lower price per night ($
933,B,I would choose **Option B** for my stay in New York City. The
934,B,I would choose **Option B** for my hotel stay in New York City.
935,B,I would choose **Option B** for my stay in New York City. The
936,B,I would choose **Option B** for my hotel stay in New York City.
937,B,"I would choose **Option B**.

**Step-by-Step Explanation:**"
938,B,I would choose **Option B** because it offers a better price per night ($
939,B,I would choose **Option B** because it offers a better price of $2
940,B,I would choose **Option B** because it offers a better price of $2
941,B,I would choose **Option B** for my stay in New York City. The
942,B,I would choose **Option B** for my stay in New York City. The
943,B,"I would choose Option B. It offers a higher price per night ($1,"
944,B,I would choose **Option B** for my stay in New York City. The
945,B,I would choose **Option B**. It offers a lower price per night ($
946,B,I would choose **Option B** for my hotel stay in New York City.
947,B,"I would choose **Option B**. It offers a more comfortable stay, better"
948,B,"I would choose **Option B**. It offers a more comfortable stay, better"
949,B,I would choose **Option B** because it offers a lower price per night ($
950,A,I would choose **Option A** for my stay in New York City. It
951,B,I would choose **Option B** because it offers a better price per night ($
952,A,I would choose **Option A** for this stay in New York City. It
953,B,I would choose **Option B** for my hotel stay in New York City.
954,B,"I would choose **Option B**.

**Step-by-Step Explanation:**"
955,B,I would choose **Option B** for my stay in New York City. The
956,B,I would choose **Option B** for my hotel stay in New York City.
957,B,I would choose **Option B**. It offers a better price and more amenities
958,B,I would choose **Option B** for my hotel stay in New York City.
959,B,"I would choose **Option B**. It offers a more comfortable stay, better"
960,B,I would choose **Option B**. It offers a lower price per night ($
961,B,I would choose Option B. It offers better value for money and a more comfortable
962,B,I would choose Option B. It offers a superior king room at a significantly lower
963,B,I would choose Option B. The Grand Deluxe King room at The St. Reg
964,B,I would choose **Option B** for my stay in New York City. The
965,B,I would choose **Option B** for my hotel stay in New York City.
966,A,I would choose **Option A** for my hotel room in New York City.
967,A,I would choose **Option A** for my hotel stay in New York City.
968,B,"I would choose Option B.

**Step-by-Step Explanation:**

1."
969,B,I would choose **Option B** for my hotel stay in New York City.
970,B,I would choose **Option B** for my hotel stay in New York City.
971,B,I would choose **Option B** for my hotel stay in New York City.
972,A,I would choose **Option A** for my hotel room in New York City.
973,A,I would choose **Option A** for my stay in New York City. The
974,B,I would choose **Option B** because it offers a lower price per night ($
975,B,I would choose **Option B** for my stay in New York City. It
976,B,I would choose **Option B** for my stay in New York City. The
977,A,I would choose **Option A** for my hotel room in New York City.
978,B,I would choose **Option B** for my hotel stay in New York City.
979,B,I would choose **Option B** for my hotel stay in New York City.
980,B,"I would choose **Option B**.

**Step-by-Step Explanation:**"
981,A,I would choose **Option A** for my hotel room in New York City.
982,A,I would choose Option A. It offers a higher quality of stay with a Sof
983,A,I would choose **Option A** for this stay. The Sofitel New York
984,A,I would choose **Option A** for my hotel room in New York City.
985,B,"I would choose **Option B**.

**Step-by-Step Explanation:**"
986,B,I would choose **Option B** for my hotel stay in New York City.
987,B,I would choose **Option B** for my hotel stay in New York City.
988,B,I would choose **Option B** for my hotel stay in New York City.
989,A,I would choose **Option A** for my hotel stay in New York City.
990,B,I would choose **Option B** for my stay in New York City. The
991,B,I would choose **Option B** for my stay in New York City. The
992,B,I would choose **Option B** for my stay in New York City. The
993,A,I would choose **Option A** for my stay in New York City. The
994,A,I would choose **Option A** for my hotel booking in New York City.
995,A,"I would choose Option A because it offers a better value for the price, including"
996,A,I would choose **Option A** for my stay in New York City. The
997,B,I would choose **Option B**. It offers a lower price per night ($
998,B,I would choose **Option B** for my stay in New York City. The
999,B,I would choose **Option B** for my stay in New York City. The
1000,B,I would choose **Option B** for my stay in New York City. The
1001,B,I would choose **Option B** for my stay in New York City. It
1002,A,I would choose **Option A** for my stay in New York City. The
1003,B,I would choose **Option B** for my stay in New York City. It
1004,B,I would choose **Option B** for my stay in New York City. The
1005,B,I would choose **Option B** for my hotel booking in New York City.
1006,B,I would choose **Option B** for my stay at the Hampton Inn Manhattan-Se
1007,B,I would choose **Option B** for my hotel booking in New York City.
1008,B,I would choose **Option B** for my stay at the Hampton Inn Manhattan-Se
1009,B,I would choose **Option B** because it offers a better price per night ($
1010,B,I would choose **Option B** because it offers a better price per night ($
1011,B,"I would choose **Option B**.

**Step-by-Step Explanation:**"
1012,B,I would choose **Option B**. It offers a more affordable price and better
1013,B,I would choose **Option B** for my stay at Pod Brooklyn. The lower
1014,B,I would choose **Option B** for my stay at Pod Brooklyn. The higher
1015,B,I would choose **Option B** for my stay at Pod Brooklyn. The lower
1016,A,I would choose **Option A** for my stay at The Dominick Hotel in
1017,B,I would choose **Option B** for my hotel booking in New York City.
1018,B,I would choose **Option B** for my stay at The Standard East Village in
1019,B,I would choose **Option B** for my stay at The Standard East Village in
1020,B,I would choose **Option B** for my stay at The Standard East Village in
1021,A,"I would choose Option A, The Dominick Hotel. It offers a superior king"
1022,A,I would choose **Option A** for my hotel stay in New York City.
1023,B,"I would choose Option B.

**Step-by-Step Explanation:**

1."
1024,A,I would choose Option A.
1025,B,I would choose **Option B** for my stay at the W New York -
1026,B,"I would choose **Option B**. It offers a more comfortable stay, better"
1027,B,I would choose **Option B** for my stay at the W New York -
1028,B,I would choose **Option B** because it offers a better price and more amenities
1029,B,I would choose **Option B** for my hotel stay in New York City.
1030,B,I would choose **Option B** because it offers a lower price per night ($
1031,B,I would recommend Option B. It offers a lower price and better amenities compared to
1032,B,I would choose **Option B** for my hotel stay in New York City.
1033,B,I would choose **Option B** because it offers a lower price per night ($
1034,B,I would choose **Option B** for my stay at the Walker Hotel Tribeca
1035,B,I would choose **Option B** for my stay at the Walker Hotel Tribeca
1036,B,I would choose **Option B** because it offers a lower price per night ($
1037,B,I would choose **Option B** for my stay in New York City. The
1038,B,I would choose **Option B** for my stay in New York City. The
1039,B,I would choose **Option B** for my stay in New York City. The
1040,B,"I would choose **Option B**.

**Step-by-Step Explanation:**"
1041,B,I would choose **Option B** for my hotel stay in New York City.
1042,B,I would choose **Option B** for my stay in New York City. The
1043,B,I would choose **Option B** for my hotel stay in New York City.
1044,B,I would choose **Option B** for my stay in New York City. The
1045,B,I would choose **Option B** for my stay in New York City. The
1046,B,I would choose **Option B** for my stay in New York City. The
1047,B,I would choose **Option B** for my stay in New York City. The
1048,B,"I would choose **Option B**.

**Step-by-Step Explanation:**"
1049,A,I would choose **Option A** for my stay in New York City. The
1050,A,I would choose **Option A** for my hotel room in New York City.
1051,A,I would choose **Option A** for my hotel room in New York City.
1052,B,"I would choose **Option B**.

**Step-by-Step Explanation:**"
1053,B,I would choose **Option B** for my stay in New York City. The
1054,B,I would choose **Option B** for my stay in New York City. The
1055,B,"I would choose Option B, Wyndham New Yorker Hotel. It offers a"
1056,B,I would choose **Option B** for my stay in New York City. Wy
1057,B,I would choose **Option B** for my stay in New York City. The
1058,B,I would choose **Option B** for my stay in New York City. The
1059,B,I would choose **Option B** for my stay in New York City. The
1060,B,I would choose **Option B** for my stay in New York City. The
1061,B,"I would choose **Option B**. It offers a more comfortable stay, better"
1062,B,I would choose **Option B** for my hotel stay in New York City.
1063,B,I would choose **Option B** for my stay in New York City. The
1064,B,I would choose **Option B** for my hotel stay in New York City.
1065,B,I would choose **Option B** for my stay in New York City. The
1066,B,I would choose **Option B** for my hotel stay in New York City.
1067,A,I would choose **Option A** for my hotel stay in New York City.
1068,B,I would choose **Option B** for my hotel stay in New York City.
1069,B,I would choose **Option B** for my stay in New York City. The
1070,B,I would choose **Option B** for my stay in New York City. The
1071,B,I would choose **Option B** for my stay in New York City. The
1072,B,I would choose **Option B** for my stay in New York City. The
1073,B,I would choose **Option B** for my stay in New York City. The
1074,B,I would choose **Option B** for my stay in New York City. The
1075,B,I would choose **Option B** for my stay in New York City. The
1076,B,I would choose **Option B** for my stay in New York City. The
1077,B,I would choose **Option B** for my stay in New York City. The
1078,B,I would choose Option B. It offers a more comfortable stay with better amenities and
1079,B,I would choose **Option B** for my stay in New York City. The
1080,B,I would choose **Option B** for my stay in New York City. The
1081,B,I would choose **Option B** for my stay in New York City. The
1082,B,I would choose **Option B** for my stay in New York City. The
1083,B,I would choose **Option B** for my stay in New York City. The
1084,B,I would choose **Option B** for my stay in New York City. The
1085,B,I would choose **Option B** for my hotel stay in New York City.
1086,B,"I would choose **Option B**. It offers a more comfortable stay, better"
1087,B,"I would choose Option B. It offers a more comfortable stay, better amenities,"
1088,B,I would choose **Option B** for my hotel stay in New York City.
1089,A,I would choose **Option A** for my hotel stay in New York City.
1090,B,I would choose **Option B** for my hotel stay in New York City.
1091,B,I would choose **Option B** for my stay in New York City. The
1092,A,I would choose **Option A** for my stay in New York City. The
1093,B,I would choose **Option B** for my stay in New York City. The
1094,B,I would choose **Option B** for my stay in New York City. The
1095,A,I would choose **Option A** for my stay in New York City. The
1096,B,"I would recommend Option B. It offers a higher star rating, more free amenities"
1097,B,I would choose **Option B** for my stay in New York City. The
1098,B,I would choose **Option B** because it offers a lower price per night ($
1099,B,I would choose **Option B** for my stay in New York City. The
1100,B,I would choose **Option B** for my stay in New York City. The
1101,B,I would choose **Option B** for my stay in New York City. The
1102,B,I would choose **Option B** for my stay in New York City. The
1103,B,I would choose **Option B** for this stay. The Pod Brooklyn hotel offers
1104,B,I would choose **Option B** for my stay in New York City. The
1105,B,I would recommend Option B. The Carlyle Rosewood Hotel offers a higher star
1106,B,I would choose Option B. The Carlyle Rosewood Hotel offers a superior experience
1107,B,"I would recommend Option B. The Carlyle, A Rosewood Hotel offers a"
1108,A,I would choose **Option A** for my stay in New York City. The
1109,B,I would choose **Option B** because it offers a lower price per night ($
1110,B,I would choose **Option B** for my stay in New York City. The
1111,B,"I would recommend Option B, Walker Hotel Tribeca. It offers a lower price"
1112,B,I would choose **Option B** for my stay in New York City. The
1113,B,I would recommend Option B. It offers a lower price per night ($16
1114,B,I would choose **Option B** for my stay in New York City. The
1115,B,I would choose **Option B** for my stay in New York City. The
1116,B,"I would choose **Option B**.

**Step-by-Step Explanation:**"
1117,B,I would choose **Option B** for my stay in New York City. The
1118,B,I would choose **Option B** for my stay in New York City. The
1119,B,I would choose **Option B** for my stay in New York City. The
1120,B,I would choose **Option B** for my stay in New York City. The
1121,B,I would choose **Option B** for my stay in New York City. The
1122,B,I would choose **Option B** for my hotel stay in New York City.
1123,B,I would choose **Option B** for my stay in New York City. The
1124,B,I would choose **Option B** for my stay in New York City. The
1125,B,I would choose **Option B** for my stay in New York City. The
1126,B,I would choose **Option B** for my hotel stay in New York City.
1127,B,I would choose **Option B** for my stay in New York City. The
1128,B,I would choose **Option B** for this stay. The price is significantly lower
1129,B,I would choose **Option B** for my stay at the Hampton Inn Manhattan-
1130,B,I would choose **Option B** for my hotel stay in Manhattan. The Hampton
1131,B,I would choose **Option B**. It offers a more affordable price and better
1132,B,I would choose **Option B** for my stay at the Hampton Inn Manhattan-
1133,B,I would choose **Option B** for my stay at the Crowne Plaza Times
1134,B,I would choose **Option B** because it offers a lower price per night ($
1135,B,I would choose **Option B** for my stay at the Crowne Plaza Times
1136,B,I would choose **Option B** for my stay at the Crowne Plaza Times
1137,B,I would choose **Option B** for my stay at Kimpton Muse Hotel in
1138,B,I would choose **Option B** for my stay at Kimpton Muse Hotel in
1139,B,I would choose **Option B** for my stay at Kimpton Muse Hotel in
1140,B,"I would choose Option B, Kimpton Muse Hotel. It offers a more comfortable"
1141,A,I would choose **Option A** for my hotel room in New York City.
1142,B,I would choose **Option B**. It offers a better price and more amenities
1143,B,I would choose **Option B** for my stay at the hotel in New York
1144,B,I would choose **Option B** for my stay at the 1 Hotel Central
1145,B,"I would choose **Option B** for my stay at The Carlyle, A"
1146,A,I would choose **Option A** for my stay at the Equinox Hotel New
1147,A,I would choose Option A.
1148,B,I would choose Option B. It offers better amenities and a higher star rating compared
1149,B,I would choose **Option B** for my stay in New York City. The
1150,B,I would choose **Option B** for my stay in New York City. The
1151,B,I would choose **Option B** for my stay in New York City. The
1152,B,I would choose **Option B** for my hotel stay in New York City.
1153,B,I would choose **Option B** for my stay in New York City. The
1154,A,I would choose **Option A** for my stay in New York City. The
1155,B,I would choose **Option B** for my stay in New York City. The
1156,B,I would choose **Option B** for my stay in New York City. The
1157,B,I would choose **Option B** for my hotel stay in New York City.
1158,B,I would choose **Option B** for my hotel stay in New York City.
1159,B,"I would choose **Option B**.

**Step-by-Step Explanation:**"
1160,B,I would choose **Option B** for my hotel stay in New York City.
1161,B,I would choose **Option B** for my hotel stay in New York City.
1162,B,I would choose **Option B** for my hotel stay in New York City.
1163,B,I would choose **Option B** for my hotel stay in New York City.
1164,B,I would choose **Option B** for my hotel stay in New York City.
1165,A,I would choose **Option A** for my hotel room in New York City.
1166,B,I would choose **Option B** for my hotel stay in New York City.
1167,A,I would choose **Option A** for my hotel room in New York City.
1168,B,I would choose **Option B** for my hotel stay in New York City.
1169,B,I would choose **Option B** for my hotel stay in New York City.
1170,B,I would choose **Option B** for my stay in New York City. The
1171,B,I would choose **Option B** for my hotel stay in New York City.
1172,B,I would choose **Option B** for my hotel stay in New York City.
1173,B,I would choose **Option B** for my hotel stay in New York City.
1174,B,I would choose **Option B** for my hotel stay in New York City.
1175,B,I would choose **Option B** for my hotel stay in New York City.
1176,B,I would choose **Option B** for my stay in New York City. The
1177,B,I would choose **Option B** for my hotel stay in New York City.
1178,B,I would choose **Option B** for my hotel stay in New York City.
1179,B,I would choose **Option B** for my hotel room in New York City.
1180,B,I would choose **Option B** for my hotel stay in New York City.
1181,B,"I would recommend Option B, The Greenwich Hotel. It offers a higher star rating"
1182,B,"I would recommend Option B. The Greenwich Hotel offers a higher star rating, better"
1183,B,I would choose **Option B** for my hotel stay in New York City.
1184,B,"I would recommend Option B. It offers a higher star rating, better amenities,"
1185,A,I would choose **Option A** for my stay in New York City. The
1186,B,I would choose **Option B** for my stay in New York City. The
1187,B,"I would recommend Option B.

**Step-by-Step Explanation:**

1."
1188,B,I would choose **Option B** for my stay in New York City. The
1189,B,I would choose **Option B** because it offers a lower price per night ($
1190,B,I would choose **Option B** for my hotel stay in New York City.
1191,B,I would choose **Option B** because it offers a lower price per night ($
1192,A,I would choose **Option A** for my stay in New York City. The
1193,B,I would choose **Option B** for my hotel stay in New York City.
1194,B,I would choose **Option B** for my hotel stay in New York City.
1195,B,I would choose **Option B** for my hotel stay in New York City.
1196,B,I would choose **Option B** for my hotel stay in New York City.
1197,B,I would choose **Option B** for my hotel stay in New York City.
1198,B,I would choose **Option B** for my hotel stay in New York City.
1199,B,I would choose **Option B** for my hotel stay in New York City.
1200,B,I would choose **Option B** for my hotel stay in New York City.
1201,B,I would choose **Option B** for my stay in New York City. The
1202,B,I would choose **Option B** for my stay in New York City. The
1203,A,I would choose **Option A** for my stay in New York City. The
1204,B,I would choose **Option B** for my stay in New York City. The
1205,B,I would choose **Option B** for my hotel stay in New York City.
1206,B,I would choose **Option B** for my hotel stay in New York City.
1207,B,I would choose **Option B** for my stay in New York City. The
1208,B,I would choose **Option B** for my stay in New York City. The
1209,A,I would choose **Option A** for my hotel room in New York City.
1210,B,I would choose **Option B** for my hotel stay in New York City.
1211,A,I would choose **Option A** for my hotel room in New York City.
1212,A,I would choose **Option A** for my hotel room in New York City.
1213,B,I would choose **Option B** for my hotel room in New York City.
1214,B,I would choose **Option B** for my hotel stay in New York City.
1215,B,I would choose **Option B** for my hotel stay in New York City.
1216,B,I would choose **Option B** for my hotel stay in New York City.
1217,B,I would choose **Option B** for my hotel stay in New York City.
1218,B,I would choose **Option B** for my hotel stay in New York City.
1219,A,I would choose **Option A** for my hotel room in New York City.
1220,B,I would choose **Option B** for my hotel stay in New York City.
1221,B,I would choose **Option B** for my hotel stay in New York City.
1222,B,I would choose **Option B** for my hotel stay in New York City.
1223,B,I would choose **Option B** for my hotel stay in New York City.
1224,B,I would choose **Option B** for my hotel stay in New York City.
1225,B,I would choose **Option B** for my hotel stay in New York City.
1226,B,I would choose **Option B** for my hotel stay in New York City.
1227,B,I would choose **Option B** for my hotel stay in New York City.
1228,B,I would choose **Option B** for my hotel stay in New York City.
1229,B,I would choose **Option B** for my hotel room in New York City.
1230,A,I would choose **Option A** for my hotel room in New York City.
1231,A,I would choose **Option A** for my hotel room in New York City.
1232,B,I would choose **Option B** for my hotel room in New York City.
1233,B,I would choose **Option B** for my hotel stay in New York City.
1234,B,I would choose **Option B** for my hotel stay in New York City.
1235,B,I would choose **Option B** for my hotel stay in New York City.
1236,A,I would choose **Option A** for my hotel room in New York City.
1237,B,I would choose **Option B** for my hotel stay in New York City.
1238,B,I would choose **Option B** for my hotel stay in New York City.
1239,B,I would choose **Option B** for my hotel stay in New York City.
1240,B,I would choose **Option B** for my hotel stay in New York City.
1241,A,I would choose **Option A** for my hotel room in New York City.
1242,B,"I would choose Option B. It offers a higher star rating, better amenities,"
1243,B,I would choose **Option B** for my hotel stay in New York City.
1244,B,I would choose **Option B** because it offers a better price of $2
1245,B,I would choose **Option B** for my hotel stay in New York City.
1246,B,"I would choose Option B. It offers a higher star rating, better amenities,"
1247,B,I would choose **Option B** because it offers a higher star rating (5
1248,B,I would choose **Option B** for my hotel stay in New York City.
1249,B,"I would recommend Option B.

**Step-by-Step Explanation:**

1."
1250,B,I would choose **Option B** for my stay at the Residence Inn New York
1251,A,I would choose **Option A** for my hotel stay in New York City.
1252,A,I would choose **Option A** for my hotel stay in New York City.
1253,B,I would choose **Option B** for my stay in New York City. The
1254,B,I would choose **Option B** for my stay in New York City. The
1255,B,I would choose **Option B** for my stay in New York City. The
1256,B,I would choose **Option B** for my stay in New York City. The
1257,B,"I would recommend Option B, NoMo SoHo. It offers a higher star"
1258,B,"I would recommend Option B, as it offers a higher star rating (4 stars"
1259,B,"I would recommend Option B.

**Step-by-Step Explanation:**

1."
1260,B,"I would recommend Option B, NoMo SoHo. It offers a higher star"
1261,B,I would choose **Option B** for my hotel stay in New York City.
1262,B,I would choose **Option B** for my stay in New York City. The
1263,B,I would choose **Option B** for my hotel stay in New York City.
1264,B,I would choose **Option B** for my stay at The Boro Hotel in
1265,B,I would choose **Option B** for my hotel stay in New York City.
1266,A,I would choose **Option A** for my hotel room in New York City.
1267,B,I would choose **Option B** for my hotel stay in New York City.
1268,B,I would choose **Option B** for my hotel stay in New York City.
1269,B,I would choose **Option B** for my hotel stay in New York City.
1270,B,"I would recommend Option B, as it offers a higher star rating (4 stars"
1271,B,"I would recommend Option B, as it offers a higher star rating (4 stars"
1272,B,I would choose **Option B** for my hotel stay in New York City.
1273,B,I would choose **Option B** for my hotel stay in New York City.
1274,B,I would choose **Option B** for my hotel stay in New York City.
1275,B,"I would recommend Option B.

**Reasoning:** 
- **Price Comparison**:"
1276,B,I would choose **Option B** for my hotel stay in New York City.
1277,B,"I would recommend Option B.

**Step-by-Step Explanation:**

1."
1278,B,I would choose **Option B** for my hotel stay in New York City.
1279,B,"I would recommend Option B.

**Reasoning:** 
- **Price Comparison**:"
1280,B,"I would recommend Option B.

**Reasoning:** 
- **Price:** Option"
1281,B,I would choose **Option B** for my hotel stay in New York City.
1282,B,I would choose **Option B** for my hotel stay in New York City.
1283,B,I would choose **Option B** for my hotel stay in New York City.
1284,B,I would choose **Option B** for my hotel stay in New York City.
1285,B,I would choose **Option B** for my hotel stay in New York City.
1286,B,"I would recommend Option B, InterContinental New York Barclay. It offers"
1287,B,"I would recommend Option B, InterContinental New York Barclay. It offers"
1288,B,I would choose **Option B** for my hotel stay in New York City.
1289,B,I would choose **Option B** for my hotel stay in New York City.
1290,B,I would choose **Option B** for my hotel stay in New York City.
1291,B,I would choose **Option B** for my hotel stay in New York City.
1292,B,I would choose **Option B** for my hotel stay in New York City.
1293,B,"I would choose Option B. It offers a higher star rating, better amenities,"
1294,B,"I would choose Option B. It offers a higher star rating, better amenities,"
1295,B,I would choose **Option B** for my hotel stay in New York City.
1296,B,I would choose **Option B** for my hotel stay in New York City.
1297,B,I would choose **Option B** for my hotel stay in New York City.
1298,B,I would choose **Option B** for my hotel stay in New York City.
1299,B,I would choose **Option B** for my hotel stay in New York City.
1300,B,I would choose **Option B** for my stay in New York City. The
1301,B,I would choose **Option B** for my stay in New York City. The
1302,B,I would choose **Option B** for my hotel stay in New York City.
1303,B,I would choose **Option B** for my stay in New York City. The
1304,B,I would choose **Option B** for my hotel stay in New York City.
1305,B,I would choose **Option B** for my stay in New York City. The
1306,A,I would choose **Option A** for my stay in New York City. The
1307,B,I would choose **Option B** for my stay in New York City. The
1308,B,I would choose **Option B** for my stay in New York City. The
1309,A,I would choose **Option A** for my hotel room in New York City.
1310,B,I would choose **Option B** for my hotel room in New York City.
1311,A,I would choose **Option A** for my hotel room in New York City.
1312,A,I would choose **Option A** for my hotel room in New York City.
1313,B,I would choose **Option B** for my hotel stay in New York City.
1314,A,I would choose **Option A** for my stay in New York City. The
1315,A,I would choose **Option A** for my hotel room in New York City.
1316,B,I would choose **Option B** for my hotel stay in New York City.
1317,A,I would choose **Option A** for my hotel room in New York City.
1318,A,I would choose **Option A** for my hotel room in New York City.
1319,B,I would choose **Option B** for my hotel room in New York City.
1320,A,I would choose **Option A** for my hotel room in New York City.
1321,B,I would choose **Option B** for my stay in New York City. The
1322,B,I would choose **Option B** for my stay in New York City. The
1323,B,I would choose **Option B** for my stay in New York City. The
1324,B,I would choose **Option B** for my stay in New York City. The
1325,B,I would choose **Option B** for my hotel room in New York City.
1326,B,I would choose **Option B** for my hotel room in New York City.
1327,B,I would choose **Option B** for my hotel room in New York City.
1328,A,I would choose **Option A** for my hotel room in New York City.
1329,B,I would choose **Option B** for my hotel stay in New York City.
1330,B,I would choose **Option B** for my hotel stay in New York City.
1331,B,I would choose **Option B** for my hotel stay in New York City.
1332,B,I would choose **Option B** for my hotel room in New York City.
1333,B,I would choose **Option B** for my hotel stay in New York City.
1334,B,I would choose **Option B** for my hotel stay in New York City.
1335,B,I would choose **Option B** for my hotel stay in New York City.
1336,B,"I would choose Option B.

**Reasoning:** 
- **Price Comparison**:"
1337,B,I would choose **Option B** for my hotel stay in New York City.
1338,B,I would choose **Option B** for my hotel stay in New York City.
1339,B,I would choose **Option B** for my hotel stay in New York City.
1340,B,I would choose **Option B** for my hotel stay in New York City.
1341,B,I would choose **Option B** for my hotel room in New York City.
1342,A,I would choose **Option A** for my hotel room in New York City.
1343,B,I would choose **Option B** for my hotel room in New York City.
1344,B,I would choose **Option B** for my hotel room in New York City.
1345,A,I would choose **Option A** for my hotel stay in New York City.
1346,A,I would choose **Option A** for my hotel room in New York City.
1347,A,I would choose **Option A** for my hotel room in New York City.
1348,B,I would choose **Option B** for my hotel stay in New York City.
1349,B,I would choose **Option B** for my hotel stay in New York City.
1350,B,I would choose **Option B** for my hotel stay in New York City.
1351,B,I would choose **Option B** for my hotel stay in New York City.
1352,B,I would choose **Option B** for my hotel stay in New York City.
1353,B,I would choose **Option B** for my hotel stay in New York City.
1354,A,I would choose **Option A** for my hotel room in New York City.
1355,B,I would choose **Option B** for my hotel stay in New York City.
1356,B,"I would choose Option B. It offers a higher star rating, better amenities,"
1357,B,I would choose Option B. The 5-star The Peninsula New York offers superior
1358,B,I would choose Option B. The superior king room at The Peninsula offers a more
1359,B,I would choose **Option B** for my stay in New York City. The
1360,B,I would choose Option B. It offers a higher star rating (5 stars)
1361,B,I would choose **Option B** for my stay in New York City. The
1362,B,I would choose **Option B** for my stay in New York City. The
1363,B,"I would choose Option B. It offers a higher star rating, better amenities,"
1364,B,I would choose **Option B** for my hotel stay in New York City.
1365,B,I would choose **Option B** for my hotel stay in New York City.
1366,B,I would choose **Option B** for my hotel stay in New York City.
1367,B,"I would choose Option B. It offers a higher star rating, better amenities,"
1368,B,"I would choose Option B.

**Step-by-Step Explanation:**

1."
1369,B,I would choose **Option B** for my hotel stay in New York City.
1370,B,"I would choose Option B.

**Reasoning:** 
- **Price Comparison**:"
1371,B,I would choose **Option B** for my hotel stay in New York City.
1372,B,I would choose **Option B** for my hotel stay in New York City.
1373,B,I would choose **Option B** for my hotel stay in New York City.
1374,A,I would choose **Option A** for my hotel room in New York City.
1375,A,I would choose **Option A** for my hotel stay in New York City.
1376,A,I would choose **Option A** for my hotel room in New York City.
1377,B,I would choose **Option B** for my hotel stay in New York City.
1378,A,I would choose **Option A** for my stay in New York City. The
1379,A,I would choose **Option A** for my hotel stay in New York City.
1380,B,I would choose **Option B** for my hotel stay in New York City.
1381,B,I would choose **Option B** for my stay in New York City. The
1382,B,I would choose **Option B** for my stay in New York City. The
1383,B,I would choose **Option B** for my hotel stay in New York City.
1384,B,I would choose **Option B** for my stay in New York City. The
1385,B,I would choose **Option B** for my hotel stay in New York City.
1386,B,I would choose **Option B** for my hotel stay in New York City.
1387,B,I would choose **Option B** for my hotel stay in New York City.
1388,B,I would choose **Option B** for my hotel stay in New York City.
1389,B,I would choose **Option B** because it offers a better price and more amenities
1390,A,I would choose **Option A** for my stay in New York City. The
1391,A,I would choose **Option A** for my stay in New York City. The
1392,A,I would choose **Option A** for my stay in New York City. The
1393,B,I would choose **Option B** for my hotel room in New York City.
1394,B,I would choose **Option B** because it offers a better price of $2
1395,B,I would choose **Option B** for my hotel stay in New York City.
1396,B,I would choose **Option B** for my hotel stay in New York City.
1397,B,I would choose **Option B** for my hotel stay in New York City.
1398,B,I would choose **Option B** for my hotel stay in New York City.
1399,B,I would choose **Option B** for my stay in New York City. The
1400,B,I would choose **Option B** for my hotel stay in New York City.
1401,A,I would choose **Option A** for my hotel room in New York City.
1402,B,I would choose **Option B** for my hotel stay in New York City.
1403,B,I would choose **Option B** because it offers a better price per night ($
1404,A,I would choose **Option A** for my hotel room in New York City.
1405,B,"I would recommend Option B.

**Step-by-Step Explanation:**

1."
1406,A,I would choose **Option A** for my hotel room in New York City.
1407,A,I would choose **Option A** for my hotel room in New York City.
1408,A,I would choose **Option A** for my hotel room in New York City.
1409,B,I would choose **Option B** for my hotel stay in New York City.
1410,B,I would choose **Option B** for my hotel stay in New York City.
1411,B,I would choose **Option B** for my hotel stay in New York City.
1412,B,I would choose **Option B** because it offers a lower price per night ($
1413,B,I would choose **Option B** for my hotel stay in New York City.
1414,B,I would choose **Option B** because it offers a lower price per night ($
1415,A,I would choose **Option A** for my stay in New York City. The
1416,B,I would choose **Option B** for my stay in New York City. The
1417,B,I would choose **Option B** for my hotel stay in New York City.
1418,B,I would choose **Option B** because it offers a lower price per night ($
1419,B,I would choose **Option B** for my stay in New York City. The
1420,B,I would choose **Option B** because it offers a lower price per night ($
1421,B,I would choose **Option B** for my stay in New York City. The
1422,B,I would choose **Option B** for my stay in New York City. The
1423,B,I would choose **Option B** for my stay in New York City. The
1424,B,"I would choose **Option B**.

**Step-by-Step Explanation:**"
1425,B,"I would choose **Option B**.

**Step-by-Step Explanation:**"
1426,B,I would choose **Option B**. It offers a better value for money and
1427,B,I would choose **Option B** for my hotel stay in New York City.
1428,B,I would choose **Option B** for my hotel stay in New York City.
1429,B,I would choose **Option B** for my stay in New York City. The
1430,B,I would choose **Option B** for my stay in New York City. The
1431,B,I would choose **Option B** because it offers a lower price per night ($
1432,B,I would choose **Option B** for my stay in New York City. The
1433,B,I would choose **Option B**. It offers a better price and more amenities
1434,B,I would choose **Option B** for my hotel stay in New York City.
1435,A,I would choose **Option A** for my hotel room in New York City.
1436,B,I would choose **Option B** because it offers a better price of $2
1437,B,"I would choose **Option B**.

**Step-by-Step Explanation:**"
1438,B,I would choose **Option B** because it offers a better price and more amenities
1439,B,I would choose **Option B** for my hotel stay in New York City.
1440,A,I would choose **Option A** for my hotel booking in New York City.
1441,B,I would choose **Option B** for my hotel stay in New York City.
1442,B,I would choose **Option B** for my hotel stay in New York City.
1443,B,I would choose **Option B** for my hotel stay in New York City.
1444,B,I would choose **Option B** for my stay at the Wyndham New
1445,B,"I would recommend Option B, HI New York City Hostel. It offers a"
1446,B,I would choose **Option B** for my stay in New York City. The
1447,B,I would choose **Option B** for my stay at the HI New York City
1448,B,I would choose **Option B** for my stay at the HI New York City
1449,B,I would choose **Option B** for my hotel stay in New York City.
1450,B,I would choose **Option B** for my hotel stay in New York City.
1451,B,I would choose **Option B** for my hotel stay in New York City.
1452,B,I would choose **Option B** for my hotel stay in New York City.
1453,B,I would choose **Option B** for my hotel stay in New York City.
1454,B,I would choose **Option B** for my hotel stay in New York City.
1455,B,I would choose **Option B** for my hotel stay in New York City.
1456,A,I would choose **Option A** for my hotel room in New York City.
1457,B,I would choose Option B. It offers a higher price per night ($60
1458,B,"I would choose Option B. It offers a higher star rating, better amenities,"
1459,B,I would choose **Option B** for my hotel stay in New York City.
1460,B,I would choose **Option B** for my stay in New York City. The
1461,B,"I would choose Option B. It offers a higher star rating, better amenities,"
1462,B,"I would choose Option B. It offers a higher star rating, better amenities,"
1463,B,I would choose **Option B** for my hotel stay in New York City.
1464,B,I would choose **Option B** for my stay in New York City. The
1465,B,I would choose **Option B** for my hotel stay in New York City.
1466,B,I would choose Option B. It offers a higher star rating (5 stars)
1467,B,I would choose Option B. It offers a higher star rating (5 stars)
1468,B,I would choose **Option B** for my hotel stay in New York City.
1469,B,I would choose **Option B** for my stay in New York City. The
1470,B,I would choose **Option B** for my hotel stay in New York City.
1471,B,I would choose **Option B** for my stay in New York City. The
1472,B,I would choose **Option B** for my stay in New York City. The
1473,B,I would choose **Option B** for my hotel stay in New York City.
1474,B,I would choose **Option B** for my hotel stay in New York City.
1475,B,I would choose **Option B** for my hotel stay in New York City.
1476,B,I would choose **Option B** for my hotel stay in New York City.
1477,B,I would choose **Option B** for my hotel stay in New York City.
1478,B,I would choose **Option B** for my hotel stay in New York City.
1479,B,I would choose **Option B** for my hotel stay in New York City.
1480,B,I would choose **Option B** for my hotel stay in New York City.
1481,B,I would choose **Option B** for my hotel stay in New York City.
1482,B,I would choose **Option B** for my hotel stay in New York City.
1483,B,I would choose **Option B** for my hotel stay in New York City.
1484,B,I would choose **Option B** because it offers a higher star rating (5
1485,B,"I would choose Option B.

**Step-by-Step Explanation:**

1."
1486,B,I would choose **Option B** for my hotel stay in New York City.
1487,B,I would choose **Option B** for my hotel stay in New York City.
1488,B,I would choose **Option B** for my hotel stay in New York City.
1489,B,"I would choose **Option B**.

**Step-by-Step Explanation:**"
1490,B,"I would choose **Option B**.

**Step-by-Step Explanation:**"
1491,B,I would choose **Option B** for my hotel stay in New York City.
1492,B,I would choose **Option B**. It offers a lower price per night ($
1493,B,I would choose **Option B**. It offers a higher star rating (5
1494,B,"I would choose Option B. It offers a higher star rating, better amenities,"
1495,B,I would choose **Option B** for my stay in New York City. The
1496,B,I would choose **Option B** for my stay in New York City. The
1497,B,I would choose **Option B** for my hotel stay in New York City.
1498,B,I would choose **Option B** for my hotel stay in New York City.
1499,B,I would choose **Option B** for my hotel stay in New York City.
1500,B,I would choose **Option B** for my hotel stay in New York City.
1501,B,I would choose **Option B** for my hotel stay in New York City.
1502,B,I would choose **Option B** for my hotel stay in New York City.
1503,B,I would choose **Option B** for my stay in New York City. The
1504,B,I would choose **Option B** for my hotel stay in New York City.
1505,B,I would choose **Option B** for my stay in New York City. The
1506,B,I would choose **Option B** for my stay in New York City. The
1507,A,I would choose **Option A** for my stay in New York City. The
1508,B,I would choose **Option B** for my hotel stay in New York City.
1509,B,"I would recommend Option B. It offers a higher star rating, better amenities,"
1510,B,"I would recommend Option B. It offers a higher star rating, better amenities,"
1511,A,I would choose **Option A** for my stay in New York City. The
1512,B,"I would choose **Option B**.

**Step-by-Step Explanation:**"
1513,B,I would choose **Option B** for my hotel stay in New York City.
1514,B,I would choose **Option B** for my hotel stay in New York City.
1515,B,I would choose **Option B** for my hotel stay in New York City.
1516,B,I would choose **Option B** for my stay in New York City. The
1517,B,I would choose **Option B** for my stay in New York City. The
1518,B,I would choose **Option B** for my hotel stay in New York City.
1519,B,I would choose **Option B** for my hotel stay in New York City.
1520,B,I would choose **Option B** for my hotel stay in New York City.
1521,B,I would choose **Option B** for my stay in New York City. The
1522,B,I would choose **Option B** for my hotel stay in New York City.
1523,A,I would choose **Option A** for my stay in New York City. The
1524,B,I would choose **Option B** for my stay in New York City. The
1525,B,I would choose **Option B** because it offers a better price of $2
1526,A,I would choose **Option A** because it offers a better value for your stay
1527,B,I would choose **Option B** because it offers a better price of $3
1528,B,I would choose **Option B** because it offers a better price of $2
1529,A,I would choose **Option A** for my hotel room in New York City.
1530,B,I would choose **Option B** for my hotel stay in New York City.
1531,B,I would choose **Option B** because it offers a better price per night ($
1532,A,I would choose **Option A** for my hotel room in New York City.
1533,B,I would choose **Option B** for my stay in New York City. The
1534,B,I would choose **Option B** for my stay in New York City. The
1535,B,I would choose **Option B**. It offers a lower price and better amenities
1536,B,I would choose **Option B**. It offers a lower price and better amenities
1537,B,I would choose **Option B** for my stay in New York City. The
1538,A,I would choose **Option A** for my hotel room in New York City.
1539,B,I would choose **Option B** for my stay in New York City. The
1540,B,I would choose **Option B** for my stay in New York City. The
1541,A,I would choose **Option A** for my stay in New York City. The
1542,B,I would choose **Option B** for my hotel stay in New York City.
1543,B,I would choose **Option B** for my hotel stay in New York City.
1544,B,I would choose **Option B** for my hotel stay in New York City.
1545,A,I would choose **Option A** for my stay in New York City. The
1546,A,I would choose **Option A** for my stay in New York City. The
1547,A,I would choose **Option A** for my stay in New York City. The
1548,B,I would choose **Option B** because it offers a better price per night ($
1549,B,I would choose **Option B** for my stay in New York City. The
1550,A,I would choose **Option A** for my stay in New York City. The
1551,A,I would choose **Option A** for my stay in New York City. The
1552,A,I would choose **Option A** for my stay in New York City. The
1553,B,"I would choose Option B. It offers a higher star rating, better amenities,"
1554,B,I would choose **Option B** for my hotel stay in New York City.
1555,B,"I would choose Option B. It offers a higher star rating, better amenities,"
1556,A,I would choose **Option A** for my stay in New York City. The
1557,B,I would choose **Option B** for my hotel stay in New York City.
1558,B,I would choose **Option B** for my hotel stay in New York City.
1559,B,I would choose **Option B** for my stay in New York City. The
1560,B,I would choose **Option B** for my hotel stay in New York City.
1561,B,I would choose **Option B** for my stay in New York City. The
1562,A,I would choose **Option A** for my hotel room in New York City.
1563,B,I would choose **Option B** because it offers a better price of $2
1564,A,I would choose **Option A** for my stay in New York City. The
1565,A,I would choose **Option A** for my stay in New York City. The
1566,A,I would choose **Option A** for my stay in New York City. The
1567,A,I would choose **Option A** for my stay in New York City. The
1568,B,"I would recommend Option B, The Bowery Hotel. It offers a higher star"
1569,B,I would choose **Option B** for my stay in New York City. The
1570,B,I would choose **Option B** for my stay in New York City. The
1571,B,I would choose **Option B** for this stay. The price is significantly lower
1572,A,I would choose **Option A** for my stay in New York City. The
1573,B,I would choose **Option B** for my stay in New York City. Mc
1574,B,I would choose **Option B** for my stay in New York City. Mc
1575,B,I would choose **Option B** for my stay in New York City. The
1576,A,I would choose **Option A** for my stay in New York City. The
1577,B,I would choose **Option B** for my stay in New York City. The
1578,B,I would choose **Option B** for my stay in New York City. The
1579,B,I would choose **Option B** for my stay in New York City. The
1580,B,I would choose **Option B** for my stay in New York City. The
1581,B,I would choose **Option B** for my stay in New York City. The
1582,B,I would choose **Option B** for my stay in New York City. The
1583,B,I would choose **Option B** for my stay in New York City. The
1584,B,I would choose **Option B** for my stay in New York City. The
1585,B,I would choose **Option B** for my hotel stay in New York City.
1586,B,I would choose **Option B** for my hotel stay in New York City.
1587,B,"I would choose Option B. It offers a higher star rating, better amenities,"
1588,B,I would choose **Option B** for my hotel stay in New York City.
1589,A,I would choose **Option A** for my hotel booking in New York City.
1590,B,I would choose **Option B** for my stay in New York City. The
1591,A,I would choose **Option A** for my hotel room in New York City.
1592,B,I would choose **Option B** for my hotel stay in New York City.
1593,A,I would choose **Option A** for my hotel booking in New York City.
1594,A,I would choose **Option A** for my hotel booking in New York City.
1595,A,I would choose **Option A** for my hotel room in New York City.
1596,A,I would choose **Option A** for my hotel room in New York City.
1597,B,I would choose **Option B** for my stay in New York City. The
1598,B,I would choose **Option B** for my stay in New York City. The
1599,B,I would choose **Option B** for my hotel stay in New York City.
1600,B,I would choose **Option B** for my stay in New York City. The
1601,B,I would choose **Option B** for my hotel stay in New York City.
1602,B,I would choose **Option B** for my hotel stay in New York City.
1603,B,I would choose **Option B** for my hotel stay in New York City.
1604,A,I would choose **Option A** for my hotel room in New York City.
1605,B,I would choose **Option B** for my hotel stay in New York City.
1606,B,"I would recommend Option B.

**Step-by-Step Explanation:**

1."
1607,B,I would choose **Option B** for my hotel stay in New York City.
1608,B,I would choose **Option B** for my hotel stay in New York City.
1609,A,I would choose **Option A** for my hotel room in New York City.
1610,B,I would choose **Option B** for my hotel stay in New York City.
1611,B,I would choose **Option B** for my hotel stay in New York City.
1612,A,I would choose **Option A** for my hotel room in New York City.
1613,B,I would choose **Option B** for my hotel stay in New York City.
1614,B,I would choose **Option B** for my hotel stay in New York City.
1615,A,I would choose **Option A** for my hotel stay in New York City.
1616,A,I would choose **Option A** for my hotel room in New York City.
1617,B,I would choose **Option B** for my hotel stay in New York City.
1618,B,I would choose **Option B** for my hotel stay in New York City.
1619,B,I would choose **Option B** for my hotel stay in New York City.
1620,B,I would choose **Option B** for my hotel stay in New York City.
1621,B,I would choose **Option B** for my hotel stay in New York City.
1622,A,I would choose **Option A** for my hotel room in New York City.
1623,A,I would choose **Option A** for my hotel room in New York City.
1624,A,I would choose **Option A** for my hotel room in New York City.
1625,B,I would choose **Option B** for my hotel stay in New York City.
1626,B,I would choose **Option B** for my hotel stay in New York City.
1627,B,I would choose **Option B** for my hotel stay in New York City.
1628,B,I would choose **Option B** for my hotel stay in New York City.
1629,B,I would choose **Option B** for my hotel room in New York City.
1630,B,I would choose **Option B** for my hotel stay in New York City.
1631,A,I would choose **Option A** for my hotel room in New York City.
1632,A,I would choose **Option A** for my hotel room in New York City.
1633,B,I would choose **Option B** for my stay in New York City. The
1634,B,I would choose **Option B** because it offers a lower price per night ($
1635,B,"I would choose **Option B**.

**Step-by-Step Explanation:**"
1636,B,I would choose **Option B** because it offers a lower price per night ($
1637,B,I would choose **Option B** for my hotel stay in New York City.
1638,A,I would choose **Option A** for my stay in New York City. The
1639,B,I would choose **Option B** because it offers a better price and more amenities
1640,B,I would choose **Option B** for my stay in New York City. The
1641,B,I would choose **Option B** for my hotel room in New York City.
1642,A,I would choose **Option A** for my hotel room in New York City.
1643,A,I would choose **Option A** for my hotel room in New York City.
1644,A,I would choose **Option A** for this stay. The Park Hyatt New
1645,B,I would choose **Option B** for my stay in New York City. The
1646,B,I would choose **Option B** for my stay in New York City. The
1647,B,I would choose **Option B**. It offers a lower price and better amenities
1648,B,I would choose **Option B** for my stay in New York City. The
1649,B,I would choose **Option B** for my stay in New York City. The
1650,A,I would choose **Option A** for my hotel stay in New York City.
1651,A,I would choose **Option A** for my stay in New York City. The
1652,A,I would choose **Option A** for my stay in New York City. The
1653,A,I would choose **Option A** because it offers a better value for your stay
1654,A,"I would choose **Option A** for my stay at The Beekman,"
1655,A,I would choose **Option A** for my hotel stay in New York City.
1656,A,I would choose **Option A** for my hotel stay in New York City.
1657,B,I would choose **Option B** for my stay at The Boro Hotel in
1658,B,I would choose **Option B** for my stay at The Boro Hotel in
1659,B,I would choose **Option B** because it offers a lower price per night ($
1660,B,I would choose **Option B** for my stay at The Boro Hotel in
1661,B,"I would choose Option B. It offers a higher star rating, better amenities,"
1662,B,"I would choose Option B. It offers a higher star rating, better amenities,"
1663,B,I would choose **Option B** for my hotel stay in New York City.
1664,B,I would choose **Option B** for my hotel stay in New York City.
1665,B,"I would recommend Option B. It offers a higher quality of life, better amenities"
1666,B,"I would recommend Option B. It offers a higher quality of life, better amenities"
1667,B,"I would recommend Option B, as it offers a higher star rating (3 stars"
1668,B,"I would recommend Option B. It offers a higher quality of life, better amenities"
1669,B,I would choose **Option B** for my stay in New York City. The
1670,B,"I would recommend Option B.

**Step-by-Step Explanation:**

1."
1671,A,I would choose **Option A** for my stay in New York City. The
1672,B,"I would recommend Option B. It offers a higher star rating, better amenities,"
1673,B,I would choose **Option B** for my stay in New York City. The
1674,B,I would choose **Option B** for my stay in New York City. The
1675,B,I would choose **Option B** for my stay in New York City. The
1676,B,I would choose **Option B** for my hotel stay in New York City.
1677,B,I would choose **Option B** for my stay in New York City. The
1678,B,I would choose **Option B** for my stay in New York City. The
1679,B,I would choose **Option B** for my stay in New York City. The
1680,B,I would choose **Option B** for my stay in New York City. The
1681,B,I would choose **Option B** for my stay in New York City. The
1682,B,I would choose **Option B** for my stay in New York City. The
1683,B,I would choose **Option B** for my stay in New York City. The
1684,B,I would choose **Option B** for my stay in New York City. It
1685,B,I would choose **Option B** for my stay in New York City. The
1686,B,I would choose **Option B** for my stay in New York City. The
1687,B,I would choose **Option B** for my stay in New York City. The
1688,B,I would choose **Option B** for my stay in New York City. The
1689,B,I would choose **Option B** because it offers a higher star rating (4
1690,B,I would choose **Option B** for my stay in New York City. Mc
1691,B,I would choose **Option B** for my hotel booking in New York City.
1692,B,I would choose **Option B** for my hotel booking in New York City.
1693,B,I would choose **Option B** for my stay in New York City. The
1694,B,"I would choose Option B. It offers a higher star rating, better amenities,"
1695,B,"I would choose Option B. It offers a higher star rating, better amenities,"
1696,B,I would choose **Option B** for my stay in New York City. The
1697,B,I would choose **Option B** for my hotel room in New York City.
1698,A,I would choose **Option A** for my hotel room in New York City.
1699,A,I would choose **Option A** for my hotel room in New York City.
1700,B,"I would choose Option B. It offers a higher star rating, better amenities,"
1701,B,"I would choose Option B. It offers a higher star rating, better amenities,"
1702,B,I would choose **Option B** for my stay in New York City. The
1703,B,"I would choose Option B. It offers a higher star rating, better amenities,"
1704,B,"I would choose Option B. It offers a higher star rating, better amenities,"
1705,B,I would choose **Option B** for my stay in New York City. The
1706,B,I would choose **Option B** for my hotel stay in New York City.
1707,B,I would choose **Option B** for my stay in New York City. The
1708,B,I would choose **Option B** for my hotel stay in New York City.
1709,A,I would choose **Option A** for my hotel room in New York City.
1710,A,I would choose **Option A** for my hotel room in New York City.
1711,B,I would choose **Option B** because it offers a better price per night ($
1712,B,I would choose **Option B** for my hotel stay in New York City.
1713,B,"I would choose **Option B**. It offers a higher star rating, more"
1714,B,"I would choose Option B. It offers a higher star rating, better amenities,"
1715,B,"I would choose Option B. It offers a higher star rating, more reviews,"
1716,B,"I would choose Option B. It offers a higher star rating, better amenities,"
1717,B,"I would choose Option B. It offers a superior guest experience with free WiFi,"
1718,B,"I would choose Option B. It offers a superior guest experience with free WiFi,"
1719,B,"I would choose Option B. It offers a superior guest experience with free WiFi,"
1720,B,I would choose **Option B** for my stay in New York City. The
1721,B,I would choose **Option B** for my stay at The Boro Hotel in
1722,B,I would choose **Option B** for my stay at The Boro Hotel in
1723,B,I would choose **Option B** for my stay in New York City. The
1724,B,I would choose **Option B** for my stay at The Boro Hotel in
1725,B,I would choose **Option B** for my stay at the New York Marriott Mar
1726,B,I would choose **Option B** for my stay at the New York Marriott Mar
1727,B,I would choose **Option B** because it offers a better price per night ($
1728,B,I would choose **Option B** for my stay at the New York Marriott Mar
1729,B,I would choose **Option B**. It offers a lower price and better amenities
1730,B,I would choose **Option B** because it offers a lower price per night ($
1731,B,I would choose **Option B** because it offers a lower price per night ($
1732,B,I would choose **Option B** for my stay in New York City. The
1733,B,I would choose **Option B** because it offers a better price per night ($
1734,A,I would choose **Option A** for my stay in New York City. The
1735,B,I would choose **Option B** for my stay in New York City. The
1736,A,I would choose **Option A** for my stay in New York City. The
1737,B,I would choose **Option B** for my stay in New York City. The
1738,B,I would choose **Option B** for my stay in New York City. The
1739,B,I would choose **Option B** for my stay in New York City. The
1740,B,"I would choose **Option B**. It offers a more comfortable stay, better"
1741,B,I would choose **Option B** for my hotel stay in New York City.
1742,B,"I would choose Option B.

**Step-by-Step Explanation:**

1."
1743,B,I would choose Option B. It offers a higher star rating (5 stars)
1744,B,I would choose Option B. It offers a higher star rating (5 stars)
1745,B,I would choose **Option B**. It offers a better value for money and
1746,B,I would choose **Option B** for my hotel stay in New York City.
1747,B,I would choose Option B. It offers a lower price and better amenities compared to
1748,B,I would choose **Option B** for my stay in New York City. The
1749,B,I would choose **Option B** for this stay. The Wythe Hotel offers
1750,B,B
1751,B,I would choose **Option B** for my stay in New York City. The
1752,B,I would choose **Option B** because it offers a lower price per night ($
1753,B,I would choose **Option B** for my stay in New York City. The
1754,B,I would choose **Option B** for my hotel booking in New York City.
1755,B,I would choose **Option B** for my stay in New York City. The
1756,B,I would choose **Option B** for my stay in New York City. The
1757,B,I would choose **Option B** for my stay in New York City. The
1758,B,I would choose **Option B** for my stay in New York City. The
1759,B,I would choose **Option B** because it offers a lower price per night ($
1760,B,I would choose **Option B** for my hotel stay in New York City.
1761,B,I would choose **Option B**. It offers a more affordable stay at a
1762,B,I would choose **Option B**. It offers a more affordable stay at a
1763,B,I would choose **Option B** for my stay at Wythe Hotel in Williams
1764,B,I would choose **Option B** for my stay in New York City. The
1765,B,I would choose **Option B** for my stay at the Conrad New York Downtown
1766,B,I would choose **Option B**. It offers a more affordable stay at a
1767,B,I would choose **Option B** because it offers a more affordable price of $
1768,B,I would choose **Option B** for my hotel stay in New York City.
1769,B,I would choose **Option B** for my stay in New York City. The
1770,B,"I would recommend Option B, Smyth Tribeca. It offers a lower price"
1771,B,I would choose **Option B** for my stay in New York City. The
1772,B,I would choose **Option B** for my stay in New York City. The
1773,B,I would choose **Option B** for my stay in New York City. The
1774,B,I would choose **Option B** for my stay in New York City. The
1775,B,I would choose **Option B** for my stay in New York City. The
1776,B,I would choose **Option B** for my stay in New York City. The
1777,B,I would choose **Option B** because it offers a lower price per night ($
1778,B,I would choose **Option B** because it offers a lower price per night ($
1779,B,I would choose **Option B** for my stay in New York City. The
1780,B,I would choose **Option B** because it offers a lower price per night ($
1781,B,"I would choose Option B, New York Marriott Downtown, as it offers a higher"
1782,B,I would choose **Option B** for my hotel stay in New York City.
1783,B,I would choose **Option B** for my stay in New York City. The
1784,B,I would choose **Option B** for my stay in New York City. The
1785,A,I would choose **Option A** for my hotel room in New York City.
1786,A,"I would recommend Option A, The Renwick Hotel in New York City. It"
1787,A,I would choose **Option A** for my hotel room in New York City.
1788,B,I would choose **Option B** for my hotel stay in New York City.
1789,B,I would choose **Option B** because it offers a lower price per night ($
1790,B,I would choose **Option B** for my hotel stay in New York City.
1791,A,I would choose **Option A** for my hotel stay in New York City.
1792,B,I would choose **Option B** because it offers a better price of $2
1793,B,I would choose **Option B** for my hotel stay in New York City.
1794,A,I would choose **Option A** for my hotel room in New York City.
1795,B,I would choose **Option B** because it offers a lower price per night ($
1796,B,I would choose **Option B** because it offers a better price per night ($
1797,B,I would choose **Option B** for my hotel stay in New York City.
1798,B,I would choose **Option B** for my hotel stay in New York City.
1799,B,I would choose **Option B** because it offers a lower price per night ($
1800,B,I would choose **Option B** for my stay in New York City. The
1801,B,"I would recommend Option B. It offers a good balance between price and amenities,"
1802,B,"I would recommend Option B. It offers a good balance between price and amenities,"
1803,B,I would choose **Option B** for this stay. It offers a lower price
1804,B,"I would recommend Option B. It offers a good balance between price and amenities,"
1805,B,I would choose **Option B** for this stay. It offers a good balance
1806,B,"I would recommend Option B. It offers a good balance between price and amenities,"
1807,C,I would choose **Option C** for my stay in New York City. The
1808,C,I would choose **Option C** for this stay. It offers a lower price
1809,C,"To determine the best option for your stay in New York City, let's compare"
1810,C,I would choose **Option C** for my stay in New York City. It
1811,C,I would choose **Option C** for this stay. It offers a lower price
1812,C,I would choose **Option C** for this stay. The price is significantly lower
1813,C,I would recommend Option C: Loews Regency Hotel New York. It offers
1814,C,I would recommend Option C. It offers a good balance of comfort and amenities at
1815,C,I would recommend Option C. It offers a good balance of comfort and amenities at
1816,C,I would recommend Option C. It offers a mix of amenities and is centrally located
1817,B,"I would recommend Option B.

**Step-by-Step Explanation:**

1."
1818,B,I would recommend Option **B**. It offers a higher star rating (5
1819,C,I would recommend Option **C**. It offers a good balance between price and
1820,C,"I would recommend Option C. It offers a good balance between price and amenities,"
1821,C,I would recommend Option **C**. It offers a good balance between price and
1822,C,I would choose **Option C** for my stay in New York City. It
1823,C,I would choose **Option C** for my stay in New York City. It
1824,C,I would recommend Option **C**. It offers a good balance of comfort and
1825,C,I would recommend Option C. It offers a higher star rating and better amenities compared
1826,C,I would choose **Option C** for this stay. It offers a better value
1827,B,I would recommend Option **B**. It offers a higher star rating and better
1828,C,I would recommend Option C. It offers a superior room type (Premier King
1829,C,I would recommend Option **C**. It offers a better value for your stay
1830,C,"I would recommend Option C. It offers a better price and includes free breakfast,"
1831,B,I would choose **Option B** for this stay. It offers a balance of
1832,B,"I would recommend Option B. It offers a good balance between price and amenities,"
1833,C,I would choose **Option C** for my stay in New York City. The
1834,C,I would choose **Option C** for this one-night stay in New York City
1835,C,I would choose **Option C** for this one-night stay in New York City
1836,B,I would choose **Option B** for this stay. It offers a balance of
1837,C,I would recommend Option C. It offers a superior king room with free WiFi and
1838,C,I would recommend Option C. It offers a higher star rating and more amenities compared
1839,C,I would recommend Option C. It offers a higher star rating and more amenities compared
1840,C,I would recommend Option C. It offers a higher star rating and more amenities compared
1841,C,I would recommend Option C. It offers a superior king room with free WiFi and
1842,C,I would recommend Option C. It offers a superior king room with free WiFi and
1843,C,I would choose **Option C** because it offers a higher star rating (5
1844,C,I would recommend Option C. It offers a higher star rating (5 stars)
1845,C,I would recommend Option **C**. It offers a higher star rating (5
1846,C,I would recommend Option C. It offers a higher star rating (5 stars)
1847,C,I would recommend Option C. It offers a higher star rating (5 stars)
1848,C,I would recommend Option C. It offers a higher star rating (5 stars)
1849,B,I would choose **Option B** for this stay. It offers a higher star
1850,C,I would choose **Option C** for this stay. It offers a good balance
1851,A,I would choose **Option A** for this one-night stay in New York City
1852,C,I would choose **Option C** for this stay. It offers a good balance
1853,B,I would choose **Option B** for this stay. It offers a higher star
1854,B,I would recommend Option **B**. It offers a higher star rating (5
1855,C,"To determine the best option for your stay in New York City, let's break"
1856,C,I would recommend Option C. It offers a good balance of comfort and amenities at
1857,C,"To determine the best option for your stay in New York City, let's break"
1858,C,I would recommend Option C. It offers a good balance of comfort and amenities at
1859,B,I would recommend Option B. It offers a superior stay with free WiFi and access
1860,B,I would recommend Option **B**. It offers a superior stay with free WiFi
1861,C,I would choose **Option C** for this stay. It offers a better price
1862,B,I would choose **Option B** for this stay. It offers a good balance
1863,B,"I would recommend Option B.

**Step-by-Step Explanation:**

1."
1864,C,I would choose **Option C** because it offers a better price and more amenities
1865,C,I would choose **Option C** because it offers a lower price per night ($
1866,B,I would choose **Option B** for this stay. It offers a good balance
1867,B,I would recommend Option **B**. It offers a great balance of comfort and
1868,B,"I would recommend Option B.

**Step-by-Step Explanation:**

1."
1869,C,I would choose **Option C** for this stay. It offers a good balance
1870,B,I would choose **Option B** for this stay. It offers a good balance
1871,B,I would choose **Option B** for this stay. It offers a good balance
1872,B,"I would recommend Option B. It offers a balance of affordability and quality, with"
1873,C,I would recommend Option C. It offers a higher star rating and better amenities compared
1874,C,I would choose **Option C** for my hotel room in New York City.
1875,C,I would choose **Option C** for my hotel room in New York City.
1876,B,I would choose **Option B** for my hotel room in New York City.
1877,C,I would choose **Option C** for this stay. The price is significantly lower
1878,C,I would recommend Option **C**. It offers a great balance of comfort and
1879,C,I would choose **Option C** for my stay in New York City. It
1880,C,I would choose **Option C** for my hotel room in New York City.
1881,B,"I would recommend Option B.

**Step-by-Step Explanation:**

1."
1882,B,I would choose **Option B** for my stay in New York City. It
1883,C,I would choose **Option C** for my hotel room in New York City.
1884,B,I would choose **Option B** for this one-night stay in New York City
1885,C,I would choose **Option C** for this one-night stay in New York City
1886,B,I would recommend Option B. It offers a higher star rating and better amenities compared
1887,C,"I would recommend Option **C**.

**Step-by-Step Explanation:**"
1888,C,I would recommend Option C. It offers a lower price and better amenities compared to
1889,B,I would recommend Option B. It offers a higher star rating and more amenities compared
1890,C,"I would recommend Option **C**.

**Step-by-Step Explanation:**"
1891,B,I would recommend Option B. It offers a higher star rating (5 stars)
1892,C,I would choose **Option C** for my hotel room in New York City.
1893,B,I would choose **Option B** for my stay in New York City. It
1894,C,"I would recommend Option C. It offers a good balance between price and amenities,"
1895,C,I would choose **Option C**. It offers a good balance of price and
1896,C,I would choose **Option C** for my stay in New York City. The
1897,B,I would choose **Option B** for this stay. It offers a higher star
1898,B,I would choose **Option B** for my stay in New York City. It
1899,B,I would choose **Option B** for my stay in New York City. It
1900,B,I would choose **Option B** for my stay in New York City. It
1901,B,"I would recommend Option **B**.

**Step-by-Step Explanation:**"
1902,B,I would choose **Option B** for this stay. It offers a higher star
1903,B,"I would recommend Option B.

**Step-by-Step Explanation:**

1."
1904,C,I would recommend Option C. It offers a higher star rating and more amenities compared
1905,C,I would recommend Option C. It offers a higher star rating and more amenities compared
1906,B,I would recommend Option **B**. It offers a balance of affordability and comfort
1907,C,I would recommend Option **C**. It offers a higher star rating and more
1908,C,I would recommend Option C. It offers a higher star rating and more amenities compared
1909,C,I would recommend Option C. It offers a higher star rating (5 stars)
1910,C,"I would recommend Option C, Loews Regency Hotel New York. It offers"
1911,C,"I would recommend Option **C**.

**Step-by-Step Explanation:**"
1912,B,I would recommend Option B. It offers a balance of comfort and amenities at a
1913,B,"I would recommend Option B.

**Step-by-Step Explanation:**

1."
1914,C,I would recommend Option C. It offers a higher star rating (5 stars)
1915,C,"To determine the best option for your stay in New York City, let's compare"
1916,B,"I would recommend Option B. It offers a balance of comfort and amenities, with"
1917,C,"To determine the best option for your stay in New York City, let's break"
1918,B,"I would recommend Option **B**.

**Step-by-Step Explanation:**"
1919,C,"To determine the best option for your stay in New York City, let's compare"
1920,C,I would recommend Option **C**. It offers a higher price point and includes
1921,C,I would recommend Option **C**. It offers a higher star rating and better
1922,B,I would recommend Option **B**. It offers a higher star rating and better
1923,B,I would recommend Option **B**. It offers a higher star rating of
1924,B,I would recommend Option B. It offers a higher star rating of 4 stars
1925,B,I would recommend Option **B**. It offers a higher star rating of
1926,B,I would recommend Option **B**. It offers a higher star rating and better
1927,C,I would recommend Option **C**. It offers a mix of comfort and amenities
1928,C,I would recommend Option **C**. It offers a balance of comfort and amenities
1929,C,I would recommend Option C: Kimpton Muse Hotel. It offers a mix of
1930,B,I would recommend Option **B**. It offers a higher star rating and more
1931,C,I would recommend Option C. It offers a mix of comfort and amenities that might
1932,C,I would recommend Option C. It offers a mix of comfort and amenities that might
1933,B,I would choose **Option B** for this stay. It offers a good balance
1934,C,I would recommend Option C. It offers a higher star rating (5 stars)
1935,B,I would choose **Option B** for this stay. It offers a good balance
1936,C,I would recommend Option C. It offers a higher star rating (5 stars)
1937,C,I would recommend Option C. It offers a higher star rating (5 stars)
1938,B,I would choose **Option B** for my hotel room in New York City.
1939,C,I would recommend Option C. It offers a good balance of comfort and amenities at
1940,C,I would recommend Option C. It offers a good balance of comfort and amenities at
1941,C,I would choose **Option C** for this one-night stay in New York City
1942,C,I would recommend Option **C**. It offers a great balance of comfort and
1943,C,I would recommend Option **C**. It offers a great balance of comfort and
1944,C,"To determine the best option for your stay in New York City, let's compare"
1945,C,I would recommend Option C. It offers a higher star rating (5 stars)
1946,C,I would recommend Option **C**. It offers a higher star rating (5
1947,C,I would recommend Option C. It offers a higher star rating (5 stars)
1948,C,I would choose **Option C** because it offers a higher star rating (5
1949,C,I would recommend Option C. It offers a higher star rating (5 stars)
1950,C,I would recommend Option **C**. It offers a higher star rating (5
1951,C,I would choose **Option C** for this stay. The King Room at The
1952,B,I would recommend Option B. It offers a lower price per night ($29
1953,C,I would choose **Option C** for this stay. The price is significantly lower
1954,B,"I would recommend Option B.

**Step-by-Step Explanation:**

1."
1955,C,I would choose **Option C** for this stay. The room type is a
1956,C,I would recommend Option C. It offers a good balance of comfort and amenities at
1957,C,I would choose **Option C** for this stay. The price is significantly lower
1958,C,I would choose **Option C** for this stay. The price is significantly lower
1959,B,I would recommend Option **B**. It offers a higher star rating (5
1960,C,I would choose **Option C**. It offers a higher price per night ($
1961,C,"I would recommend Option C. It offers a good balance between price and amenities,"
1962,B,I would recommend Option **B**. It offers a superior star rating of
1963,B,I would recommend Option B. It offers a good balance of comfort and amenities at
1964,B,"I would recommend Option **B**.

**Step-by-Step Explanation:**"
1965,B,I would recommend Option **B**. It offers a great mix of comfort and
1966,C,I would recommend Option C: **Tempo by Hilton New York Times Square**
1967,C,I would recommend Option C: **Tempo by Hilton New York Times Square**
1968,B,I would choose **Option B** for my hotel room in New York City.
1969,C,I would recommend Option C. It offers a higher star rating (5 stars)
1970,C,I would recommend Option C. It offers a higher star rating and more amenities compared
1971,C,I would recommend Option C. It offers a higher star rating (5 stars)
1972,C,I would recommend Option C. It offers a higher star rating and more amenities compared
1973,C,I would recommend Option C. It offers a higher star rating and more amenities compared
1974,B,I would recommend Option **B**. It offers a higher star rating of
1975,C,"To determine the best option for your stay in New York City, let's break"
1976,B,I would recommend Option **B**. It offers a good balance of comfort and
1977,C,I would recommend Option **C**. It offers a better value for your stay
1978,B,I would recommend Option **B**. It offers a good balance of comfort and
1979,B,"I would recommend Option B.

**Step-by-Step Explanation:**

1."
1980,C,I would recommend Option C. It offers a good balance of comfort and amenities at
1981,C,I would recommend Option C. It offers a higher star rating (5 stars)
1982,B,"I would recommend Option B.

**Step-by-Step Explanation:**

1."
1983,C,I would recommend Option **C**. The Conrad New York Midtown hotel offers
1984,C,I would choose **Option C** for my hotel room in New York City.
1985,C,I would recommend Option C. It offers a higher star rating (5 stars)
1986,C,I would recommend Option **C**. It offers a higher star rating (5
1987,B,"I would recommend Option B.

**Step-by-Step Explanation:**

1."
1988,B,I would recommend Option **B**. It offers a higher star rating and better
1989,C,I would recommend Option **C**. It offers a good balance of comfort and
1990,B,I would recommend Option **B**. It offers a higher star rating of
1991,C,I would choose **Option C** for my hotel room in New York City.
1992,C,"I would recommend Option **C**. 

- **Cost**: The King Room"
1993,B,"I would recommend Option B.

**Step-by-Step Explanation:**

1."
1994,C,"I would recommend Option C. It offers a good balance of price and amenities,"
1995,B,I would recommend Option **B**. It offers a balance of comfort and amenities
1996,B,I would recommend Option **B**. It offers a balance of affordability and quality
1997,B,I would choose **Option B** for this stay. It offers a good balance
1998,C,"I would recommend Option C. It offers a good balance of price and amenities,"
1999,C,I would choose **Option C** for my stay in New York City. It
2000,C,I would choose **Option C** for my stay in New York City. It
2001,C,I would choose **Option C** because it offers a more comfortable king suite with
2002,C,"To determine the best option for your stay in New York City, let's compare"
2003,C,I would choose **Option C**. It offers a lower price per night ($
2004,C,I would choose **Option C** for my hotel room in New York City.
2005,B,I would recommend Option **B**. It offers a mix of excellent service and
2006,C,"To determine the best option for your stay in New York City, let's break"
2007,B,I would recommend Option **B**. It offers a higher star rating of
2008,B,I would recommend Option **B**. It offers a mix of excellent guest reviews
2009,B,I would recommend Option B. It offers a higher star rating of 5 stars
2010,B,I would recommend Option **B**. It offers a higher star rating and better
2011,B,I would choose **Option B** for my hotel room in New York City.
2012,C,I would recommend Option **C**. The Sheraton New York Times Square Hotel
2013,B,I would recommend Option **B**. It offers a higher star rating and better
2014,C,I would choose **Option C** for my hotel room in New York City.
2015,B,I would recommend Option **B**. It offers a higher star rating and better
2016,B,I would recommend Option **B**. It offers a higher star rating and better
2017,B,I would choose **Option B** for this stay. It offers a higher star
2018,A,I would choose **Option A** for this one-night stay in New York City
2019,C,I would recommend Option C. It offers a more comfortable stay with free WiFi and
2020,C,I would choose **Option C** for this stay. It offers a good balance
2021,B,I would choose **Option B** for my stay in New York City. It
2022,B,I would choose **Option B** for this stay. It offers a higher star
2023,B,I would recommend Option B. It offers a higher star rating and better amenities compared
2024,A,I would choose **Option A** for my stay in New York City. It
2025,C,I would choose **Option C** for this one-night stay in New York City
2026,C,I would choose **Option C** for my stay in New York City. The
2027,C,I would choose **Option C** for my stay in New York City. The
2028,C,I would choose **Option C** for this one-night stay in New York City
2029,C,I would recommend Option C. It offers a higher star rating and more amenities compared
2030,C,"I would recommend Option C. It offers a superior guest experience with free WiFi,"
2031,C,I would recommend Option C. It offers a higher star rating and more amenities compared
2032,C,I would recommend Option C. It offers a higher star rating and more amenities compared
2033,C,I would recommend Option C. It offers a higher star rating (5 stars)
2034,C,I would recommend Option C. It offers a higher star rating and more amenities compared
2035,C,I would choose **Option C** for my hotel room in New York City.
2036,C,"I would recommend Option C. It offers a good balance between price and amenities,"
2037,C,"I would recommend Option C. It offers a good balance between price and amenities,"
2038,C,I would choose **Option C** for my hotel room in New York City.
2039,C,"I would recommend Option C. It offers a good balance between price and amenities,"
2040,B,I would choose **Option B** for my hotel stay in New York City.
2041,C,I would choose **Option C** for this stay. The price is significantly lower
2042,C,I would choose **Option C** because it offers a lower price per night ($
2043,C,I would choose **Option C** because it offers a lower price and better amenities
2044,C,I would choose **Option C** for this stay. The price is significantly lower
2045,C,I would choose **Option C** for this stay. It offers a lower price
2046,C,I would choose **Option C** because it offers a lower price per night ($
2047,C,I would recommend Option C. It offers a higher star rating and better amenities compared
2048,B,I would recommend Option **B**. It offers a mix of comfort and amenities
2049,B,I would choose **Option B** for my stay in New York City. It
2050,B,I would recommend Option B: Hampton Inn Manhattan Grand Central. It offers a great
2051,B,I would choose **Option B** for my stay in New York City. It
2052,B,I would choose **Option B** for my stay in Manhattan at Hampton Inn Grand
2053,C,"I would recommend Option C. It offers a good balance between price and amenities,"
2054,B,"I would recommend Option B.

**Step-by-Step Explanation:**

1."
2055,B,"I would recommend Option B.

**Step-by-Step Explanation:**

1."
2056,A,I would choose **Option A** for my hotel room in New York City.
2057,B,I would choose **Option B** for this stay. It offers a good balance
2058,B,I would choose **Option B** for my hotel room in New York City.
2059,B,I would choose **Option B** for this one-night stay in New York City
2060,C,I would recommend Option **C**. The Marlton Hotel offers a comfortable king
2061,C,I would recommend Option C. It offers a great mix of amenities and is centrally
2062,C,I would choose **Option C** for this stay. The price of $2
2063,C,I would recommend Option C. It offers a more comfortable stay with a King Room
2064,C,I would recommend Option **C**. The Marlton Hotel offers a comfortable King
2065,B,"I would recommend Option B.

**Step-by-Step Explanation:**

1."
2066,C,"To determine the best option for your stay in New York City, let's compare"
2067,B,I would recommend Option **B**. It offers a higher star rating and better
2068,C,"To determine the best option for your stay in New York City, let's compare"
2069,B,"I would recommend Option **B**.

**Step-by-Step Explanation:**"
2070,C,"To determine the best option for your stay in New York City, let's compare"
2071,B,I would recommend Option **B**. It offers a higher star rating and better
2072,B,I would recommend Option **B**. It offers a higher star rating and better
2073,B,"I would recommend Option B.

**Step-by-Step Explanation:**

1."
2074,B,I would recommend Option **B**. It offers a higher star rating and better
2075,B,"I would recommend Option B.

**Step-by-Step Explanation:**

1."
2076,C,"I would recommend Option C. It offers a good balance between price and amenities,"
2077,C,I would choose **Option C** for my hotel room in New York City.
2078,B,I would recommend Option **B**. It offers a higher star rating of
2079,B,I would recommend Option B. It offers a higher star rating and better amenities compared
2080,B,I would choose **Option B** for my hotel stay in New York City.
2081,C,I would recommend Option **C**. The Hyatt Regency Times Square hotel
2082,B,I would choose **Option B** for my stay in New York City. It
2083,B,I would recommend Option B. It offers a higher star rating and better amenities compared
2084,B,"I would recommend Option B.

**Step-by-Step Explanation:**

1."
2085,C,I would recommend Option C. It offers a higher star rating (4 stars)
2086,C,I would recommend Option C. It offers a good balance of comfort and amenities at
2087,C,I would recommend Option C. It offers a higher star rating (4 stars)
2088,C,"I would recommend Option C. It offers a mix of free WiFi, fitness center"
2089,C,I would recommend Option C: The Conrad New York Downtown. It offers a superior
2090,B,"I would recommend Option B.

**Step-by-Step Explanation:**

1."
2091,C,I would recommend Option C: The Conrad New York Downtown. It offers a superior
2092,C,I would recommend Option C: The Conrad New York Downtown. It offers a superior
2093,C,I would recommend Option C. It offers a higher star rating (5 stars)
2094,C,I would recommend Option C: The Conrad New York Downtown. It offers a superior
2095,C,I would choose **Option C** for this stay. It offers a good balance
2096,C,I would choose **Option C** for this stay. It offers a great value
2097,C,I would choose **Option C** for this stay. It offers a great value
2098,C,I would choose **Option C** for this stay. The price is significantly lower
2099,C,I would choose **Option C** for this stay. It offers a great value
2100,C,I would choose **Option C** for this stay. It offers a great balance
2101,B,"I would recommend Option B. It offers a superior room type, free WiFi,"
2102,B,I would recommend Option **B**. It offers a higher star rating and more
2103,B,I would recommend Option **B**. It offers a higher star rating and more
2104,C,"To determine the best option for your stay in New York City, let's compare"
2105,B,"I would recommend Option **B**. It offers a superior room type, free"
2106,B,"I would recommend Option B. It offers a superior room type, free WiFi,"
2107,B,I would recommend Option B. It offers a higher star rating (5 stars)
2108,C,I would recommend Option C: Wyndham New Yorker Hotel. It offers a
2109,B,I would recommend Option B. It offers a superior stay with a 5-star
2110,C,I would recommend Option C: Wyndham New Yorker Hotel. It offers a
2111,B,"I would recommend Option B. It offers a superior room type, excellent reviews,"
2112,B,I would recommend Option B. It offers a higher star rating (5 stars)
2113,B,"I would recommend Option B. It offers a good balance between price and amenities,"
2114,B,I would recommend Option B. It offers a balance of affordability and quality compared to
2115,C,I would recommend Option C. It offers a higher star rating and more amenities compared
2116,B,"I would recommend Option B. It offers a good balance between price and amenities,"
2117,C,I would recommend Option C. It offers a higher star rating and more amenities compared
2118,B,"I would recommend Option B. It offers a balance of affordability and quality, with"
2119,C,I would recommend Option C. It offers a lower price and better amenities compared to
2120,C,"I would recommend Option C. It offers a good balance between price and amenities,"
2121,B,I would recommend Option **B**. It offers a higher price point and better
2122,C,I would recommend Option C. It offers a lower price per night ($12
2123,B,I would recommend Option B. It offers a more comfortable king room with free WiFi
2124,C,I would choose **Option C** because it offers a lower price per night ($
2125,C,"To determine the best option for your stay in New York City, let's break"
2126,C,"To determine the best option for your stay in New York City, let's break"
2127,C,"To determine the best option for your stay in New York City, let's break"
2128,B,I would recommend Option **B**. It offers a higher star rating and more
2129,B,I would recommend Option **B**. It offers a higher star rating and better
2130,C,"I would recommend Option C. It offers a good balance between price and amenities,"
2131,C,I would choose **Option C** for my hotel room in New York City.
2132,C,I would recommend Option **C**. It offers a higher star rating (4
2133,C,I would choose **Option C** because it offers a higher price per night ($
2134,B,I would choose **Option B** for this stay. It offers a good balance
2135,C,I would choose **Option C** for this stay. The Sheraton Brooklyn Hotel
2136,C,I would choose **Option C** because it offers a higher star rating (4
2137,B,I would choose **Option B** for this one-night stay in New York City
2138,C,"To determine the best option for your stay in New York City, let's compare"
2139,B,I would choose **Option B** for my stay in New York City. It
2140,B,I would choose **Option B** for this one-night stay in New York City
2141,B,I would choose **Option B** for this one-night stay in New York City
2142,B,I would choose **Option B** for my stay in New York City. It
2143,C,"To determine the best option for your stay in New York City, let's compare"
2144,C,"To determine the best option for your stay in New York City, let's break"
2145,C,I would choose **Option C** because it offers a lower price per night ($
2146,C,I would choose **Option C** because it offers a mix of amenities and a
2147,C,"To determine the best option for your stay in New York City, let's compare"
2148,C,I would choose **Option C** for my stay in New York City. The
2149,C,"I would recommend Option C. It offers a good balance between price and amenities,"
2150,C,I would recommend Option **C**. It offers a good balance of comfort and
2151,B,I would recommend Option B. It offers a higher star rating (5 stars)
2152,B,I would choose **Option B** for this stay. The price is significantly lower
2153,C,I would recommend Option C: **Tempo by Hilton New York Times Square**
2154,B,I would recommend Option **B**. It offers a mix of excellent guest reviews
2155,B,I would recommend Option **B**. It offers a higher price point of $
2156,B,I would recommend Option B. It offers a higher price point of $36
2157,B,I would recommend Option B. It offers a more comfortable stay with a king room
2158,B,I would recommend Option B. It offers a higher star rating and more amenities compared
2159,B,I would recommend Option **B**. It offers a higher quality of stay with
2160,B,I would recommend Option B. It offers a higher price per night ($31
2161,C,I would recommend Option C. It offers a higher star rating and more amenities compared
2162,C,I would recommend Option C. It offers a higher star rating and more amenities compared
2163,C,I would recommend Option C. It offers a higher star rating and more amenities compared
2164,C,I would choose **Option C** for this one-night stay in New York City
2165,C,I would recommend Option C. It offers a higher star rating and more amenities compared
2166,C,I would recommend Option C. It offers a higher star rating and more amenities compared
2167,B,I would choose **Option B** for this one-night stay in New York City
2168,B,"I would recommend Option B. It offers a good balance between price and amenities,"
2169,B,"I would recommend Option B.

**Reasoning:** 
- **Price Per Night"
2170,B,"I would recommend Option B. It offers a good balance between price and amenities,"
2171,B,I would choose **Option B** for this stay. It offers a good balance
2172,B,I would choose **Option B** for this stay. It offers a good balance
2173,C,"To determine the best option for your stay in New York City, let's compare"
2174,B,I would recommend Option **B**. It offers a balance of comfort and amenities
2175,C,I would recommend Option **C**. It offers a good balance of comfort and
2176,C,"To determine the best option for your stay in New York City, let's compare"
2177,B,I would choose **Option B** for this stay. It offers a balance of
2178,B,I would recommend Option **B**. It offers a balance of affordability and quality
2179,C,"I would recommend Option C. It offers a superior stay with free WiFi, a"
2180,C,I would recommend Option C. It offers a higher star rating (5 stars)
2181,B,"I would recommend Option B. It offers a balance of affordability and quality, with"
2182,C,I would recommend Option C. It offers a higher star rating (5 stars)
2183,C,I would recommend Option C. It offers a higher star rating and more amenities compared
2184,B,"I would recommend Option B. It offers a balance of affordability and amenities, making"
2185,B,"I would recommend Option B. It offers a good balance between price and amenities,"
2186,B,I would recommend Option **B**. It offers a balance of comfort and amenities
2187,B,I would choose **Option B** for this stay. It offers a good balance
2188,C,I would recommend Option **C**. It offers a higher star rating (5
2189,C,I would choose **Option C** for my hotel room in New York City.
2190,B,"I would recommend Option B.

**Step-by-Step Explanation:**

1."
2191,B,I would recommend Option **B**. It offers a higher star rating (5
2192,B,I would choose **Option B** for my stay in New York City. It
2193,B,I would choose **Option B** for my stay in New York City. It
2194,C,I would choose **Option C** for my stay in New York City. The
2195,B,I would choose **Option B** for my stay in New York City. The
2196,B,I would recommend Option **B**. It offers a higher star rating (5
2197,B,I would choose **Option B** for my hotel stay in New York City.
2198,B,I would recommend Option **B**. It offers a higher star rating of
2199,B,I would choose **Option B** for my hotel stay in New York City.
2200,B,I would choose **Option B** for this stay. It offers a good balance
2201,B,I would recommend Option **B**. It offers a higher star rating and better
2202,B,I would choose **Option B** for this stay. It offers a higher star
2203,B,I would choose **Option B** for my stay in New York City. It
2204,C,I would recommend Option C: New York Marriott Downtown. It offers a great mix
2205,B,I would recommend Option **B**. It offers a higher star rating of
2206,B,I would choose **Option B** for my stay in New York City. It
2207,B,"I would recommend Option **B**.

**Step-by-Step Explanation:**"
2208,C,I would choose **Option C** for my stay in New York City. The
2209,C,I would choose **Option C** for this stay. It offers a better price
2210,B,I would recommend Option **B**. It offers a good balance between price and
2211,C,"To determine the best option for your stay in New York City, let's break"
2212,B,I would choose **Option B** for this stay. It offers a good balance
2213,C,I would choose **Option C**. It offers a more comfortable stay with free
2214,C,I would choose **Option C** for this stay. It offers a more convenient
2215,C,I would recommend Option C. The 5-star Peninsula offers a luxurious stay with
2216,C,I would recommend Option C. The 5-star Peninsula offers superior amenities like a
2217,B,"I would recommend Option **B**.

**Reasoning:**
- **Price"
2218,C,I would recommend Option C. It offers a higher star rating (5 stars)
2219,C,I would recommend Option C. The 5-star Peninsula offers superior amenities like a
2220,C,I would recommend Option C. It offers a superior king room with free WiFi and
2221,C,I would recommend Option C. It offers a lower price and better amenities compared to
2222,C,I would choose **Option C** because it offers a lower price of $1
2223,C,I would recommend Option C. It offers a lower price and better amenities compared to
2224,C,I would recommend Option C. It offers a lower price and better amenities compared to
2225,C,I would choose **Option C** because it offers a lower price per night ($
2226,C,I would choose **Option C** because it offers a lower price per night ($
2227,C,I would choose **Option C** for this stay. The Rockaway Hotel &
2228,C,I would choose **Option C** for this stay. The room type of Queen
2229,A,I would choose **Option A** for my stay in New York City. The
2230,B,I would choose **Option B** for this stay. The superior king room at
2231,B,I would choose **Option B** for my stay in New York City. It
2232,B,I would choose **Option B** for my stay in New York City. It
2233,C,I would choose **Option C** for this stay. The Fairfield Inn & Suites
2234,C,I would recommend Option C. It offers a lower price and better amenities compared to
2235,C,I would recommend Option C. It offers a lower price and better amenities compared to
2236,B,I would choose **Option B** for this stay. It offers a good balance
2237,C,I would choose **Option C** for this stay. It offers a lower price
2238,C,I would recommend Option C. It offers a lower price and better amenities compared to
2239,C,I would recommend Option C. It offers a higher star rating (5 stars)
2240,C,I would recommend Option C. It offers a higher star rating and more amenities compared
2241,C,I would recommend Option C. It offers a higher star rating and more amenities compared
2242,C,I would recommend Option C. It offers a higher star rating and more amenities compared
2243,B,"I would recommend Option **B**.

**Step-by-Step Explanation:**"
2244,B,I would recommend Option **B**. It offers a good balance of comfort and
2245,B,I would choose **Option B** for this one-night stay in New York City
2246,B,I would recommend Option B. It offers a higher star rating and better amenities compared
2247,B,"I would recommend Option B. It offers a luxurious experience with free WiFi, spa"
2248,B,I would recommend Option B. It offers a higher star rating and better amenities compared
2249,C,I would recommend Option C. It offers a higher star rating and better amenities compared
2250,B,"I would recommend Option B, Sofitel New York. It offers a higher star"
2251,B,"I would recommend Option B.

**Step-by-Step Explanation:**

1."
2252,B,"I would recommend Option B.

**Step-by-Step Explanation:**

1."
2253,C,"To determine the best option for your stay in New York City, let's break"
2254,B,I would recommend Option **B**. It offers a higher star rating and better
2255,C,"To determine the best option for your stay in New York City, let's break"
2256,B,I would recommend Option **B**. It offers a higher star rating and better
2257,B,I would choose **Option B** for this stay. It offers a good balance
2258,A,I would recommend Option **A**. It offers a better balance of comfort and
2259,B,I would choose **Option B** for this stay. It offers a good balance
2260,B,"I would recommend Option B. It offers a good balance between price and amenities,"
2261,B,"I would recommend Option B.

**Step-by-Step Explanation:**

1."
2262,B,I would choose **Option B** for this stay. It offers a good balance
2263,B,I would recommend Option **B**. It offers a higher star rating and better
2264,B,I would recommend Option B. It offers a higher star rating and better amenities compared
2265,B,I would recommend Option B. It offers a higher star rating and better amenities compared
2266,C,I would recommend Option **C**. It offers a good balance between price and
2267,C,"I would recommend Option C. It offers a good balance between price and amenities,"
2268,B,I would recommend Option B. It offers a higher star rating and better amenities compared
2269,C,I would choose **Option C** for my hotel room in New York City.
2270,C,I would choose **Option C** for this stay. It offers a good balance
2271,C,I would choose **Option C** for my stay in New York City. It
2272,C,I would choose **Option C** for this stay. It offers a good balance
2273,C,I would recommend Option **C**. It offers a good balance of comfort and
2274,C,I would choose **Option C** for this stay. It offers a good balance
2275,B,"I would recommend Option B.

**Step-by-Step Explanation:**

1."
2276,C,I would recommend Option C. It offers a higher star rating and more amenities compared
2277,B,I would choose **Option B** for this stay. It offers a balance of
2278,B,I would choose **Option B** for this stay. It offers a good balance
2279,B,I would choose **Option B** for this stay. It offers a balance of
2280,B,I would choose **Option B** for this stay. It offers a balance of
2281,B,"I would recommend Option B. It offers a good balance between price and amenities,"
2282,C,I would recommend Option C. It offers a more comfortable stay with a Studio Suite
2283,B,"I would recommend Option B. It offers a balance of affordability and amenities, making"
2284,B,"I would recommend Option B. It offers a good balance between price and amenities,"
2285,B,I would recommend Option **B**. It offers a balance of affordability and quality
2286,C,"I would recommend Option C. It offers a good balance between price and amenities,"
2287,B,I would recommend Option **B**. It offers a higher star rating of
2288,B,I would recommend Option **B**. It offers a higher star rating and better
2289,B,I would recommend Option **B**. It offers a higher star rating and better
2290,B,I would recommend Option **B**. It offers a higher star rating and more
2291,B,I would choose **Option B** for my hotel room in New York City.
2292,B,"I would recommend Option **B**.

**Reasoning:**
- **Star"
2293,C,I would choose **Option C** because it offers a lower price per night ($
2294,C,I would choose **Option C** for this stay. It offers a lower price
2295,C,I would recommend Option C. It offers a lower price and better amenities compared to
2296,B,"I would recommend Option B. It offers a good balance between price and amenities,"
2297,C,I would recommend Option C. It offers a lower price and better amenities compared to
2298,C,I would recommend Option C. It offers a better price and has higher ratings compared
2299,B,"I would recommend Option B.

**Step-by-Step Explanation:**

1."
2300,B,"I would recommend Option B.

**Step-by-Step Explanation:**

1."
2301,B,"I would recommend Option B.

**Step-by-Step Explanation:**

1."
2302,B,I would recommend Option **B**. It offers a higher star rating of
2303,C,"To determine the best option for your stay in New York City, let's break"
2304,B,"I would recommend Option B.

**Step-by-Step Explanation:**

1."
2305,B,I would recommend Option **B**. It offers a higher star rating and better
2306,C,I would choose **Option C** for this one-night stay in New York City
2307,C,I would recommend Option C. It offers a balance of comfort and amenities at a
2308,C,I would recommend Option **C**. It offers a balance of comfort and amenities
2309,B,I would recommend Option **B**. It offers a mix of excellent amenities and
2310,C,I would choose **Option C** for my hotel room in New York City.
2311,C,"To determine the best option for your stay in New York City, let's break"
2312,C,"To determine the best option for your stay in New York City, let's compare"
2313,C,"To determine the best option for your stay in New York City, let's compare"
2314,C,"To determine the best option for your stay in New York City, let's compare"
2315,B,I would choose **Option B** for this stay. It offers a good balance
2316,C,I would choose **Option C** because it offers a lower price per night ($
2317,B,"I would recommend Option B. It offers a good balance between price and amenities,"
2318,B,"I would recommend Option B.

**Step-by-Step Explanation:**

1."
2319,B,I would choose **Option B** for this stay. It offers a good balance
2320,B,I would choose **Option B** for this stay. It offers a good balance
2321,B,I would choose **Option B** for my stay in New York City. It
2322,B,"I would recommend Option B. It offers a good balance between price and amenities,"
2323,B,I would choose **Option B** for this stay. The price is significantly lower
2324,C,"To determine the best option for your stay in New York City, let's break"
2325,B,I would choose **Option B** for this stay. The price is significantly lower
2326,B,I would choose **Option B** for my stay in New York City. It
2327,B,"I would recommend Option B. It offers a balance of affordability and quality, with"
2328,B,I would recommend Option **B**. It offers a higher star rating of
2329,A,I would choose **Option A** for my hotel room in New York City.
2330,B,I would choose **Option B** for my hotel room in New York City.
2331,A,I would choose **Option A** for my hotel room in New York City.
2332,C,I would recommend Option C: Hyatt House New York/Chelsea. It offers
2333,C,I would choose **Option C** for this stay. It offers a better value
2334,C,"To determine the best option for your stay in New York City, let's break"
2335,C,"I would recommend Option C. It offers a good balance between price and amenities,"
2336,B,I would choose **Option B** for this one-night stay in New York City
2337,B,I would recommend Option B. It offers a higher star rating and more amenities compared
2338,B,I would recommend Option **B**. It offers a higher star rating (4
2339,B,I would recommend Option **B**. It offers a higher star rating (4
2340,B,I would choose **Option B** for my stay in New York City. It
2341,C,I would choose **Option C**. It offers a good balance of price and
2342,B,"I would recommend Option **B**.

**Step-by-Step Explanation:**"
2343,C,"I would recommend Option C. It offers a good balance between price and amenities,"
2344,C,I would recommend Option C: Courtyard by Marriott New York Downtown Manhattan. It
2345,B,I would recommend Option B. It offers a more comfortable stay with a king room
2346,C,I would recommend Option C: Courtyard by Marriott New York Downtown Manhattan. It
2347,B,I would recommend Option **B**. It offers a balance of comfort and amenities
2348,C,I would recommend Option **C**. It offers a king room with free WiFi
2349,B,I would recommend Option **B**. It offers a balance of comfort and amenities
2350,B,"I would recommend Option B. It offers a balance of affordability and amenities, making"
2351,B,I would recommend Option B. It offers a balance of comfort and amenities at a
2352,B,"I would recommend Option B.

**Step-by-Step Explanation:**

1."
2353,C,"To determine the best option for your stay in New York City, let's compare"
2354,C,"To determine the best option for your stay in New York City, let's compare"
2355,C,"To determine the best option for your stay in New York City, let's compare"
2356,C,"To determine the best option for your stay in New York City, let's compare"
2357,C,"I would recommend Option C. It offers a good balance between price and amenities,"
2358,C,"To determine the best option for your stay in New York City, let's compare"
2359,B,"I would recommend Option B.

**Step-by-Step Explanation:**

1."
2360,B,I would recommend Option **B**. It offers a balance of affordability and quality
2361,B,"I would recommend Option B.

**Step-by-Step Explanation:**

1."
2362,B,"I would recommend Option B. It offers a balance of affordability and quality, with"
2363,B,"I would recommend Option B.

**Step-by-Step Explanation:**

1."
2364,B,"I would recommend Option B. It offers a balance of affordability and amenities, making"
2365,C,I would choose **Option C** because it offers a lower price per night ($
2366,C,I would recommend Option C. It offers a more comfortable stay with a one-b
2367,C,I would choose **Option C** because it offers a lower price per night ($
2368,C,I would choose **Option C** for this stay. It offers a more comfortable
2369,C,I would choose **Option C** for this stay. It offers a more comfortable
2370,C,I would choose **Option C** because it offers a lower price per night ($
2371,C,I would choose **Option C** for my stay in New York City. The
2372,C,I would choose **Option C** for my hotel room in New York City.
2373,C,I would choose **Option C** for my hotel room in New York City.
2374,B,I would choose **Option B** for my stay in New York City. It
2375,C,I would choose **Option C** for my hotel room in New York City.
2376,C,I would choose **Option C** for my hotel room in New York City.
2377,C,"I would recommend Option C. It offers a good balance of affordability and amenities,"
2378,C,"To determine the best option for your stay in New York City, let's break"
2379,C,"To determine the best option for your stay in New York City, let's break"
2380,C,I would recommend Option C. It offers a lower price and better amenities compared to
2381,C,"To determine the best option for your stay in New York City, let's break"
2382,C,I would recommend Option C. It offers a lower price and better amenities compared to
2383,C,"I would recommend Option **C**. 

La Quinta's lower star rating"
2384,C,"I would recommend Option C. It offers a good balance between price and amenities,"
2385,C,I would choose **Option C** for this stay. It offers a good balance
2386,C,I would choose **Option C** for this one-night stay in New York City
2387,C,"I would recommend Option C. It offers a good balance between price and amenities,"
2388,C,I would choose **Option C** for this stay. It offers a good balance
2389,C,"I would recommend Option C. It offers a superior stay with free WiFi, a"
2390,C,"I would recommend Option C. The Ritz-Carlton New York, No"
2391,B,I would recommend Option B. It offers a balance of comfort and amenities at a
2392,C,"I would recommend Option C. The Ritz-Carlton New York, No"
2393,C,"I would recommend Option C. The Ritz-Carlton New York, No"
2394,B,I would recommend Option B. It offers a balance of affordability and quality compared to
2395,B,I would recommend Option **B**. It offers a higher star rating and more
2396,C,I would choose **Option C** for this stay. The price is significantly lower
2397,C,I would choose **Option C** for this stay. It offers a good balance
2398,C,I would choose **Option C** for this stay. The price is significantly lower
2399,C,I would choose **Option C**. It offers a lower price and better amenities
2400,C,I would choose **Option C** for my hotel room in New York City.
2401,B,"I would recommend Option B.

**Step-by-Step Explanation:**

1."
2402,C,"I would recommend Option C. It offers a good balance between price and amenities,"
2403,C,"I would recommend Option C. It offers a good balance between price and amenities,"
2404,B,"I would recommend Option **B**.

**Step-by-Step Explanation:**"
2405,B,"I would recommend Option B.

**Step-by-Step Explanation:**

1."
2406,C,I would choose **Option C** for my stay in New York City. The
2407,C,I would recommend Option C. It offers a higher star rating (5 stars)
2408,B,I would recommend Option B. It offers a balance of affordability and quality compared to
2409,C,I would recommend Option C. It offers a higher star rating (5 stars)
2410,C,I would recommend Option C. It offers a higher star rating (5 stars)
2411,C,I would recommend Option C. It offers a higher star rating and more amenities compared
2412,C,I would recommend Option C. It offers a higher star rating (5 stars)
2413,B,"I would recommend Option B.

**Step-by-Step Explanation:**

1."
2414,C,I would choose **Option C** for this stay. The 5-star Mercer
2415,B,"I would recommend Option B. It offers a balance of affordability and amenities, making"
2416,C,I would recommend Option C. It offers a higher star rating (5 stars)
2417,C,I would recommend Option C. It offers a higher star rating (5 stars)
2418,C,I would recommend Option C. It offers a higher star rating (5 stars)
2419,B,I would recommend Option **B**. It offers a higher star rating of
2420,C,I would recommend Option C. It offers a higher star rating (5 stars)
2421,B,I would recommend Option **B**. It offers a higher star rating of
2422,C,I would recommend Option C. It offers a higher star rating (5 stars)
2423,B,"I would recommend Option B.

**Step-by-Step Explanation:**

1."
2424,B,I would choose **Option B** for this stay. It offers a good balance
2425,B,I would choose **Option B** for my stay in New York City. It
2426,B,I would choose **Option B** for my stay in New York City. It
2427,B,I would choose **Option B** for my stay in New York City. The
2428,B,I would choose **Option B** for my stay in New York City. It
2429,B,I would recommend Option B. It offers a higher star rating and more amenities compared
2430,B,I would recommend Option B. It offers a higher star rating (5 stars)
2431,C,"To determine the best option for your stay in New York City, let's compare"
2432,C,I would choose **Option C** for this stay. It offers a lower price
2433,C,I would choose **Option C** for this stay. The price is significantly lower
2434,C,I would choose **Option C** because it offers a lower price per night ($
2435,C,I would choose **Option C** for this stay. It offers a lower price
2436,C,I would choose **Option C** because it offers a lower price per night ($
2437,C,I would recommend Option C. It offers a higher star rating (5 stars)
2438,C,"To determine the best option for your stay in New York City, let's compare"
2439,C,I would recommend Option C. It offers a higher star rating (5 stars)
2440,C,I would recommend Option C. The 5-star rating and proximity to Midtown
2441,C,"To determine the best option for your stay in New York City, let's compare"
2442,C,I would recommend Option C. It offers a higher star rating (5 stars)
2443,C,I would choose **Option C** because it offers a better value for money and
2444,B,I would choose **Option B** for this stay. It offers a good balance
2445,C,I would recommend Option C: Courtyard by Marriott New York Downtown Manhattan. It
2446,C,I would choose **Option C** for this one-night stay in New York City
2447,C,I would choose **Option C** for this one-night stay in New York City
2448,B,I would choose **Option B** for this stay. It offers a good balance
2449,B,"I would recommend Option **B**.

**Step-by-Step Explanation:**"
2450,B,I would recommend Option **B**. It offers a higher star rating and better
2451,B,"I would recommend Option **B**.

**Step-by-Step Explanation:**"
2452,C,I would recommend Option **C**. It offers a higher star rating and more
2453,B,"I would recommend Option **B**.

**Reasoning:**
- **Price"
2454,B,I would recommend Option **B**. The Hilton Garden Inn New York/Times
2455,B,I would choose **Option B** for this stay. It offers a good balance
2456,C,"To determine the best option for your stay in New York City, let's break"
2457,B,I would choose **Option B** for this one-night stay in New York City
2458,B,I would choose **Option B** for this one-night stay in New York City
2459,C,I would choose **Option C** for this stay. It offers a good balance
2460,C,"I would recommend Option C. It offers a good balance between price and amenities,"
2461,B,I would choose **Option B** for my stay in New York City. It
2462,B,I would choose **Option B** for my stay in New York City. It
2463,B,I would choose **Option B** for my hotel room in New York City.
2464,C,I would choose **Option C** for my hotel room in New York City.
2465,C,I would choose **Option C** for this stay. It offers a higher star
2466,B,I would recommend Option B. It offers a higher star rating (4 stars)
2467,B,"I would recommend Option B.

**Step-by-Step Explanation:**

1."
2468,B,I would recommend Option **B**. It offers a good balance of comfort and
2469,B,I would choose **Option B** for this stay. It offers a good balance
2470,B,I would recommend Option **B**. It offers a good balance of comfort and
2471,C,"To determine the best option for your stay in New York City, let's break"
2472,C,"To determine the best option for your stay in New York City, let's break"
2473,C,I would choose **Option C** because it offers a higher star rating (5
2474,C,I would choose **Option C** because it offers a higher star rating (5
2475,C,I would recommend Option C. It offers a higher star rating (5 stars)
2476,C,I would choose **Option C** because it offers a higher star rating (5
2477,C,I would choose **Option C** because it offers a higher star rating (5
2478,C,I would choose **Option C** because it offers a higher star rating (5
2479,B,I would choose **Option B** for this stay. It offers a more comfortable
2480,C,"To determine the best option for your stay in New York City, let's break"
2481,B,I would choose **Option B** for this stay. It offers a good balance
2482,B,I would choose **Option B** for this stay. It offers a more comfortable
2483,C,I would choose **Option C** for this stay. The price is significantly lower
2484,C,I would choose **Option C** for this stay. The room type of Queen
2485,B,I would recommend Option **B**. It offers a higher star rating of
2486,C,"To determine the best option for your stay in New York City, let's compare"
2487,C,"To determine the best option for your stay in New York City, let's compare"
2488,B,I would choose **Option B** for my hotel stay in New York City.
2489,B,I would recommend Option **B**. It offers a good balance of comfort and
2490,C,I would recommend Option C. It offers a higher star rating (4 stars)
2491,B,"I would recommend Option **B**.

**Step-by-Step Explanation:**"
2492,C,I would recommend Option C. It offers a higher star rating and better amenities compared
2493,B,"I would recommend Option **B**.

**Reasoning:**
- **Price"
2494,C,"I would recommend Option **C**.

**Step-by-Step Explanation:**"
2495,C,I would recommend Option C. It offers a higher star rating of 4 stars
2496,C,I would recommend Option C. It offers a higher star rating of 4 stars
2497,B,I would recommend Option B. It offers a higher star rating and better amenities compared
2498,C,"I would recommend Option C. It offers a good balance between price and amenities,"
2499,B,I would recommend Option **B**. It offers a great balance of comfort and
2500,C,I would choose **Option C** for this one-night stay in New York City
2501,C,I would recommend Option **C**. It offers a balance of affordability and quality
2502,C,"I would recommend Option C. It offers a good balance between price and amenities,"
2503,C,"To determine the best option for your stay in New York City, let's compare"
2504,C,I would recommend Option C. It offers a higher star rating (5 stars)
2505,C,I would recommend Option C. It offers a higher star rating and more amenities compared
2506,C,I would recommend Option C. It offers a higher star rating (5 stars)
2507,C,I would recommend Option C. It offers a higher star rating (5 stars)
2508,C,I would recommend Option C. It offers a higher star rating and more amenities compared
2509,C,I would choose **Option C** for this stay. It offers a lower price
2510,C,I would choose **Option C** for this stay. It offers a queen room
2511,B,I would choose **Option B** for my stay in New York City. It
2512,A,I would choose **Option A** for my stay in New York City. It
2513,B,I would choose **Option B** for this stay. It offers a great value
2514,C,I would choose **Option C** because it offers a lower price of $1
2515,C,I would choose **Option C** for my hotel room in New York City.
2516,C,"To determine the best option for your stay in New York City, let's compare"
2517,B,I would recommend Option **B**. It offers a good balance between price and
2518,B,I would recommend Option **B**. It offers a good balance of comfort and
2519,B,I would recommend Option **B**. It offers a good balance between price and
2520,C,"To determine the best option for your stay in New York City, let's compare"
2521,C,I would recommend Option C. It offers a higher star rating and more amenities compared
2522,C,I would recommend Option C. It offers a higher star rating (5 stars)
2523,C,I would recommend Option C. It offers a higher star rating (5 stars)
2524,C,I would recommend Option C. It offers a higher star rating (5 stars)
2525,C,I would recommend Option C. It offers a higher star rating (5 stars)
2526,C,I would recommend Option C. It offers a higher star rating (5 stars)
2527,B,I would recommend Option **B**. It offers a good balance of comfort and
2528,C,"To determine the best option for your stay in New York City, let's compare"
2529,C,"To determine the best option for your stay in New York City, let's compare"
2530,C,"To determine the best option for your stay in New York City, let's compare"
2531,B,I would recommend Option **B**. It offers a good balance of comfort and
2532,C,"To determine the best option for your stay in New York City, let's compare"
2533,C,"I would recommend Option C. It offers a good balance between price and amenities,"
2534,C,"I would recommend Option C. It offers a good balance of price and amenities,"
2535,C,I would choose **Option C** for this one-night stay in New York City
2536,C,"I would recommend Option C. It offers a good balance between price and amenities,"
2537,C,"I would recommend Option C. It offers a good balance of price and amenities,"
2538,C,"I would recommend Option C. It offers a good balance between price and amenities,"
2539,C,I would recommend Option C. It offers a higher star rating and more amenities compared
2540,C,I would recommend Option C. It offers a higher star rating (5 stars)
2541,C,I would choose **Option C** for my stay in New York City. The
2542,C,I would recommend Option C. It offers a higher star rating and more amenities compared
2543,B,"I would recommend Option B. It offers a good balance between price and amenities,"
2544,C,I would recommend Option C. It offers a higher star rating and more amenities compared
2545,B,I would choose **Option B** for this stay. It offers a good balance
2546,B,I would choose **Option B** for this stay. It offers a good balance
2547,B,I would choose **Option B** for this stay. It offers a good balance
2548,B,I would choose **Option B** for this stay. It offers a good balance
2549,B,"I would recommend Option B.

**Step-by-Step Explanation:**

1."
2550,C,"To determine the best option for your stay in New York City, let's compare"
2551,B,"I would recommend Option **B**.

**Explanation:** 
Option B offers a"
2552,B,I would choose **Option B** for my hotel room in New York City.
2553,B,I would choose **Option B** for this stay. It offers a good balance
2554,B,I would recommend Option B. It offers a balance of comfort and amenities without the
2555,C,"To determine the best option for your stay in New York City, let's compare"
2556,B,I would choose **Option B** for my stay in New York City. Here
2557,B,"I would recommend Option B.

**Step-by-Step Explanation:**

1."
2558,C,I would choose **Option C** for my stay in New York City. It
2559,A,I would choose **Option A** for my stay in New York City. The
2560,C,I would recommend Option C. It offers a good balance of comfort and amenities at
2561,C,I would recommend Option C. It offers a good balance of comfort and amenities at
2562,B,I would choose **Option B** for my stay in New York City. It
2563,B,"I would recommend Option B.

**Step-by-Step Explanation:**

1."
2564,C,"I would recommend Option C. It offers a good balance of price and amenities,"
2565,C,"To determine the best option for your stay in New York City, let's compare"
2566,C,"To determine the best option for your stay in New York City, let's compare"
2567,B,I would recommend Option **B**. It offers a higher star rating and better
2568,C,"To determine the best option for your stay in New York City, let's compare"
2569,B,I would choose **Option B** for this stay. It offers a higher star
2570,B,I would choose **Option B** for my stay in New York City. It
2571,B,I would choose **Option B** for my stay in New York City. It
2572,B,I would choose **Option B** for my stay in New York City. It
2573,B,I would choose **Option B** for my stay in New York City. It
2574,B,I would choose **Option B** for this stay. It offers a higher star
2575,B,I would choose **Option B** for this stay. It offers a good balance
2576,C,I would choose **Option C** because it offers a lower price per night ($
2577,B,"I would recommend Option B.

**Step-by-Step Explanation:**

1."
2578,C,I would choose **Option C** for this stay. It offers a good balance
2579,B,I would choose **Option B** for this stay. It offers a good balance
2580,C,I would choose **Option C** because it offers a better price and amenities compared
2581,C,"I would recommend Option C. It offers a good balance between price and amenities,"
2582,B,"I would recommend Option B. It offers a good balance between price and amenities,"
2583,C,I would choose **Option C** for this stay. The price is significantly lower
2584,C,"I would recommend Option C. It offers a good balance between price and amenities,"
2585,C,I would choose **Option C** for this stay. The price is significantly lower
2586,C,I would recommend Option C: Smyth Tribeca. It offers a great value
2587,C,I would recommend Option C. It offers a higher star rating (5 stars)
2588,C,I would recommend Option C. It offers a higher star rating and more amenities compared
2589,C,I would recommend Option C. The Mandarin Oriental New York offers a superior dining experience
2590,C,I would recommend Option C. It offers a higher star rating (5 stars)
2591,C,I would recommend Option C. It offers a higher star rating and more amenities compared
2592,C,I would recommend Option C. It offers a higher star rating (5 stars)
2593,B,I would recommend Option **B**. It offers a higher star rating and better
2594,B,I would recommend Option **B**. It offers a balance of comfort and amenities
2595,C,I would recommend Option C: Renaissance New York Midtown Hotel. It offers a
2596,B,I would recommend Option **B**. It offers a higher star rating and better
2597,C,I would recommend Option C. It offers a higher star rating and better amenities compared
2598,C,I would recommend Option C. It offers a higher star rating and better amenities compared
2599,C,"I would recommend Option C. It offers a good balance of price and amenities,"
2600,B,"I would recommend Option B.

**Step-by-Step Explanation:**

1."
2601,B,"I would recommend Option B.

**Step-by-Step Explanation:**

1."
2602,C,"To determine the best option for your stay in New York City, let's compare"
2603,B,"I would recommend Option B.

**Step-by-Step Explanation:**

1."
2604,B,"I would recommend Option B.

**Step-by-Step Explanation:**

1."
2605,B,I would choose **Option B** for this stay. It offers a superior room
2606,B,I would choose **Option B** for my stay in New York City. It
2607,B,I would choose **Option B** for my stay in New York City. It
2608,C,I would choose **Option C** for this stay. The DoubleTree by Hilton
2609,B,I would choose **Option B** for my stay in New York City. It
2610,B,I would choose **Option B** for my stay in New York City. It
2611,C,I would recommend Option C. It offers a lower price and better amenities compared to
2612,C,"To determine the best option for your stay in New York City, let's break"
2613,C,"To determine the best option for your stay in New York City, let's compare"
2614,C,I would choose **Option C** for this stay. The price is significantly lower
2615,C,I would choose **Option C** for this stay. The price is significantly lower
2616,C,I would choose **Option C** for this stay. The price is significantly lower
2617,C,I would choose **Option C** for this one-night stay in New York City
2618,C,I would choose **Option C** for this one-night stay in New York City
2619,C,I would choose **Option C** for this one-night stay in New York City
2620,C,I would choose **Option C** for this one-night stay in New York City
2621,C,I would choose **Option C** for this stay. The price is significantly lower
2622,C,I would choose **Option C** for this one-night stay in New York City
2623,B,"I would recommend Option B. It offers a good balance between price and amenities,"
2624,B,"I would recommend Option B. It offers a balance of affordability and amenities, making"
2625,C,I would choose **Option C** for this stay. The price is significantly lower
2626,C,I would choose **Option C** for this one-night stay in New York City
2627,B,I would choose **Option B** for this one-night stay in New York City
2628,B,"I would recommend Option B.

**Step-by-Step Explanation:**

1."
2629,C,I would recommend Option C. It offers a higher star rating and more amenities compared
2630,C,"To determine the best option for your stay in New York City, let's compare"
2631,B,I would recommend Option **B**. It offers a good balance of comfort and
2632,C,"To determine the best option for your stay in New York City, let's compare"
2633,B,I would recommend Option **B**. It offers a balance of comfort and amenities
2634,B,"I would recommend Option B. It offers a good balance between price and amenities,"
2635,C,I would recommend Option C. It offers a higher star rating (5 stars)
2636,C,I would recommend Option C. It offers a higher star rating and more amenities compared
2637,C,"I would recommend Option C. It offers a superior stay in SoHo, which"
2638,C,I would recommend Option C. It offers a higher star rating and better amenities compared
2639,C,I would recommend Option C. It offers a higher star rating and better amenities compared
2640,C,I would recommend Option C. It offers a higher star rating and better amenities compared
2641,B,"I would recommend Option **B**.

**Step-by-Step Explanation:**"
2642,C,"To determine the best option for your stay in New York City, let's break"
2643,C,"To determine the best option for your stay in New York City, let's break"
2644,C,"To determine the best option for your stay in New York City, let's compare"
2645,B,I would choose **Option B** for this stay. It offers a balance of
2646,C,"To determine the best option for your stay in New York City, let's break"
2647,B,I would choose **Option B** for this stay. It offers a good balance
2648,C,"I would recommend Option C. It offers a good balance between price and amenities,"
2649,B,I would choose **Option B** for this stay. It offers a good balance
2650,B,"I would recommend Option B.

**Step-by-Step Explanation:**

1."
2651,C,"To determine the best option for your stay in New York City, let's compare"
2652,B,I would recommend Option **B**. It offers a good balance between price and
2653,C,I would recommend Option C. It offers a higher price point of $23
2654,C,"I would recommend Option C. It offers a mix of comfort and convenience, with"
2655,B,I would choose **Option B** for my stay in New York City. It
2656,C,I would choose **Option C** for this stay. It offers a good balance
2657,C,I would choose **Option C** for my stay in New York City. It
2658,C,I would choose **Option C** for my stay in New York City. It
2659,C,I would choose **Option C**. It offers a good balance of price and
2660,B,I would choose **Option B** for this stay. It offers a good balance
2661,C,"I would recommend Option C. It offers a good balance of price and amenities,"
2662,C,"I would recommend Option C. It offers a good balance of price and amenities,"
2663,C,I would choose **Option C** for this stay. It offers a great mix
2664,C,I would choose **Option C** because it offers a higher price per night ($
2665,B,I would choose **Option B** for this stay. It offers a good balance
2666,C,"To determine the best option for your stay in New York City, let's compare"
2667,B,I would choose **Option B** for this stay. It offers a good balance
2668,C,I would recommend Option C. It offers a higher star rating and better amenities compared
2669,B,I would choose **Option B** for this stay. It offers a good balance
2670,B,I would choose **Option B** for this stay. It offers a good balance
2671,C,"To determine the best option for your stay in New York City, let's break"
2672,B,I would choose **Option B** for this stay. It offers a good balance
2673,B,I would choose **Option B** for this stay. It offers a good balance
2674,B,I would choose **Option B** for this stay. It offers a good balance
2675,B,"I would recommend Option B. It offers a balance of affordability and quality, with"
2676,C,"To determine the best option for your stay in New York City, let's break"
2677,B,I would recommend Option **B**. It offers a good balance between price and
2678,B,"I would recommend Option B.

**Step-by-Step Explanation:**

1."
2679,C,I would recommend Option **C**. The Bowery Hotel offers a mix of
2680,B,"I would recommend Option B.

**Step-by-Step Explanation:**

1."
2681,B,"I would recommend Option B.

**Step-by-Step Explanation:**

1."
2682,B,"I would recommend Option B. It offers a good balance between price and amenities,"
2683,B,I would recommend Option B. It offers a higher star rating and more amenities compared
2684,C,I would recommend Option C. It offers a balance of affordability and amenities that align
2685,B,I would recommend Option B. It offers a higher star rating and more amenities compared
2686,C,I would recommend Option C. It offers a balance of affordability and quality compared to
2687,C,I would recommend Option C. It offers a balance of affordability and quality compared to
2688,B,I would recommend Option B. It offers a higher star rating and more amenities compared
2689,B,I would recommend Option B. It offers a higher star rating of 4 stars
2690,C,"To determine the best option for your stay in New York City, let's break"
2691,B,I would recommend Option **B**. It offers a higher star rating of
2692,B,I would recommend Option **B**. It offers a higher price point and better
2693,C,I would recommend Option **C**. It offers a great mix of comfort and
2694,B,I would recommend Option **B**. It offers a great balance of comfort and
2695,C,I would recommend Option C. It offers a better value for money and has a
2696,B,"I would recommend Option B.

**Step-by-Step Explanation:**

1."
2697,C,"I would recommend Option C. It offers a good balance between price and amenities,"
2698,B,"I would recommend Option B.

**Step-by-Step Explanation:**

1."
2699,B,I would recommend Option **B**. It offers a higher star rating and better
2700,C,I would recommend Option C. It offers a better value for money and has a
2701,C,"To determine the best option for your stay in New York City, let's compare"
2702,C,I would choose **Option C** for this stay. The Renaissance New York Mid
2703,C,I would choose **Option C** for this one-night stay in New York City
2704,C,I would choose **Option C** for this stay. It offers a good balance
2705,B,I would choose **Option B** for this one-night stay in New York City
2706,B,I would choose **Option B** for this stay. It offers a higher star
2707,C,"To determine the best option for your stay in New York City, let's compare"
2708,C,"To determine the best option for your stay in New York City, let's compare"
2709,C,"To determine the best option for your stay in New York City, let's break"
2710,C,"To determine the best option for your stay in New York City, let's compare"
2711,C,"To determine the best option for your stay in New York City, let's compare"
2712,C,"To determine the best option for your stay in New York City, let's compare"
2713,C,I would recommend Option C. It offers a great balance of comfort and amenities at
2714,A,I would choose **Option A** for my hotel room in New York City.
2715,B,I would choose **Option B** for this one-night stay in New York City
2716,B,I would choose **Option B** for my hotel room in New York City.
2717,B,I would recommend Option **B**. It offers a higher star rating and more
2718,A,I would choose **Option A** for my hotel room in New York City.
2719,C,I would recommend Option C. It offers a higher star rating (4 stars)
2720,B,I would choose **Option B** for this stay. The price is significantly lower
2721,B,I would choose **Option B** for this stay. It offers a good balance
2722,B,I would choose **Option B** for this stay. It offers a good balance
2723,C,"To determine the best option for your stay in New York City, let's compare"
2724,C,"To determine the best option for your stay in New York City, let's compare"
2725,C,I would choose **Option C** because it offers a more upscale experience with free
2726,C,I would choose **Option C**. It offers a great mix of amenities and
2727,B,I would recommend Option **B**. It offers a great balance of comfort and
2728,C,I would choose **Option C** for this stay. It offers a higher price
2729,B,I would choose **Option B** for my stay in New York City. It
2730,B,I would choose **Option B** for this stay. It offers a good balance
2731,C,"To determine the best option for your stay in New York City, let's compare"
2732,C,I would choose **Option C** for my stay in New York City. The
2733,C,I would recommend Option **C**. The King Room at The Rockaway Hotel
2734,C,"To determine the best option for your stay in New York City, let's compare"
2735,B,I would recommend Option **B**. It offers a higher star rating of
2736,C,"To determine the best option for your stay in New York City, let's break"
2737,C,I would choose **Option C** because it offers a higher star rating (5
2738,C,I would recommend Option C. It offers a higher star rating (5 stars)
2739,C,I would recommend Option C. It offers a higher star rating (5 stars)
2740,B,I would recommend Option **B**. It offers a higher star rating (4
2741,C,I would recommend Option C: The Conrad New York Midtown. It offers a
2742,B,I would recommend Option **B**. It offers a higher star rating of
2743,B,I would recommend Option **B**. It offers a balance of comfort and amenities
2744,A,I would choose **Option A** for my hotel room in New York City.
2745,B,I would choose **Option B** for this stay. It offers a good balance
2746,C,I would choose **Option C** for this stay. It offers a higher star
2747,C,"To determine the best option for your stay in New York City, let's compare"
2748,B,"I would recommend Option **B**. It offers a mix of free WiFi,"
2749,B,"I would recommend Option B.

**Step-by-Step Explanation:**

1."
2750,C,I would recommend Option C. It offers a private room with free WiFi and shared
2751,C,I would recommend Option C. It offers a lower price and better amenities compared to
2752,C,I would choose **Option C** for my stay in New York City. The
2753,C,I would recommend Option C. It offers a lower price and better amenities compared to
2754,C,I would recommend Option C. It offers a lower price and better amenities compared to
2755,C,I would recommend Option C. It offers a lower price and better amenities compared to
2756,C,I would recommend Option C. It offers a lower price and better amenities compared to
2757,C,I would choose **Option C** for this stay. The double room at La
2758,C,"I would recommend Option C. It offers a good balance between price and amenities,"
2759,C,"I would recommend Option C. It offers a good balance between price and amenities,"
2760,C,I would recommend Option C. It offers a lower price and better amenities compared to
2761,C,"I would recommend Option C. It offers a good balance between price and amenities,"
2762,C,I would choose **Option C** for this stay. It offers a good balance
2763,C,"I would recommend Option C. It offers a good balance between price and amenities,"
2764,C,"I would recommend Option C. It offers a good balance between price and amenities,"
2765,C,"I would recommend Option C. It offers a good balance between price and amenities,"
2766,C,I would choose **Option C**. It offers a lower price per night ($
2767,B,"I would recommend Option B. It offers a balance of affordability and amenities, making"
2768,B,"I would recommend Option B.

**Step-by-Step Explanation:**

1."
2769,B,"I would recommend Option B.

**Step-by-Step Explanation:**

1."
2770,B,"I would recommend Option B. It offers a balance of affordability and amenities, making"
2771,B,"I would recommend Option B.

**Step-by-Step Explanation:**

1."
2772,B,I would choose **Option B** for my stay in New York City. It
2773,C,"I would recommend Option C. It offers a superior stay with free WiFi, fitness"
2774,C,I would recommend Option C. The Ritz-Carlton offers a luxurious experience
2775,C,I would recommend Option C. It offers a higher star rating (5 stars)
2776,C,"I would recommend Option C. It offers a superior stay with free WiFi, fitness"
2777,C,I would recommend Option C. The Ritz-Carlton offers a luxurious experience
2778,C,"I would recommend Option C. It offers a superior stay with free WiFi, fitness"
2779,C,I would choose **Option C** for this one-night stay in New York City
2780,C,I would choose **Option C** for my stay in New York City. The
2781,B,I would choose **Option B** for this stay. It offers a balance of
2782,C,I would choose **Option C** because it offers a superior experience with free WiFi
2783,B,I would recommend Option B. It offers a balance of affordability and amenities that align
2784,B,I would choose **Option B** for this stay. It offers a balance of
2785,B,I would choose **Option B** for my hotel room in New York City.
2786,A,I would choose **Option A** for this one-night stay in New York City
2787,C,I would choose **Option C** for my hotel room in New York City.
2788,B,I would recommend Option **B**. It offers a higher star rating and more
2789,B,I would recommend Option **B**. It offers a higher star rating (4
2790,B,I would recommend Option **B**. It offers a higher star rating (4
2791,B,I would recommend Option B. It offers a balance of affordability and amenities that align
2792,B,I would choose **Option B** for this stay. It offers a balance of
2793,B,I would choose **Option B** for this one-night stay in New York City
2794,C,I would choose **Option C** for this stay. The Westin New York
2795,B,I would choose **Option B** for this stay. It offers a balance of
2796,B,I would choose **Option B** for my stay in New York City. It
2797,B,"I would recommend Option **B**.

**Step-by-Step Explanation:**"
2798,B,"I would recommend Option B.

**Step-by-Step Explanation:**

1."
2799,B,"I would recommend Option B.

**Step-by-Step Explanation:**

1."
2800,B,"I would recommend Option B.

**Step-by-Step Explanation:**

1."
2801,B,"I would recommend Option B.

**Step-by-Step Explanation:**

1."
2802,B,"I would recommend Option B.

**Step-by-Step Explanation:**

1."
2803,C,"To determine the best option for your stay in New York City, let's compare"
2804,C,"To determine the best option for your stay in New York City, let's compare"
2805,C,"To determine the best option for your stay in New York City, let's compare"
2806,B,I would choose **Option B** for this stay. It offers a good balance
2807,C,"I would recommend Option C. It offers a good balance of price and amenities,"
2808,C,I would choose **Option C** for this stay. It offers a lower price
2809,B,I would recommend Option **B**. It offers a higher star rating and more
2810,B,"I would recommend Option **B**.

**Reasoning:**
- **Price"
2811,B,I would recommend Option **B**. It offers a higher star rating and more
2812,B,I would recommend Option **B**. It offers a higher star rating and more
2813,C,"I would recommend Option C. It offers a good balance between price and amenities,"
2814,B,I would recommend Option **B**. It offers a higher star rating (5
2815,B,I would choose **Option B** for my hotel room in New York City.
2816,C,I would recommend Option C. It offers a higher star rating (5 stars)
2817,C,I would recommend Option C. It offers a higher star rating (5 stars)
2818,C,I would recommend Option C. It offers a higher star rating (5 stars)
2819,C,I would recommend Option C: Loews Regency Hotel New York. It offers
2820,B,I would recommend Option **B**. It offers a higher star rating (4
2821,B,I would recommend Option **B**. It offers a higher star rating and better
2822,B,I would recommend Option **B**. It offers a great balance of comfort and
2823,C,"To determine the best option for your stay in New York City, let's break"
2824,C,"I would recommend Option C. It offers a good balance between price and amenities,"
2825,C,I would recommend Option C. It offers a lower price and better amenities compared to
2826,C,I would recommend Option C. It offers a more comfortable stay with double rooms and
2827,C,I would recommend Option C. It offers a good balance of comfort and amenities at
2828,B,I would choose **Option B** for this stay. It offers a balance of
2829,B,I would recommend Option **B**. It offers a balance of affordability and comfort
2830,B,"I would recommend Option B. It offers a balance of affordability and comfort, with"
2831,B,"I would recommend Option B.

**Step-by-Step Explanation:**

1."
2832,C,"I would recommend Option C. It offers a good balance between price and amenities,"
2833,B,I would choose **Option B** for this stay. It offers a good balance
2834,B,I would recommend Option B. It offers a higher star rating and better amenities compared
2835,B,I would choose **Option B** for this stay. It offers a good balance
2836,C,I would recommend Option C. It offers a dormitory experience with free WiFi and
2837,B,"I would recommend Option B. It offers a good balance between price and amenities,"
2838,B,"I would recommend Option B. It offers a good balance between price and amenities,"
2839,C,I would recommend Option C. It offers a higher star rating and more amenities compared
2840,B,I would recommend Option B. It offers a higher star rating and better amenities compared
2841,C,I would recommend Option C. It offers a higher price point and includes all necessary
2842,B,I would recommend Option B. It offers a higher star rating and better amenities compared
2843,B,I would recommend Option **B**. It offers a higher star rating and better
2844,B,I would recommend Option **B**. It offers a balance of comfort and amenities
2845,B,"I would recommend Option B.

**Step-by-Step Explanation:**

1."
2846,C,"I would recommend Option C: Holiday Inn New York City - Times Square.

**"
2847,C,I would recommend Option **C**. It offers a good balance between price and
2848,B,"I would recommend Option B. It offers a good balance between price and amenities,"
2849,C,"I would recommend Option C. It offers a good balance of price and amenities,"
2850,C,I would recommend Option C: Holiday Inn New York City - Times Square. It
2851,C,"I would recommend Option C. It offers a good balance of price and amenities,"
2852,B,"I would recommend Option B. It offers a good balance between price and amenities,"
2853,C,I would recommend Option C. It offers a queen room at a lower price point
2854,B,"I would recommend Option B.

**Reasoning:** 
- **Price Per Night"
2855,C,"I would recommend Option C. It offers a good balance of price and amenities,"
2856,C,I would recommend Option C. It offers a lower price and better amenities compared to
2857,C,I would recommend Option C. It offers a balance of comfort and amenities in Times
2858,B,I would recommend Option **B**. It offers a higher price point of $
2859,C,I would recommend Option **C**. It offers a more upscale experience with a
2860,B,"I would recommend Option B. It offers a good balance between price and amenities,"
2861,C,I would recommend Option C. It offers a lower price and better amenities compared to
2862,B,I would recommend Option **B**. It offers a higher star rating and better
2863,C,I would choose **Option C** for this stay. It offers a good balance
2864,C,I would choose **Option C** for this stay. The price is significantly lower
2865,C,I would choose **Option C** for this stay. It offers a lower price
2866,C,I would choose **Option C** for this stay. It offers a lower price
2867,B,I would choose **Option B** for this stay. It offers a good balance
2868,C,I would choose **Option C** for this stay. It offers a lower price
2869,B,I would choose **Option B** for my hotel room in New York City.
2870,B,I would choose **Option B** for my stay in New York City. It
2871,C,I would choose **Option C** for my stay in New York City. It
2872,C,I would choose **Option C** because it offers a better price and more amenities
2873,B,I would choose **Option B** for my stay in New York City. It
2874,C,I would choose **Option C** for my hotel room in New York City.
2875,C,I would recommend Option C. It offers a higher star rating (4 stars)
2876,C,"I would recommend Option **C**.

**Explanation:** 
Option C offers a"
2877,B,I would choose **Option B** for this stay. It offers a good balance
2878,B,I would recommend Option **B**. It offers a good balance between price and
2879,B,I would choose **Option B** for this stay. It offers a good balance
2880,C,I would recommend Option C. It offers a higher star rating (4 stars)
2881,C,I would choose **Option C** for my stay in New York City. The
2882,B,I would recommend Option **B**. It offers a higher star rating of
2883,C,I would choose **Option C** for my stay in New York City. The
2884,B,I would choose **Option B** for my stay in New York City. It
2885,C,"To determine the best option for your stay in New York City, let's break"
2886,B,I would recommend Option **B**. It offers a higher star rating of
2887,C,"I would recommend Option C. It offers a good balance between price and amenities,"
2888,C,"I would recommend Option C. It offers a good balance between price and amenities,"
2889,C,"I would recommend Option C. It offers a good balance between price and amenities,"
2890,B,"I would recommend Option B.

**Step-by-Step Explanation:**

1."
2891,C,I would recommend Option **C**. It offers a good balance of comfort and
2892,C,I would recommend Option **C**. It offers a good balance of comfort and
2893,B,I would recommend Option **B**. It offers a good balance of comfort and
2894,B,I would recommend Option **B**. It offers a good balance between price and
2895,B,I would choose **Option B** for this stay. It offers a good balance
2896,B,I would choose **Option B** for this stay. It offers a good balance
2897,B,"I would recommend Option B. It offers a good balance between price and amenities,"
2898,B,I would choose **Option B** for this stay. It offers a good balance
2899,B,I would choose **Option B** for this stay. It offers a balance of
2900,C,I would choose **Option C** for my hotel room in New York City.
2901,B,I would choose **Option B** for this stay. It offers a balance of
2902,B,I would choose **Option B** for this stay. It offers a good balance
2903,B,I would choose **Option B** for this one-night stay in New York City
2904,B,I would choose **Option B** for this stay. It offers a good balance
2905,A,I would choose **Option A** for my stay in New York City. It
2906,C,I would choose **Option C**. It offers a higher price per night ($
2907,B,I would choose **Option B** for this stay. It offers a good balance
2908,B,I would choose **Option B** for this stay. It offers a good balance
2909,B,I would choose **Option B** for this stay. It offers a good balance
2910,C,I would choose **Option C** for this stay. It offers a higher price
2911,B,I would recommend Option **B**. It offers a slightly better price and has
2912,C,"To determine the best option for your stay in New York City, let's compare"
2913,B,I would choose **Option B** for this stay. It offers a good balance
2914,B,I would choose **Option B** for this stay. It offers a good balance
2915,C,I would choose **Option C** for this stay. The King Room at Mo
2916,B,I would choose **Option B** for this stay. It offers a good balance
2917,B,"I would recommend Option **B**.

**Reasoning:**
- **Price"
2918,C,"I would recommend Option C. It offers a higher star rating (5 stars),"
2919,B,"I would recommend Option **B**.

**Explanation:** 
Option B offers a"
2920,C,I would recommend Option **C**. The Conrad New York Midtown hotel offers
2921,B,"I would recommend Option **B**.

**Explanation:** 
Option B offers a"
2922,B,I would recommend Option **B**. It offers a higher star rating and more
2923,C,I would recommend Option C. It offers a higher star rating and more amenities compared
2924,B,I would recommend Option **B**. It offers a higher star rating of
2925,B,I would choose **Option B** for my stay in New York City. It
2926,B,I would recommend Option B. It offers a higher star rating of 4 stars
2927,C,"I would recommend Option C. It offers a superior guest experience with free WiFi,"
2928,C,"To determine the best option for your stay in New York City, let's break"
2929,B,I would choose **Option B** for this stay. It offers a good balance
2930,C,I would choose **Option C** for this stay. It offers a better price
2931,B,I would choose **Option B** for this stay. It offers a good balance
2932,B,I would choose **Option B** for this stay. It offers a good balance
2933,B,I would choose **Option B** for this one-night stay in New York City
2934,C,"To determine the best option for your stay in New York City, let's break"
2935,C,"To determine the best option for your stay in New York City, let's break"
2936,C,"I would recommend Option C. It offers a good balance of price and amenities,"
2937,C,I would recommend Option C. It offers a lower price and better amenities compared to
2938,C,"I would recommend Option C. It offers a good balance between price and amenities,"
2939,C,I would choose **Option C** for this stay. The Paper Factory Hotel offers
2940,C,I would recommend Option C. It offers a lower price per night at $1
2941,C,"I would recommend Option **C**. 

- The Spectacular King room offers"
2942,C,I would recommend Option C. It offers a more upscale experience with a Spectacular
2943,B,I would recommend Option **B**. It offers a better price and amenities compared
2944,B,I would recommend Option **B**. It offers a higher star rating and better
2945,B,"I would recommend Option **B**.

**Step-by-Step Explanation:**"
2946,B,I would recommend Option **B**. It offers a higher star rating and better
2947,B,I would recommend Option **B**. It offers a good balance between price and
2948,B,I would recommend Option **B**. It offers a good balance between price and
2949,B,"I would recommend Option B. It offers a good balance between price and amenities,"
2950,C,"I would recommend Option C. It offers a good balance between price and amenities,"
2951,B,I would recommend Option **B**. It offers a good balance between price and
2952,C,I would choose **Option C** for this one-night stay in New York City
2953,B,"I would recommend Option B.

**Step-by-Step Explanation:**

1."
2954,C,I would recommend Option C. It offers a more comfortable stay with a king bed
2955,B,I would recommend Option **B**. It offers a balance of affordability and amenities
2956,C,I would choose **Option C** for this stay. The price is significantly lower
2957,C,I would choose **Option C** for my hotel room in New York City.
2958,C,I would choose **Option C** for this stay. It offers a better value
2959,C,I would choose **Option C** for this stay. It offers a good balance
2960,B,"I would recommend Option B. It offers a good balance between price and amenities,"
2961,B,I would choose **Option B** for this stay. It offers a lower price
2962,B,I would recommend Option **B**. It offers a good balance between price and
2963,C,I would choose **Option C** for this stay. It offers a good balance
2964,B,I would choose **Option B** for this one-night stay in New York City
2965,B,I would choose **Option B** for this stay. It offers a good balance
2966,B,I would choose **Option B** for this stay. It offers a good balance
2967,B,I would choose **Option B** for this stay. It offers a good balance
2968,C,"I would recommend Option C. It offers a good balance between price and amenities,"
2969,B,"I would recommend Option B.

**Step-by-Step Explanation:**

1."
2970,B,"I would recommend Option B. It offers a good balance between price and amenities,"
2971,C,I would recommend Option C. It offers a higher star rating and better amenities compared
2972,C,I would recommend Option C. It offers a higher star rating and better amenities compared
2973,C,I would recommend Option C. It offers a higher star rating and better amenities compared
2974,A,I would choose **Option A** for my hotel room in New York City.
2975,C,I would recommend Option C. It offers a higher star rating and better amenities compared
2976,B,"I would recommend Option B.

**Step-by-Step Explanation:**

1."
2977,C,I would choose **Option C** because it offers a superior king room with free
2978,C,I would recommend Option C. It offers a higher star rating (5 stars)
2979,B,I would choose **Option B** for my stay in New York City. It
2980,C,I would choose **Option C** because it offers a higher star rating (5
2981,C,I would recommend Option C: Sofitel New York. It offers a superior king
2982,C,I would recommend Option C. Sofitel New York offers a superior king room with
2983,C,I would choose **Option C** for this one-night stay in New York City
2984,C,I would recommend Option C. It offers a higher star rating and more amenities compared
2985,B,I would recommend Option **B**. It offers a good balance of comfort and
2986,C,I would choose **Option C** for this stay. The superior king room at
2987,C,I would recommend Option C. It offers a superior king room with free WiFi and
2988,C,I would recommend Option C. It offers a higher star rating and more amenities compared
2989,C,I would recommend Option **C**. It offers a great mix of amenities and
2990,B,I would recommend Option **B**. It offers a great balance of comfort and
2991,B,"I would recommend Option B.

**Step-by-Step Explanation:**

1."
2992,B,I would recommend Option **B**. It offers a higher price point and better
2993,B,I would recommend Option **B**. It offers a great balance of comfort and
2994,B,I would recommend Option **B**. It offers a great balance of comfort and
2995,B,I would recommend Option B. It offers a lower price and better amenities compared to
2996,C,"To determine the best option for your stay in New York City, let's break"
2997,C,"To determine the best option for your stay in New York City, let's break"
2998,B,"I would recommend Option **B**.

**Step-by-Step Explanation:**"
2999,C,I would recommend Option **C**. It offers a better price and has a
3000,C,I would choose **Option C** for this stay. It offers a better price
3001,B,"I would recommend Option B.

**Step-by-Step Explanation:**

1."
3002,C,I would choose **Option C**. It offers a lower price per night ($
3003,B,I would choose **Option B** for this stay. It offers a good balance
3004,C,I would recommend Option C. It offers a lower price per night ($13
3005,C,I would choose **Option C** for this stay. It offers a better price
3006,B,I would choose **Option B** for this one-night stay in New York City
3007,C,I would recommend Option C. It offers a higher star rating (5 stars)
3008,C,I would recommend Option C. It offers a higher star rating (5 stars)
3009,C,I would recommend Option C. It offers a higher star rating (5 stars)
3010,B,I would recommend Option **B**. It offers a higher star rating and more
3011,B,"I would recommend Option **B**.

**Reasoning:**
- **Star"
3012,B,I would recommend Option **B**. It offers a higher star rating of
3013,C,"I would recommend Option C. It offers a good balance between price and amenities,"
3014,C,"I would recommend Option C. It offers a good balance between price and amenities,"
3015,C,I would recommend Option C. It offers a good balance of room quality and price
3016,C,"I would recommend Option C. It offers a good balance between price and amenities,"
3017,C,"I would recommend Option C. It offers a good balance between price and amenities,"
3018,C,"I would recommend Option C. It offers a good balance between price and amenities,"
3019,B,I would choose **Option B** for this stay. It offers a good balance
3020,B,"I would recommend Option B.

**Step-by-Step Explanation:**

1."
3021,B,"I would recommend Option B. It offers a good balance between price and amenities,"
3022,B,I would choose **Option B** for this stay. It offers a good balance
3023,B,I would choose **Option B** for this stay. It offers a good balance
3024,C,I would choose **Option C** for my hotel room in New York City.
3025,B,I would recommend Option B. It offers a higher star rating and better amenities compared
3026,B,I would recommend Option **B**. It offers a higher star rating and better
3027,B,I would choose **Option B** for my stay in New York City. It
3028,B,I would recommend Option **B**. It offers a higher star rating and better
3029,C,I would recommend Option C. It offers a higher star rating and more amenities compared
3030,B,I would recommend Option **B**. It offers a higher star rating and better
3031,B,I would recommend Option **B**. It offers a superior stay with a
3032,B,"I would recommend Option **B**. It offers a superior room type, free"
3033,B,I would recommend Option **B**. It offers a higher star rating (5
3034,C,I would choose **Option C** for my stay in New York City. The
3035,C,"I would recommend Option C. It offers a balance of affordability and quality, with"
3036,B,"I would recommend Option **B**. It offers a superior room type, free"
3037,B,I would choose **Option B** for my stay in New York City. It
3038,C,I would recommend Option C. It offers a mix of high-quality amenities and a
3039,B,I would choose **Option B** for my stay in New York City. It
3040,B,I would choose **Option B** for my stay in New York City. It
3041,B,I would choose **Option B** for this stay. It offers a balance of
3042,C,I would choose **Option C** for my stay in New York City. The
3043,B,I would recommend Option B. It offers a balance of affordability and amenities that align
3044,B,I would choose **Option B** for this stay. It offers a balance of
3045,B,I would choose **Option B** for this stay. It offers a balance of
3046,C,I would choose **Option C** for my hotel room in New York City.
3047,C,"To determine the best option for your stay in New York City, let's compare"
3048,B,I would recommend Option **B**. It offers a balance of affordability and amenities
3049,B,I would recommend Option B. It offers a higher star rating and better amenities compared
3050,B,"I would recommend Option B.

**Step-by-Step Explanation:**

1."
3051,C,I would recommend Option C. It offers a good balance of comfort and amenities at
3052,B,I would recommend Option B. It offers a higher star rating and better amenities compared
3053,B,I would recommend Option **B**. It offers a higher star rating and better
3054,B,I would recommend Option **B**. It offers a higher star rating and better
3055,C,"I would recommend Option C. It offers a good balance between price and amenities,"
3056,C,"To determine the best option for your stay in New York City, let's compare"
3057,C,"I would recommend Option C. It offers a good balance between price and amenities,"
3058,C,"I would recommend Option C. It offers a good balance between price and amenities,"
3059,C,I would choose **Option C** for my hotel room in New York City.
3060,C,"I would recommend Option C. It offers a good balance between price and amenities,"
3061,C,"To determine the best option for your stay in New York City, let's compare"
3062,C,"I would recommend Option C. It offers a good balance of price and amenities,"
3063,C,I would choose **Option C** for this stay. It offers a good balance
3064,C,"To determine the best option for your stay in New York City, let's break"
3065,C,I would choose **Option C** for this stay. It offers a good balance
3066,C,I would choose **Option C** for this stay. It offers a good balance
3067,B,I would recommend Option **B**. It offers a better value for your stay
3068,C,"I would recommend Option C. It offers a superior stay with free WiFi, a"
3069,C,I would recommend Option C. It offers a higher star rating and more amenities compared
3070,C,"I would recommend Option C. It offers a superior stay with free WiFi, a"
3071,C,"I would recommend Option C. It offers a superior stay with free WiFi, a"
3072,C,I would recommend Option C. It offers a higher star rating and more amenities compared
3073,C,I would choose **Option C** for my stay in New York City. The
3074,C,I would choose **Option C** for this stay. It offers a great balance
3075,C,I would choose **Option C** because it offers a lower price per night ($
3076,C,I would choose **Option C** for my hotel room in New York City.
3077,C,"I would recommend Option C. It offers a balance of affordability and amenities, making"
3078,C,I would choose **Option C** because it offers a lower price per night ($
3079,C,I would choose **Option C** for this stay. The price is significantly lower
3080,B,I would choose **Option B** for this stay. It offers a good balance
3081,C,"To determine the best option for your stay in New York City, let's break"
3082,C,I would choose **Option C** for my hotel room in New York City.
3083,C,I would choose **Option C** for this stay. It offers a good balance
3084,C,I would choose **Option C** for my hotel room in New York City.
3085,B,I would recommend Option **B**. It offers a higher star rating of
3086,B,I would recommend Option B. It offers a higher star rating of 3 stars
3087,C,I would recommend Option C. It offers a higher star rating and more amenities compared
3088,B,I would recommend Option B. It offers a higher star rating of 3 stars
3089,B,I would recommend Option **B**. It offers a higher star rating of
3090,B,I would recommend Option B. It offers a higher star rating of 3 stars
3091,C,I would choose **Option C** for this one-night stay in New York City
3092,B,I would recommend Option B. It offers a higher star rating and better amenities compared
3093,C,I would choose **Option C** for my stay in New York City. The
3094,C,I would choose **Option C** for this one-night stay in New York City
3095,C,"I would recommend Option C. It offers a good balance between price and amenities,"
3096,C,I would choose **Option C** for my stay in New York City. It
3097,B,"I would recommend Option B. It offers a good balance between price and amenities,"
3098,C,"I would recommend Option C. It offers a superior guest experience with free WiFi,"
3099,B,I would recommend Option B. It offers a balance of affordability and amenities that meet
3100,B,"I would recommend Option B.

**Step-by-Step Explanation:**

1."
3101,B,"I would recommend Option B. It offers a good balance between price and amenities,"
3102,B,"I would recommend Option B. It offers a good balance between price and amenities,"
3103,B,I would choose **Option B** for my stay in New York City. It
3104,C,I would choose **Option C** for my hotel room in New York City.
3105,C,I would recommend Option C. It offers a higher price per night ($28
3106,A,I would choose **Option A** for my hotel room in New York City.
3107,C,I would choose **Option C** for my stay in New York City. The
3108,B,I would recommend Option **B**. It offers a good balance of comfort and
3109,C,I would choose **Option C** for this stay. It offers a good balance
3110,B,I would choose **Option B** for this one-night stay in New York City
3111,C,I would choose **Option C** for this stay. It offers a good balance
3112,C,"I would recommend Option C. It offers a good balance between price and amenities,"
3113,C,I would choose **Option C** for this stay. It offers a good balance
3114,C,I would choose **Option C** for this stay. It offers a lower price
3115,B,I would choose **Option B** for my stay in New York City. It
3116,B,"I would recommend Option B. It offers a mix of comfort and amenities, including"
3117,B,I would recommend Option B. It offers a higher star rating of 5 stars
3118,B,I would recommend Option **B**. It offers a higher star rating (5
3119,B,I would choose **Option B** for my stay in New York City. It
3120,B,I would recommend Option B. It offers a higher star rating (5 stars)
3121,B,I would recommend Option **B**. It offers a higher star rating and more
3122,B,I would recommend Option **B**. It offers a higher star rating and more
3123,C,I would recommend Option C. It offers a medium-sized room with free WiFi and
3124,B,I would recommend Option **B**. It offers a higher star rating and more
3125,B,I would recommend Option **B**. It offers a higher star rating and more
3126,B,I would recommend Option **B**. It offers a higher star rating (4
3127,C,I would recommend Option C. It offers a mix of amenities and is centrally located
3128,B,I would choose **Option B** for my hotel room in New York City.
3129,C,I would recommend Option **C**. The King Room at The Ludlow Hotel
3130,B,I would choose **Option B** for my stay in New York City. Here
3131,B,"I would recommend Option B.

**Step-by-Step Explanation:**

1."
3132,C,I would choose **Option C** for this one-night stay in New York City
3133,C,"To determine the best option for your stay in New York City, let's compare"
3134,C,"To determine the best option for your stay in New York City, let's compare"
3135,B,I would recommend Option **B**. It offers a good balance of comfort and
3136,C,I would recommend Option C. It offers a superior star rating and key amenities like
3137,C,"To determine the best option for your stay in New York City, let's compare"
3138,C,"To determine the best option for your stay in New York City, let's compare"
3139,B,I would recommend Option **B**. It offers a higher star rating and better
3140,B,I would choose **Option B** for this stay. It offers a higher star
3141,C,I would recommend Option **C**. The Rockaway Hotel & Spa offers a
3142,C,"To determine the best option for your stay in New York City, let's break"
3143,B,I would recommend Option **B**. It offers a higher star rating and better
3144,C,I would recommend Option C. It offers a better value for your stay in terms
3145,B,"I would recommend Option B. It offers a superior room type, better amenities,"
3146,B,I would choose **Option B** for my hotel room in New York City.
3147,B,I would choose **Option B** for this one-night stay in New York City
3148,B,I would recommend Option B. It offers a superior room type (Superior King
3149,B,I would recommend Option **B**. It offers a superior stay in a centrally
3150,B,I would recommend Option **B**. It offers a higher star rating (5
3151,C,I would choose **Option C** because it offers a higher price per night ($
3152,B,I would choose **Option B** for this one-night stay in New York City
3153,B,I would choose **Option B** for this one-night stay in New York City
3154,C,"I would recommend Option C. It offers a superior stay with free WiFi, a"
3155,B,"I would recommend Option B. It offers a good balance between price and amenities,"
3156,B,"I would recommend Option B.

**Step-by-Step Explanation:**

1."
3157,C,"I would recommend Option C. It offers a good balance of price and amenities,"
3158,B,I would choose **Option B** for this stay. It offers a good balance
3159,B,I would choose **Option B** for this stay. It offers a more comfortable
3160,B,"I would recommend Option B.

**Step-by-Step Explanation:**

1."
3161,C,I would choose **Option C** because it offers a lower price per night ($
3162,C,"I would recommend Option C. It offers a good balance between price and amenities,"
3163,C,"To determine the best option for your stay in New York City, let's break"
3164,C,I would recommend Option C: Holiday Inn NYC - Lower East Side. It offers
3165,B,I would recommend Option **B**. It offers a great balance of comfort and
3166,C,I would recommend Option **C**. It offers a lower price and better amenities
3167,C,I would recommend Option C: Holiday Inn NYC - Lower East Side. It offers
3168,C,"To determine the best option for your stay in New York City, let's compare"
3169,C,"I would recommend Option C. It offers a good balance between price and amenities,"
3170,C,I would choose **Option C** for this stay. It offers a great value
3171,C,"I would recommend Option C. It offers a good balance of price and amenities,"
3172,C,I would choose **Option C** for my stay in New York City. The
3173,C,I would choose **Option C** for my stay in New York City. It
3174,C,"I would recommend Option C. It offers a good balance between price and amenities,"
3175,B,"I would recommend Option B. It offers a good balance between price and amenities,"
3176,C,I would choose **Option C** for this stay. It offers a mix of
3177,C,I would choose **Option C** for this stay. It offers a mix of
3178,B,I would choose **Option B** for this stay. It offers a good balance
3179,B,"I would recommend Option B.

**Step-by-Step Explanation:**

1."
3180,B,"I would recommend Option B. It offers a good balance between price and amenities,"
3181,B,"I would recommend Option B. It offers a good balance between price and amenities,"
3182,C,"I would recommend Option C. It offers a good balance between price and amenities,"
3183,B,I would recommend Option **B**. It offers a higher star rating and better
3184,B,I would choose **Option B** for this stay. It offers a good balance
3185,B,"I would recommend Option B. It offers a good balance between price and amenities,"
3186,C,I would recommend Option C. It offers a queen room at a lower price point
3187,C,"I would recommend Option C. It offers a good balance between price and amenities,"
3188,B,I would recommend Option **B**. It offers a superior stay in a centrally
3189,B,I would recommend Option **B**. It offers a higher star rating (5
3190,C,I would choose **Option C** for my stay in New York City. The
3191,C,"I would recommend Option C. It offers a good balance between price and amenities,"
3192,B,"I would recommend Option **B**.

**Reasoning:**
- **Price"
3193,B,I would choose **Option B** for this one-night stay in New York City
3194,C,I would choose **Option C** for this stay. The price is significantly lower
3195,C,"To determine the best option for your stay in New York City, let's break"
3196,B,I would choose **Option B** for this stay. It offers a higher price
3197,C,I would choose **Option C** for this one-night stay in New York City
3198,C,I would choose **Option C** for this stay. The price is significantly lower
3199,B,I would choose **Option B** for this one-night stay in New York City
3200,B,I would recommend Option B. It offers a higher price per night ($89
3201,C,I would recommend Option **C**. It offers a good balance of comfort and
3202,B,I would recommend Option **B**. It offers a higher star rating and better
3203,B,I would choose **Option B** for my stay in New York City. The
3204,B,I would choose **Option B** for this one-night stay in New York City
3205,C,I would recommend Option C. It offers a good balance of comfort and amenities at
3206,C,"To determine the best option for your stay in New York City, let's break"
3207,C,"I would recommend Option C. It offers a good balance between price and amenities,"
3208,C,"I would recommend Option C. It offers a good balance between price and amenities,"
3209,B,I would recommend Option **B**. It offers a higher star rating (4
3210,B,"I would recommend Option B.

**Step-by-Step Explanation:**

1."
3211,C,I would recommend Option C. It offers a superior king room with free WiFi and
3212,C,I would choose **Option C** for my hotel room in New York City.
3213,C,I would recommend Option C. It offers a higher star rating and more amenities compared
3214,C,I would recommend Option C. It offers a higher star rating and more amenities compared
3215,C,I would recommend Option C. It offers a higher star rating and more amenities compared
3216,C,I would recommend Option C. It offers a higher star rating and more amenities compared
3217,C,I would recommend Option C. It offers a higher star rating and more amenities compared
3218,C,I would choose **Option C** for this stay. The Grand Deluxe King room
3219,B,"I would recommend Option B.

**Step-by-Step Explanation:**

1."
3220,C,I would recommend Option C. It offers a superior stay at a higher price point
3221,B,I would recommend Option **B**. It offers a balance of affordability and amenities
3222,B,"I would recommend Option B.

**Step-by-Step Explanation:**

1."
3223,C,I would choose **Option C** for this stay. The price is significantly lower
3224,C,I would choose **Option C** because it offers a lower price per night ($
3225,C,I would choose **Option C** for this stay. It offers a good balance
3226,C,I would choose **Option C** because it offers a lower price per night ($
3227,C,"I would recommend Option C. It offers a good balance of price and amenities,"
3228,C,I would choose **Option C** because it offers a lower price per night ($
3229,B,"I would recommend Option B. It offers a good balance between price and amenities,"
3230,B,"I would recommend Option B. It offers a good balance between price and amenities,"
3231,B,"I would recommend Option B. It offers a good balance between price and amenities,"
3232,C,I would choose **Option C**. It offers a lower price and better amenities
3233,C,"I would recommend Option C. It offers a good balance between price and amenities,"
3234,B,"I would recommend Option B.

**Step-by-Step Explanation:**

1."
3235,C,I would choose **Option C** for my hotel room in New York City.
3236,C,I would recommend Option C. It offers a balance of affordability and amenities that align
3237,C,I would choose **Option C** for my hotel room in New York City.
3238,B,I would recommend Option **B**. It offers a balance of comfort and amenities
3239,B,I would choose **Option B** for this stay. It offers a higher star
3240,C,I would choose **Option C** for my hotel room in New York City.
3241,B,I would choose **Option B** for my stay in New York City. It
3242,B,I would choose **Option B** for this stay. It offers a higher star
3243,B,I would recommend Option **B**. It offers a higher star rating (5
3244,B,"I would recommend Option B.

**Step-by-Step Explanation:**

1."
3245,B,I would recommend Option B. It offers a higher star rating (5 stars)
3246,B,I would recommend Option **B**. It offers a higher star rating (5
3247,B,I would choose **Option B** for this stay. It offers a higher star
3248,C,"I would recommend Option C. It offers a good balance between price and amenities,"
3249,C,I would choose **Option C** for my hotel room in New York City.
3250,C,I would choose **Option C** for this stay. It offers a good balance
3251,B,I would choose **Option B** for my stay in New York City. It
3252,C,I would recommend Option **C**. It offers a good balance between price and
3253,C,I would recommend Option C. It offers a higher star rating (5 stars)
3254,C,"I would recommend Option C. It offers a superior experience with free WiFi, a"
3255,C,"I would recommend Option C. The Ritz-Carlton New York, No"
3256,C,I would recommend Option C. It offers a higher star rating (5 stars)
3257,C,"I would recommend Option C. It offers a superior stay with free WiFi, a"
3258,B,I would recommend Option **B**. It offers a higher star rating (4
3259,B,I would recommend Option **B**. It offers a balance of comfort and amenities
3260,B,"I would recommend Option B.

**Step-by-Step Explanation:**

1."
3261,B,I would recommend Option **B**. It offers a higher star rating and better
3262,C,I would choose **Option C** for this stay. It offers a higher price
3263,B,I would choose **Option B** for my hotel stay in New York City.
3264,C,I would choose **Option C**. It offers a better value for your stay
3265,B,"I would recommend Option B.

**Step-by-Step Explanation:**

1."
3266,B,I would recommend Option **B**. It offers a comfortable stay with free breakfast
3267,B,I would recommend Option **B**. It offers a balance of comfort and amenities
3268,B,I would recommend Option **B**. It offers a balance of comfort and amenities
3269,B,I would recommend Option **B**. It offers a good balance of comfort and
3270,B,I would recommend Option **B**. It offers a mix of comfort and amenities
3271,B,I would choose **Option B** for my hotel room in New York City.
3272,C,I would choose **Option C** for this stay. The room type is King
3273,B,I would choose **Option B** for my hotel stay in New York City.
3274,B,"I would recommend Option **B**. It offers a superior room type, higher"
3275,C,"To determine the best option for your stay in New York City, let's compare"
3276,B,"I would recommend Option **B**.

**Reasoning:**
- **Price"
3277,B,I would choose **Option B** for this stay. It offers a higher price
3278,B,I would choose **Option B** for this stay. It offers a great balance
3279,C,I would choose **Option C** for this stay. It offers a great mix
3280,B,I would choose **Option B** for my hotel room in New York City.
3281,C,I would choose **Option C** for my hotel room in New York City.
3282,C,I would choose **Option C** for my hotel room in New York City.
3283,C,I would choose **Option C** for my hotel room in New York City.
3284,C,I would choose **Option C** because it offers a better price per night ($
3285,B,I would recommend Option **B**. It offers a higher star rating and better
3286,B,I would recommend Option **B**. It offers a higher star rating and better
3287,B,I would recommend Option B. It offers a higher star rating and better amenities compared
3288,B,I would recommend Option B. It offers a higher star rating and better amenities compared
3289,B,"I would recommend Option B.

**Step-by-Step Explanation:**

1."
3290,B,I would choose **Option B** for my stay in New York City. It
3291,A,I would choose **Option A** for my hotel room in New York City.
3292,C,I would choose **Option C** because it offers a lower price per night ($
3293,C,"To determine the best option for your stay in New York City, let's compare"
3294,C,"I would recommend Option C. It offers a good balance between price and amenities,"
3295,C,"I would recommend Option **C**.

**Step-by-Step Explanation:**"
3296,C,I would recommend Option C: Holiday Inn New York City - Times Square. It
3297,C,"I would recommend Option C. It offers a more convenient location near Times Square,"
3298,C,"I would recommend Option C: Holiday Inn New York City - Times Square.

**"
3299,C,"I would recommend Option C: Holiday Inn New York City - Times Square.

**"
3300,B,"I would recommend Option B. It offers a good balance between price and amenities,"
3301,C,I would recommend Option C. It offers a lower price and better amenities compared to
3302,C,I would recommend Option C. It offers a lower price and better amenities compared to
3303,C,"To determine the best option for your stay in New York City, let's compare"
3304,B,"I would recommend Option B.

**Step-by-Step Explanation:**

1."
3305,C,"To determine the best option for your stay in New York City, let's compare"
3306,C,I would choose **Option C** because it offers a lower price per night ($
3307,C,I would choose **Option C** for my stay in New York City. The
3308,C,I would choose **Option C** for my hotel room in New York City.
3309,C,I would choose **Option C** because it offers a queen room with free WiFi
3310,C,I would choose **Option C** for my hotel room in New York City.
3311,C,I would choose **Option C** for my stay in New York City. The
3312,C,I would choose **Option C** for this stay. It offers a queen room
3313,B,"I would recommend Option B.

**Step-by-Step Explanation:**

1."
3314,B,I would recommend Option B. It offers a higher star rating of 4 stars
3315,C,I would recommend Option C. It offers a higher star rating (5 stars)
3316,C,I would recommend Option C. It offers a higher star rating (5 stars)
3317,B,I would recommend Option **B**. It offers a balance of comfort and amenities
3318,B,"I would recommend Option B.

**Step-by-Step Explanation:**

1."
3319,C,"To determine the best option for your stay in New York City, let's break"
3320,C,"To determine the best option for your stay in New York City, let's compare"
3321,C,"To determine the best option for your stay in New York City, let's compare"
3322,C,"To determine the best option for your stay in New York City, let's compare"
3323,C,I would recommend Option C. It offers a lower price per night ($15
3324,C,"I would recommend Option C. It offers a good balance of price and amenities,"
3325,B,I would choose **Option B** for this stay. It offers a good balance
3326,C,"To determine the best option for your stay in New York City, let's compare"
3327,B,"I would recommend Option B.

**Step-by-Step Explanation:**

1."
3328,B,"I would recommend Option B.

**Step-by-Step Explanation:**

1."
3329,B,I would choose **Option B** for this stay. It offers a good balance
3330,C,"To determine the best option for your stay in New York City, let's compare"
3331,C,I would choose **Option C** for this stay. It offers a good balance
3332,C,I would choose **Option C** because it offers a lower price per night ($
3333,C,I would choose **Option C**. It offers a lower price per night ($
3334,C,I would choose **Option C**. It offers a good balance between price and
3335,C,I would choose **Option C** because it offers a lower price per night ($
3336,B,I would choose **Option B** for my stay in New York City. It
3337,B,I would choose **Option B** for this stay. It offers a good balance
3338,C,"To determine the best option for your stay in New York City, let's compare"
3339,B,I would choose **Option B** for my stay in New York City. The
3340,B,I would choose **Option B** for this one-night stay in New York City
3341,C,"To determine the best option for your stay in New York City, let's compare"
3342,B,I would choose **Option B** for this stay. It offers a good balance
3343,B,I would choose **Option B** for this one-night stay in New York City
3344,C,"I would recommend Option C. It offers a good balance of price and amenities,"
3345,C,I would recommend Option C. It offers a good balance of comfort and amenities at
3346,B,"I would recommend Option B.

**Step-by-Step Explanation:**

1."
3347,B,I would recommend Option B. It offers a higher star rating and better amenities compared
3348,C,"I would recommend Option C. It offers a good balance between price and amenities,"
3349,C,"To determine the best option for your stay in New York City, let's compare"
3350,B,I would choose **Option B** for this stay. It offers a good balance
3351,B,I would choose **Option B** for this stay. It offers a good balance
3352,B,"I would recommend Option B. It offers a good balance between price and amenities,"
3353,C,I would recommend Option C. It offers a better price and amenities compared to Options
3354,C,"To determine the best option for your stay in New York City, let's compare"
3355,C,"To determine the best option for your stay in New York City, let's compare"
3356,C,"To determine the best option for your stay in New York City, let's compare"
3357,C,"To determine the best option for your stay in New York City, let's compare"
3358,C,I would recommend Option C. It offers a good balance of comfort and amenities at
3359,C,"To determine the best option for your stay in New York City, let's compare"
3360,C,I would recommend Option C: Lotte New York Palace. It offers a superior
3361,B,"I would recommend Option B.

**Step-by-Step Explanation:**

1."
3362,B,"I would recommend Option **B**.

**Step-by-Step Explanation:**"
3363,B,I would recommend Option **B**. It offers a good balance between price and
3364,C,I would recommend Option C. It offers a higher star rating and more amenities compared
3365,B,"I would recommend Option **B**.

**Step-by-Step Explanation:**"
3366,C,"I would recommend Option C. It offers a superior stay with free WiFi, breakfast"
3367,B,I would choose **Option B** for this stay. It offers a good balance
3368,B,I would choose **Option B** for this stay. It offers a good balance
3369,C,"To determine the best option for your stay in New York City, let's compare"
3370,B,I would choose **Option B** for this stay. It offers a good balance
3371,C,I would choose **Option C** because it offers a higher star rating (5
3372,C,I would choose **Option C** because it offers a higher star rating (5
3373,B,I would recommend Option **B**. It offers a higher star rating of
3374,C,I would recommend Option C. It offers a higher star rating (5 stars)
3375,C,I would recommend Option C. It offers a higher star rating (5 stars)
3376,B,I would recommend Option B. It offers a higher star rating and better amenities compared
3377,C,I would recommend Option C. It offers a higher star rating (5 stars)
3378,C,I would recommend Option C. It offers a higher star rating (5 stars)
3379,C,"To determine the best option for your stay in New York City, let's compare"
3380,B,I would recommend Option **B**. It offers a balance of affordability and quality
3381,B,I would recommend Option **B**. It offers a balance of affordability and amenities
3382,B,"I would recommend Option B. It offers a balance of comfort and value, with"
3383,B,I would recommend Option B. It offers a balance of affordability and amenities that align
3384,C,"To determine the best option for your stay in New York City, let's compare"
3385,C,I would choose **Option C**. It offers a good balance of comfort and
3386,B,"I would recommend Option B.

**Step-by-Step Explanation:**

1."
3387,C,"I would recommend Option C. It offers a good balance of price and amenities,"
3388,C,I would choose **Option C**. It offers a lower price per night ($
3389,C,"To determine the best option for your stay in New York City, let's break"
3390,C,"To determine the best option for your stay in New York City, let's break"
3391,C,"To determine the best option for your stay in New York City, let's compare"
3392,C,I would choose **Option C** for this stay. It offers a good balance
3393,C,"To determine the best option for your stay in New York City, let's compare"
3394,C,I would choose **Option C** for my hotel room in New York City.
3395,B,I would recommend Option **B**. It offers a higher star rating (5
3396,B,"I would recommend Option B.

**Step-by-Step Explanation:**

1."
3397,C,I would recommend Option C: **Tempo by Hilton New York Times Square**
3398,C,"I would recommend Option C. It offers a good balance of price and amenities,"
3399,C,"I would recommend Option C. It offers a good balance of price and amenities,"
3400,C,I would recommend Option C: **Tempo by Hilton New York Times Square**
3401,C,I would recommend Option C. It offers a good balance of comfort and amenities at
3402,C,"I would recommend Option C. It offers a good balance of comfort and amenities,"
3403,C,"I would recommend Option C. It offers a good balance between price and amenities,"
3404,C,I would choose **Option C** because it offers a lower price per night ($
3405,C,I would choose **Option C** because it offers a lower price per night ($
3406,C,I would choose **Option C**. It offers a higher price per night ($
3407,C,I would choose **Option C** for this stay. It offers a higher price
3408,C,I would choose **Option C** for my stay in New York City. It
3409,C,I would recommend Option C. It offers a good balance of comfort and amenities at
3410,C,I would choose **Option C**. It offers a good balance of comfort and
3411,B,I would choose **Option B** for my stay in New York City. It
3412,C,I would choose **Option C**. It offers a good balance between price and
3413,B,I would choose **Option B** for my stay in New York City. It
3414,C,"I would recommend Option C. It offers a good balance between price and amenities,"
3415,C,"I would recommend Option C. It offers a good balance between price and amenities,"
3416,C,"To determine the best option for your stay in New York City, let's break"
3417,C,I would recommend Option C. It offers a lower price and better amenities compared to
3418,C,I would recommend Option C. It offers a lower price and better amenities compared to
3419,C,I would recommend Option C. It offers a lower price per night ($26
3420,B,I would recommend Option **B**. It offers a good balance between price and
3421,B,"I would recommend Option **B**.

**Reasoning:**
- **Price"
3422,C,I would recommend Option C. It offers a good balance of comfort and amenities at
3423,C,"I would recommend Option C. It offers a good balance of price and amenities,"
3424,B,I would recommend Option B. It offers a higher star rating and more amenities compared
3425,B,"I would recommend Option B.

**Step-by-Step Explanation:**

1."
3426,C,I would recommend Option **C**. It offers a good balance of comfort and
3427,C,I would recommend Option C. It offers a higher star rating and better amenities compared
3428,C,I would recommend Option C. It offers a higher star rating and better amenities compared
3429,B,"I would recommend Option B.

**Step-by-Step Explanation:**

1."
3430,B,I would recommend Option **B**. It offers a good balance between price and
3431,C,I would recommend Option C: Courtyard by Marriott Manhattan/Central Park. It
3432,B,I would choose **Option B** for my hotel room in New York City.
3433,C,I would recommend Option **C**. It offers a good balance between price and
3434,B,I would choose **Option B** for this stay. It offers a higher star
3435,B,I would recommend Option B. It offers a higher star rating and better amenities compared
3436,B,I would recommend Option B. It offers a higher star rating and better amenities compared
3437,B,I would choose **Option B** for this stay. It offers a higher star
3438,B,I would recommend Option B. It offers a higher star rating and more amenities compared
3439,B,I would choose **Option B** for this stay. It offers a good balance
3440,B,"I would recommend Option B.

**Step-by-Step Explanation:**

1."
3441,B,I would choose **Option B** for this stay. It offers a good balance
3442,B,"I would recommend Option B.

**Step-by-Step Explanation:**

1."
3443,B,I would choose **Option B** for this one-night stay in New York City
3444,B,I would choose **Option B** for this stay. It offers a good balance
3445,C,"I would recommend Option C. It offers a superior stay with free WiFi, a"
3446,C,"I would recommend Option C. It offers a superior stay with free WiFi, a"
3447,C,I would recommend Option C. It offers a higher star rating (5 stars)
3448,C,I would recommend Option C. It offers a higher star rating and more amenities compared
3449,C,"I would recommend Option C. It offers a superior guest experience with free WiFi,"
3450,C,"I would recommend Option C. It offers a superior guest experience with free WiFi,"
3451,B,"I would recommend Option B. It offers a balance of affordability and quality, with"
3452,B,"I would recommend Option B. It offers a good balance between price and amenities,"
3453,B,"I would recommend Option B.

**Step-by-Step Explanation:**

1."
3454,B,"I would recommend Option B. It offers a good balance between price and amenities,"
3455,B,"I would recommend Option B. It offers a good balance between price and amenities,"
3456,B,I would recommend Option B. It offers a balance of affordability and amenities that align
3457,C,"To determine the best option for your stay in New York City, let's break"
3458,A,I would choose **Option A** for my stay in New York City. It
3459,C,"I would recommend Option C. It offers a balance of affordability and quality, with"
3460,C,"I would recommend Option C. It offers a balance of affordability and amenities, making"
3461,B,"I would recommend Option B. It offers a superior room type, free breakfast,"
3462,C,I would choose **Option C** for my stay in New York City. The
3463,C,I would recommend Option C. It offers a higher star rating and more amenities compared
3464,C,"I would recommend Option C. The Pierre, A Taj Hotel offers a superior stay"
3465,C,I would recommend Option C. It offers a superior king room with free WiFi and
3466,C,I would recommend Option C. It offers a higher star rating and more amenities compared
3467,C,I would recommend Option C. The superior king room at The Pierre offers a luxurious
3468,C,I would recommend Option C. It offers a superior king room with free WiFi and
3469,C,I would choose **Option C** for my stay in New York City. The
3470,C,"To determine the best option for your stay in New York City, let's break"
3471,C,I would choose **Option C** for this stay. The price is significantly lower
3472,B,I would choose **Option B** for my stay in New York City. It
3473,C,"To determine the best option for your stay in New York City, let's break"
3474,C,I would choose **Option C** for this stay. The King Room at No
3475,C,I would recommend Option **C**. It offers a higher star rating (4
3476,C,I would recommend Option C. It offers a higher star rating (4 stars)
3477,C,I would recommend Option C. It offers a higher star rating and better amenities compared
3478,B,I would choose **Option B** for this stay. It offers a good balance
3479,C,I would recommend Option **C**. It offers a higher star rating (4
3480,C,I would choose **Option C** for my hotel room in New York City.
3481,C,I would recommend Option C. It offers a higher star rating and more amenities compared
3482,C,I would recommend Option C. It offers a higher star rating and more amenities compared
3483,C,I would recommend Option C. It offers a higher star rating and more amenities compared
3484,B,I would recommend Option B. It offers a balance of affordability and quality compared to
3485,C,I would recommend Option C. It offers a higher star rating and more amenities compared
3486,C,I would recommend Option C. It offers a higher star rating and more amenities compared
3487,B,I would choose **Option B** for this one-night stay in New York City
3488,B,I would choose **Option B** for my stay in New York City. It
3489,C,"To determine the best option for your stay in New York City, let's compare"
3490,B,I would choose **Option B** for this one-night stay in New York City
3491,B,"I would recommend Option B.

**Step-by-Step Explanation:**

1."
3492,C,I would recommend Option **C**. It offers a good balance between price and
3493,B,I would choose **Option B** for this stay. It offers a good balance
3494,B,I would recommend Option **B**. It offers a good balance between price and
3495,B,I would choose **Option B** for this stay. It offers a good balance
3496,B,I would choose **Option B** for this one-night stay in New York City
3497,B,"I would recommend Option B. It offers a balance of affordability and quality, with"
3498,B,I would choose **Option B** for this stay. It offers a good balance
3499,C,I would recommend Option C: The New York Marriott Marquis. With its
3500,C,I would recommend Option C. It offers a higher star rating and more amenities compared
3501,B,I would recommend Option **B**. It offers a balance of affordability and comfort
3502,B,"I would recommend Option B. It offers a good balance between price and amenities,"
3503,C,I would recommend Option C: The New York Marriott Marquis. It offers a
3504,C,I would recommend Option C. It offers a higher star rating and more amenities compared
3505,C,"To determine the best option for your stay in New York City, let's break"
3506,C,"To determine the best option for your stay in New York City, let's break"
3507,B,I would choose **Option B** for my stay in New York City. It
3508,C,"To determine the best option for your stay in New York City, let's break"
3509,B,I would choose **Option B** for this one-night stay in New York City
3510,C,"I would recommend Option C. It offers a good balance between price and amenities,"
3511,C,I would choose **Option C** because it offers a better value for your stay
3512,B,I would recommend Option B. It offers a higher star rating and better amenities compared
3513,C,I would recommend Option **C**. It offers a better value for your stay
3514,B,I would recommend Option B. It offers a higher star rating and better amenities compared
3515,B,I would recommend Option B. It offers a higher star rating and better amenities compared
3516,C,I would recommend Option **C**. It offers a good balance of comfort and
3517,B,I would recommend Option **B**. It offers a mix of comfort and convenience
3518,C,I would choose **Option C** for my stay in New York City. It
3519,B,I would choose **Option B** for my stay in New York City. It
3520,C,I would choose **Option C** for this stay. The price is significantly lower
3521,B,I would choose **Option B** for my stay in New York City. Here
3522,C,I would choose **Option C** for this stay. It offers a great value
3523,B,I would choose **Option B** for this stay. It offers a good balance
3524,C,I would recommend Option C. It offers a superior king room with free WiFi and
3525,B,"I would recommend Option B.

**Step-by-Step Explanation:**

1."
3526,C,"To determine the best option for your stay in New York City, let's compare"
3527,B,I would choose **Option B** for this stay. It offers a good balance
3528,C,I would recommend Option C. It offers a higher star rating and more amenities compared
3529,C,I would recommend Option C. It offers a good balance of comfort and amenities at
3530,B,I would recommend Option **B**. It offers a higher star rating (5
3531,C,I would choose **Option C** for my stay in New York City. The
3532,C,I would recommend Option C. It offers a double room at a reasonable price of
3533,C,I would choose **Option C** for my stay in New York City. It
3534,C,I would recommend Option C. It offers a balance of comfort and amenities at a
3535,C,"To determine the best option for your stay in New York City, let's break"
3536,B,"I would recommend Option B.

**Step-by-Step Explanation:**

1."
3537,C,I would choose **Option C** because it offers a lower price per night ($
3538,B,I would choose **Option B** for this stay. It offers a higher star
3539,C,I would choose **Option C** for this stay. It offers a lower price
3540,C,I would choose **Option C** for this stay. The price is significantly lower
3541,A,I would choose **Option A** for my hotel room in New York City.
3542,C,I would choose **Option C** for my hotel room in New York City.
3543,C,I would choose **Option C** for this stay. It offers a higher price
3544,C,"To determine the best option for your stay in New York City, let's compare"
3545,B,I would choose **Option B** for this stay. It offers a good balance
3546,C,I would choose **Option C** for my stay in New York City. It
3547,C,I would choose **Option C** for this stay. It offers a lower price
3548,C,I would choose **Option C** for my stay in New York City. It
3549,B,I would recommend Option **B**. It offers a higher star rating and better
3550,C,"To determine the best option for your stay in New York City, let's compare"
3551,C,I would recommend Option C: Moxy NYC Chelsea. It offers a great value
3552,C,I would choose **Option C** for my stay in New York City. It
3553,B,I would choose **Option B** for my stay in New York City. It
3554,B,I would choose **Option B** for this stay. It offers a balance of
3555,B,I would choose **Option B** for my stay in New York City. It
3556,C,I would recommend Option **C**. It offers a higher star rating (4
3557,C,I would choose **Option C** for my stay in New York City. The
3558,B,I would choose **Option B** for my stay in New York City. It
3559,C,I would choose **Option C** for my stay in New York City. It
3560,C,I would choose **Option C** for this stay. It offers a lower price
3561,C,I would choose **Option C** because it offers a lower price per night ($
3562,C,"To determine the best option for your stay in New York City, let's compare"
3563,B,I would choose **Option B** for this stay. It offers a good balance
3564,C,I would choose **Option C** for this stay. It offers a lower price
3565,C,I would recommend Option **C**. The 4-star status of The Rock
3566,C,I would recommend Option **C**. The 4-star status of The Rock
3567,B,"I would recommend Option **B**. It offers a mix of free WiFi,"
3568,C,I would recommend Option **C**. It offers a higher star rating (4
3569,C,I would recommend Option C. It offers a higher star rating and more amenities like
3570,C,I would recommend Option **C**. It offers a higher star rating (4
3571,C,I would recommend Option **C**. It offers a good balance of comfort and
3572,B,I would choose **Option B** for my stay in New York City. It
3573,C,"I would recommend Option C. It offers a good balance between price and amenities,"
3574,B,I would recommend Option **B**. It offers a higher star rating of
3575,C,"To determine the best option for your stay in New York City, let's compare"
3576,C,I would choose **Option C** for my stay in New York City. The
3577,B,I would choose **Option B** for my hotel stay in New York City.
3578,C,I would recommend Option C. It offers a higher star rating (5 stars)
3579,B,I would choose **Option B** for my hotel room in New York City.
3580,C,I would recommend Option C. It offers a higher star rating (5 stars)
3581,C,"I would recommend Option C. It offers a superior guest experience with free WiFi,"
3582,C,"I would recommend Option C. It offers a superior stay with free WiFi, a"
3583,B,I would choose **Option B** for this stay. It offers a balance of
3584,C,I would recommend Option **C**. It offers a higher star rating and more
3585,B,"I would recommend Option B.

**Step-by-Step Explanation:**

1."
3586,B,I would choose **Option B** for this stay. It offers a good balance
3587,B,I would choose **Option B** for this stay. It offers a good balance
3588,B,I would choose **Option B** for this stay. It offers a good balance
3589,C,I would recommend Option C. It offers a higher star rating and better amenities compared
3590,B,"I would recommend Option B.

**Step-by-Step Explanation:**

1."
3591,B,"I would recommend Option B.

**Step-by-Step Explanation:**

1."
3592,C,I would recommend Option C. It offers a higher star rating and more amenities compared
3593,B,I would choose **Option B** for my stay in New York City. The
3594,B,"I would recommend Option B. It offers a good balance between price and amenities,"
3595,C,I would recommend Option C. It offers a higher star rating and more amenities compared
3596,C,I would recommend Option C. It offers a higher star rating (5 stars)
3597,C,I would recommend Option C. It offers a higher star rating (5 stars)
3598,C,I would recommend Option C. It offers a higher star rating (5 stars)
3599,C,I would recommend Option C. It offers a higher star rating (5 stars)
3600,B,I would choose **Option B** for my stay in New York City. It
