task_id,choice,raw_output
1,A,"Option A is much cheaper, which matters a lot for a one-night stay, and it still has a solid review score with plenty of reviews. Option B offers a higher-end experience and free cancellation, but the price difference is very large for a single night.  

Final answer: A"
2,A,"Option A is far cheaper and still has a decent review score, plus it offers free cancellation, which adds flexibility for a one-night stay. Option B is nicer and scores a bit higher, but it costs a lot more and doesn’t allow cancellation, so the value is weaker here.

Final answer: A"
5,A,"Option A is much cheaper and still has a solid review score, making it the better value for a one-night stay if budget matters. Option B offers a nicer, more upscale experience with a higher rating and better amenities, but it costs $100 more for just one night.  

Final answer: A"
6,A,"Option A is much cheaper and still has free cancellation, solid reviews, and the essentials for a one-night stay. Option B is clearly the nicer hotel with better amenities and a higher rating, but the price is nearly three times as much, which may not be worth it for just one night.  

Final answer: A"
9,A,"Option A is far more economical for a one-night stay and still has a decent review score, while Option B offers a much more luxurious experience but at a dramatically higher price. Since both lack free cancellation and breakfast, the main difference is cost versus comfort/amenities, and the price gap is too large to justify B for most travelers.  
Final answer: A"
10,A,"Option A is far cheaper and still has a decent review score, making it the much better value for a one-night stay if you’re just looking for a practical hotel in NYC. Option B offers a luxury experience and far better amenities, but the price is dramatically higher and likely not worth it unless comfort and premium facilities are the priority.

Final answer: A"
13,A,"Option A is much cheaper at $112, which is a huge advantage for a one-night stay. Option B has a better star rating, slightly higher review score, and includes breakfast plus more amenities, but it costs over three times as much. Given the price gap, I’d choose the better value for a short stay.

Final answer: A"
14,A,"Option A is much cheaper and still offers free cancellation, a central Midtown East location, and acceptable review scores for a one-night stay. Option B is a significantly higher-end hotel with better amenities and a slightly higher rating, but the price premium is very large for just one night. I’d prioritize value here.

Final answer: A"
17,B,"Option B has the stronger overall quality: it’s a 4-star hotel with a higher guest review score, more reviews, and better room/amenity offerings, though it is much more expensive. Option A is the better value if budget matters most, but for a one-night stay I’d lean toward the more comfortable and better-rated choice.

Final answer: B"
18,A,"Option B has the better overall review score, a higher star rating, and a more premium room and amenities, but it costs significantly more. Since both have free cancellation and no breakfast included, the main trade-off is value versus comfort. I’d choose the better-value option here.

Final answer: A"
21,A,"Option A is much cheaper and still has a decent review score, plus free cancellation adds flexibility. Option B is better in quality and location, but for a one-night stay the extra $55 and lack of cancellation make it less appealing unless you specifically want Times Square and a higher-end room.

Final answer: A"
22,A,"Option A is much cheaper at $141 versus $327, while still offering free cancellation, solid reviews, and a decent 3-star stay. Option B is better on comfort and ratings, but the price premium is very large for just one night.  

Final answer: A"
25,A,"Option A is far cheaper at $107 versus $481, and for a one-night stay it still has solid reviews and essential amenities like free WiFi plus a rooftop bar and restaurant. Option B is clearly more luxurious and includes breakfast, but the price premium is very large for only a modest bump in rating.  

Final answer: A"
26,A,"Option A is far cheaper, has free cancellation, and still has solid reviews and useful amenities for a one-night stay. Option B is a much higher-end hotel, but the price premium is very large and it doesn’t offer free cancellation.  
Final answer: A"
29,B,"Option B has the better overall review score, a higher star rating, free cancellation, and a larger king room, which makes it the safer and more comfortable choice despite the higher price. Option A is much cheaper, but it gives up flexibility and some quality.

Final answer: B"
30,A,"Option A is far cheaper while still having a solid review score, and it includes the basics I’d want for a one-night stay in NYC. Option B is a nicer 4-star hotel with free cancellation, but the price difference is very large for only a small bump in rating and amenities.

Final answer: A"
33,B,"Option B has the better overall balance: it’s in a central Manhattan location, has a higher review score with far more reviews, and includes free cancellation, which adds flexibility. Although it costs more, the extra cost seems justified by the higher confidence and better amenities.

Final answer: B"
34,A,"Option A is much cheaper, which matters a lot for a one-night stay, and it still has a decent review score. Option B is clearly nicer and more flexible with free cancellation, but the price jump is substantial for only a modest improvement in rating and amenities.

Final answer: A"
37,A,"Option A is much cheaper and still has a decent review score, plus it offers free cancellation, which reduces risk for a one-night stay. Option B is a nicer 4-star hotel with a slightly better score and more reviews, but it costs more than twice as much and doesn’t offer free cancellation.  

Final answer: A"
38,B,"Option B is only $18 more, but it gives you a significantly better hotel overall: 4 stars vs. 2, a higher review score with many more reviews, a king room, and free cancellation. The stronger amenities also make it a better value for a one-night stay in NYC.

Final answer: B"
41,B,"Option B is more expensive, but it offers a higher star rating, a better guest review score, and far more reviews, which makes it the safer choice for overall quality and reliability. It also has a king bed and added amenities like a fitness center, which improves the stay experience.  

Final answer: B"
42,A,"Option A is much cheaper and still has a decent review score, so it offers strong value for a one-night stay. Option B is better rated, larger, and includes breakfast, but it costs $150 more, which is a significant premium for a single night. Final answer: A"
45,A,"Option A is much cheaper for a one-night stay and still has a decent review score, so it offers far better value if budget matters. Option B is clearly a more luxurious, higher-rated hotel with better amenities, but the price premium is very large for just one night.

Final answer: A"
46,A,"Option A is much cheaper at $143 and still has a decent review score, making it the better value for a one-night stay if budget matters. Option B is clearly the more luxurious and flexible choice, with a much higher star rating, breakfast included, and free cancellation, but it costs over three times as much. Given the trade-off, I’d choose the lower-cost option.

Final answer: A"
49,A,"Option A is much cheaper, and both hotels have the same guest review score of 7.4/10, so the main difference is value. Option B is a larger, more established hotel in Midtown with a queen bed and fitness center, but you’d pay $67 more for no review-score advantage.  

Final answer: A"
50,A,"Option A is much cheaper and also offers free cancellation, which gives flexibility for a one-night stay. The review scores are very similar, so the main difference is that B has a slightly better hotel class and a larger room, but not enough to justify the higher price and lack of cancellation.  

Final answer: A"
53,B,"Option A is much cheaper, but it’s a 2-star pod room with no free cancellation. Option B costs more, but it offers a higher-rated 4-star hotel, a better room, and much more flexibility with free cancellation, which is valuable for a one-night stay in NYC. 

Final answer: B"
54,A,"Option A is much cheaper and still has a decent review score, making it the better value for a one-night stay if budget matters. Option B is clearly nicer and better rated, but the price premium is very large for just one night.  

Final answer: A"
57,A,"Option A is cheaper by $25 and is in NoHo, which is more central for many NYC stays. Option B offers a higher star rating, a better review score, breakfast, and a pool, but those perks may not be worth the extra cost for just one night. I’d prioritize value and location here.

Final answer: A"
58,A,"Option A is cheaper by $26 and is still in a desirable Manhattan neighborhood, while Option B has a slightly better review score, a higher star rating, and better amenities like a pool and a king bed. For a one-night stay, I’d prioritize location and value over the extra amenities, especially since both are non-refundable and neither includes breakfast.

Final answer: A"
61,A,"Option A is much cheaper and still has a solid review score, plus free cancellation adds flexibility. Option B is nicer and slightly better rated, but it costs far more and doesn’t offer cancellation.  
Final answer: A"
62,A,"Option A is much cheaper and still has a solid review score with free cancellation, making it the better value for a one-night stay. Option B has a slightly better rating and a more central neighborhood, but the price difference is very large for only a modest quality bump.

Final answer: A"
65,A,"Option A is much cheaper and still has a solid review score, free cancellation, and a king bed, so it offers better value for a one-night stay. Option B has a slightly higher rating, breakfast, and a more central location, but it costs nearly twice as much. I’d choose the better value option.

Final answer: A"
66,B,"Option B is more expensive, but it has the higher review score, many more reviews, a better location for visiting Manhattan, and breakfast included, which adds value. Option A is cheaper, but the lower star rating and less central neighborhood make it a less attractive overall stay for a one-night trip.

Final answer: B"
69,A,"Option A is far more budget-friendly at $108 and still has a solid review score of 7.9, making it the better value for a one-night stay. Option B is much more luxurious and highly rated, but the $772 price is a major jump for one night without breakfast or free cancellation. 

Final answer: A"
70,A,"Option A is far cheaper while still having a solid guest review score and the essentials for a one-night stay. Option B is much more luxurious and better rated, but the price is dramatically higher and there’s no breakfast or free cancellation to offset that. For value, I’d choose the budget-friendly option.

Final answer: A"
73,A,"Option A is much more budget-friendly at $87 versus $808, and it still has a decent review score of 7.9/10 with free WiFi and a restaurant. Option B offers far more luxury, a better rating, and free cancellation, but for a one-night stay the price premium is enormous.

Final answer: A"
74,A,"Option A is far more economical at $107 versus $1,236, and it still has a solid review score (8.1/10) with free cancellation, which adds flexibility. Option B offers luxury and a slightly higher rating, but the price premium is enormous for a one-night stay.

Final answer: A"
77,B,"Option B is much more expensive, but it also offers a significantly higher-end stay in a prime Times Square location, with a stronger review score and far more amenities. Since both are non-cancellable and neither includes breakfast, the main trade-off is budget versus comfort/location, and I’d prioritize the better overall experience for one night.

Final answer: B"
78,A,"Option A is far cheaper at $83 for the night, and it still has a solid review score of 8.0/10. Option B offers a much more premium stay and free cancellation, but the $414 price is a huge jump for a one-night stay unless the location and luxury amenities are especially important.  

Final answer: A"
81,A,"Option A is far more budget-friendly at $82 versus $915, while still offering a solid review score of 8.0 and free cancellation. Option B is clearly more luxurious and slightly better reviewed, but the price difference is enormous for a one-night stay. Final answer: A"
82,A,"Option A is dramatically cheaper and still has a solid guest rating, free cancellation, and the essentials for a one-night stay. Option B is much more luxurious and slightly better reviewed, but the price difference is enormous and likely not worth it for a single night unless you specifically want a high-end experience.

Final answer: A"
85,A,"Option A is much cheaper and has a slightly better guest review score, which makes it a stronger value for a one-night stay. Option B offers free cancellation and breakfast, but it costs significantly more and has a slightly lower rating. I’d choose the better deal overall.

Final answer: A"
86,A,"Option A is much cheaper and still has a slightly better guest review score, with free cancellation and similar basic amenities. Option B has a higher star rating and a rooftop bar, but the price premium is substantial for only a small dip in review score. For a one-night stay, I’d prioritize value.

Final answer: A"
89,B,"Option B is much more expensive, but it offers a significantly better review score, a higher star rating, a larger bed, and more amenities, plus free cancellation for flexibility. Since this is a one-night stay in NYC, the added comfort and lower risk make it the stronger choice overall.

Final answer: B"
90,B,"Option B offers a significantly better overall experience: it has a much higher guest rating, a higher star rating, better amenities, free cancellation, and a better room type. Even though it costs more, the added value and flexibility make it the stronger choice for a one-night stay.

Final answer: B"
93,B,"Option B offers a much higher-rated stay in a more desirable neighborhood, with better amenities and free cancellation plus breakfast included. It costs significantly more, but for a one-night NYC stay the added flexibility and comfort make it the stronger choice overall.

Final answer: B"
94,B,"Option B is the higher-quality stay: it has a much better guest score, stronger amenities, breakfast included, and a more upscale room in a desirable neighborhood. The main downside is the much higher price, but for a one-night NYC stay the overall experience is likely worth it if comfort matters.  
Final answer: B"
97,A,"Option A is much cheaper while still offering a decent review score and a central Midtown location, which is usually the biggest practical advantage for a one-night stay in NYC. Option B is clearly nicer, but the jump in price is very large for a single night and the value difference may not justify it unless you specifically want a luxury suite.

Final answer: A"
98,B,"Option B offers a much higher-star, better-reviewed stay with a king bed, breakfast included, and free cancellation, but it’s dramatically more expensive than Option A. Since this is a one-night stay and the question doesn’t specify budget constraints, I’d prioritize the much better overall experience and flexibility.

Final answer: B"
101,B,"Option B is more expensive, but it offers a better review score, a higher star rating, free cancellation, and breakfast included, which makes it the safer and more comfortable choice for a one-night stay. Option A is much cheaper, but it lacks breakfast and cancellation flexibility, and it has a lower rating.  

Final answer: B"
102,B,"Option B is the stronger overall choice: it has a better review score, far more reviews, a higher star rating, and includes breakfast while still offering free cancellation. It’s much more expensive, but for a one-night stay the added comfort and value may be worth it if the budget allows.  
Final answer: B"
105,A,"Option A is much cheaper and still has free cancellation, free WiFi, and a higher review count, which makes it the better value for a one-night stay. Option B has a slightly better review score and is a 3-star hotel, but it costs nearly twice as much and is farther from Midtown.  

Final answer: A"
106,A,"Option A is much cheaper and still has free cancellation, a decent review score, and a central Midtown location, which is convenient for a one-night NYC stay. Option B is better on paper with higher stars, slightly better reviews, and breakfast included, but it costs significantly more and is farther from Midtown.  

Final answer: A"
109,A,"Option A is much cheaper, and it still has a slightly higher guest review score with more reviews, which makes it the better value for a one-night stay. Option B’s main advantage is free cancellation and a king bed, but the $75 premium is hard to justify here.

Final answer: A"
110,A,"Option A is much cheaper while still offering a solid review score and the same neighborhood, star rating, and key basics like free WiFi and a fitness center. Option B is rated slightly higher and has a king bed, but the $111 nightly premium is hard to justify for a one-night stay.

Final answer: A"
113,A,"Option A is much cheaper while still having free cancellation, a similar room type, and a solid review score. Option B is a bit nicer and slightly better rated, but the $133 nightly difference is large for a one-night stay.  
Final answer: A"
114,A,"Option A is much cheaper while still offering free cancellation, a similar room type, and decent reviews. Option B has a better rating and upscale feel, but the price difference is large for just one night.  

Final answer: A"
117,B,"Option B is pricier by $33, but it has a higher star rating, a better guest review score, and a king bed instead of a queen, which makes it the stronger overall choice for comfort and quality. The location is also in Times Square, which is convenient for a NYC one-night stay.  

Final answer: B"
118,A,"Option A is much cheaper and still has a solid review score, free cancellation, and comparable core amenities. Option B is a bit nicer and better reviewed, but the price jump is large and it doesn’t offer free cancellation.  

Final answer: A"
121,B,"Option B is better if I prioritize overall quality: it has a higher star rating, better guest reviews, and more amenities, plus it’s still in a central location. Option A is much cheaper, but the score and rating are lower and there’s no strong compensating benefit beyond price.  
Final answer: B"
122,B,"Option B is the nicer hotel overall: it has a higher star rating, slightly better reviews, a better room, and free cancellation, which adds flexibility. Option A is far cheaper, but the value gap is large enough that I’d only pick it if price were the main concern.  
Final answer: B"
125,A,"Option A is much cheaper, and it still has a slightly better guest review score than Option B. Option B offers a higher-end location and more amenities, plus free cancellation, but the price premium is very large for just one night.  
Final answer: A"
126,A,"Option A is much cheaper and still well-rated, and it also offers free cancellation, which gives flexibility for a one-night stay. Option B has a better location and more upscale amenities, but it’s significantly more expensive and has a slightly lower review score with no free cancellation.  

Final answer: A"
129,A,"Option A is much cheaper while still offering free cancellation, solid reviews, and the basics I’d want for a one-night stay. Option B is a clear upgrade in luxury and room size, but the price jump is very large relative to the modest review-score difference.

Final answer: A"
130,B,"Option B is much more expensive, but it offers a significant upgrade in hotel class, room type, review score, and includes both free cancellation and breakfast. Since this is a one-night stay in NYC, the added flexibility and higher-quality experience make it the better overall value if comfort matters.

Final answer: B"
133,B,"Option B has the better guest review score and includes breakfast, which adds value for a one-night stay in the same neighborhood. It’s more expensive and lacks free cancellation, but the higher satisfaction and extra room with two double beds make it the stronger overall choice.

Final answer: B"
134,B,"Option B is better value: it’s $20 cheaper, has a higher guest review score, includes breakfast, and still offers free cancellation and a king bed. Option A has a terrace, but the overall deal is stronger with B.

Final answer: B"
137,B,"Option B is a bit more expensive, but it has a higher guest review score, free cancellation, and breakfast included, which makes it the safer and better-value choice for a one-night stay. Option A is cheaper, but the lack of cancellation flexibility and breakfast makes it less appealing overall.

Final answer: B"
138,A,"Option A is much cheaper at $154, while still offering free cancellation, a queen bed, and solid amenities. Option B has a slightly better review score and includes breakfast, but it costs $47 more for a one-night stay, which is a meaningful premium. I’d choose the better value overall.

Final answer: A"
141,A,"Option A is much cheaper and still offers free cancellation, a decent review score, and a solid central location in Times Square. Option B has a higher star rating and better review score, but it costs more than twice as much for just one night, so the value trade-off favors A.

Final answer: A"
142,A,"Option A is much cheaper for a one-night stay, while still offering free cancellation, solid amenities, and a decent review score. Option B is nicer and better rated, but the price is far higher for a single night, so the value trade-off isn’t worth it for me.

Final answer: A"
145,B,"Option B is slightly more expensive, but it has a better guest review score, free cancellation, and breakfast included, which adds value and flexibility for a one-night stay. Option A is cheaper and in Times Square, but it has no free cancellation and no breakfast.  

Final answer: B"
146,B,"Option B is the better value: it’s cheaper, includes breakfast, and offers free cancellation, while matching Option A’s guest score and star rating. Option A is only worth it if staying in Times Square is much more important than saving money and getting extra flexibility.

Final answer: B"
149,A,"Option A is much cheaper and still centrally located in Times Square, with free cancellation and decent reviews for a one-night stay. Option B is clearly the more luxurious and better-reviewed hotel, but the price jump is very large, so the value trade-off favors Option A for most travelers.

Final answer: A"
150,A,"Option A is far more economical for a one-night stay in NYC, and it still has solid essentials like free WiFi and a fitness center. Option B is much more luxurious and highly rated, but at nearly 7x the price, the extra comfort doesn’t seem worth it for this choice.  

Final answer: A"
153,A,"Option A is cheaper by $21 and still has a solid review score, while both hotels are in the same neighborhood and neither offers free cancellation. Option B has a slightly better rating and breakfast, but for a one-night stay the lower price and comparable location make A the better value.

Final answer: A"
154,A,"Option A is significantly cheaper, and it still has free cancellation, a central Times Square location, and solid reviews. Option B has a better review score and includes breakfast, but the $71 premium is fairly large for just one night.

Final answer: A"
157,A,"Both hotels are in the same neighborhood and have the same star rating, so the main differences are price, flexibility, and review score. Option B has a slightly better review score and more beds, but it’s significantly more expensive and doesn’t offer free cancellation. Option A is cheaper, has free cancellation, and still has a solid review score, so it’s the better value.

Final answer: A"
158,A,"Option A is $52 cheaper while matching Option B on star rating, neighborhood, guest score, and free cancellation. Option B does include breakfast and two beds, but for a one-night stay the lower price and similar overall quality make A the better value.

Final answer: A"
161,A,"Option A is much better value for a one-night stay: it’s in the same neighborhood, still has free cancellation, and the guest score is solid, while costing far less than Option B. Option B offers a higher-end experience and a slightly better review score, but the price premium is very large for only one night.

Final answer: A"
162,A,"Both hotels are in the same neighborhood, have the same room type, and both allow free cancellation, so the main differences are price, star rating, and amenities. Option B offers a higher-rated luxury experience with more amenities and a better review score, but it costs almost double; Option A is much better value for a one-night stay if comfort and location matter more than luxury.

Final answer: A"
165,A,"Option A has the higher guest review score, a better star rating, more amenities, and free cancellation, which is valuable for a one-night stay in NYC. It costs $41 more, but the overall quality and flexibility seem worth it compared with Option B’s lower score and no cancellation option.

Final answer: A"
166,A,"Option A is more expensive, but it offers a much better guest review score, free cancellation, a higher star rating, and stronger amenities. For a one-night NYC stay, the flexibility and overall quality seem worth the extra cost compared with the cheaper but less reliable Option B.

Final answer: A"
169,A,"Option A is cheaper by a significant margin, while the review scores are nearly the same and both hotels have similar core amenities. Since it’s only a one-night stay and neither option includes free cancellation or breakfast, the better value is the lower-priced room.

Final answer: A"
170,A,"Option A is much cheaper at $127 versus $219, and both hotels are 3-star with similar room types and no breakfast included. Option B has a slightly better review score and free cancellation, but the price premium is substantial for only a small improvement.

Final answer: A"
173,A,"Option A is much cheaper while still offering free cancellation, a solid 8.0 review score, and comparable core amenities. Option B has a slightly better rating and location, but the $143 premium for one night seems hard to justify without breakfast included.

Final answer: A"
174,A,"Option B has the better guest score and includes breakfast, plus it’s in Midtown, which is often more convenient for a short NYC stay. However, it’s significantly more expensive; Option A is much cheaper and still has a solid review score and similar core amenities. Weighing value and location, I’d pick the cheaper option.

Final answer: A"
177,A,"Option A gives the same guest review score as Option B, free cancellation, and the same core amenities, but at a much lower price. Option B is a nicer 4-star hotel and has a larger room with two double beds, but the $262 nightly premium is hard to justify for a one-night stay unless location in Times Square and extra space are especially important.

Final answer: A"
178,A,"Option A is much cheaper and still has solid reviews and useful amenities, while Option B offers a better location, higher star rating, and free cancellation but at more than double the price. For a one-night stay, the value difference is significant unless the Times Square location or cancellation flexibility is especially important.

Final answer: A"
181,A,"Option A is far better value for a one-night stay: it’s much cheaper, has a slightly higher guest review score, and still offers the basics you’d likely need. Option B has the higher star rating and a king bed, but the price premium is very large relative to the modest difference in review score and amenities.

Final answer: A"
182,A,"Option A is the better value: it has the same guest review score as Option B, but costs far less for a one-night stay. Option B offers a higher star rating and a king room with more upscale amenities, but the extra $320 doesn’t seem justified given the equal review score.

Final answer: A"
185,A,"Option A is cheaper by $37 and has the better guest review score, while still offering solid basics like WiFi, a fitness center, and dining options. Option B gives you a larger suite and breakfast, but for a one-night stay the lower price and stronger rating make A the better value.

Final answer: A"
186,A,"Both hotels are in the same neighborhood and both offer free cancellation, but Option A is much cheaper while still having a slightly better guest review score. Option B does offer a king-bed studio suite and a kitchen, but the price premium is substantial for only a small difference in rating and no breakfast included.  
Final answer: A"
189,A,"Option A is much cheaper, has free cancellation, and still has a solid review score and comparable 3-star quality. Option B is slightly better rated and in Chelsea, but the extra $59 for one night doesn’t seem worth it without breakfast included.  
Final answer: A"
190,A,"Option A is much cheaper while offering a slightly better guest score and similar room quality. Option B has free cancellation and breakfast included, but the price premium is substantial for a one-night stay. Final answer: A"
193,A,"Option A is substantially cheaper, and it still has a solid review score and good amenities for a one-night stay. Option B is nicer on paper with a higher star rating and better score, but the extra $115 may not be worth it for just one night.

Final answer: A"
194,A,"Option A is much more cost-effective for a one-night stay, and it still has a solid review score, free cancellation, and good amenities. Option B is nicer and scores higher, but it’s more than twice the price and offers no free cancellation, which makes it a riskier choice for a short stay.

Final answer: A"
197,B,"Option B is the better pick if you want the stronger overall stay: it has a higher guest review score, a 5-star rating, and a more upscale room and amenities. The trade-off is the higher price and no free cancellation, but for a one-night stay in NYC the quality bump seems worth it.

Final answer: B"
198,A,"Option A is much better value for a one-night stay: it’s far cheaper, still well-reviewed, and has solid amenities. Option B is a nicer luxury stay with a slightly higher score, but the price premium is very large for a single night.

Final answer: A"
201,A,"Option A is much cheaper and has the better guest review score, while still offering solid amenities like free WiFi, a rooftop bar, and a restaurant. Option B gives you a larger suite, kitchen, and free cancellation, but it costs significantly more and has a slightly lower rating. For a one-night stay, the better value is Option A.

Final answer: A"
202,B,"Option B offers the better value: it’s significantly cheaper, includes breakfast, and gives you a studio suite with a kitchen, which is especially useful for a one-night stay in NYC. Both hotels have the same review score and free cancellation, so the lower price and extra amenities make B the stronger choice.

Final answer: B"
205,A,"Option B is a better fit if I prioritize flexibility and a slightly higher guest rating, plus a 4-star property in Midtown East. However, Option A is much cheaper and still well-reviewed, so it offers stronger value for a one-night stay in NYC. I’d choose the lower price and good rating here.

Final answer: A"
206,A,"Option A is cheaper by $33, has free cancellation, and still has a strong review score with similar amenities and room type. Option B is slightly higher-rated and a 4-star hotel, but it costs more and doesn’t offer free cancellation, which matters for a one-night stay.

Final answer: A"
209,A,"Option A is much cheaper at $200 versus $296, while the guest review score is the same at 8.2/10. Option B does offer a 4-star property and free cancellation, but for a one-night stay the lower price and similar rating make A the better value.

Final answer: A"
210,A,"Option A is much cheaper and still has a slightly better guest review score, plus a king bed and a rooftop bar. Option B offers a 4-star property and breakfast, but the $120 premium is hard to justify for just one night given the similar review ratings.

Final answer: A"
213,A,"Option A is cheaper by $32 and still has a slightly better guest review score, plus free cancellation. Option B adds breakfast and a kitchen, but for a one-night stay those extras are less valuable than the lower price and better rating.  
Final answer: A"
214,A,"Option A is much cheaper and still has a solid review score, plus free cancellation, which adds flexibility for a one-night stay. Option B offers breakfast and a larger suite in a more central area, but the price difference is very large for only a slight review-score improvement.  

Final answer: A"
217,A,"Option A is cheaper by $40 and has a slightly better guest review score, while still offering solid amenities like WiFi, a rooftop bar, and a restaurant. Option B gives you free cancellation and extra amenities like a pool and fitness center, but it costs more and has a slightly lower review score.  

Final answer: A"
218,A,"Option A is much cheaper, and it also has a slightly better guest review score. Option B offers more amenities and free cancellation, but for a one-night stay the lower price and stronger rating make A the better value overall.

Final answer: A"
221,A,"Option A is much cheaper, has a slightly better guest review score, and includes free cancellation, which gives more flexibility. Option B does include breakfast and has a larger room, but it costs significantly more and is non-refundable.  
Final answer: A"
222,A,"Option A has the higher guest review score and is in the East Village, which may be more appealing if you want a livelier neighborhood, though it costs $26 more. Option B is cheaper and has more review volume, but the lower rating and less distinctive amenities make it less attractive overall for a one-night stay.

Final answer: A"
225,B,"Option B is the better value: it’s much cheaper, includes breakfast, and offers free cancellation, while the review score is nearly the same as Option A. The larger suite and king bed are also a nice bonus for a one-night stay.

Final answer: B"
226,A,"Option A costs $27 more, but it has a higher guest review score, free cancellation, and a strong location in Chelsea. Since this is only a one-night stay, the flexibility of free cancellation is especially valuable.  
Final answer: A"
229,A,"Option A is cheaper by $61 and has a slightly better guest review score, while still offering free cancellation and solid amenities. Option B has a higher star rating and a king bed, but the price premium doesn’t seem justified by the lower review score.  
Final answer: A"
230,A,"Both hotels have the same guest review score, but Arlo NoMad is a 4-star property and has more reviews, suggesting slightly stronger credibility and a more upscale experience. However, it costs $63 more per night, while Aloft New York Chelsea offers a king bed and similar ratings in a comparable Manhattan location for less money. Since the main difference is value versus slight upgrade, I’d choose the better value.

Final answer: A"
233,A,"Option A is far better value for a one-night stay: it has a strong review score, a decent location in Chelsea, and the price is dramatically lower. Option B offers luxury amenities and free cancellation, but the nearly $800 difference is hard to justify for just one night unless luxury is the priority.

Final answer: A"
234,A,"Option A is far better value for a one-night stay: it has a strong review score, free cancellation, and costs a fraction of Option B. Option B is more luxurious, but the price premium is enormous for only a modest review-score improvement and no free cancellation.  

Final answer: A"
237,A,"Option A has the better guest review score and is in Chelsea, which is a more central, convenient neighborhood for many NYC stays. Option B is much cheaper and gives you a king bed, but the lower review score makes it a bit less appealing overall if comfort and reliability matter more than saving money.

Final answer: A"
238,A,"Option A is much cheaper, has a better guest review score, and is in a more central neighborhood for many NYC visits. Option B includes breakfast and a king bed, but the price difference is large and the review score is lower.

Final answer: A"
241,A,"Option A is much better value: it’s far cheaper, still has a solid review score, and offers free cancellation with the core amenities I’d want for a one-night stay. Option B is clearly more luxurious and includes breakfast, but the price premium is very large for only a modest bump in rating and room quality.

Final answer: A"
242,A,"Option A is much cheaper while still having a solid review score, free cancellation, and the basics I’d want for a one-night stay. Option B is clearly more luxurious and has a slightly better review score, but the price premium is very large for one night. Final answer: A"
245,A,"Option A is far cheaper and still has decent reviews, plus it offers free cancellation, which is valuable for flexibility on a one-night stay. Option B has better ratings and a higher-end experience, but the price is much higher and there’s no free cancellation.  

Final answer: A"
246,A,"Option A is far better value for a one-night stay: it’s much cheaper, still in a good Manhattan location, and has decent amenities like WiFi, a pool, and dining options. Option B is clearly more luxurious and better reviewed, but the price difference is enormous for just one night, so I’d prioritize value here.

Final answer: A"
249,A,"Option A is much cheaper and still offers free cancellation, a king bed, and solid basics like WiFi, pool, bar, and restaurant. Option B is clearly more luxurious with a much higher review score, but for a one-night stay the $466 premium is hard to justify unless you specifically want the upscale experience.

Final answer: A"
250,A,"Option A is much cheaper and still centrally located in Midtown West, which is a strong value for a one-night stay. Option B offers a much more luxurious experience with breakfast and free cancellation, but the price difference is substantial.

Final answer: A"
253,A,"Option A is much cheaper, in a more central Manhattan location, and has a slightly better review score. Option B includes free cancellation and breakfast, but it costs significantly more for only a small review difference.  

Final answer: A"
254,B,"Option B is slightly cheaper, has a marginally better guest review score, and includes free cancellation, which gives more flexibility. Option A is in a more central location and has a pool/bar, but it costs more and cannot be canceled for free.  

Final answer: B"
257,B,"Option A is much cheaper and is in Times Square, which is convenient for a one-night NYC stay, but it has a lower review score and no free cancellation. Option B is clearly better in quality and flexibility, with a higher rating, breakfast included, and free cancellation, though it costs significantly more.

Final answer: B"
258,A,"Option A is dramatically cheaper at $88 versus $463, and for a one-night stay that savings is hard to ignore. While Option B has a better rating, more upscale amenities, and breakfast included, the price difference is large enough that Option A offers much better value if you just need a basic stay in a central location.

Final answer: A"
261,A,"Option A is much cheaper at $147 versus $302, and both hotels are in the same neighborhood with similar core amenities. While Option B has a higher review score and includes breakfast, the price difference is large for a one-night stay, so the better value is Option A.

Final answer: A"
262,A,"Option A is much cheaper, and both hotels are in the same neighborhood with the same star rating. Option B has a better review score plus free cancellation and breakfast, but the $200 price difference is substantial for a one-night stay.

Final answer: A"
265,A,"Option A is much cheaper and has a comparable guest review score, while still offering free cancellation and a central Times Square location. Option B has a slightly better rating, breakfast included, and more amenities, but the price difference is significant for just one night.  

Final answer: A"
266,A,"Option A is much cheaper and has free cancellation, which gives more flexibility for a one-night stay. Option B has a slightly better rating and more amenities, but it costs nearly twice as much and is non-refundable, so the value is weaker unless you specifically want the Brooklyn location and pool.

Final answer: A"
269,A,"Option A is slightly more expensive, but it has the better guest review score, breakfast included, and a more central Times Square location. Option B is cheaper and offers free cancellation, but it has a slightly lower rating and no breakfast. I’d pick the option with the better overall value for a one-night stay.

Final answer: A"
270,A,"Option A is cheaper by $55, includes breakfast, and has the same guest review score and star rating as Option B. Option B does offer two double beds, but for a one-night stay the better value is clearly Option A.

Final answer: A"
273,A,"Option A is much cheaper and still in a central, convenient area, making it the better value for a one-night stay. Option B has a better rating, more amenities, and free cancellation, but it costs significantly more.  

Final answer: A"
274,A,"Option A is much cheaper and still in a prime Manhattan location near Times Square, which is convenient for a one-night stay. Option B offers a better experience overall with a higher rating, more upscale amenities, and free cancellation, but it costs nearly three times as much. Given the big price difference for just one night, I’d choose the better value option.

Final answer: A"
277,A,"Option A is far better value: it’s dramatically cheaper, still has a very strong guest rating, includes free cancellation, and offers a suite with a kitchenette. Option B has more luxury and amenities, but the price premium is enormous for a one-night stay and the review score is actually lower.  

Final answer: A"
278,A,"Option A is far more cost-effective for a one-night stay: it has a much higher guest review score, costs dramatically less, and still offers useful amenities like free WiFi and a kitchenette. Option B is more luxurious, but the price premium is enormous relative to the rating difference, especially for just one night.  
Final answer: A"
281,A,"Option A is cheaper, has a notably higher guest review score, and offers free cancellation, which adds flexibility for a one-night stay. Option B has a better-known brand and more amenities, but it costs more, has a lower rating, and no cancellation flexibility.

Final answer: A"
282,A,"Option A is much cheaper, has a significantly higher guest review score, and still offers free cancellation and useful amenities like WiFi and a kitchenette. Option B has more hotel-style amenities and a more central Midtown East location, but for a one-night stay the value difference is hard to justify.  

Final answer: A"
285,A,"Option A is much cheaper and still has an excellent guest score, plus a larger one-bedroom suite with a kitchenette. Option B offers a 4-star property, free cancellation, and more on-site amenities, but the price is substantially higher for a lower review score.  

Final answer: A"
286,A,"Option A is much cheaper while still having an excellent guest review score and free cancellation. It also includes a kitchenette, which adds useful flexibility for a one-night stay, while Option B costs nearly twice as much for a lower rating.  
Final answer: A"
289,A,"Option A is much cheaper while also having a higher guest review score and a larger suite with a kitchenette, which is strong value for a one-night stay. Option B does offer free cancellation and a higher star rating, but the price difference is substantial and the review score is lower.  

Final answer: A"
290,A,"Option A is much cheaper and has a significantly higher guest review score, plus a larger suite with a kitchenette, which is strong value for a one-night stay. Option B has a higher star rating and Manhattan views, but it costs more and has a lower review score.  

Final answer: A"
293,B,"Option B has the better guest review score, higher star rating, and stronger amenities, so it looks like the nicer stay. Option A is much cheaper, but since this is a one-night stay in the same neighborhood, I’d prioritize quality and guest satisfaction over saving $128.  
Final answer: B"
294,B,"Option B is the stronger overall choice: it has a much higher guest review score, a higher star rating, free cancellation, and a better room type, though it costs significantly more. If flexibility and comfort matter for a one-night stay, that extra value is worth it.

Final answer: B"
297,A,"Option A is much cheaper at $182 and still has a solid review score of 8.2/10 in the same Midtown area, plus free cancellation adds flexibility. Option B is nicer and slightly better rated, but the $151 premium for one night doesn’t seem worth it given the limited difference in score and the lack of free cancellation.

Final answer: A"
298,A,"Option A gives the same guest review score and the same free-cancellation policy as Option B, but at a much lower price. Option B is a nicer 4-star hotel with more amenities and a larger room, but the price premium is very large for a one-night stay.  

Final answer: A"
301,A,"Option A is much cheaper and offers free cancellation, which is a big advantage for a one-night stay. Option B has a slightly better rating and higher-end feel, but it costs significantly more and is non-cancelable. I’d prioritize value and flexibility here.

Final answer: A"
302,A,"Option A is much cheaper at $183 versus $246, while still having a solid 8.2/10 review score and a convenient Midtown location. Option B is a bit better rated and has free cancellation, but the price premium is substantial for a one-night stay.

Final answer: A"
305,A,"Option A is much cheaper at $105 while still offering free cancellation, a solid 8.0/10 rating, and a central Midtown location. Option B is nicer and scores higher, but the $320 premium for one night is hard to justify unless you specifically want the upscale suite and Financial District location.

Final answer: A"
306,A,"Option A is much cheaper and still has free cancellation, breakfast included, and solid reviews, making it the better value for a one-night stay. Option B is a nicer, higher-rated hotel with more upscale amenities, but the price difference is very large for just one night. I’d prioritize value here.

Final answer: A"
309,B,"Option B has the better guest review score, a king bed, and a more appealing SoHo location, plus it still offers free cancellation and useful amenities. The main downside is the higher price, but for a one-night stay the better overall experience may be worth it.

Final answer: B"
310,A,"Option B has a slightly better review score, free cancellation, and a more appealing location in SoHo, plus more beds and an on-site restaurant. However, it’s significantly more expensive than Option A, which is already well-rated and much cheaper for a one-night stay. Given the large price difference, I’d prioritize value and choose Option A.

Final answer: A"
313,A,"Option A is much cheaper and has a better guest review score, while still offering the basics I’d want for a one-night stay in Midtown. Option B has more amenities and free cancellation, but it’s significantly more expensive and reviews are weaker.  

Final answer: A"
314,A,"Option A is much cheaper and still has a solid guest rating, plus it’s in Midtown with free cancellation. Option B offers more amenities and breakfast, but it’s significantly more expensive and has a lower review score despite being a 4-star hotel.

Final answer: A"
317,A,"Option B has the better overall quality: it’s a 4-star hotel with a slightly higher review score, and SoHo is a desirable neighborhood. However, it is significantly more expensive than Option A, which is already well-rated and centrally located in Midtown with free cancellation.

Final answer: A"
318,A,"Option A is much cheaper and includes breakfast, while still having a solid review score and a convenient Midtown location. Option B is nicer overall with a slightly better rating and higher star level, but it costs more than twice as much and doesn’t include breakfast. For a one-night stay, the value advantage of Option A is stronger.

Final answer: A"
321,A,"Option A is much cheaper while still having a slightly better guest review score and a central Midtown location. Option B has a higher star rating and better amenities, but the price difference is substantial and the rating advantage is minimal.  

Final answer: A"
322,A,"Option A is much cheaper at $100 versus $262, while still offering free cancellation, breakfast included, and a solid review score of 8.2. Option B is slightly better rated and a higher-star hotel in SoHo, but the price premium is large for a one-night stay.  

Final answer: A"
325,A,"Option A is far better value for a one-night stay: it’s much cheaper, has a solid review score, and includes free cancellation, which adds flexibility. Option B is a nicer luxury hotel with a slightly higher rating, but the price jump is very large and there’s no free cancellation.  

Final answer: A"
326,A,"Option A is much cheaper while still having a strong review score and free cancellation, so it offers far better value for a one-night stay. Option B is a nicer 5-star property with more amenities, but the price premium is very large and the review score is only slightly higher.  
Final answer: A"
329,A,"Option A is much cheaper, and it has the same guest review score as Option B, so it offers better value for a one-night stay. While Option B has a 4-star rating and free cancellation, those perks may not justify the $103 extra unless location or flexibility is especially important.  
Final answer: A"
330,A,"Both hotels have the same guest review score, so the decision mainly comes down to value and location. The Lucerne Hotel is significantly cheaper and offers a larger bed in a quieter neighborhood, while the Kimpton Muse is a higher-star property in a busier area but costs much more.  

Final answer: A"
333,A,"Option A has the higher guest review score and many more reviews, which makes it the safer choice for overall quality. It’s only $2 more than Option B, and the Upper West Side location may be preferable depending on your plans. Option B does offer free cancellation and two beds, but the lower rating makes it less appealing here.

Final answer: A"
334,A,"Option A has the better guest review score and a larger number of reviews, which makes it seem like the more reliably liked hotel. It costs $27 more, but the higher-rated stay in the Upper West Side may be worth it for a one-night trip.  

Final answer: A"
337,A,"Option A is a bit more expensive, but it has a slightly better guest review score, free cancellation, and a strong neighborhood location on the Upper West Side. Option B is cheaper and has nice amenities, but the lack of free cancellation makes it less flexible.  

Final answer: A"
338,A,"Option A is the better value: it’s significantly cheaper, has a slightly higher guest review score, includes breakfast, and offers a larger king bed. Option B has a trendier location and rooftop/bar amenities, but those don’t outweigh the extra cost for a one-night stay.

Final answer: A"
341,B,"Option B has a slightly better guest review score, far more reviews, and costs $1 less while also including free cancellation and breakfast, which adds meaningful value for a one-night stay. Option A is in Hell’s Kitchen, but it lacks breakfast and cancellation flexibility, so B is the better overall deal.

Final answer: B"
342,A,"Option A is cheaper by $18 and offers free cancellation, which gives more flexibility. Option B has a slightly better review score, more reviews, breakfast included, and a king bed, but it’s nonrefundable and costs more. Given the value and lower risk, I’d choose the more flexible option.

Final answer: A"
345,B,"Option B has the better guest review score, more reviews, and a higher star rating, plus extra amenities like a restaurant and bar, so it looks like the stronger overall stay. Option A is cheaper and offers free cancellation, which is valuable, but for a one-night NYC stay I’d lean toward the better-rated, more full-service hotel.

Final answer: B"
346,B,"Option B is the stronger hotel overall: it has a slightly higher guest rating, far more reviews, a better star category, and more amenities. Option A is much cheaper and still solid, so it’s the better value if budget matters most, but for overall quality I’d pick B.

Final answer: B"
349,A,"Option A is much cheaper and still has a slightly better guest review score, plus free cancellation, which makes it the lower-risk choice for a one-night stay. Option B has a nicer star rating and location, but costs over twice as much and lacks free cancellation.  

Final answer: A"
350,B,"Option B has a slightly better review score, many more reviews, and a 4-star rating, plus a more desirable SoHo location and extra amenities like a rooftop bar and restaurant. It costs more, but for a one-night stay the upgraded overall experience seems worth it.

Final answer: B"
353,A,"Option A is much cheaper while still having a slightly better guest review score. Option B has a higher star rating and more amenities, but for a one-night stay the extra $124 doesn’t seem worth it unless you specifically want the larger room or on-site restaurant/bar.

Final answer: A"
354,A,"Option A is much cheaper, and it still has a solid review score and the essentials like free WiFi and a fitness center. Option B offers more perks, a better room category, and free cancellation/breakfast, but the price difference is substantial for a one-night stay. I’d prioritize value here.

Final answer: A"
357,A,"Option A gives me a better overall value for the same price: it’s in Midtown, includes breakfast, has a suite instead of a standard room, and has a slightly lower but still strong review score. Option B is a bit higher rated and a 4-star property, but the lack of breakfast and less central location make it less compelling here.

Final answer: A"
358,A,"Option A is a safer choice for a one-night NYC stay because it includes free cancellation and breakfast, and it’s in Midtown, which is more convenient for many travelers. It does cost a bit more, but the flexibility and location outweigh the small price difference.

Final answer: A"
361,B,"Option B offers a better overall value: it’s cheaper by $61, has a higher star rating, and a better guest review score. The main downsides are no free cancellation and no breakfast, but for a one-night stay the lower price and stronger ratings outweigh those benefits.  

Final answer: B"
362,A,"Option A is much cheaper while still offering breakfast, a solid review score, and a suite with two double beds in the same Midtown area. Option B has slightly better ratings and more amenities, plus free cancellation, but the price difference is large for just a modest upgrade.

Final answer: A"
365,A,"Option A is more expensive, but it has the better review score, more reviews, breakfast included, and a more central Midtown location, which is usually the better choice for a one-night NYC stay. Option B is cheaper and offers more beds, but it’s in Brooklyn and has a lower guest score, so the overall value feels weaker unless budget is the top priority.

Final answer: A"
366,A,"Option A is in Midtown, which is generally the better location for a one-night NYC stay if you want easier access to major sights and transit. It also has the stronger review score and many more reviews, which adds confidence, though it costs more and doesn’t include breakfast. Option B is cheaper and includes breakfast, but Brooklyn is less central and the review score is slightly lower.

Final answer: A"
369,A,"Option A is much better for a one-night stay if you want comfort, a private suite, and breakfast included, and it has a notably higher review score. Option B is far cheaper, but it’s a hostel dorm bed with lower ratings and fewer amenities, so the savings come with a big drop in comfort and privacy.

Final answer: A"
370,A,"Option A is much better for a one-night stay if you want a private, more comfortable room in a central location, plus breakfast and free cancellation. It costs more, but the upgrade in convenience, amenities, and flexibility is worth it compared with a dorm bed at the hostel.  
Final answer: A"
373,B,"Option B looks better overall: it’s cheaper, has a higher star rating and much stronger guest reviews, plus free cancellation gives more flexibility. The only downside is breakfast isn’t included, but that’s true for both options.  

Final answer: B"
374,B,"Option B is the stronger choice overall: it has a higher star rating, much better guest reviews, and far more review volume, which makes the quality signal more reliable. It costs $40 more, but the upgrade in reputation and central Midtown location seems worth it for a one-night stay.  
Final answer: B"
377,A,"Option A is far better value for a one-night stay: it’s much cheaper, has free cancellation, and still has solid reviews and a convenient Midtown location. Option B is nicer and better rated, but the price premium is very large for just one night and it has no free cancellation.

Final answer: A"
378,A,"Option A is much cheaper at $184 versus $390, while still offering free cancellation, a king bed, and a decent review score of 7.8. Option B has better reviews, a higher star rating, and breakfast included, but the price premium is very large for just one night. I’d prioritize value here.

Final answer: A"
381,A,"Both hotels are very close in price and review score, so the main trade-off is location and room setup. Option A is in Midtown West, which is more central for a one-night NYC stay and has two double beds, while Option B has a slightly better score and a more stylish 4-star vibe but is in Williamsburg and only has one queen bed.

Final answer: A"
382,B,"Option B is slightly cheaper, has a higher star rating and better guest reviews, which suggests a better overall stay. Option A is more centrally located in Midtown West, but for a one-night stay the better value and quality tilt me toward B.

Final answer: B"
385,A,"Option A offers a very strong review score, free cancellation, and breakfast included at a much lower price, which makes it the far better value for a one-night stay. Option B is far more luxurious, but the price premium is enormous and it lacks free cancellation and breakfast.  
Final answer: A"
386,A,"Option A is far better value: it’s in a prime area, has a strong review score, free cancellation, and costs a tiny fraction of Option B. Option B is more luxurious, but the price premium is enormous for only a slightly higher rating and no breakfast included.

Final answer: A"
389,A,"Option A is much cheaper at $221 versus $448, while both hotels have the same guest review score of 8.6/10. Since this is only a one-night stay, the lower price is the better value unless you specifically want the 5-star experience and included breakfast.

Final answer: A"
390,A,"Option A offers a much lower price while still getting a strong guest review score, free cancellation, breakfast included, and a central Times Square location. Option B is a nicer 5-star property with more upscale amenities, but it costs far more for only a slightly lower review score and no breakfast. For a one-night stay, the value difference is substantial, so I’d choose the cheaper option.

Final answer: A"
393,A,"Option A has the higher guest review score, a more central location in Times Square, and includes breakfast, which adds value for a one-night stay. It costs a bit more and doesn’t offer free cancellation, but the stronger overall convenience and rating make it the better pick here.

Final answer: A"
394,A,"Option A is cheaper by $45, has a slightly higher review score, and offers free cancellation, which adds flexibility for a one-night stay. Option B has a suite and kitchen, but those extras matter less for just one night and it’s more expensive with no cancellation.  

Final answer: A"
397,B,"Option B is much cheaper and still includes breakfast and solid amenities, so it offers better value for a one-night stay. Option A has a higher review score, free cancellation, and two beds, but costs significantly more.  

Final answer: B"
398,A,"Option A is the better value: it’s slightly cheaper, has a higher guest rating, includes breakfast, and offers a king bed. Option B has a more stylish vibe and better nightlife amenities, but it costs more and scores lower overall.

Final answer: A"
401,A,"Option A is more expensive, but it has a notably higher guest score, a much more central Manhattan location, and breakfast included, which is useful for a one-night stay. Option B is cheaper and offers free cancellation, but it’s farther from the main tourist area and has a lower review score.  

Final answer: A"
402,A,"Option A is more expensive, but it has a higher guest review score, far more reviews, free cancellation, and breakfast included, which makes it the safer and more convenient choice for a one-night stay in NYC. Option B saves money, but it’s less flexible and lacks breakfast and cancellation benefits.

Final answer: A"
405,A,"Option A is much cheaper and includes free cancellation, which is a strong advantage for a one-night stay. It also has a solid review score and a practical room with two double beds in Midtown, making it the better value overall, even though Option B has breakfast and slightly better ratings.

Final answer: A"
406,A,"Option A is much cheaper and still well-rated, with free cancellation, which makes it the safer and better-value choice for a one-night stay. Option B has a higher rating and nicer amenities, but it costs more than twice as much and is non-refundable, so the extra value is harder to justify for just one night.

Final answer: A"
409,A,"Option A is much cheaper at $199 while offering the same star rating and the same guest score as Option B. Option B does include free cancellation and breakfast, but for a one-night stay the $122 premium is substantial, so I’d prioritize value unless those extras are especially important.

Final answer: A"
410,A,"Both hotels are similar in star rating, room type, cancellation policy, and no breakfast included, so the main differences are location, rating, and price. Option B has a slightly better guest score and a Times Square location, but it’s $31 more per night; Option A is still very well reviewed and offers better value.  

Final answer: A"
413,B,"Option B is cheaper by a wide margin, and it also has a slightly better guest review score while still offering free cancellation and a Midtown location. Option A includes breakfast and two double beds, which is nice, but for a one-night stay the savings with Option B seem more compelling.

Final answer: B"
414,B,"Both options have the same star rating, neighborhood, room type, and guest score, so the main differences are price and breakfast. Option A includes breakfast but costs $117 more per night, while Option B is much cheaper and still has strong reviews and comparable basics.  

Final answer: B"
417,A,"Option A is far better value for a one-night stay: it’s in the same neighborhood, has free cancellation, solid reviews, and costs dramatically less. Option B is a much more luxurious hotel with a slightly higher score, but the price premium is enormous for just one night.

Final answer: A"
418,A,"Option A is much better value for a one-night stay: it’s far cheaper, still in Midtown, has breakfast included, and offers free cancellation. Option B is clearly the more luxurious hotel with a higher review score and better amenities, but the price premium is very large and there’s no free cancellation.  

Final answer: A"
421,A,"Option A has the higher guest review score and more reviews, which suggests more consistent quality, though it costs $62 more per night. Option B is cheaper and has a kitchen, but the lower rating makes it a bit less appealing for a short stay where overall comfort matters more than kitchen access.

Final answer: A"
422,B,"Option B is much cheaper for a one-night stay and includes free cancellation, which adds flexibility. Option A has a slightly better review score and more reviews, but the price premium is substantial, and both are similar in star rating and breakfast is not included in either.  

Final answer: B"
425,B,"Option B has the better overall quality: it’s a 4-star hotel with a much higher guest review score, breakfast included, and a king bed for only $50 more. The main downside is no free cancellation, but for a one-night stay I’d prioritize comfort and reviews.

Final answer: B"
426,A,"Option A is much cheaper at $140 and still has a solid 8.0/10 review score, making it the better value for a one-night stay. Option B has a higher rating and nicer hotel class, but the $152 premium is substantial for one night, especially without breakfast or free cancellation.  
Final answer: A"
429,A,"Option A is cheaper by $32 and includes free cancellation, which adds flexibility for a one-night stay. Option B has a slightly higher review score and a better star rating, but it’s non-refundable and not enough of an upgrade to outweigh the price and flexibility difference.

Final answer: A"
430,A,"Option A is much cheaper, includes breakfast, and offers free cancellation, which makes it the safer and better-value choice for a one-night stay. Option B has a higher star rating and slightly better review score, but it costs far more and is less flexible.

Final answer: A"
433,B,"Option B looks like the better overall value: it has a higher star rating, a noticeably better guest review score, and a more central Midtown location, for only $17 more. Option A does include breakfast, but the lower rating makes it less appealing for a one-night stay where comfort and convenience matter most.

Final answer: B"
434,B,"Option B is the better overall choice: it has a higher star rating and guest score, a better room, breakfast included, and free cancellation, which adds flexibility. It costs more, but the extra value and lower risk make it worth it for a one-night stay in NYC.  
Final answer: B"
437,A,"Option A is much cheaper at $166, while still offering a solid review score and the basic amenities I’d want for a one-night stay. Option B has a better location, higher score, free cancellation, and breakfast included, but the $132 premium is significant for just one night.  

Final answer: A"
438,A,"Option A is much cheaper at $222 vs. $315, while still offering free cancellation, a solid review score, and the same core amenities like WiFi and a fitness center. Option B has a slightly better rating and a more central Times Square location, but the price premium is significant for a one-night stay.  

Final answer: A"
441,B,"Option B has the better review score, a king bed, free cancellation, and a more central Midtown location, which are all valuable for a one-night NYC stay. Option A is much cheaper, but it has a lower review score and no free cancellation.  

Final answer: B"
442,B,"Option B has the higher guest review score and includes free cancellation, which adds flexibility, though it costs more. Since both include breakfast and similar amenities, the better overall guest satisfaction and cancellation policy make it the safer choice.

Final answer: B"
445,B,"Option B is a bit more expensive, but it has a slightly better review score, free cancellation, and a larger one-bedroom suite with a kitchen. Since breakfast is included in both, the extra flexibility and room quality make it the better overall value for a one-night stay.

Final answer: B"
446,A,"Option A is significantly cheaper, and both hotels are 3-star with free cancellation and no breakfast included. Option B has a slightly better review score and a better location for many visitors, plus a kitchen, but the $82 nightly difference is substantial for a one-night stay.  
Final answer: A"
449,B,"Both hotels have the same star rating and guest review score, so the main differences are location and price. Moxy NYC Chelsea is $39 cheaper and is in Chelsea, which is generally more central and convenient for many NYC visits, while also offering a rooftop bar.  

Final answer: B"
450,A,"Option A is slightly cheaper, has a marginally higher review score, includes breakfast, and still offers free cancellation and solid amenities. Option B has a trendy Chelsea location and rooftop bar, but it costs more and doesn’t include breakfast.  

Final answer: A"
453,B,"Option B is the better value: it’s cheaper by $95, has a slightly higher review score, and is a 4-star hotel in the same neighborhood. Option A adds breakfast and a kitchen, but for a one-night stay those extras probably don’t outweigh the price difference.

Final answer: B"
454,B,"Option B is the better value: it’s cheaper by $52, has a higher star rating, and also a slightly better guest review score, while both are in the same neighborhood and have the same cancellation/breakfast terms. Option A does offer a kitchen, but for a one-night stay that likely doesn’t outweigh the price difference.

Final answer: B"
457,A,"Option A is the better value: it’s much cheaper, still well-reviewed, includes breakfast, and has free cancellation plus a kitchen, which adds flexibility for a one-night stay. Option B is nicer and slightly higher-rated, but the price jump is significant and it lacks free cancellation.

Final answer: A"
458,A,"Option A is much cheaper and includes breakfast, while still having a solid review score and useful amenities like WiFi and a kitchen. Option B is nicer and better reviewed, but the $121 extra for just one night is a big jump without breakfast or free cancellation.  

Final answer: A"
461,B,"Option B is the better value: it’s cheaper by $45, includes free cancellation and breakfast, and has the same guest score as Option A. Option A offers a kitchen and Chelsea location, but for a one-night stay the added flexibility and included breakfast make B more practical.

Final answer: B"
462,A,"Option A costs significantly more, but it has a better review score, breakfast included, and a kitchen, which adds convenience for a one-night stay. Option B is much cheaper and still decent, but it gives up breakfast and has a slightly lower rating. I’d choose the better overall value for comfort and amenities.

Final answer: A"
465,A,"Option A is much cheaper, includes breakfast, and has a slightly better review score, while also offering a suite with a kitchen. Option B only really stands out for free cancellation, but it costs significantly more and doesn’t include breakfast.  

Final answer: A"
466,B,"For a one-night stay, Option B is cheaper by $44 and offers free cancellation, which adds flexibility. Option A has breakfast included and a slightly better review score, but those benefits don’t outweigh the savings and cancellation policy for a short stay.

Final answer: B"
469,A,"Option A is far more budget-friendly at $302 versus $1,063, while still offering free cancellation, a strong review score, and a practical Chelsea location. Option B is clearly the more luxurious stay with a higher review score and upscale amenities, but the price premium is very large for just one night. I’d choose the much better value option.

Final answer: A"
470,A,"Option A is far more economical for a one-night stay, and it still has a strong review score, free cancellation, and useful amenities like WiFi and a kitchen. Option B is much more luxurious and highly rated, but the price is dramatically higher and it doesn’t offer free cancellation, which makes it a riskier value choice for just one night.

Final answer: A"
473,A,"Option A is better value: it’s cheaper, has a slightly higher review score, includes free cancellation, and also comes with breakfast and a kitchen, which adds convenience for a one-night stay. Option B is more expensive and offers fewer inclusions, with no free cancellation or breakfast.  
Final answer: A"
474,A,"Option A is more expensive, but it offers a better location in Chelsea, a higher guest review score, a larger one-bedroom suite, and breakfast included. Option B is cheaper and has free cancellation, but it gives up room size, breakfast, and slightly trails in reviews. For a one-night NYC stay, I’d prioritize the more comfortable and centrally convenient stay.

Final answer: A"
477,A,"Option A is much better value for a one-night stay: it’s far cheaper, includes breakfast, and offers free cancellation, while still having a strong review score. Option B is a nicer luxury property, but the price premium is large and it lacks both free cancellation and breakfast.

Final answer: A"
478,A,"Option A is much cheaper and still has a solid review score, plus breakfast is included and it offers a kitchen, which adds convenience for a one-night stay. Option B is a nicer 5-star property with a higher score, but the price premium is substantial and breakfast isn’t included.  

Final answer: A"
481,A,"Option A is in Manhattan, which is usually more convenient for a one-night NYC stay, and it also offers free cancellation for flexibility. Although it costs more, the location and cancellation policy make it the safer choice given the same review score and star rating.

Final answer: A"
482,A,"Both are 4-star, nonrefundable, no-breakfast options with king beds and similar amenities. Option A has the better guest review score, more reviews, and a more central Manhattan location, though it costs $11 more; that seems worth it for a one-night stay in NYC.

Final answer: A"
485,B,"Option B is the better overall value: it’s cheaper, has a slightly higher guest review score, and includes free cancellation, which adds flexibility for a one-night stay. Option A has a nicer niche vibe and rooftop bar, but it costs more and is less flexible.

Final answer: B"
486,B,"Both hotels are the same price and offer a king bed, so the main trade-offs are location, flexibility, and included perks. Option A has the better review score and a more distinctive experience, but Option B includes free cancellation and breakfast, which adds value and reduces risk for a one-night stay in NYC.

Final answer: B"
489,A,"Both are solid 4-star options with free cancellation and no breakfast included. Option B has a slightly better review score and is in Chelsea, but it costs $27 more; Option A is still well-reviewed, cheaper, and has appealing amenities like a rooftop bar and rain shower.  

Final answer: A"
490,A,"Both hotels have the same guest review score and similar star rating, but Option A is much cheaper by $115 for the night and still offers strong amenities like free WiFi and a rooftop bar. Option B has the advantage of free cancellation and a more central Chelsea location, but for a one-night stay the value gap is large.  

Final answer: A"
493,A,"Option A has the higher guest review score and a more distinctive set of amenities, plus it’s only $6 more per night with free cancellation on both options. Since the price difference is minimal, the stronger guest satisfaction makes it the better pick.

Final answer: A"
494,A,"Option A is much cheaper while still being a 4-star hotel with a notably higher guest review score (8.8 vs 7.9). It also has solid amenities and is in a desirable neighborhood, so it looks like the better value for a one-night stay.

Final answer: A"
497,A,"Option A is much more cost-effective for a one-night stay, and it still has a strong guest score, free cancellation, and solid amenities. Option B is clearly more luxurious and better rated, but it costs over three times as much and doesn’t offer cancellation flexibility. 

Final answer: A"
498,A,"Option A is the much better value for a one-night stay: it’s far cheaper, still highly rated, and offers free cancellation, which adds flexibility. Option B is more luxurious and better reviewed, but the price difference is substantial and there’s no cancellation flexibility.  

Final answer: A"
501,A,"Option A is the better choice if I weigh overall value for a one-night NYC stay: it has a much higher review score, a better location in Manhattan, free cancellation, and breakfast included. Although it costs more, the added convenience and stronger guest satisfaction make it worth it.

Final answer: A"
502,A,"Option A is significantly better reviewed, has a higher star rating, and is in a more central/manhattan neighborhood, plus it offers free cancellation for flexibility. Although it costs more, the better location and much stronger guest satisfaction make it the safer choice for a one-night NYC stay.

Final answer: A"
505,A,"Option A is much cheaper at $175 versus $257, while also having a slightly higher guest review score (8.9 vs 8.7) and similar core room features. Option B does offer free cancellation, but for a one-night stay the price difference is substantial and outweighs that flexibility for me.

Final answer: A"
506,A,"Option A is cheaper by $9, has free cancellation, and still has a very strong review score with more reviews, which makes it the safer and better-value choice for a one-night stay. Option B is slightly better rated, but the lack of free cancellation and higher price make it less flexible.

Final answer: A"
509,A,"Option A offers much better value for a one-night stay: it’s far cheaper, still highly rated, and includes free cancellation, which adds flexibility. Option B is more luxurious and has a slightly higher review score, but the price difference is enormous and cancellation isn’t free.

Final answer: A"
510,A,"Option B is the more luxurious and better-reviewed choice, with a 5-star rating and a much higher guest score, but it costs significantly more. Since this is just a one-night stay and Option A offers solid 4-star quality, a strong review score, and a much lower price in a prime location, the better value is Option A.

Final answer: A"
513,B,"Option B offers a much more luxurious stay with a higher guest rating, free cancellation, and premium amenities like a spa and pool, which can be worth the extra cost for a one-night trip in NYC. Option A is significantly cheaper and still well-rated, but it lacks cancellation flexibility and the overall experience is less upscale.

Final answer: B"
514,A,"Option A is much better value for a one-night stay: it’s far cheaper, still very well reviewed, and offers free cancellation, which adds flexibility. Option B has the luxury edge and stronger amenities, but the price premium is large and cancellation isn’t free, so the downside is bigger for a short stay.

Final answer: A"
517,A,"For a one-night stay, Option A offers far better value: it’s much cheaper, still highly rated, and in a central Manhattan location. Option B has stronger luxury amenities and free cancellation, but the price difference is substantial and not necessary for a short stay.

Final answer: A"
518,A,"Option A gives you a much better value for a one-night stay: it’s far cheaper, still highly rated, and located in a very central area. Option B is more luxurious with better amenities, but the price is dramatically higher and the review score is slightly lower.  

Final answer: A"
521,A,"Option A is the better value: it’s much cheaper for a one-night stay, still has a strong review score, and offers free cancellation with comparable core features. Option B has a reputable brand and a slightly larger review count, but the price premium is substantial without a clear payoff for a short stay.

Final answer: A"
522,A,"Option A is much cheaper while still offering a strong review score and a solid 4-star stay in a very central location. Option B does have free cancellation, but for a one-night stay the $106 premium is hard to justify given the lower review score and similar room type.  

Final answer: A"
525,B,"Option B is more expensive by $35, but it offers a much higher guest rating, free cancellation, breakfast included, and a king bed in a strong central location. For a one-night NYC stay, those extras and the better reviews make it the safer and more comfortable choice.

Final answer: B"
526,A,"Option A is cheaper by $23 and offers free cancellation, which adds flexibility for a one-night stay. Option B has the better review score and a more central-sounding location, but the lack of free cancellation is a downside if plans change.  

Final answer: A"
529,B,"Option B is the better value: it’s significantly cheaper, has a higher guest review score, and still offers the same core amenities and free cancellation. Option A is in Midtown and has two double beds, which could matter if location or space is more important, but for a one-night stay B is the stronger overall choice.

Final answer: B"
530,A,"Option A is more expensive, but it includes free cancellation and breakfast, and it has a much larger review base, which makes it a safer choice for a one-night stay. Option B is cheaper and slightly better rated, but the lack of free cancellation and breakfast makes it less flexible and a bit riskier.  

Final answer: A"
533,A,"Option A is cheaper by $33 and also offers free cancellation, which adds flexibility for a one-night stay. Option B has a better review score and includes breakfast, but the higher price and lack of cancellation make it less attractive overall here.

Final answer: A"
534,B,"Option B is the better value: it’s cheaper, has a higher guest review score, includes free cancellation, and breakfast is included. Option A has a higher star rating and more amenities, but it costs significantly more and offers less flexibility.

Final answer: B"
537,B,"Option B is the better value: it’s significantly cheaper, has a slightly higher review score, and gives you a one-bedroom suite with a king bed plus a kitchen, which is a nice upgrade for a one-night stay. Option A has free cancellation and a higher star rating, but the price premium is large for only a modest quality difference.

Final answer: B"
538,B,"Option B is much cheaper while matching Option A on guest review score and free cancellation. It also offers a suite with a kitchen, which can be a useful perk for a one-night stay in NYC, even though it’s a lower star rating and has fewer on-site amenities.  

Final answer: B"
541,A,"Both hotels are in Midtown, have the same star rating and similar amenities, so the main differences are price, review score, breakfast, cancellation, and bed type. Option A is cheaper by $24 and offers free cancellation plus two double beds, while Option B has a slightly better review score and includes breakfast but is non-cancelable and costs more. The flexibility and lower price make Option A the better value here.

Final answer: A"
542,A,"Option A is much cheaper, includes breakfast, and still has the same neighborhood, star rating, and core amenities. Option B has a higher review score and free cancellation, but the price difference is substantial for just one night.

Final answer: A"
545,B,"Both hotels are 4-star, in Midtown, with free cancellation and no breakfast included, so the main differences are price, review score, and amenities. Option B has a higher guest review score, a lower price by $86, and the same king-bed room type, while Option A only adds a restaurant.  
Final answer: B"
546,A,"Option A is much cheaper and still has a solid review score, free cancellation, and similar core amenities. Option B has a slightly higher rating, but not enough to justify the large price jump and lack of cancellation flexibility.  
Final answer: A"
549,A,"Option A is much cheaper while still offering a solid 4-star stay in Midtown with free WiFi, a fitness center, and a restaurant. Option B has a higher review score and nicer amenities like a rooftop pool, but it costs more than double for just one night, which doesn’t seem worth the price difference here.

Final answer: A"
550,A,"Option A is much cheaper and still has a solid review score, plus free cancellation, which adds flexibility for a one-night stay. Option B has the higher rating and nicer amenities, but it’s significantly more expensive and non-cancellable, so the risk is higher.  

Final answer: A"
553,A,"Option A has the stronger overall hotel quality: it’s a 4-star property, has a better review score, and is in Midtown, which is often more convenient for sightseeing and transit. Option B is much cheaper and includes free cancellation and breakfast, but it’s a lower-rated 3-star hotel in the Financial District, which may be less convenient depending on plans.

Final answer: A"
554,A,"Option A is cheaper by $78, has the higher star rating, and also has a slightly better guest review score. Both options have free cancellation and no breakfast included, so the main trade-off is neighborhood preference, but on overall value A looks stronger.

Final answer: A"
557,A,"Option A is cheaper by $37, has a slightly higher guest review score, and has far more reviews, which makes it feel more reliable. Both are in Midtown with free cancellation, and breakfast isn’t included in either, so the better value is A.

Final answer: A"
558,A,"Both are in Midtown, both are 4-star, and both offer free cancellation, so the main differences are price, room type, amenities, and review volume. Option A is cheaper by $47, has a higher guest score with far more reviews, and offers a larger double room with two beds, making it the better overall value for a one-night stay.  
Final answer: A"
561,A,"Option A is slightly cheaper, has a much better guest review score, and still offers similar 4-star amenities in a good Midtown location. Since both are non-cancellable and don’t include breakfast, the stronger reviews make A the safer choice.

Final answer: A"
562,A,"Option A is more expensive, but it has a much higher guest review score and free cancellation, which makes it the safer and better-quality choice for a one-night stay in NYC. The room is also a double room, which can be more flexible if needed.

Final answer: A"
565,A,"Option A is cheaper by $26, has a much higher guest review score, and also includes breakfast, though it lacks free cancellation. Option B has free cancellation and a king bed, but it costs more and is rated lower. For a one-night stay, the better overall value looks like Option A.

Final answer: A"
566,A,"Option A has a much higher guest review score, more reviews supporting that rating, and a better overall hotel class, while costing only $2 more per night. Option B is a bit cheaper and includes breakfast, but the quality gap is large enough that I’d prioritize the better-rated stay for a one-night visit.

Final answer: A"
569,A,"Option A has the better guest review score by a wide margin and is much cheaper, while still offering the same core amenities and free cancellation. Option B is in Times Square and slightly more upscale-feeling, but the lower review score and higher price make it harder to justify for a one-night stay.

Final answer: A"
570,A,"Option A has a much higher guest review score and far more reviews, which makes it the safer and more reliable choice for a one-night stay. Option B is cheaper, but the lower rating suggests more risk in overall experience, and both options have similar cancellation and amenities.  

Final answer: A"
573,A,"Option A has the better overall value: it’s cheaper, has a much higher guest review score, and offers a higher star rating plus more amenities. Option B includes breakfast and a king bed, but those don’t outweigh the lower quality and higher price for a one-night stay.

Final answer: A"
574,A,"Option A is much more expensive, but it has a significantly better guest review score, a higher star rating, more amenities, and free cancellation, which adds flexibility for a one-night stay. Since both are in Midtown and neither includes breakfast, the stronger overall quality and cancellation policy make A the safer choice despite the higher price.

Final answer: A"
577,A,"Option A is much better rated by guests, has a higher star rating, and offers stronger amenities, while still giving free cancellation. Although it’s significantly more expensive, the quality difference and lower risk make it the safer choice for a one-night stay in NYC.

Final answer: A"
578,A,"Option A is much better reviewed and offers a higher-quality stay in the same neighborhood, plus free cancellation and better amenities. Although it costs more, the jump in comfort and reliability seems worth it for a one-night stay in NYC.

Final answer: A"
581,A,"Option A is cheaper by $64, has a much higher guest review score, and includes free cancellation, which makes it the safer and better-value choice for a one-night stay. Option B has a higher star rating and a suite, but the lower review score and lack of cancellation flexibility make it less attractive here.

Final answer: A"
582,A,"Option A offers a much better value: it’s far cheaper, still in Midtown, and has a higher guest review score despite being one star lower. Option B gives you a 5-star experience and a suite, but the price premium is very large for a lower-rated stay.  

Final answer: A"
585,A,"Option A is much cheaper at $200 versus $353, while still offering a solid 4-star stay in Midtown with a good review score of 8.2. Option B has a slightly better rating and a king bed plus rooftop bar, but the price premium is substantial for a one-night stay.  
Final answer: A"
586,A,"Option A is slightly more expensive, but it has free cancellation, a marginally higher guest review score, and more reviews, which makes it the safer choice for a one-night stay. Option B is a bit cheaper and has a rooftop bar, but the lack of free cancellation is a meaningful downside.

Final answer: A"
589,A,"Option B has the better overall quality: it’s a 5-star hotel, has a slightly higher guest rating, and offers more amenities like a bar and spa. However, it costs significantly more than Option A for just one night, and both have free cancellation and the same room type. Given the strong value of Option A at a much lower price with still-solid reviews, I’d choose it.

Final answer: A"
590,A,"Option B has the higher star rating and slightly better guest reviews, plus more amenities like a bar and spa. However, it costs much more—over three times as much—for what is likely a one-night stay, while Option A still has strong reviews and the essentials. The better value is clearly Option A.

Final answer: A"
593,A,"Option A is much cheaper for a one-night stay and still has a solid 4-star rating with a good guest score, so it offers far better value. Option B is nicer overall, with a higher review score, free cancellation, and a premium SoHo location, but the price difference is very large for just one night.

Final answer: A"
594,A,"Option A is much cheaper while still offering a strong 4-star stay, good review score, and free cancellation, which adds flexibility for a one-night trip. Option B is more luxurious and better rated, but the price is substantially higher and it doesn’t allow cancellation.  

Final answer: A"
597,B,"Option A is in Midtown, which is more central for a one-night NYC stay and includes breakfast, but it’s significantly more expensive and has no free cancellation. Option B has the same review score, is much cheaper, and offers free cancellation, though it’s in Brooklyn and doesn’t include breakfast. 

Final answer: B"
598,B,"Option B is much cheaper at $240 versus $355, while still offering free cancellation, a slightly higher guest review score, and the same room type and core amenities. Although Option A is a 4-star hotel in Midtown, the price premium is significant for a one-night stay, and Option B seems like the better value overall.

Final answer: B"
601,A,"Option A offers a much better value: it’s significantly cheaper, has a higher guest review score, and still includes free cancellation and solid amenities in the same Midtown area. Option B is a luxury upgrade, but the price premium is large and the review score is lower.  
Final answer: A"
602,A,"Option A offers a much better value: it’s far cheaper, still has a strong guest score, and is in the same neighborhood as Option B. Option B has more luxury amenities and breakfast included, but the much higher price and lower review score make it less attractive for a one-night stay.

Final answer: A"
605,A,"Option A has the stronger overall quality: it’s a 4-star hotel with a notably higher guest score, and the amenities include a rooftop bar and allergy-free rooms. Option B is much cheaper and still decent, but for a one-night stay I’d prioritize comfort and guest satisfaction over the savings.

Final answer: A"
606,A,"MADE Hotel is the stronger overall choice: it has a notably higher review score, higher star rating, and a more upscale feel, while still offering free cancellation and the same room type. The Hilton is cheaper, but the quality and guest satisfaction gap makes the extra cost for MADE feel worthwhile for a one-night stay.

Final answer: A"
609,A,"MADE Hotel (Option A) is the better value: it’s significantly cheaper, has a higher star rating, and a stronger guest review score, while still offering free cancellation and similar room setup. Option B costs more but offers a lower review score and star rating, so the premium isn’t justified here.

Final answer: A"
610,A,"MADE Hotel (A) has the higher guest review score and a better overall rating, plus stronger standout amenities like a rooftop bar and allergy-free rooms. It is slightly more expensive and doesn’t offer free cancellation, but for a one-night stay I’d prioritize the better-reviewed hotel in a central Midtown location.

Final answer: A"
613,A,"Option A is cheaper, has a higher guest review score, and offers free cancellation, which makes it the safer and better-value choice for a one-night stay. Option B includes breakfast and a king bed, but it costs more, has a lower review score, and doesn’t allow free cancellation.

Final answer: A"
614,A,"Option A is pricier, but it has a significantly higher guest review score and a 4-star rating, which suggests a better overall stay. Option B is cheaper and includes breakfast, but the lower review score and 3-star rating make it less appealing if comfort and quality matter most for a one-night NYC stay.

Final answer: A"
617,A,"Option A is much cheaper and still well-rated, with breakfast included and a solid 8.6/10 review score, making it the better value for a one-night stay. Option B is more luxurious and has free cancellation, but the price premium is very large for just one night.  

Final answer: A"
618,A,"Option A is much better value for a one-night stay: it’s in the same neighborhood, has a strong review score, and costs far less. Option B is a higher-end hotel with better amenities and free cancellation, but the price premium is very large for a single night.

Final answer: A"
621,A,"Option A is cheaper by $46 and has a higher star rating, while still offering free cancellation and a solid review score. Option B has slightly better reviews and includes breakfast, but the price premium is fairly large for a one-night stay.  

Final answer: A"
622,A,"Option A is cheaper by $52, offers free cancellation, and has the same guest review score as Option B. Option B includes breakfast and is in Midtown East, but it’s more expensive and non-cancellable, so the flexibility and value lean toward A.

Final answer: A"
625,B,"Option A has the slightly better review score and a higher-end feel with more amenities, but it costs $93 more for just one night. Option B is in a great neighborhood too, includes breakfast, and looks like the better value overall for a short stay in NYC.

Final answer: B"
626,A,"Option A is cheaper by $20 and offers free cancellation, which gives more flexibility for a one-night stay. Option B has a slightly better review score and includes breakfast, but it’s pricier and nonrefundable. I’d prioritize value and flexibility here.

Final answer: A"
629,A,"Option A is cheaper by $25, has a slightly better review score, and offers free cancellation, which adds flexibility. It also has a king bed versus a queen bed, and the location is still very central in the Lower East Side. Option B has a pool, but the higher price and no free cancellation make it less attractive for a one-night stay.

Final answer: A"
630,A,"Both are similar 4-star options with nearly identical review scores, but Option A is slightly cheaper and includes breakfast, which adds value for a one-night stay in New York City. Option B has a king bed and pool, but it costs more and doesn’t include breakfast.  

Final answer: A"
633,B,"Option A has the better overall hotel class and slightly stronger guest reviews, but it costs significantly more and lacks free cancellation. Option B is much cheaper, still well reviewed, includes free cancellation, and has breakfast included despite the typo in the listing saying no.  

Final answer: B"
634,B,"Option B is the better value: it’s much cheaper, still has a solid review score, includes breakfast, and has the same room setup and free WiFi. Option A is a nicer 4-star hotel in a busier location, but the extra $131 doesn’t seem justified for a one-night stay unless staying in Times Square is a priority.

Final answer: B"
637,B,"Both options are similar in rating, room type, and cancellation policy, but Option B is $59 cheaper while still having a strong guest score and solid amenities. Option A has a slightly higher star rating and score, but the difference is small for a one-night stay.  

Final answer: B"
638,A,"Both options have the same guest review score, but Option A is much cheaper and has a higher star rating, while still offering solid amenities in a prime location. Option B does offer free cancellation, but the price premium is large for no clear quality advantage.  

Final answer: A"
641,A,"Option A is better if I want the stronger overall stay: it has a higher guest review score, breakfast included, and a more central Times Square location, which is especially convenient for a one-night trip. It costs $34 more, but the better rating and included breakfast make the value feel worth it.

Final answer: A"
642,A,"Both options cost the same and have free cancellation, so the main differences are location and guest satisfaction. LUMA Hotel Times Square has a significantly better review score and more reviews, which suggests a more reliable stay, and Times Square is a more central choice for a one-night NYC visit.

Final answer: A"
645,A,"Option A has the higher star rating and better guest review score, plus more capacity with two double beds, which makes it the stronger choice if comfort and overall quality matter most. It costs more, but for a one-night stay in New York City the upgrade seems worth it.  
Final answer: A"
646,A,"Option A has the stronger overall quality: it’s a 4-star hotel with a much better review score, and it still offers free cancellation and a similar room type. Option B is much cheaper, but the lower rating and lower star level make it a clear trade-off if comfort and satisfaction matter more for a one-night stay.

Final answer: A"
649,A,"LUMA Hotel Times Square offers a slightly better guest score, a much lower price, free cancellation, and more amenities, while the room type and star rating are comparable. Walker Hotel Tribeca is in a quieter neighborhood, but it costs substantially more and is less flexible.  
Final answer: A"
650,A,"Option A is a bit more expensive, but it has a notably better guest review score, free cancellation, and more amenities, which makes it the safer and more flexible choice for a one-night stay. The larger room with two double beds is also a plus.  

Final answer: A"
653,A,"Option A is better if I’m optimizing for flexibility and location: it’s in Times Square, has a higher star rating, more amenities, and free cancellation, though it costs more. Option B is much cheaper, but the nonrefundable policy makes it riskier for a one-night stay in NYC.  
Final answer: A"
654,A,"Option A is the stronger choice overall: it has a higher star rating, better review score, more reviews, a better central location in Times Square, and free cancellation, which adds flexibility for just a $25 difference. Option B is slightly cheaper, but it’s lower-rated, less reviewed, and non-cancelable, so the extra value of A outweighs the savings.

Final answer: A"
657,B,"Option B has the higher guest review score and more amenities, which suggests a better overall stay. However, it’s also significantly more expensive, and Option A still has a solid 4-star rating and a good review score for much less money. Balancing value against quality, I’d choose the better-reviewed option if comfort is the priority.

Final answer: B"
658,B,"Option B looks slightly better overall: it’s cheaper by $21, has a higher guest review score, and offers a larger king bed plus extra amenities like wine hour and a restaurant. The main downside is no free cancellation, while Option A gives more flexibility with cancellation, so if flexibility matters most I’d lean A, but on balance I’d pick the better value and ratings.

Final answer: B"
661,B,"Option B has the stronger overall experience: it’s a 5-star hotel with a much higher guest score, more amenities, and breakfast included. The trade-off is price, since it’s nearly double Option A, but if I’m prioritizing quality and stay experience for one night, I’d choose the better-rated luxury option.

Final answer: B"
662,A,"Option A is much cheaper while still offering a solid 4-star stay, free cancellation, and a respectable review score. Option B is clearly more luxurious and better rated, but the price premium is very large for just one night, and neither includes breakfast. Given the value trade-off, I’d choose the lower-cost option.

Final answer: A"
665,A,"Option A has the higher star rating, better review score, and free cancellation, which adds flexibility for a one-night stay. It costs more, and breakfast isn’t included, but the overall quality and cancellation policy make it the safer choice.

Final answer: A"
666,B,"Option B gives the same guest review score as Option A, but at nearly half the price. It also has more reviews, which makes the score a bit more reassuring, and the king bed is a plus. Option A is a nicer-rated hotel on paper with 4 stars and a Midtown location, but the price premium is very large for no improvement in review score.

Final answer: B"
669,B,"Option B is the better value: it’s significantly cheaper, has a slightly higher review score, includes free cancellation and breakfast, and still offers solid amenities. Option A is a nicer hotel on paper, but the price premium is substantial for a very small quality difference.

Final answer: B"
670,B,"Option B gives the better overall value: it has the same guest review score as A, costs much less, includes free cancellation and breakfast, and offers a larger room with two beds. Option A is a nicer 4-star property in Midtown, but the extra cost doesn’t seem worth it for a one-night stay.

Final answer: B"
673,A,"Option A has the stronger overall hotel quality: it’s a 4-star property with a slightly better guest score, and Bryant Park/Midtown is a very central, pleasant location. Option B is cheaper and offers free cancellation plus a king bed, but it’s a lower-star hotel and the review score is a bit lower, so the savings may not outweigh the quality difference for a one-night stay.

Final answer: A"
674,A,"Option A is only $27 more, but it gets you a higher-star hotel, slightly better review score, breakfast included, and a room with a king bed. Since both have free cancellation and solid amenities, the extra value in A seems worth the small price increase.

Final answer: A"
677,A,"Bryant Park Hotel (A) has the stronger guest review score and a very good Midtown location, which suggests a better overall stay quality. It costs $35 more than B and doesn’t include breakfast, but for a one-night stay I’d prioritize the higher-rated hotel and likely better experience.

Final answer: A"
678,A,"Bryant Park Hotel (A) has the stronger guest review score and a slightly more attractive Midtown location, which are good signals for a one-night stay where convenience and overall experience matter. DoubleTree (B) is notably cheaper and has more reviews, but the lower rating makes it less appealing if I’m prioritizing quality over price.

Final answer: A"
681,A,"Option A is a stronger overall hotel choice: it has the higher star rating, better guest reviews, and a much more central Midtown location, which is especially valuable for a short one-night stay in NYC. Option B is significantly cheaper and includes breakfast, but it’s lower-rated and in Brooklyn, so the convenience trade-off likely isn’t worth it for me.

Final answer: A"
682,A,"Option A is the stronger hotel overall: it has a higher star rating, a better guest review score, and a more central Midtown location, which is often worth the extra cost for a one-night NYC stay. Option B is much cheaper and includes breakfast plus free cancellation, but it’s a clear step down in quality and location.

Final answer: A"
685,A,"Option A gives a strong Midtown location, free cancellation, and solid reviews at a much lower price. Option B is clearly more luxurious and better reviewed, but it costs well over $600 more for just one night, and neither includes breakfast. Given the price difference, I’d choose the better value.

Final answer: A"
686,A,"Bryant Park Hotel is much more affordable at $294 versus $705, while still offering a solid 4-star stay in Midtown with a good review score and free cancellation. The St. Regis is clearly more luxurious and slightly better reviewed, but the price premium is very large for just one night.

Final answer: A"
689,A,"Option A is much cheaper while still having a slightly higher review score, and it’s a solid 4-star hotel in a convenient neighborhood. Option B offers more luxury, flexibility, and amenities, but the price premium is substantial for only a marginally lower review score.

Final answer: A"
690,A,"Option A gives you a much better value: it’s significantly cheaper, still highly rated, includes breakfast and free cancellation, and the review score is actually a bit higher. Option B offers a fancier 5-star experience and more amenities like a pool, spa, and city views, but the price premium is substantial for a slightly lower rating.

Final answer: A"
693,B,"Option A has the stronger guest satisfaction score and includes breakfast, which adds value for a one-night stay, but it is notably more expensive and has no free cancellation. Option B is much cheaper and offers free cancellation, which is a big flexibility advantage, though it has a lower review score and no breakfast.  

Final answer: B"
694,A,"Option A has the higher guest review score by a wide margin, which suggests a better overall stay, and it also offers free cancellation for flexibility. Although it’s $27 more expensive, the stronger reviews and lower risk make it the better choice for a one-night stay.  
Final answer: A"
697,A,"Option A has a much higher guest review score and a better star rating, which suggests a more consistently pleasant stay. It’s also in Little Italy, which can be a nicer, more distinctive neighborhood than the more hectic Times Square area, though it costs more and doesn’t include breakfast. Overall, I’d prioritize the better-reviewed hotel for a one-night stay.

Final answer: A"
698,A,"Option A has the much better guest score and a higher-end feel, which suggests a more reliable and enjoyable stay, but it costs substantially more and lacks free cancellation. Option B is cheaper, in a central location, and has free cancellation, but the lower review score makes it a riskier choice for comfort and quality.

Final answer: A"
701,A,"Option A is far better value for a one-night stay: it has an excellent 9.0 review score, a strong location in Little Italy, and costs much less. Option B is more luxurious and has free cancellation, but the $869 price is a huge jump for only a modestly higher rating.

Final answer: A"
702,A,"NobleDEN Hotel offers a very strong review score, free cancellation, and a much lower price, making it the better overall value for a one-night stay. The Peninsula New York has more luxury amenities and a better location for some travelers, but it costs far more and does not allow free cancellation.  

Final answer: A"
705,A,"Option A offers a much lower price, a higher guest review score, free cancellation, and breakfast included, while still being a 4-star hotel in a desirable area. Option B is significantly more expensive and lacks both free cancellation and breakfast, with a lower review score.  

Final answer: A"
706,A,"Option A is slightly more expensive, but it has a better guest review score, free cancellation, and breakfast included, which adds value and flexibility for a one-night stay. Option B saves $9, but you give up both cancellation flexibility and breakfast, and it has a lower rating.

Final answer: A"
709,A,"Option A has the stronger overall quality: it’s a 4-star hotel, has a much higher guest review score, and includes breakfast and 24-hour refreshments. Option B is much cheaper and has free cancellation, but it’s a lower-rated 3-star stay and breakfast isn’t clearly included in the same way. 

Final answer: A"
710,B,"Option A has a much higher guest review score and a better star rating, which suggests a more comfortable and reliable stay, but it costs nearly twice as much. Since this is only for one night and breakfast is included in both, I’d prioritize value while still getting a decent, well-located hotel.

Final answer: B"
713,A,"Option A has the better guest review score and more reviews, which suggests a more consistently positive stay, and both hotels have free cancellation and similar core amenities. Option B is slightly cheaper and adds restaurant/bar options, but the rating gap makes A the safer choice overall.

Final answer: A"
714,A,"Option A has the better guest review score and more reviews, which suggests stronger overall guest satisfaction, and it’s only $10 more. Option B is slightly cheaper and has a king bed plus more on-site amenities, but the lower rating makes it a bit less appealing overall for a one-night stay.

Final answer: A"
717,B,"Both are 4-star hotels with free cancellation, no breakfast, and the same room type, so the main differences are price, location, and review score. Option B has the better guest rating, slightly more reviews, and is $47 cheaper, while still offering solid amenities in a desirable neighborhood.

Final answer: B"
718,A,"Both are solid 4-star, free-cancellation options with similar review scores and no breakfast included. Option A is significantly cheaper, while Option B has a slightly better review score and a Chelsea location, but the difference is small relative to the price gap.  
Final answer: A"
721,A,"Option A is much more cost-effective for a one-night stay: it’s far cheaper, still well-reviewed, and in a central Midtown location. Option B offers more luxury, better amenities, and free cancellation, but the price premium is very large for just one night.

Final answer: A"
722,A,"Option A is much better value for a one-night stay: it’s far cheaper, still highly rated, and has free cancellation plus solid amenities in Midtown. Option B is more luxurious and includes breakfast and extra amenities, but the price premium is very large for only a modest bump in review score.

Final answer: A"
725,A,"Both options are similar in location, star rating, room type, cancellation policy, and amenities, so the main differences are price and guest rating. Option A has a notably better review score (8.5 vs. 7.9), which suggests a better overall stay experience, and the $25 price difference is relatively modest. 

Final answer: A"
726,A,"Option A has the better guest review score (8.6 vs 8.1) and the same core features: 4 stars, Midtown, king room, free cancellation, and no breakfast. It costs $34 more, but the stronger reviews make it the safer choice for a one-night stay.

Final answer: A"
729,A,"Option A is more expensive, but it offers a higher star rating, better guest reviews, and free cancellation, which adds flexibility and reduces risk. Since both are king rooms with no breakfast included, the main difference is overall quality and booking flexibility versus savings.  
Final answer: A"
730,B,"Option B is much cheaper while still offering a very similar guest review score, free cancellation, and the same room type. Option A has a higher star rating and a Midtown location, but the price difference is large for a one-night stay.  

Final answer: B"
733,A,"Option A is much more expensive, but it offers a significantly higher guest review score, breakfast included, and a more central Midtown location, which can matter a lot for a one-night NYC stay. Option B is better on price and still solid, but the lower rating and less convenient neighborhood make it feel like the weaker overall choice if comfort and convenience are priorities.

Final answer: A"
734,A,"Option A is better value: it’s much cheaper, has a higher guest review score, and includes free breakfast plus free cancellation. Option B has a king bed and downtown location, but it costs more and gets weaker reviews.

Final answer: A"
737,A,"Option A is slightly cheaper, has a better guest review score, and offers free cancellation, which makes it the safer and more flexible choice for a one-night stay. Option B includes breakfast and a king bed, but it’s a bit more expensive and less flexible.  

Final answer: A"
738,A,"Option A has the higher guest review score, includes breakfast, and is in Midtown, which is generally more convenient for a typical NYC one-night stay. It costs more and doesn’t offer free cancellation, but the stronger ratings and included breakfast make it the safer overall choice.

Final answer: A"
741,A,"Option A is much cheaper and still has a strong guest rating, plus breakfast is included, which adds value for a one-night stay. Option B offers a larger suite, free cancellation, and more upscale amenities, but the price difference is substantial.  

Final answer: A"
742,A,"Option A is much cheaper and still has a better guest review score, plus breakfast is included, which adds value for a one-night stay. Option B offers a higher star rating, a suite, and free cancellation, but it costs significantly more and doesn’t include breakfast.  

Final answer: A"
745,A,"Option A has the better guest review score and a more upscale-feeling setup, plus the rooftop bar is a nice bonus for a one-night stay in NYC. Option B is cheaper and has more reviews, but the lower rating makes it feel like the weaker overall choice unless saving $50 is the top priority.

Final answer: A"
746,A,"Virgin Hotels New York City has the stronger guest rating and a more upscale feel, with a rooftop bar and a better location vibe in NoMad, but it costs $98 more. DoubleTree is the better value and also has free cancellation, though the review score is notably lower. I’d lean toward the better-reviewed, more distinctive stay for a one-night NYC trip.

Final answer: A"
749,A,"Option A is a bit more expensive, but it has a slightly better review score, a larger king bed room, and free cancellation, which adds flexibility for a one-night stay. The location in NoMad is also generally a strong choice for getting around Manhattan, and the extra cost feels justified for the better room and cancellation policy.

Final answer: A"
750,B,"Option B is the better value: it has the same 8.4/10 guest score and 4-star rating, costs $110 less, and includes free cancellation, which adds flexibility. Option A does include breakfast, but the price difference is large enough that B is the stronger overall choice for a one-night stay.

Final answer: B"
753,B,"Option B is clearly the stronger hotel overall: it has a much higher guest review score, a 5-star rating, better amenities like a spa and pool, and free cancellation, which adds flexibility. The main downside is the much higher price, but if I’m choosing based on overall quality and risk reduction for a one-night stay, B is the better pick.

Final answer: B"
754,A,"Option A is far more practical for a one-night NYC stay: it’s much cheaper, still well reviewed, and offers solid amenities in a convenient neighborhood. Option B is clearly more luxurious with a better score and free cancellation, but the price premium is enormous for a single night.

Final answer: A"
757,A,"Option A is much more affordable while still offering strong reviews, free cancellation, and solid amenities in a central neighborhood. Option B is more luxurious and slightly better reviewed, but the price premium is very large for just one night.  
Final answer: A"
758,A,"Option A is far better value for a one-night stay: it has strong reviews, free cancellation, a central Manhattan location, and costs far less. Option B is more luxurious and includes breakfast, but the price difference is enormous and it also lacks free cancellation.  
Final answer: A"
761,A,"Option A is in Manhattan’s NoMad neighborhood, which is typically much more convenient for a one-night NYC stay, especially if you want easier access to major sights, transit, and dining. It also has free cancellation, a slightly higher review score, and more amenities, though it costs more and doesn’t include breakfast. Option B is cheaper and includes breakfast, but it’s farther from the center and has no free cancellation.

Final answer: A"
762,A,"Option A has the stronger overall location for a typical one-night NYC stay, since NoMad is more central and convenient for getting around Manhattan. It also has a slightly better guest rating and more amenities, though it costs a bit more and lacks free cancellation. Option B is cheaper and offers free cancellation, but it’s farther out in Greenpoint and has fewer amenities.

Final answer: A"
765,A,"Option A is the stronger choice overall: it has the higher star rating, better guest reviews, and a more upscale room and amenities, while the extra $40 seems reasonable for the quality bump. Option B is cheaper and in Times Square, but it’s a lower-rated property.

Final answer: A"
766,A,"Option A is the stronger overall hotel: it has the higher star rating, significantly better review score, and more appealing amenities, while costing only $28 more per night. The main advantage of Option B is the lower price and Times Square location, but for a one-night stay the better quality and guest satisfaction make A the safer choice.

Final answer: A"
769,A,"Option B has the higher guest review score and likely offers a more upscale experience, but it costs more than double Option A for the same basic room type and similar core features. Since both are 4 stars, have free cancellation, no breakfast, and the same bed type, Option A looks like the better value for a one-night stay.

Final answer: A"
770,A,"Option A is much cheaper, includes breakfast, and offers free cancellation, which adds flexibility and lowers overall trip cost. Option B has a better review score and a slightly more upscale feel, but it’s significantly more expensive and less flexible. 

Final answer: A"
773,A,"Option A gives nearly the same guest review score as Option B, but at less than half the price and with free cancellation, which adds flexibility. Option B has the higher star rating and city views, but the value difference is hard to justify for a one-night stay when reviews are essentially tied.

Final answer: A"
774,A,"Option A offers the same guest review score and free cancellation as Option B, but at a much lower price. While Option B has a king bed, 5-star status, and extra amenities, those don’t seem worth the large price difference for a one-night stay.  
Final answer: A"
777,B,"Option B is cheaper by $23, includes breakfast, and has a slightly higher guest review score while still offering free cancellation and a king bed. Option A has a nicer 4-star profile and rooftop bar, but for a one-night stay the value and included breakfast make B the better trade-off.

Final answer: B"
778,A,"Option A is cheaper by $50 and has a slightly higher guest review score, plus it’s a 4-star hotel in a solid neighborhood. Option B does offer free cancellation and breakfast, but for a one-night stay the better value seems to be Option A.

Final answer: A"
781,A,"Both hotels are very similar on rating, review score, and price, but Option A is slightly cheaper, includes free cancellation, and has a desirable King Room. Option B does include breakfast, but the lack of free cancellation is a bigger downside for a one-night stay.

Final answer: A"
782,A,"Option A is much cheaper while still offering a very similar 4-star experience, free cancellation, and nearly the same review score as Option B. Since both are one-night stays with the same room type and no breakfast, the better value is clearly Option A.

Final answer: A"
785,A,"Option A is pricier, but it has the higher star rating, slightly better guest reviews, and free cancellation, which adds flexibility for a one-night NYC stay. Option B is cheaper and includes breakfast, but the lack of cancellation makes it riskier if plans change.

Final answer: A"
786,A,"Option A has the higher star rating, better guest review score, and is in Midtown West, which is often more convenient for many NYC stays. Option B is much cheaper and includes breakfast, so it’s better on value, but it has a lower rating and is a bit less centrally positioned for typical tourist activities.

Final answer: A"
789,A,"Option A is much more expensive, but it gives you a 4-star hotel in Midtown West, which is usually more convenient for a one-night NYC stay, especially if you want easy access to Manhattan sights, dining, and transit. Option B is cheaper and still well-reviewed, but it’s a 2-star property in Long Island City, so the overall experience and location convenience are likely a step down.

Final answer: A"
790,A,"Option A is the stronger choice overall: it has a much higher star rating, a better guest review score, and a more central Midtown West location, which is especially convenient for a one-night NYC stay. Although it costs more, the added comfort and location likely justify the difference for just one night.

Final answer: A"
793,A,"Both are 4-star hotels with free cancellation and similar amenities, so the main differences are location, room, breakfast, reviews, and price. Option A is cheaper by $62 and has a slightly higher review score, while Option B offers a king bed and included breakfast but costs more and has a lower review score. 

Final answer: A"
794,A,"Option A is much cheaper, has a higher guest review score, and includes free cancellation, while offering the same room type and similar amenities as Option B. Since neither includes breakfast and both are 4-star hotels with comparable features, A provides clearly better value and lower risk.

Final answer: A"
797,A,"CIVILIAN Hotel has the stronger guest review score and many more reviews, which makes it a safer bet for quality and consistency. It costs $16 more, but that seems reasonable for the better-rated stay in Midtown West, which is also a convenient location.  
Final answer: A"
798,A,"Option A is cheaper by $79, has a higher guest review score, and includes a king bed plus a bar, while still offering free cancellation and the same core basics. Option B is in TriBeCa, which may appeal if location there matters, but it costs more and has a lower rating.  

Final answer: A"
801,B,"Option B is much cheaper while still having a very similar review score, and it includes free cancellation plus breakfast, which adds flexibility and value for a one-night stay. Option A is a nicer 4-star hotel, but the extra $116 doesn’t seem justified here given the small difference in guest ratings.

Final answer: B"
802,B,"Option B is cheaper by $17 and has a much larger number of reviews, which makes its 8.5 score feel more reliable. It also includes breakfast and a fitness center, while still being in Midtown East, a convenient location.  
Final answer: B"
805,A,"Option A is much cheaper, includes breakfast, and has a better guest review score, which makes it the stronger value for a one-night stay. Option B only really wins on free cancellation, but that doesn’t outweigh the higher price and lower rating here.

Final answer: A"
806,A,"Option A is much cheaper, includes breakfast, and has a higher guest review score, while still offering free cancellation and a comparable 4-star stay. Option B costs significantly more and does not include breakfast, so the extra price doesn’t seem justified for a one-night trip.

Final answer: A"
809,A,"Hotel Scherman is the more expensive option, but it offers a higher star rating, better guest reviews, breakfast included, and a more comfortable overall package for a one-night stay in Midtown. Moxy NYC Chelsea is cheaper and has more reviews, but it scores lower and lacks breakfast, so the value advantage is less compelling if comfort and convenience matter.  

Final answer: A"
810,B,"Option B is much cheaper, and it still has a strong review score with a larger number of reviews, which makes it feel like the safer value choice. Option A includes breakfast and is a higher star rating, but the price premium is substantial for just one night.  

Final answer: B"
813,B,"Option B is much cheaper and has a better guest review score, plus it’s in a more distinctive neighborhood (Greenwich Village). Option A offers free cancellation and likely a more business-oriented Midtown location, but the price premium is substantial for a lower-rated stay.

Final answer: B"
814,B,"Option B is the better value: it’s significantly cheaper, has a higher guest review score, and offers free cancellation, which adds flexibility. Option A is in a more central business-focused area and has more amenities like a fitness and business center, but it costs more and is less flexible.

Final answer: B"
817,A,"Option A is much better value for a one-night stay: it’s far cheaper, still in a central neighborhood, and has solid amenities. Option B offers a more luxurious experience and a much higher review score, but the price difference is substantial for just one night.  

Final answer: A"
818,A,"Option A is far more practical for a one-night stay: it’s much cheaper, still well-located in Midtown, and has solid enough reviews with useful amenities. Option B offers a much more luxurious experience and better ratings, but the price premium is enormous for just one night.

Final answer: A"
821,A,"Option A is cheaper by $38 and includes breakfast, which adds value for a one-night stay. Option B has a better review score and a more charming neighborhood, but the lower price plus breakfast make A the stronger overall deal here.

Final answer: A"
822,A,"Option A is much cheaper, has free cancellation, and offers more amenities like a fitness center and business center. Option B has a better review score and a more distinctive neighborhood, but for a one-night stay the flexibility and lower price of A make it the better value.

Final answer: A"
825,A,"Option A is cheaper by $73 and is in Midtown, which is often more convenient for a one-night NYC stay if you want central access. Option B has a better review score and free cancellation, but it costs more and is less centrally located in Manhattan.  
Final answer: A"
826,B,"Option B has the better guest review score and the advantage of free cancellation, which adds flexibility. It’s also a comparable 4-star king room with strong amenities, though it costs $38 more and is in Brooklyn rather than Midtown. For a one-night stay, the flexibility and higher satisfaction score make B the better choice.

Final answer: B"
829,B,"Option B offers a much lower price, a better guest review score, and free cancellation, which makes it the safer and better-value choice for a one-night stay. Option A is a higher-star hotel, but it costs significantly more and has no free cancellation.  
Final answer: B"
830,A,"Option A is more expensive, but it offers a higher star rating, breakfast included, and a much larger review base, which makes it feel like the safer and more complete value for a one-night stay. The price difference is reasonable given those extras.

Final answer: A"
833,B,"Option A has the higher star rating and slightly better guest reviews, plus an evening reception and restaurant, but it’s significantly more expensive and has no free cancellation. Option B is cheaper by $119, still well-reviewed, includes breakfast, and offers free cancellation, which is a big plus for a one-night stay in NYC.  

Final answer: B"
834,A,"Option A gives you a 4-star hotel, breakfast included, and a larger suite with two double beds, which is a better overall experience for a one-night stay in Times Square. Option B is much cheaper and has the same review score, but you give up the extra space and included breakfast.  

Final answer: A"
837,A,"Option A is pricier, but it offers a better overall package for a one-night NYC stay: higher star rating, stronger guest reviews, free cancellation, and breakfast included. Since the price difference is substantial, I’d only pick B if budget were the top priority, but A feels like the better value and lower-risk choice.  

Final answer: A"
838,A,"Option A is the better pick if you want the stronger overall hotel experience: it has the higher star rating, slightly better guest score, and a more central Times Square location, though it costs more. Option B is better for value, but the quality edge goes to A.

Final answer: A"
841,A,"Option A is more expensive, but it has the higher guest review score, more reviews, and includes breakfast plus an evening reception, which adds good value for a one-night stay. Option B is cheaper and in SoHo, but it lacks breakfast and has a slightly lower review score, so I’d lean toward the more convenient and better-rated stay.

Final answer: A"
842,A,"Option A costs more, but it has a higher guest review score, free cancellation, and breakfast included, which makes it the safer and more convenient choice for a one-night NYC stay. Option B is cheaper and in SoHo, but it lacks free cancellation and breakfast, and the lower review score makes it a bit less attractive overall.

Final answer: A"
845,B,"Option B gives me a lower price, breakfast included, and a much larger review sample with the same guest score, so it looks like the better value for a one-night stay. Option A is a bit more upscale, but not enough to justify the extra cost here.

Final answer: B"
846,A,"Option A is cheaper by $42, has a higher star rating, and a better guest review score, while still offering free cancellation and a comparable king room. Option B does include breakfast, but the price premium seems hard to justify given the lower rating.

Final answer: A"
849,A,"Option A is slightly more expensive, but it has a better review score, a higher star rating, and free cancellation, which adds flexibility and reduces risk for a one-night stay. Option B is only $1 cheaper and doesn’t allow cancellation, so the extra convenience and quality of A seem worth it.

Final answer: A"
850,A,"Option A is a bit more expensive, but it has the higher star rating and better guest review score, which are strong signals for overall quality. It’s also in Times Square, which may be more convenient for a classic NYC one-night stay. Option B is slightly cheaper and has a suite plus kitchen, but for one night I’d prioritize the better-reviewed hotel.

Final answer: A"
853,A,"Option A is much cheaper and has a slightly better review score, while still being a 4-star hotel in the same neighborhood with comparable core amenities. Option B only really adds free cancellation and a few extra venue amenities, but at a very large price premium.  

Final answer: A"
854,A,"Both hotels are in the same neighborhood and have similar star ratings and review quality, but Option A is far cheaper at $210 versus $351. Option B has a slightly broader set of amenities and more reviews, but the price premium is substantial for only a small difference in score.  

Final answer: A"
857,B,"Both are 4-star hotels with no breakfast and no free cancellation, so the main trade-off is quality versus value. Option A has a slightly better review score and a more central Times Square location, but Option B is $45 cheaper and still well-reviewed with more total reviews, which makes it the better overall value.

Final answer: B"
858,A,"Option A is much cheaper, still has a slightly better review score, and offers free cancellation, which is valuable for flexibility on a one-night stay. Option B has a better neighborhood and more reviews, but the price premium is large and it doesn’t allow cancellation.  

Final answer: A"
861,A,"Option A is more expensive, but it has a slightly better guest review score, free cancellation, and a central Times Square location, which makes it the safer and more flexible choice for a one-night stay in NYC. Option B is much cheaper and has a pool, but the lack of free cancellation adds risk and the location is less central if you want to be in Manhattan.  

Final answer: A"
862,A,"Option A is cheaper by $39, has a slightly better review score, and also offers free cancellation, so it’s the better value for a one-night stay. Option B includes breakfast and a pool, but those extras don’t outweigh the price difference for me here.

Final answer: A"
865,A,"Option A is cheaper by $79, has a slightly higher review score, and offers a central Times Square location that’s convenient for a one-night NYC stay. Option B has nicer amenities like a pool and bar, but the higher price and slightly lower score make it less compelling here.

Final answer: A"
866,A,"Option A is much cheaper, has free cancellation, and still has a solid 4-star rating and good review score. Option B has a slightly higher review score and nicer amenities like a pool, but it costs significantly more and doesn’t offer free cancellation, which makes it a weaker value for a one-night stay.

Final answer: A"
869,A,"Option A is the better pick: it’s cheaper by $8, has a higher star rating, a better guest review score, and is in a more central NYC location for a one-night stay. Option B doesn’t offer enough advantages to justify the higher price and lower ratings.

Final answer: A"
870,A,"Option A is cheaper, has a higher star rating, and a slightly better guest review score, plus it’s in a more central Manhattan location. Option B only really wins on free cancellation, but it costs more and is lower rated overall. 

Final answer: A"
873,B,"Option B is slightly cheaper, includes breakfast, and has a much larger review base, which makes it feel like the safer value choice. Option A has a marginally higher review score and a wine hour, but not enough to outweigh the better overall package on B for a one-night stay.

Final answer: B"
874,A,"Option A is much cheaper, has a slightly better guest review score, and includes free cancellation, which makes it the safer choice for a one-night stay. Option B only adds a second bed and a few extra on-site amenities, but not enough to justify the higher price and lack of cancellation flexibility.

Final answer: A"
877,B,"Both options have the same guest review score, free cancellation, and no breakfast, so the main differences are price and hotel category. Option A is a 4-star hotel with a nicer room and extras like wine hour, but it costs $109 more for one night. Since Option B is much cheaper while matching the rating and core amenities, it offers better value.

Final answer: B"
878,B,"Option B is slightly more expensive, but it has a marginally better guest score and, importantly, free cancellation, which adds flexibility for a one-night stay. Option A is a bit cheaper and has a higher star rating, but the lack of cancellation makes it less forgiving if plans change.

Final answer: B"
881,B,"Option B is the better value for a one-night stay: it’s much cheaper, includes free cancellation and breakfast, and has a solid review score with far more guest reviews. Option A is a nicer 4-star property with a slightly higher score, but it costs significantly more and offers no cancellation flexibility or breakfast.  

Final answer: B"
882,A,"Option A is cheaper by $27 and offers a higher-end 4-star hotel in Chelsea, with a solid review score and strong amenities like a restaurant and fitness center. Option B has slightly better reviews and includes breakfast, but it’s more expensive and only a 3-star property. For a one-night stay, I’d prioritize value and overall hotel quality.

Final answer: A"
885,A,"Option A is cheaper by $12, has a higher star rating and better guest reviews, and also includes breakfast, which adds value for a one-night stay. Option B has a king bed and more reviews, but the overall value is weaker for the higher price.

Final answer: A"
886,B,"Option B is much better value: it’s less than half the price, still has a strong review score, includes breakfast, and offers free cancellation, which adds flexibility. Option A is nicer on paper with the higher star rating, but the price premium is substantial for only a small bump in reviews.  
Final answer: B"
889,A,"Option A is much cheaper while still offering a strong guest review score and the same room type and star rating. Option B’s main advantage is free cancellation, but the price premium is substantial for a one-night stay.  
Final answer: A"
890,A,"Option A is cheaper by $24 and includes breakfast, which adds value for a one-night stay. Both hotels have the same review score and similar star rating, but Option B’s free cancellation is nice only if flexibility matters more than cost.  
Final answer: A"
893,A,"Option B is the more luxurious choice and has the higher review score, but it costs $393 more for just one night. Option A still has strong reviews, free cancellation, breakfast included, and a much better value overall.  
Final answer: A"
894,A,"Option A offers a strong balance of quality and value: it has a very good review score, a central NYC neighborhood, and is dramatically cheaper than Option B. While Park Hyatt is more luxurious and offers free cancellation, the price difference is substantial for just one night, and both options are well-rated.  
Final answer: A"
897,A,"Option A is much better value: it’s significantly cheaper, still has a strong review score, breakfast included, and free cancellation, while the location and amenities are solid for a one-night stay. Option B is more luxurious and higher-rated, but the price premium is very large for only a modest improvement in score and room type.

Final answer: A"
898,A,"Option A is much better value for a one-night stay: it’s far cheaper, still highly rated, has free cancellation, and includes solid amenities. Option B is more luxurious and slightly better reviewed, but the price jump is very large and it lacks free cancellation.  

Final answer: A"
901,B,"Option B is much cheaper, which is a big advantage for a one-night stay, and it also has free cancellation plus a centrally located Times Square address. While Option A has a higher star rating and slightly better review score, the price difference is substantial, so B offers better overall value.

Final answer: B"
902,B,"Option A has the better guest review score and a more upscale feel, but it’s more expensive, lacks free cancellation, and doesn’t include breakfast. Option B is cheaper, includes breakfast, and offers free cancellation, which is a big advantage for a one-night NYC stay.  

Final answer: B"
905,A,"Both hotels are equally rated and both offer free cancellation, so the main differences are location, bed type, and price. Option B has a better Manhattan location and slightly more reviews, but it costs $132 more for a queen room, while Option A offers a larger king bed in Brooklyn at a much lower price.  
Final answer: A"
906,B,"The Standard High Line has the better review score, more reviews, free cancellation, and a prime Manhattan location, which makes it the safer and more flexible choice despite the higher price. Ace Hotel Brooklyn is cheaper, but it lacks free cancellation and is a bit less compelling overall for a one-night NYC stay.

Final answer: B"
909,B,"Option B is clearly the more luxurious and better-reviewed stay, with a stronger overall guest score, higher star rating, and a prime SoHo location. The trade-off is the much higher price and no free cancellation, but if the goal is the best experience for one night, it’s worth it.

Final answer: B"
910,A,"Option A is much better value: it’s significantly cheaper, still highly rated, includes breakfast, and has free cancellation. Option B is nicer on paper with a higher star rating and guest score, but the extra cost is substantial for a one-night stay.  
Final answer: A"
913,A,"Option A is more expensive, but it offers a clearly better guest rating, free cancellation, and breakfast included, which lowers risk and adds value for a one-night stay. Option B is cheaper, but the lower review score and lack of cancellation make it less appealing if plans change.  

Final answer: A"
914,A,"Option A is slightly more expensive, but it has a notably better guest review score and a more distinctive, likely higher-end experience in the Lower East Side. Option B is a bit cheaper and more centrally located for Times Square, but it has a lower rating and a more generic feel.  

Final answer: A"
917,A,"Option A is much more expensive, but it offers a clearly better overall experience: a 4-star hotel, much stronger review score, and better amenities, which matters for a one-night stay where comfort is important. Option B is far cheaper and has free cancellation, but the lower rating and limited amenities make it a weaker choice if quality is the priority.

Final answer: A"
918,A,"Option A is pricier, but it offers a much better guest rating, a higher star category, breakfast included, and stronger amenities like a restaurant and spa. For a one-night stay in New York City, the overall comfort and quality difference seems worth the extra cost.  

Final answer: A"
921,B,"Option B has the higher star rating, better guest review score, and a more distinctive luxury feel in SoHo, but it costs substantially more. Since both have free cancellation and no breakfast, the main trade-off is whether the extra amenities and higher rating are worth the price jump. I’d choose the better overall experience.

Final answer: B"
922,A,"Option A offers strong value: it has a very good review score, free cancellation, and comparable core amenities for a fraction of the price. Option B is more luxurious and better rated, but the price premium is very large for a one-night stay, so I’d prioritize value here.

Final answer: A"
925,A,"Option A costs $80 more, but it has a noticeably higher guest score (8.7 vs. 7.8), a stronger reputation, and a more upscale feel, while still offering free cancellation. Since both are 4-star hotels with similar core amenities and no breakfast included, I’d prioritize the better-reviewed stay for just one night.

Final answer: A"
926,A,"Option A is more expensive, but it has a significantly better guest review score, free cancellation, and slightly nicer overall perks like the wine hour. Since this is only a one-night stay, the flexibility of cancellation and stronger guest satisfaction make it the safer choice.  
Final answer: A"
929,A,"Option A has the clearly stronger hotel: higher star rating, much better review score, and more upscale amenities, which likely matters for a New York City one-night stay. Option B is far cheaper and still decent, but the quality gap is noticeable, and for just one night I’d prioritize comfort and location quality over savings here.

Final answer: A"
930,A,"Option A is much more expensive, but it offers a notably higher guest score, a better star rating, a larger king bed, and free cancellation, which adds flexibility for a one-night stay. Unless budget is the main priority, the stronger overall experience makes A the safer choice.

Final answer: A"
933,A,"Option A is much more expensive, but it’s also in Midtown East, which is far more convenient for a typical one-night NYC stay, especially if you want easy access to Manhattan sights, transit, or business areas. It also has a stronger guest rating and many more reviews, which makes it a safer pick overall despite the higher price.

Final answer: A"
934,A,"Option A is much more expensive, but it’s also in Midtown East, which is far more convenient for a typical New York City stay and has stronger review volume and a slightly higher score. Option B offers much better value, but Greenpoint is less central, so unless saving money is the top priority, I’d favor the more convenient location.

Final answer: A"
937,A,"Option A has a much higher guest review score and a higher-end 4-star room, which suggests a better overall stay. Option B is significantly cheaper and includes breakfast, but the quality difference and higher rating make A the better choice if prioritizing comfort for one night.

Final answer: A"
938,B,"Option B is the better value: it’s much cheaper, still in the same neighborhood, includes breakfast, and has free cancellation. Option A has a higher rating and nicer hotel category, but the price premium is substantial for just one night.

Final answer: B"
941,A,"Option B has the higher guest review score and a more iconic, centrally located Midtown address, which makes it the more premium choice. However, it’s substantially more expensive and lacks free cancellation, while Option A is still a 5-star hotel with city views, solid amenities, and much better flexibility at nearly half the price. I’d choose the better value and lower-risk option.

Final answer: A"
942,A,"Option B has the higher review score and a more iconic, central Midtown location, plus more upscale amenities like the spa and Palm Court. However, it costs far more than Option A for just one night, and Option A still offers strong ratings, free cancellation, and similar core comforts at a much better value. Given the large price difference, I’d choose the better value.

Final answer: A"
945,B,"Option B is much better value for a one-night stay: it’s less than half the price, includes breakfast, and offers free cancellation, while its review score is only slightly lower than Option A. Unless you specifically want the higher-end hotel experience and city views, the practical choice is the cheaper, more flexible option.

Final answer: B"
946,A,"Option A is the stronger choice overall: it has the higher star rating, better review score, free cancellation, and more appealing amenities like a rooftop bar and city views. Although it costs more, the extra flexibility and quality make it a better pick for a one-night stay in New York City.

Final answer: A"
949,B,"Option B is the better value: it has a higher guest review score, costs much less, and still offers free cancellation plus solid amenities in a desirable neighborhood. Option A has the higher star rating and more premium features, but the price difference is substantial for just one night.

Final answer: B"
950,A,"Option B has the better guest review score and is in Chelsea, which is a very convenient neighborhood, but it costs $59 more per night. Option A is cheaper and still well-rated, with a 5-star rating and strong amenities like city views and a rooftop bar, so it offers better value for a one-night stay.

Final answer: A"
953,B,"Ink 48 Hotel is the higher-end choice with a better review score, but it costs much more. Since both have free cancellation and no breakfast included, the Courtyard offers much better value for a one-night stay, with a decent review score and a much lower price.

Final answer: B"
954,A,"Both options have the same guest review score, free cancellation, and no breakfast included, so the main differences are price, star rating, location, and amenities. Option A is $64 more but offers a 5-star property, city views, and a rooftop bar, while Option B is cheaper and still solid, but less upscale. I’d choose the better overall experience for a one-night stay.

Final answer: A"
957,B,"Option B is the better value: it’s significantly cheaper, has a slightly higher review score, includes free cancellation and breakfast, and still offers a solid Midtown location. Option A is a nicer-looking 5-star property with a city view and rooftop bar, but the price premium is large and it lacks both breakfast and free cancellation.

Final answer: B"
958,B,"Option B offers a better overall value: it’s significantly cheaper, has a slightly higher guest review score, includes free cancellation and breakfast, and is in Midtown, which is a very convenient location. Option A is a more upscale hotel with a nicer view and rooftop bar, but it costs much more and is less flexible.

Final answer: B"
961,B,"Option B has the stronger overall guest rating, a more central Midtown location, and a more upscale experience with butler service and fuller luxury amenities. Option A is much cheaper and still solid, but for a one-night NYC stay I’d prioritize the higher-rated, more premium property.

Final answer: B"
962,A,"Option B has a slightly better review score and a more prestigious hotel experience with butler service, but it is dramatically more expensive for just one night. Option A is still a 5-star hotel with solid reviews, good amenities, and a much better value in NYC.  
Final answer: A"
965,A,"Option A is much better value: it’s also a 5-star hotel with a slightly higher review score, and it costs far less than Option B. Option B does offer free cancellation and the iconic Plaza name, but the price premium is very large for a one-night stay, and breakfast isn’t included anyway.

Final answer: A"
966,A,"Both are 5-star hotels with similar room type and no free cancellation or breakfast, so the main differences are price, location, and amenities. The Knickerbocker has the higher guest review score and is far cheaper, while The Plaza is more expensive but offers a spa and iconic status. 

Final answer: A"
969,A,"The Knickerbocker is the higher-end option with a better guest review score, a 5-star rating, and a more central Times Square location, which is appealing for a one-night NYC stay. It costs more, but the better overall experience and convenience seem worth it here.

Final answer: A"
970,A,"The Knickerbocker is the stronger choice if I’m optimizing for overall quality: it has a much higher star rating, a better guest review score, and a more central location in Times Square. The price is higher, but the upgrade in hotel quality and likely experience seems worth it for a one-night stay.  

Final answer: A"
973,A,"The Knickerbocker has the better overall value here: it’s slightly cheaper, has a higher star rating, a much better guest review score, and more standout amenities like a rooftop bar and fitness center. NoMo SoHo is in a great neighborhood, but it costs more while being rated lower overall.

Final answer: A"
974,A,"The Knickerbocker is the more luxurious option with a higher star rating, better guest reviews, and stronger amenities, though it costs more. NoMo SoHo is cheaper and still solid, but for a one-night stay in NYC I’d prioritize the higher-rated 5-star experience.

Final answer: A"
977,A,"Option A is cheaper, has a higher star rating, and a better guest review score than Option B, though it lacks free cancellation. Since this is a one-night stay and the overall value is stronger, I’d choose the better-rated, lower-priced option.

Final answer: A"
978,B,"Option A is the higher-end choice with a better review score, stronger star rating, and nicer amenities, but it costs $140 more and has no free cancellation. Option B is cheaper and gives you flexibility with free cancellation, though it has a lower review score and star rating. Since this is only a one-night stay and flexibility plus value matter a lot, I’d choose the cheaper option.

Final answer: B"
981,A,"Option B has the higher guest review score and the more luxurious-sounding amenities, but it costs significantly more. Since both are 5-star Midtown hotels with the same room type and no breakfast or free cancellation, Option A offers much better value for a one-night stay.

Final answer: A"
982,A,"Sofitel New York offers a strong 5-star Midtown stay with excellent reviews, free cancellation, and a much lower price, making it the better value for a one-night stay. The St. Regis is more luxurious and slightly better rated, but the much higher cost and lack of cancellation make it less flexible.

Final answer: A"
985,B,"Option A is a much higher-end 5-star hotel with a slightly better guest score, but it costs over twice as much and only offers a king bed. Option B is still well-rated, has free cancellation, and is far better value for a one-night stay in NYC, especially if the two-double-bed setup is useful.  

Final answer: B"
986,B,"Option A has the higher star rating and better guest reviews, so it looks like the stronger overall hotel. However, Option B is $95 cheaper, includes breakfast, and offers free cancellation, which is a meaningful flexibility and value advantage for a one-night stay. I’d prioritize the better deal and flexibility here.

Final answer: B"
989,A,"Option B has the stronger guest review score, more appealing neighborhood, better room with city views, and extra amenities like a pool, but it costs significantly more. Option A is much better value at $440 and still offers free cancellation and solid 5-star service in Midtown.

Final answer: A"
990,B,"Option B is the stronger overall choice: it has a much higher guest review score, free cancellation, breakfast included, and better amenities, though it costs more. Given the higher quality and flexibility for just one night, I’d prioritize that.

Final answer: B"
993,B,"Option B has the better guest review score, free cancellation, and a more appealing boutique feel with butler service, though it costs more and doesn’t include breakfast. Option A is cheaper and includes breakfast, but the lower review score and no cancellation make it less flexible and slightly riskier.  
Final answer: B"
994,A,"Option A is much cheaper while still giving you a 5-star hotel, free cancellation, and solid amenities. Option B has a higher review score and more upscale service, but the price difference is very large for just one night, so Option A offers better value.

Final answer: A"
997,B,"Option A is a luxury 5-star hotel in Midtown, but it costs $316 more and doesn’t include breakfast, while both hotels have the same guest score and free cancellation. Since this is only a one-night stay and Option B gives similar review quality plus breakfast at a much lower price, it offers better overall value.

Final answer: B"
998,B,"Option A is a much higher-end 5-star hotel in Midtown, but it costs far more and doesn’t include breakfast or free cancellation. Option B has a slightly better guest score, includes breakfast, and is dramatically cheaper, so it’s the better value for a one-night stay.

Final answer: B"
1001,B,"Option B is cheaper, has a better guest review score, and still offers free cancellation with solid amenities. Option A is a more central Midtown luxury choice, but it costs more and has a lower review score.  
Final answer: B"
1002,A,"Option A is cheaper by $31 and is in Midtown, which is usually more convenient for a one-night NYC stay if you want easier access to central attractions and transit. Option B has a better review score and free cancellation, but it’s more expensive and farther out in Williamsburg.  

Final answer: A"
1005,B,"Option A is a luxury 5-star hotel in SoHo with a higher guest rating and stronger amenities like a pool, spa, and city views, but it costs much more. Option B is far more budget-friendly, includes breakfast, and still has a solid review score with free cancellation, so it offers much better value for a one-night stay.

Final answer: B"
1006,B,"Option A is a luxury 5-star stay in SoHo with a much higher review score and amenities like a pool, spa, and city views, but it costs far more and has no free cancellation. Option B is much cheaper, includes free cancellation and breakfast, and still has decent reviews, making it the better value for a one-night stay if cost and flexibility matter.

Final answer: B"
1009,A,"The Dominick Hotel is the stronger choice if you want the better overall stay: it has a much higher guest rating, is a 5-star property, and offers premium amenities like a pool and spa. Option B is significantly cheaper, but the quality gap is noticeable and the price difference may be worth it only if budget is the main concern.

Final answer: A"
1010,A,"The Dominick Hotel is the stronger choice if I’m prioritizing overall quality: it has a much higher guest rating, a 5-star status, better amenities like a pool and spa, and free cancellation for flexibility. It’s pricier, but for a one-night stay in SoHo, the upgrade feels worth it.

Final answer: A"
1013,A,"Option A is a much higher-end hotel in a prime Manhattan location with a stronger review score, breakfast included, and more amenities, but it costs far more. Option B is dramatically cheaper and still well-reviewed, but it’s a more basic stay in Brooklyn with fewer perks. If I’m weighing overall comfort and experience for a one-night stay, I’d choose the better hotel.

Final answer: A"
1014,A,"Option A is much more expensive, but it offers a significantly higher-end stay: a 5-star hotel in SoHo, a much better review score, and amenities like a pool and spa. Since this is a one-night stay and there’s no free cancellation or breakfast either way, I’d prioritize comfort and overall experience.

Final answer: A"
1017,B,"Option A is a luxury 5-star hotel with a slightly better review score and more amenities like a pool, spa, and city views, but it costs more than twice as much and has no free cancellation. Option B is still well-reviewed, much cheaper, and the free cancellation adds flexibility, which is valuable for a one-night stay.

Final answer: B"
1018,B,"Option A is the more upscale choice with a better review score, more amenities, and free cancellation, but it costs much more and doesn’t include breakfast. Option B is a strong value: significantly cheaper, breakfast included, and still well-reviewed, though it lacks free cancellation and some luxury amenities. For a one-night stay, I’d prioritize value and included breakfast.

Final answer: B"
1021,A,"Option A is much cheaper while still offering a strong 5-star experience and a slightly larger pool of reviews, plus useful amenities like a pool, spa, and city views. Option B has a marginally higher review score and free cancellation, but it costs almost double, which is hard to justify for a one-night stay.

Final answer: A"
1022,A,"The St. Regis New York has the slightly better review score and includes breakfast, plus its butler service and Midtown location add some luxury and convenience. However, it is significantly more expensive and does not offer free cancellation, while The Dominick is much cheaper, has free cancellation, a pool and spa, and still has excellent reviews. Balancing value and flexibility, I’d choose the better overall deal.

Final answer: A"
1025,A,"Option A is the clear luxury choice: it has a much higher guest review score, a 5-star rating, breakfast included, and more premium amenities, but it costs significantly more. Option B is far better on price and still decent, so it’s the value pick if budget matters most.  

Final answer: A"
1026,A,"Option A is far more expensive, but it offers a much higher guest review score, a 5-star property, and a more premium experience in SoHo. Option B is much better on value and still centrally located, but it’s a clear step down in luxury and reviews. I’d choose the higher-quality stay here.

Final answer: A"
1029,B,"Option A is far more luxurious and highly rated, with a much stronger guest score and free cancellation, but it costs a lot more. Option B is far more affordable and still solid, though it has a lower rating and no free cancellation. Given the huge price difference for just one night, I’d choose the better value.

Final answer: B"
1030,B,"Option A is the more luxurious choice with a much higher guest rating, a 5-star property, and a prime SoHo location, but it costs significantly more and does not include breakfast. Option B is far better value: it’s much cheaper, includes breakfast, and still has a solid review score in a central Midtown location.  

Final answer: B"
1033,B,"Crosby Street Hotel is the clearly higher-end choice with a much stronger guest rating, better amenities, and a prime SoHo location, but it costs substantially more. Since this is a one-night stay and the question doesn’t specify a budget, I’d prioritize value while still choosing a decent, well-located hotel.

Final answer: B"
1034,B,"Crosby Street Hotel is a much higher-end property with a markedly better guest review score and more appealing amenities, but it is dramatically more expensive. Since this is a one-night stay and the price difference is very large, the better value is the more affordable option that still has a decent rating.

Final answer: B"
1037,B,"Option A is the luxury choice: it has a much higher star rating, a much better guest review score, and more upscale amenities, but it costs significantly more. Option B is far more budget-friendly and still offers free cancellation and breakfast, with decent reviews and a practical room setup.  
Final answer: B"
1038,B,"Option A offers a much more luxurious stay and an excellent guest score, but it costs $552 more for just one night and doesn’t include free cancellation or breakfast. Option B is far more practical: it’s much cheaper, includes breakfast, has free cancellation, and still has a solid review score.  

Final answer: B"
1041,B,"Option A is a luxury 5-star hotel with an excellent guest score, but it costs over three times as much and doesn’t include free cancellation or breakfast. Option B is much better value for a one-night stay in NYC, with free cancellation, breakfast included, a solid review score, and a far lower price.  

Final answer: B"
1042,B,"Option A is a much more luxurious 5-star stay with a significantly higher guest rating and a terrace, but it’s far more expensive and doesn’t include breakfast. Option B is far better value for a one-night stay, with free cancellation, breakfast included, a decent location in Chelsea, and a much lower price.  

Final answer: B"
1045,A,"Option A is a much higher-end hotel with a far better review score and free cancellation, but it costs substantially more. Option B is far cheaper and includes breakfast, but it has a lower rating and no free cancellation. Since the prompt doesn’t specify a budget, I’d prioritize the stronger overall hotel experience and flexibility.

Final answer: A"
1046,B,"Option A offers a much higher-end stay with a top-tier guest score, but it’s significantly more expensive and less flexible since there’s no free cancellation or breakfast included. Option B is far better value for a one-night stay: it’s much cheaper, includes breakfast, has free cancellation, and still has solid amenities like a kitchen and fitness center.  

Final answer: B"
1049,A,"Option A gives you a lower price by $400, a slightly higher guest review score, and breakfast included, while still being a 5-star hotel in a comparable Midtown-area location. Option B has more luxury amenities like a spa and pool, but the extra cost is substantial for only a small review-score difference.

Final answer: A"
1050,A,"Both are excellent 5-star options with free cancellation and no breakfast included. The Whitby Hotel is notably cheaper by $148, while also having a slightly higher guest review score (9.4 vs 9.2), so it offers better value overall unless you specifically want Park Hyatt’s spa and pool.

Final answer: A"
1053,B,"The Whitby Hotel is much more expensive, but it offers a clearly higher-end experience: 5 stars, a much better review score, breakfast included, and stronger amenities. Since this is a one-night stay in NYC, I’d prioritize value and comfort, but the price gap is very large, and the lower-cost option still has acceptable reviews and a central location. 

Final answer: B"
1054,B,"Option A offers a much higher star rating and guest review score, suggesting a noticeably better overall stay, but it costs far more. Option B is a strong value choice at a fraction of the price, and the review score is still decent, though clearly not as impressive. Given the huge price difference for a one-night stay, I’d choose the better value.

Final answer: B"
1057,A,"The Whitby Hotel is much more expensive, but it offers a significantly higher guest rating, a 5-star experience, and a more central Manhattan location, which is usually more convenient for a one-night NYC stay. Henry Norman Hotel is a strong value pick, but for a short trip I’d prioritize location and overall quality.

Final answer: A"
1058,A,"Option A is much more expensive, but it offers a significantly higher-rated 5-star stay in a central Manhattan location, plus breakfast and better amenities. Option B is a strong value choice with free cancellation, but for a one-night NYC stay I’d prioritize comfort, location, and overall experience.  
Final answer: A"
1061,A,"Option A is much more expensive, but it offers a significantly higher-rated 5-star experience, better amenities, and a stronger overall stay quality in a premium neighborhood. Option B is far cheaper and includes breakfast, but it’s a more basic hotel with a notably lower review score.

Final answer: A"
1062,A,"Option A is the more luxurious choice with a much higher guest review score, better amenities, and a stronger overall experience, though it costs significantly more. Option B is much cheaper and still centrally located, but it’s a lower-rated 3-star property. For a one-night stay where quality matters, I’d choose Option A.

Final answer: A"
1065,B,"Both hotels are equally rated overall, but Option B is $63 cheaper and also has more reviews, which gives slightly more confidence in the score. The main downside is that it doesn’t offer free cancellation, while Option A does, so if flexibility matters a lot, A is safer. Given the better value and similar quality, I’d choose the cheaper option.

Final answer: B"
1066,A,"Option A has the slightly higher guest rating, free cancellation, and a prime TriBeCa location, which makes it the safer and more flexible choice despite the higher price. Option B is cheaper, but the lack of free cancellation and slightly lower score make it less appealing for a one-night stay.

Final answer: A"
1069,A,"Option A is much more expensive, but it offers a significantly higher-end experience: 5-star luxury, a better guest score, and more amenities like a spa, pool, and restaurant, plus free cancellation for flexibility. Option B is far cheaper and has decent reviews, but it’s a more basic stay with no cancellation flexibility. Given the overall value and comfort for a one-night NYC stay, I’d choose the more premium option.

Final answer: A"
1070,B,"Option A is a luxury 5-star hotel in a prime Manhattan neighborhood with a much higher guest score and stronger amenities, but it is dramatically more expensive. Option B is far more budget-friendly and still well-rated, making it the better value for a one-night stay unless luxury is the priority.

Final answer: B"
1073,A,"Option A is much more expensive, but it offers a significantly higher review score, a 5-star experience, free cancellation, and breakfast included. Option B is far cheaper and in SoHo, but it has a lower rating and no cancellation flexibility.  

Final answer: A"
1074,B,"Option A is much more luxurious and has a higher review score, but it costs over four times as much and doesn’t include breakfast. Option B is far better value for a one-night stay in NYC: it’s still well-rated, includes breakfast, has free cancellation, and is in a desirable neighborhood.  

Final answer: B"
1077,B,"The Baccarat is a much more luxurious 5-star stay with a stronger review score and premium amenities like a spa and pool, but it’s dramatically more expensive. The Courtyard is still well-rated, has free cancellation, and offers a solid NYC location at a fraction of the price, making it the better value for a one-night stay.

Final answer: B"
1078,B,"Option A offers a much more luxurious stay with a far higher guest review score, but it costs dramatically more. Option B is far more practical for a one-night stay in NYC, with a decent review score and a price that’s a fraction of Option A, even though it lacks free cancellation and luxury amenities.

Final answer: B"
1081,B,"I’d weigh luxury, location, and review score against cost. Option A is far more upscale and better rated, but it’s also over five times the price and doesn’t include breakfast. Option B offers solid reviews, free breakfast, and much better value for a one-night stay in NYC.

Final answer: B"
1082,B,"Option A is a luxury 5-star hotel with an excellent review score and premium amenities like a spa and pool, but it costs much more. Option B is far more budget-friendly, includes breakfast, and still has solid reviews and free cancellation, making it the better overall value for a one-night stay.

Final answer: B"
1085,A,"Option A is much more expensive, but it offers a significantly higher-end stay: 5 stars, a much better guest score, breakfast included, and butler service in a desirable neighborhood. Since this is just a one-night stay, the premium may be worth it if comfort and experience matter most.  

Final answer: A"
1086,A,"Option A is much more expensive, but it offers a clearly higher-end experience: 5 stars, a much better review score, breakfast included, free cancellation, and added perks like butler service. Since this is just a one-night stay in New York City, I’d prioritize comfort and flexibility over saving money.

Final answer: A"
1089,A,"Option A is cheaper by $18 and has the higher star rating, plus a slightly better guest score and a standout rooftop pool. Option B’s main advantage is free cancellation, but for a one-night stay the better value and overall experience seem to favor Option A.

Final answer: A"
1090,B,"Option B offers the same guest review score as Option A, but at a much lower price. It also includes free cancellation, which adds flexibility, while the main downside is fewer premium amenities than The William Vale.  
Final answer: B"
1093,B,"Both hotels have the same star rating and guest review score, and both offer free cancellation. Option A is significantly more expensive, but it includes breakfast and a rooftop pool, while Option B gives you a lower price and a larger-sounding room category in a more central Manhattan location. Since the score is equal and the price savings are substantial, I’d choose the better value.

Final answer: B"
1094,B,"Both are 5-star with free cancellation and no breakfast, so the main differences are price, location, and guest score. The William Vale has a slightly higher review score and a rooftop pool, but it costs $102 more; The Beekman is still highly rated, centrally located in the Financial District, and offers better value for a one-night stay.

Final answer: B"
1097,A,"Option A offers a much better overall experience: it’s a 5-star hotel with a significantly higher review score, more appealing amenities, and a more distinctive room, though it costs much more. Option B is far cheaper and still centrally located, but the lower rating and more basic experience make it feel like a clear trade-off if comfort and quality matter more for a one-night stay.

Final answer: A"
1098,A,"Option A is the higher-end stay with a much better review score, stronger amenities, and a more distinctive room, but it costs $153 more per night and is farther from Midtown. Option B is much cheaper and in a more central neighborhood, though it has a lower rating and more basic offerings. Based on the balance of quality and experience for a one-night stay, I’d choose the better-reviewed, more upscale option.

Final answer: A"
1101,A,"The William Vale is a much higher-end hotel with a better review score, more amenities, and far more established guest feedback, though it costs substantially more. Since this is a one-night stay and both have free cancellation, I’d prioritize the stronger overall experience and better-reviewed property.

Final answer: A"
1102,A,"Option A offers a much higher-rated, five-star experience with far better guest reviews, more amenities, and free cancellation, which makes it the safer and more comfortable choice for a one-night stay. Although it’s significantly more expensive, the overall quality and flexibility justify the premium.

Final answer: A"
1105,A,"The William Vale is far better value for a one-night stay: it’s dramatically cheaper, still a 5-star hotel, has a strong review score, and includes free cancellation. The Carlyle is slightly higher-rated and more luxurious-sounding, but the price difference is very large and there’s no free cancellation.  
Final answer: A"
1106,A,"Option A is far better value for a one-night stay: it’s still a 5-star hotel with a strong 8.8 review score, free cancellation, and solid amenities, but at a fraction of the price of Option B. Option B is more luxurious and includes breakfast, but the price premium is very large relative to the incremental review-score advantage.

Final answer: A"
1109,A,"Option A is more expensive, but it offers a higher star rating, a much stronger guest review score, and more amenities, including a rooftop pool and fitness center. Since both have free cancellation and no breakfast, the main trade-off is value versus quality, and I’d lean toward the better overall experience in Williamsburg.

Final answer: A"
1110,A,"Option A offers a higher star rating, a better guest review score, breakfast included, and stronger amenities like a rooftop pool and fitness center, though it costs more. Since this is a one-night stay and the extra value seems worth the price difference, I’d choose the more premium option.

Final answer: A"
1113,A,"Option A is much more expensive, but it offers a higher star rating, a better guest review score, more amenities, and free cancellation, which adds flexibility for a one-night stay. Option B is far cheaper, but it has fewer amenities, a lower review score, and no cancellation flexibility. 

Final answer: A"
1114,A,"Option A has a much higher guest review score, a significantly better star rating, more amenities, and free cancellation, which makes it the safer and more comfortable choice for a one-night stay. It is much more expensive, but the overall quality and flexibility seem worth the premium.

Final answer: A"
1117,B,"The Plaza offers a much more luxurious stay in a prime Midtown location, with a higher review score and far better amenities, but it is dramatically more expensive. Fairfield Inn & Suites is far more practical for a one-night stay, with free breakfast, free cancellation, and a much lower price, while still having acceptable reviews.

Final answer: B"
1118,B,"Option A is far more luxurious and centrally located in Midtown, but it costs dramatically more. Option B offers much better value for a one-night stay, with solid reviews and a much lower price, even though it’s less upscale and in Brooklyn.

Final answer: B"
1121,A,"Option A is far more expensive, but it offers a much higher-end experience: 5 stars, a stronger review score, breakfast included, and a prestigious Midtown location. Option B is far cheaper and has free cancellation too, but it’s a clear downgrade in overall quality and location.  
Final answer: A"
1122,A,"Option A is much more expensive, but it offers a clearly higher-end experience: a 5-star property, better guest reviews, and a central Midtown location. Since this is a one-night stay in NYC and the main trade-off is comfort and location versus cost, I’d choose the more luxurious and convenient option.

Final answer: A"
1125,A,"Option A is the more flexible and higher-value stay overall: it has a slightly better review score, more reviews, free cancellation, and breakfast included, which offsets some of the higher price. Option B is much cheaper, but it gives up cancellation flexibility and breakfast, with only a small drop in rating.

Final answer: A"
1126,B,"Option B offers a very similar experience: it’s also a 5-star Midtown-area hotel, has free cancellation, comparable amenities, and nearly the same guest rating. Since it’s substantially cheaper by $343 for just a 1-night stay, it provides much better value.

Final answer: B"
1129,B,"Option B is much better value: it’s far cheaper, includes free cancellation and breakfast, and still has a solid review score in a desirable neighborhood. Option A offers a luxury experience and better amenities, but the price premium is enormous for a one-night stay.

Final answer: B"
1130,B,"Option B is the better value for a one-night stay: it’s dramatically cheaper, still well-reviewed, includes free cancellation and breakfast, and is in SoHo, which is a strong location for visiting NYC. Option A offers far more luxury and amenities, but the price difference is very large for just one night.  

Final answer: B"
1133,A,"Option A is much more expensive, but it offers a clearly higher-end stay: a 5-star hotel, better review score, breakfast included, free cancellation, and standout amenities like a spa and rooftop pool. Option B is far cheaper and in a more central area, but the lower review score, no cancellation, and no breakfast make it a weaker overall value if comfort and flexibility matter.

Final answer: A"
1134,B,"Option A is a much higher-end hotel with a far better guest score, but it costs dramatically more for just one night. Option B is much cheaper, still centrally located in Times Square, and offers free cancellation, making it the better value unless luxury amenities are the priority.

Final answer: B"
1137,B,"Option A has the luxury edge: it’s a 5-star hotel with a higher review score, stronger amenities like a rooftop pool and spa, and a king room. However, Option B is far more cost-effective, includes breakfast, and still has solid reviews in a prime location, making it the better overall value for a one-night stay.  

Final answer: B"
1138,A,"Option A is far more expensive, but it offers a 5-star experience, free cancellation, and standout amenities like a rooftop pool, spa, and fitness center. Since both hotels have the same guest review score, Option B is the better value if cost matters, but I’d pick Option A for the higher-end stay and flexibility.

Final answer: A"
1141,A,"Both hotels have the same star rating, review score, room type, and free cancellation, so the main differences are price, location, and amenities. Option A is much cheaper by $224 and adds a rooftop pool, while still offering strong overall value in a desirable area.  

Final answer: A"
1142,B,"Option A has the higher guest review score and more premium amenities, plus free cancellation, which adds flexibility. However, it is nearly twice the price of Option B, and both are 5-star hotels without breakfast included, so Option B offers much better value for a one-night stay in NYC.  

Final answer: B"
1145,B,"Option B has the slightly better guest review score, free cancellation, and a more classic upscale feel in the Upper East Side, though it costs more. Since flexibility and overall guest satisfaction matter most for a one-night stay, I’d choose the safer premium option.

Final answer: B"
1146,B,"Both are 5-star, but The Carlyle has the higher guest review score and a more distinctive luxury feel, while Equinox is significantly cheaper and has the rooftop pool. Given the one-night stay and the stronger reviews, I’d pay more for the better-rated experience.

Final answer: B"
1149,A,"Option A is much better overall: it has a higher review score, free cancellation, breakfast included, and a better room setup for just $134 more. Option B is cheaper, but the lower rating and lack of cancellation/breakfast make it less attractive for a one-night stay.

Final answer: A"
1150,A,"Option A has the stronger overall value if I’m prioritizing comfort and reliability: it has a much better review score, a higher star rating, breakfast included, and a king bed. Option B is far cheaper, but the lower rating and lack of breakfast make it a bigger trade-off for a one-night stay in NYC.

Final answer: A"
1153,A,"Option A is more expensive, but it offers a higher guest review score, free cancellation, and breakfast included, which makes it the safer and more convenient choice for a one-night stay. Option B is cheaper, but it lacks cancellation flexibility and breakfast, and its review score is lower.

Final answer: A"
1154,A,"Option A is cheaper by $53, includes breakfast, and has a better guest review score, while both hotels are similar in star rating and room type. Option B’s main advantages are the Times Square location and rooftop bar, but those don’t seem to outweigh the better value of A for a one-night stay.

Final answer: A"
1157,A,"Option A has the better guest rating, includes breakfast, and offers two double beds, which is more flexible for a one-night stay. Option B is cheaper and has a higher star rating, but the lower review score and lack of breakfast make it less appealing overall.  

Final answer: A"
1158,B,"Option B is cheaper by $58 and still has free cancellation, a solid 4-star rating, and a slightly lower-but-close review score. Option A includes breakfast and has a bit better reviews, but for a one-night NYC stay the better value is probably Option B.

Final answer: B"
1161,A,"Option A is more expensive, but it has a better review score, free cancellation, and breakfast included, which makes it the safer and more convenient choice for a one-night stay in NYC. Option B is cheaper and has more amenities, but the lower rating and lack of cancellation flexibility make it less attractive here.

Final answer: A"
1162,B,"Option B is much cheaper, gives you free cancellation, and has a 4-star rating with solid amenities like a pool, restaurant, and fitness center. Option A includes breakfast and is in Times Square, but it costs significantly more and has no free cancellation.  

Final answer: B"
1165,A,"Option A is the better value: it’s significantly cheaper, includes breakfast, and has a slightly higher guest review score while still offering free cancellation and a good location in Times Square. Option B has the nicer brand and higher star rating, but the extra cost doesn’t seem justified for a one-night stay.

Final answer: A"
1166,A,"Option A is cheaper by a substantial margin, has a slightly higher guest review score, and includes free cancellation, which adds flexibility. Option B offers a higher star rating and more upscale amenities, but not enough to justify the higher price for a one-night stay here.

Final answer: A"
1169,B,"Option B is slightly cheaper and has a marginally higher review score plus a 4-star rating, which suggests better overall quality. Option A is more centrally located in Times Square and has two double beds, but for a one-night stay I’d prioritize value and comfort.  

Final answer: B"
1170,B,"Option B is the better value: it’s $107 cheaper, has the same guest review score as Option A, and offers free cancellation plus a 4-star property. Option A is more centrally located and includes breakfast, but that doesn’t outweigh the significant price difference for a one-night stay.

Final answer: B"
1173,A,"Option A is cheaper by $56, has a slightly higher guest review score, and still includes breakfast and core amenities, so it offers better value for a one-night stay. Option B has the advantage of free cancellation and a higher star rating, but the price premium doesn’t seem worth it here.

Final answer: A"
1174,A,"Option A is cheaper by $35, has a notably better guest review score (8.6 vs 7.7), and is still in a strong Midtown East location for a one-night NYC stay. Option B has the higher star rating and a Times Square address, but the lower review score makes it less compelling for the extra cost.

Final answer: A"
1177,A,"Option A is slightly more expensive, but it has the better review score, free cancellation, and a room with a king bed, which makes it the safer and more comfortable choice for a one-night stay in NYC. Both include breakfast and similar amenities, so the extra flexibility and higher rating justify the $8 difference.

Final answer: A"
1178,A,"Option A is slightly more expensive, but it has a better guest review score, free cancellation, and a more central Midtown location. Since the price difference is only $2, those benefits outweigh Option B’s small savings.

Final answer: A"
1181,A,"Option A is far better value for a one-night stay: it has a solid review score, a central Midtown location, and costs $502 less than Option B. While The Greenwich Hotel is much more luxurious and highly rated, the price premium is substantial for just one night.  

Final answer: A"
1182,A,"Option A is far more practical for a one-night NYC stay: it’s much cheaper, includes breakfast, and has free cancellation, while still having solid reviews and a convenient Midtown location. Option B is clearly the luxury choice, but the price premium is enormous and it lacks free cancellation and breakfast.

Final answer: A"
1185,A,"Option A is slightly cheaper and includes breakfast, which adds value for a one-night stay. Both hotels have the same review score, but A also has more reviews, so the rating is a bit more reliable. Option B’s free cancellation is nice, but I’d prioritize the lower price and included breakfast here.

Final answer: A"
1186,B,"Option B is cheaper by $27 and has a slightly higher guest review score, which makes it the better value for a one-night stay. Option A includes breakfast and a second bed, but unless those are important, B offers the stronger overall trade-off.

Final answer: B"
1189,B,"Option B is the better value: it has the same star rating, the same review score, the same room type, and the same included breakfast/amenities, but it’s much cheaper. Unless staying in the Financial District is specifically important, the Brooklyn option gives you the same core experience for far less.

Final answer: B"
1190,A,"Option A is much more expensive, but it has a notably higher guest review score and a more central Manhattan location in the Financial District, which is usually more convenient for a one-night NYC stay. Since both options are similar on cancellation, breakfast, and amenities, I’d prioritize the better-rated, more central hotel.

Final answer: A"
1193,A,"Option A is cheaper by $66 and includes breakfast, which adds value for a one-night stay. It also has a better guest review score, while both options offer free cancellation and a king room. Option B has a higher star rating and a more central location, but the lower review score and higher price make it less attractive overall.

Final answer: A"
1194,A,"Option A is the better value: it’s cheaper, includes breakfast, has free cancellation, and also has a slightly higher guest review score. Option B has a better star rating and a prime Times Square location, but it costs more and doesn’t include breakfast.

Final answer: A"
1197,A,"Option A is cheaper by $7, has a better guest review score, and offers free cancellation, which is a meaningful flexibility advantage for a one-night stay. Option B has a higher star rating and more amenities like a pool, but the higher price and lack of free cancellation make it less appealing overall.

Final answer: A"
1198,B,"Option B is much cheaper and gives you a 4-star hotel with more amenities like a pool and restaurant, while the review score is the same as Option A. The main downside is no free cancellation and it’s in Downtown Brooklyn rather than Manhattan, but for a one-night stay the savings are substantial.

Final answer: B"
1201,A,"Option A costs more, but it includes breakfast, has a slightly higher review score, and is in Manhattan’s Financial District, which is usually more convenient for a short NYC stay. Option B is cheaper, but you’d give up breakfast and stay in Brooklyn with a slightly lower review score.  
Final answer: A"
1202,A,"Option A is much more central for a typical NYC stay, has a better guest review score, includes breakfast, and offers a larger room with two double beds. Option B is far cheaper and has free cancellation, but it’s in Brooklyn and has a lower review score with fewer included benefits.  

Final answer: A"
1205,B,"Option B is the better value: it’s significantly cheaper, has a slightly higher guest review score, and offers a 4-star experience with free cancellation and strong amenities. Option A does include breakfast and a more central Manhattan location, but the extra cost is substantial for only a modest advantage in convenience.  
Final answer: B"
1206,B,"Option B is cheaper by $22, has a slightly higher review score, a higher star rating, and free cancellation, which adds flexibility. Option A includes breakfast and is in Manhattan’s Financial District, but it costs more and doesn’t offer cancellation.  

Final answer: B"
1209,A,"Option A is cheaper by $79, includes breakfast, and has a slightly better guest review score, while still offering free cancellation and comparable amenities. Option B is in Midtown East and has a king bed, but the higher price and lack of breakfast make it less attractive for a one-night stay.  
Final answer: A"
1210,A,"Option A is cheaper by $66 and still offers the same key basics: 3 stars, free cancellation, breakfast included, and a solid review score. Option B has a slightly higher score and more reviews, but the upgrade doesn’t seem worth the extra cost for a one-night stay.

Final answer: A"
1213,B,"Option B is the better value: it’s cheaper, has a higher star rating, and a better guest review score, plus free cancellation adds flexibility. Option A includes breakfast, but the overall combination of price, quality, and cancellation policy favors B.

Final answer: B"
1214,A,"Option A is much cheaper and still includes free cancellation, breakfast, free WiFi, and a king bed, while its review score is solid. Option B is better rated and a higher-end property in Midtown, but the price premium is substantial for just one night and it doesn’t include breakfast.  

Final answer: A"
1217,A,"Option A is more expensive, but it has a better guest review score, breakfast included, and a slightly better room type, which makes it the stronger overall value for a one-night stay. Option B is cheaper and in Midtown, but the lower rating and lack of breakfast make it less attractive here.

Final answer: A"
1218,A,"Option A is more expensive, but it includes free cancellation and breakfast, and it has a slightly better review score. Option B is much cheaper and in Midtown, but it lacks cancellation flexibility and breakfast, which makes it less attractive for a one-night stay if plans could change.

Final answer: A"
1221,A,"Option A is cheaper by $20, includes breakfast, and has the same review score as Option B, so it offers better overall value for a one-night stay. Option B has free cancellation and a pool, but those advantages don’t outweigh the lower price and included breakfast for this comparison.

Final answer: A"
1222,A,"Option A is much cheaper, includes breakfast, and has a comparable guest score to Option B. While Option B is a slightly higher-rated 4-star hotel with a pool, the price difference is substantial for just one night. 

Final answer: A"
1225,A,"Option A is much cheaper and still has a solid review score, breakfast included, and a convenient SoHo location. Option B is more luxurious and flexible with free cancellation, but it costs more than twice as much for a one-night stay. Given the value trade-off, I’d pick the better budget-friendly option.

Final answer: A"
1226,B,"Option B is much more expensive, but it also offers a noticeably higher star rating, better guest reviews, and more premium amenities like a spa, restaurant, and bar. Since both have free cancellation and no breakfast included, the main trade-off is price versus overall quality, and for a one-night stay I’d lean toward the better value in comfort and experience if the budget allows.

Final answer: B"
1229,B,"Option A has the slightly better guest review score and a more desirable neighborhood in SoHo, but it costs $24 more and has no free cancellation. Option B is cheaper, includes free cancellation, and still has breakfast and solid reviews, so it offers better overall value and flexibility.

Final answer: B"
1230,A,"Option A is much cheaper, and it also has a slightly better guest review score while still including breakfast and WiFi. Option B has more beds and a restaurant, but for a one-night stay the price premium is significant and doesn’t seem justified by the modest difference in quality.

Final answer: A"
1233,A,"Option A is a bit more expensive, but it has a slightly better review score, includes breakfast, and gives you two double beds in a useful Manhattan neighborhood. Option B is cheaper and has free cancellation plus a higher star rating, but it has a lower review score, no breakfast, and only one queen bed.  

Final answer: A"
1234,A,"Option A gives you breakfast included and two double beds for just $1 more, while still matching Option B’s review score and free cancellation. Option B has a higher star rating and a better central location in Times Square, but for a one-night stay the added room space and included breakfast make A the better overall value.

Final answer: A"
1237,A,"Option A is more expensive, but it has the better guest review score, includes breakfast, and is in SoHo, which is typically more convenient for a Manhattan stay. Since both have free cancellation, I’d pay extra for the stronger overall experience and location.

Final answer: A"
1238,A,"Option A is cheaper by $18, has a higher guest review score, and offers free cancellation, which adds flexibility for a one-night stay. Option B has a higher star rating and a pool, but it costs more and is less well reviewed.  
Final answer: A"
1241,A,"Option A gives you the same guest review score as Option B, free cancellation, and breakfast included, while also being $42 cheaper per night. Option B is a 4-star hotel, but the extra cost doesn’t buy you a higher rating or better reviews here.

Final answer: A"
1242,A,"Option A is much cheaper at $215 versus $403, and it still has the same guest review score, free cancellation, and breakfast included. Since both are in SoHo with a king room, A offers better overall value for a one-night stay.

Final answer: A"
1245,A,"Option A is much cheaper, includes free cancellation and breakfast, and still has a solid guest rating. Option B offers a more luxurious 5-star experience and slightly higher review score, but it costs far more and has less flexibility.  

Final answer: A"
1246,A,"Option A is much better value: it’s far cheaper, still well reviewed, includes free cancellation and breakfast, and has a king bed. Option B is a nicer luxury hotel with strong amenities and a slightly higher score, but the price premium is very large for just one night.

Final answer: A"
1249,B,"Option B is a bit more expensive, but it has a slightly higher review score, includes breakfast, and offers a one-bedroom suite with a kitchen, which adds a lot of value for a one-night stay in NYC. The Financial District is also a solid, convenient area, though Midtown East may be better for some sightseeing.  

Final answer: B"
1250,B,"Option B is the better value: it’s cheaper, includes free cancellation, and offers a one-bedroom suite plus kitchen, which is a nice upgrade for a one-night stay. Both hotels have the same review score, so I’d lean toward the more flexible and spacious option.

Final answer: B"
1253,A,"Option A is much more expensive, but it’s a better-rated hotel in a more central neighborhood and likely offers a more reliable one-night stay. Option B is far cheaper and has free cancellation, but it’s a lower-rated hostel with fewer hotel-style amenities and a less convenient fit for some travelers.

Final answer: A"
1254,A,"Option A is much better if you want a standard hotel stay in a central Manhattan location, with a stronger guest rating, more reliable amenities, and a more comfortable room setup. Option B is far cheaper, but it’s a hostel with a lower score and fewer hotel-like conveniences, so the savings come with a noticeable trade-off in quality and experience.

Final answer: A"
1257,A,"Option A is far better value: it’s much cheaper for just a slightly lower review score, and the Midtown East location is practical for a one-night stay. Option B has free cancellation and a nicer neighborhood/higher star rating, but the price difference is very large for only a marginal quality bump.

Final answer: A"
1258,A,"Option A is much cheaper while still having a solid guest score and a central Midtown East location, which makes it the better value for a one-night stay. Option B is nicer and scores slightly higher, but the price premium is very large relative to the modest upgrade in rating.

Final answer: A"
1261,A,"Option A is more expensive, but it includes free cancellation and breakfast, and it’s in Midtown East, which is more convenient for a one-night NYC stay. It also has a strong review score and more reviews, suggesting reliable quality and less risk. Option B is cheaper and slightly better rated, but the lack of free cancellation and breakfast makes it less flexible and a bit less convenient.

Final answer: A"
1262,B,"Option B is much cheaper ($189 vs. $310) while still having a slightly better review score and a higher star rating, and it also offers free cancellation. Option A’s main advantage is breakfast included and a more central Midtown East location, but for a one-night stay the savings and overall value of B seem stronger.

Final answer: B"
1265,A,"Option A is cheaper by $39 and has a slightly better guest review score, while still offering the same core amenities and a central Manhattan location. Although it lacks free cancellation, for a one-night stay the better value seems to outweigh that drawback.

Final answer: A"
1266,A,"Option A is cheaper by $24 and has a slightly higher guest review score, while still offering free cancellation and similar amenities. Option B includes breakfast, but for a one-night stay the savings and better rating make A the stronger value overall.

Final answer: A"
1269,B,"Option B is more expensive, but it offers a better guest score, a higher star rating, free cancellation, and more reviews, which makes it the safer and nicer pick for a one-night stay in Midtown. The price difference is significant, but the flexibility and slightly better quality tip the balance for me.

Final answer: B"
1270,B,"Option B is a bit better on quality: it has a higher star rating, slightly better guest reviews, and a more polished Midtown property overall. Option A is much cheaper and gives you two beds, which is better only if you need the extra sleeping space; otherwise, B seems worth the premium for a one-night stay.

Final answer: B"
1273,A,"Option A is much cheaper and still has a strong review score, plus it offers free cancellation, which adds flexibility for a one-night stay. Option B is more upscale and slightly better reviewed, but the price jump is significant and there’s no free cancellation.

Final answer: A"
1274,A,"Option A is much cheaper and includes breakfast, while still having a solid review score and a convenient Midtown location. Option B offers a higher-end experience and slightly better reviews, but it costs more than twice as much and doesn’t include breakfast or free cancellation.  

Final answer: A"
1277,A,"Option A is cheaper by $53, includes free cancellation and breakfast, and has a solid review score. Option B has a slightly higher rating and a more upscale 4-star feel, but it’s pricier and less flexible. For a one-night stay, the better value is Option A.

Final answer: A"
1278,A,"Option A is cheaper by $54, includes breakfast, and has a slightly higher guest review score, which makes it the better overall value for a one-night stay. Option B has a higher star rating and a trendier neighborhood, but the extra cost doesn’t seem justified here.  

Final answer: A"
1281,B,"Option B is much cheaper, while still offering free cancellation, the same room type, and a higher star rating. Option A has a better guest review score and a business center, but the $95 difference is hard to justify for a one-night stay unless reviews matter more than price.

Final answer: B"
1282,B,"Option B is cheaper by $14 and has a higher star rating, which makes it the better value for a one-night stay. Option A has a slightly better guest review score and a business center, but the price premium isn’t worth it for me here.

Final answer: B"
1285,B,"Option B has the stronger overall stay: it’s a 5-star hotel with a notably higher review score, better amenities, and a more upscale experience, though it costs more and doesn’t allow free cancellation. Option A is cheaper and more flexible, but the quality and location benefits of B outweigh the price difference if I’m optimizing for comfort and confidence in the booking.

Final answer: B"
1286,A,"Option A is far better value for a one-night stay: it’s much cheaper, still has strong reviews, includes breakfast, and offers free cancellation. Option B is a nicer 5-star property with a better score, but the price difference is huge for only one night.  

Final answer: A"
1289,B,"Option B is slightly more expensive, but it gets you a higher-rated 4-star hotel with more reviews and free cancellation, which adds flexibility. Option A is cheaper and includes breakfast, but it has no cancellation option and a slightly lower overall quality signal.

Final answer: B"
1290,B,"Option B is $10 cheaper while offering a 4-star hotel instead of 3 stars, and it has the same guest review score and room type as Option A. Option A includes breakfast, which adds value, but for a one-night stay I’d prioritize the better hotel class and lower price.

Final answer: B"
1293,A,"Option A is much cheaper and includes breakfast, while still offering a solid guest score and a central Times Square location. Option B is far more luxurious with a better rating and SoHo address, but the price premium is very large for a one-night stay.  

Final answer: A"
1294,A,"Option A is much cheaper and includes both free cancellation and breakfast, which adds flexibility and value for a one-night stay. Option B is a higher-end hotel with a better review score, but it costs far more and has less flexibility.  

Final answer: A"
1297,A,"Option A is the safer pick if you value flexibility, since it has free cancellation and a central Times Square location. Although it costs more, both hotels have the same review score, so the main differentiator is convenience and cancellation policy rather than quality.

Final answer: A"
1298,A,"Option A is the safer choice because it has a better star rating, slightly higher guest review score, free cancellation, and a more central location in Times Square, which is usually more convenient for a one-night stay in NYC. It costs a bit more and doesn’t include breakfast, but the flexibility and location outweigh that.  

Final answer: A"
1301,A,"Option A is much cheaper while still offering free cancellation, breakfast, and solid reviews, making it the better value for a one-night stay. Option B is nicer overall, but the price is nearly double, and the review score difference is relatively small.  

Final answer: A"
1302,B,"Option B is the better overall hotel: it has a significantly higher guest review score, a 5-star rating, and more upscale amenities like a spa and bar. It costs $130 more, but for a one-night stay in New York City, the higher quality and stronger guest satisfaction make it worth it.

Final answer: B"
1305,B,"Option B is the better value: it’s cheaper by $71, has a slightly higher review score, and includes free cancellation, which adds flexibility. While Option A is a 4-star hotel in Times Square with more beds, the savings and cancellation policy make B the stronger choice for a one-night stay.

Final answer: B"
1306,A,"Option A is much cheaper and offers free cancellation, which is a big advantage for a one-night stay. Option B has a slightly better review score and includes breakfast, but it costs significantly more and has no free cancellation.  
Final answer: A"
1309,B,"Option B has the better guest review score and slightly better overall amenities, which suggests a more comfortable stay. Option A is much cheaper, but for a one-night trip in NYC, the higher-rated hotel may be worth the extra cost if budget isn’t the main concern. Final answer: B"
1310,B,"Option B is slightly cheaper, has a better guest review score, and still offers free cancellation and solid amenities. Option A has two double beds, which is only preferable if you specifically need that extra sleeping space.  
Final answer: B"
1313,B,"Option B looks better value: it’s $70 cheaper, has a slightly higher guest rating, and includes the same core amenities. Option A does offer free cancellation and a more central Times Square location, but for a one-night stay the lower price and better reviews make B the stronger choice.

Final answer: B"
1314,B,"Option B has the better guest review score, more reviews, and free cancellation, which makes it the safer and more flexible choice. Even though it costs more and doesn’t include breakfast, the higher satisfaction and cancellation policy outweigh that for a one-night stay.

Final answer: B"
1317,B,"Option B is a bit more expensive, but it has a slightly better review score, free cancellation, and a more central Times Square location, which adds flexibility and convenience for a one-night stay. Option A is the better value if price matters most, but B seems like the safer overall choice.

Final answer: B"
1318,A,"Option A is much cheaper at $244 versus $310, while the review scores are nearly identical (8.0 vs 8.1) and both are 4-star hotels with similar amenities. Since this is just a one-night stay and neither includes free cancellation or breakfast, the better value is Option A.

Final answer: A"
1321,A,"Option A is much more budget-friendly at $158 versus $625, while still offering solid 4-star lodging, a decent review score, and the basics I’d want for a one-night stay. Option B has clearly better luxury and free cancellation, but the price premium is very large for a single night, so the value trade-off favors A.

Final answer: A"
1322,A,"Option A is much cheaper and still offers a solid 4-star stay with free cancellation, which is a valuable flexibility for a one-night trip. Option B has better reviews and more upscale amenities, but it costs nearly double and doesn’t allow cancellation, so the value trade-off favors A.

Final answer: A"
1325,B,"Option B is the better value: it has a slightly higher guest review score, the same room type and similar amenities, and it’s much cheaper than Option A. While Option A has a higher star rating, the price premium is large for only a modest difference in quality.

Final answer: B"
1326,B,"Option B is slightly cheaper, has a marginally better guest review score, and includes the same core features and flexibility (free cancellation, king bed, WiFi, fitness center, restaurant). While Option A has a higher star rating, the overall value seems a bit better with B for a one-night stay.

Final answer: B"
1329,B,"Option B is cheaper by $25, has a slightly better guest review score, and offers free cancellation, which adds flexibility. Option A is in Midtown and has two double beds, which could be better for location or sleeping arrangements, but for a one-night stay B looks like the better overall value.

Final answer: B"
1330,B,"Option B looks like the better value overall: it’s cheaper, has a higher guest review score, includes free cancellation and breakfast, and still offers solid 4-star amenities. The only downside is the Financial District location, but for a one-night stay the stronger value and flexibility matter more.

Final answer: B"
1333,A,"Option B is clearly the more luxurious choice, with a much higher guest score, 5-star rating, breakfast included, and substantially better amenities like a spa and pool. However, it costs far more than Option A, which is still a solid 4-star Midtown hotel with free cancellation and strong reviews. Since the question is asking me to choose, I’d prioritize overall value and still get a good stay at a much lower price.

Final answer: A"
1334,A,"Option A is much cheaper and still centrally located in Midtown with solid reviews, so it offers better value for a one-night stay. Option B is clearly a luxury upgrade with better amenities and review score, plus free cancellation, but the price difference is very large. I’d choose the lower-cost option here.

Final answer: A"
1337,A,"Option A is much cheaper and includes both free cancellation and breakfast, which makes it the better value for a one-night stay. Option B has a higher star rating and better review score, but it costs over twice as much and offers less flexibility.  

Final answer: A"
1338,B,"Option B is the more luxurious and better-reviewed stay, with a higher star rating, a nicer room, and breakfast included. It’s also significantly more expensive and in the Financial District rather than Midtown, so if value and central location matter more, A is the practical choice.  
Final answer: B"
1341,B,"Option B has the stronger guest review score and a more appealing neighborhood, suggesting a better overall stay experience. Although it costs $20 more and has only one queen bed instead of two doubles, for a one-night stay the higher-rated hotel in Greenwich Village seems worth it.

Final answer: B"
1342,A,"Option A is much cheaper at $271 and still gives a solid 4-star Midtown location with useful amenities like WiFi, restaurant, and fitness center. Option B has a better review score, free cancellation, and a nicer Greenwich Village setting, but it costs $93 more for just one night and doesn’t include breakfast either. For overall value, I’d choose the lower-priced option.

Final answer: A"
1345,B,"Option B has a slightly higher guest review score, is only $1 more expensive, and gives you free cancellation plus a more central Times Square location. It also includes breakfast and has two beds, which adds flexibility.

Final answer: B"
1346,B,"Option B has the better guest review score and includes breakfast, and its Times Square location is generally more convenient for a typical NYC stay. However, it is significantly more expensive than Option A. Given the added convenience and included breakfast, I’d choose the better overall value for a one-night stay.

Final answer: B"
1349,A,"Option A is much cheaper while still getting a slightly better guest review score. Option B has a better location for Times Square and more amenities, but for a one-night stay the price difference is significant and the quality advantage is not reflected in the reviews.  
Final answer: A"
1350,B,"Option B is cheaper, has a higher star rating, offers free cancellation, and includes more amenities, even though its review score is slightly lower. For a one-night stay, the flexibility and better overall value make it the stronger choice.

Final answer: B"
1353,A,"Option A is much cheaper and includes free cancellation, which adds flexibility for a one-night stay. Although Option B is a higher-rated 4-star hotel in Times Square with more amenities, its price is significantly higher and it cannot be canceled for free.  

Final answer: A"
1354,A,"Option A is much cheaper, and it still offers free cancellation, free WiFi, and a fitness center. Option B has a better location, higher star rating, and slightly better reviews, but the price premium is substantial for a one-night stay.

Final answer: A"
1357,A,"Option A is far more budget-friendly at $158 versus $1,381, while still offering a private king bed, decent review score, and basic amenities. Option B is clearly a luxury choice with better ratings and flexibility, but the price premium is enormous for a one-night stay.  
Final answer: A"
1358,A,"Option A is far more cost-effective for a one-night stay: it’s much cheaper and still includes breakfast and solid basics like WiFi and a fitness center. Option B offers a luxury experience with a much higher review score and many more amenities, but the price premium is very large for just one night.

Final answer: A"
1361,A,"Option A is much cheaper and is in the Financial District, which is typically far more convenient for a one-night stay in NYC if you want easy access to Manhattan. Option B has better reviews, more amenities, and free cancellation, but it’s significantly more expensive and located in Rockaway Beach, which is less central.  

Final answer: A"
1362,A,"Option A is cheaper, offers free cancellation, and is in Manhattan’s Financial District, which is generally more convenient for a one-night NYC stay. Option B has a slightly better rating and more amenities, but it’s farther out in Rockaway Beach and does not allow free cancellation, which makes it less flexible.

Final answer: A"
1365,B,"Option B offers a much better overall stay: it has a higher guest review score, a 5-star rating, a better room type, and significantly more amenities, plus free cancellation adds flexibility. Although it costs more, the upgrade in quality and peace of mind seems worth it for a one-night stay.

Final answer: B"
1366,A,"Option B is clearly the more upscale stay: it has a much higher star rating, better guest reviews, and a suite with more amenities. However, it’s significantly more expensive and doesn’t offer free cancellation, while Option A is far more budget-friendly and more flexible. Given the value difference for a one-night stay, I’d choose the cheaper, cancellable option.

Final answer: A"
1369,A,"Option A is much cheaper and still offers breakfast, free WiFi, and a decent review score, which makes it a better value for a one-night stay. Option B is clearly more luxurious and better rated, but the price premium is substantial and there’s no breakfast included. 

Final answer: A"
1370,A,"Option A is much cheaper while still offering free cancellation, breakfast, and solid reviews, making it the better value for a one-night stay. Option B is nicer and has a higher rating, but the price difference is substantial for a short trip.  
Final answer: A"
1373,A,"Option A is much cheaper and still has a solid review score, while Option B offers more perks like free cancellation, breakfast, and a suite, but at a much higher price. Since this is only a one-night stay, I’d prioritize value unless those extras are especially important.  
Final answer: A"
1374,A,"Option A is cheaper by $11, has a slightly better review score, and also includes breakfast. Option B adds free cancellation and a kitchen, but for a one-night stay those benefits seem less important than the lower price and stronger guest rating.  

Final answer: A"
1377,A,"Option A is much cheaper while still having a slightly better guest review score and a comparable room type, so it offers better value for a one-night stay. Option B has the higher star rating and a more premium location, but the price premium is substantial for a very similar overall review score.

Final answer: A"
1378,A,"Option A is cheaper by $78 and includes breakfast, while also having a slightly better guest review score than Option B. Option B is a nicer 4-star property in a prime Times Square location, but for a one-night stay the better value looks like Option A.

Final answer: A"
1381,A,"Option A is more convenient for a one-night stay in NYC because Midtown West is a central location, and it also offers free cancellation, which adds flexibility. Although it costs more, the higher convenience and lower risk make it the safer choice.

Final answer: A"
1382,A,"Option A is in Midtown West, which is much more central for a one-night NYC stay, and it has a better review score plus breakfast included. It costs more and lacks free cancellation, but the location and stronger overall value for convenience make it the better pick.

Final answer: A"
1385,A,"Option A is much cheaper, includes breakfast, and still has a solid review score, while Option B only offers a slight rating bump and free cancellation at a significantly higher price. Unless flexibility is the top priority, A is the better value for a one-night stay.

Final answer: A"
1386,A,"Option A is much cheaper and includes free cancellation plus breakfast, while still having a solid review score and a convenient Midtown West location. Option B has a slightly higher rating and more reviews, but it costs far more and offers fewer flexible benefits for a one-night stay.

Final answer: A"
1389,B,"Option B looks like the better value: it’s cheaper by $88, has a higher star rating, and a slightly better guest score, while still including breakfast and key amenities. Option A only really wins on having two double beds, which matters less for a one-night stay unless you specifically need that extra bed.

Final answer: B"
1390,B,"Option B has the better overall quality: it’s a 4-star hotel, has a higher review score, and offers free cancellation, which adds flexibility. Option A is much cheaper and includes breakfast, but the lower rating and lack of cancellation make it less appealing if comfort and risk matter more.

Final answer: B"
1393,A,"Both hotels are similar in star rating and amenities, but Option A has a slightly higher guest review score, free cancellation, and offers two double beds, which is more flexible. Although it costs more, the cancellation policy and better rating make it the safer choice.

Final answer: A"
1394,A,"Option A is a bit better rated and offers free cancellation, which adds flexibility and reduces risk. Option B is much cheaper, but the small review-score difference and lack of cancellation make it less attractive unless price is the main priority.

Final answer: A"
1397,A,"For a one-night stay, Option A gives much better value: it’s far cheaper, still centrally located in Times Square, and has free cancellation. Option B is nicer overall with a higher rating and more amenities, but the price premium is very large for just one night.

Final answer: A"
1398,A,"Option A is much cheaper and includes breakfast, which adds value for a one-night stay. Option B has the better rating, higher star level, and free cancellation, but the price difference is large, so the budget-friendly choice is stronger here.

Final answer: A"
1401,A,"Option A is much cheaper and still a 4-star hotel with free cancellation and comparable amenities, while Option B’s main advantage is a higher review score and slightly better neighborhood. For a one-night stay, the price gap is large enough that A offers better overall value.

Final answer: A"
1402,B,"Option B is the better choice: it’s significantly cheaper, has a higher guest review score, and includes free cancellation, which adds flexibility. Option A has the better location for Times Square, but the price premium is large and the reviews are weaker.

Final answer: B"
1405,A,"Option A is cheaper by $83, includes free cancellation, and still has the same core amenities and 5-star rating. Option B has a slightly better review score and includes breakfast, but for a one-night stay the flexibility and lower price of A seem more valuable.  

Final answer: A"
1406,B,"Both hotels are nearly identical in price, star rating, amenities, cancellation, and breakfast, so the main differences are location and review score. Option B has a slightly higher guest rating and is in Midtown East, which is often a bit calmer and more central for getting around than Times Square.  

Final answer: B"
1409,A,"Option A is the better choice if I’m prioritizing overall comfort and quality: it’s a 5-star hotel, has a stronger guest rating, and offers more upscale amenities like a spa and restaurant. Option B is cheaper and includes breakfast as an amenity, but it’s a lower-category hotel with a lower review score.  

Final answer: A"
1410,B,"Option B is far better value: it’s much cheaper, still has free cancellation, a solid review score, and the same king bed room type. Option A is a nicer 5-star property with more amenities, but the price difference is very large for just one night.  
Final answer: B"
1413,B,"Option B is the better value: it’s slightly cheaper, has a marginally higher guest review score, and includes free cancellation, which adds flexibility. Option A is a bit more upscale and central, but the price difference and lack of cancellation make it less attractive for a one-night stay.

Final answer: B"
1414,B,"Option B is the better value: it’s significantly cheaper, has a slightly higher guest review score, and still offers free cancellation with a king bed in a desirable neighborhood. Option A is more upscale and central to Times Square, but the price premium is substantial for only a modest difference in category.  

Final answer: B"
1417,B,"Both hotels have the same review score, free cancellation, no breakfast, and the same room type, so the main differences are price, location, and amenities. Option B is $29 cheaper and in SoHo, which is often a more appealing neighborhood for dining and walking around, while Option A offers a 5-star property and a spa but at a higher price. 

Final answer: B"
1418,B,"I’d choose Option B because it’s significantly cheaper while still offering free cancellation, a solid guest rating, and a desirable SoHo location. Option A is a nicer hotel with a higher rating and more amenities, but the extra $115 may not be worth it for a one-night stay unless you specifically want Times Square or the 5-star experience.  
Final answer: B"
1421,A,"Option A is a much higher-end 5-star hotel with a stronger guest rating, while still offering free cancellation and breakfast. Option B is far cheaper and more practical, but for a one-night stay in NYC, I’d prioritize the better overall experience if budget isn’t the main constraint.

Final answer: A"
1422,B,"Option A is the higher-end hotel with a better review score, but it costs significantly more and doesn’t include breakfast. Option B is much cheaper, still well-reviewed, includes breakfast, and offers a suite in a central location, so it gives better overall value for a one-night stay.

Final answer: B"
1425,B,"Option A is a much more upscale hotel with a higher guest score, but it costs $258 more and doesn’t offer free cancellation. Option B is far better value for a one-night stay, still has a solid review score, and the free cancellation adds flexibility.  

Final answer: B"
1426,B,"Option A is a much higher-end stay with a better review score, stronger amenities, and a prime Midtown East location, but it costs far more. Option B is the better value by a wide margin, and it also includes breakfast and free cancellation, which makes it the more practical choice for a one-night stay.

Final answer: B"
1429,B,"Option B is the better value: it has the same guest review score as A, costs much less, and includes free cancellation, which adds flexibility. Option A is a nicer 5-star property with more amenities, but the price difference is substantial for a one-night stay.

Final answer: B"
1430,A,"Option A is a bit more expensive, but it’s a 5-star hotel with a slightly better guest score, far more reviews, and stronger amenities like a fitness center, bar, and spa. Option B is cheaper and in Greenwich Village, but overall A looks like the better one-night stay if I’m prioritizing quality and amenities.

Final answer: A"
1433,B,"Option B is much cheaper while still offering a very similar guest review score, free cancellation, and even breakfast included. Option A has a slightly higher star rating and a more central Times Square location, but for a one-night stay the value gap is large.  
Final answer: B"
1434,A,"Both options are similarly priced and offer free cancellation, so I’d lean toward the better overall hotel and slightly higher guest satisfaction. Option A has the higher star rating and review score, plus a more central Times Square location, which is a good fit for a one-night stay in NYC.  

Final answer: A"
1437,A,"Option A has the higher star rating and better guest reviews, plus it’s in a more central location for many NYC visitors. Option B is cheaper, offers free cancellation, and has two beds, which is better for flexibility or sharing, but for a one-night stay I’d prioritize the stronger overall hotel experience.

Final answer: A"
1438,A,"Option A is the higher-rated hotel with a stronger overall guest score and a more upscale 4-star property, which may make the stay more comfortable. Option B is significantly cheaper and still decent, but it comes with a lower rating and fewer standout amenities. Since this is a one-night stay and the quality difference seems worth the premium, I’d choose the better-reviewed option.

Final answer: A"
1441,A,"Option A is the better choice if I prioritize a higher-rated stay, a stronger hotel quality, and better on-site amenities like the restaurant, bar, and wine hour. It costs much more, but for a one-night stay in NYC, the upgrade in review score and overall experience seems worth it.  

Final answer: A"
1442,B,"Option A has the better guest review score and a higher star rating, so it likely offers a nicer stay, but it costs significantly more and has no free cancellation. Option B is much cheaper, still in a convenient Midtown location, and includes free cancellation, which adds flexibility for a one-night stay.  
Final answer: B"
1445,A,"Option A offers a much higher-quality stay with a better review score, a private queen room, and a more central location in Times Square, which matters a lot for a one-night NYC trip. Option B is far cheaper and has free cancellation, but it’s a hostel dorm bed with a lower rating and shared accommodations.

Final answer: A"
1446,A,"Option A offers a much higher-rated, more centrally located 4-star hotel with better overall amenities and a stronger guest experience, but it costs significantly more. Option B is far cheaper and still private, yet it’s a 1-star hostel with a lower review score, so the quality trade-off is substantial.  

Final answer: A"
1449,B,"Option B is cheaper by $49 while also being a 4-star hotel, and it still has free cancellation and a solid review score. Option A has slightly better reviews and a more central Midtown location, but the price premium is hard to justify for a one-night stay. Final answer: B"
1450,A,"Option A is much cheaper and has the better guest review score, while still offering free WiFi and a decent Midtown location. Option B has a nicer neighborhood, higher star rating, and breakfast included, but it costs nearly double and has a slightly lower review score.  
Final answer: A"
1453,B,"Option B is cheaper by $83 and still has a solid review score, plus it offers free cancellation, which adds flexibility. Option A has a slightly better rating and more reviews, but not enough to outweigh the higher price and lack of cancellation.  

Final answer: B"
1454,A,"Option A and B have the same star rating, guest score, and room type, and B is slightly cheaper with breakfast included. However, A offers free cancellation, which is a meaningful flexibility advantage for a one-night NYC stay. I’d pick the option with less risk.

Final answer: A"
1457,A,"Option A is much cheaper and still offers a solid, centrally located stay with free cancellation, which makes it the safer and better-value choice for a one-night trip. Option B has a nicer review score and more upscale vibe, but the price premium is very large and there’s no free cancellation.

Final answer: A"
1458,A,"Option A is much cheaper and still well-reviewed, with free cancellation and a practical Midtown East location. Option B has a better rating and more upscale feel, but it costs more than twice as much and doesn’t offer free cancellation.  
Final answer: A"
1461,A,"Both hotels offer free cancellation, similar review scores, and the same room type, but Option A is much cheaper at $287 versus $531. Since the quality difference is small, the better value is clearly Option A.

Final answer: A"
1462,A,"Option A is much better value for a one-night stay: it’s less than half the price, still has free cancellation, WiFi, and a solid guest rating. Option B is nicer and includes breakfast, but the price premium is very large for only a modest bump in score and star rating.

Final answer: A"
1465,A,"Option A is far cheaper and still has a solid 8.0/10 rating, free cancellation, and the basics I’d want for a one-night stay. Option B is much more luxurious with a better score and breakfast included, but the price premium is very large for just one night and it isn’t cancelable.  

Final answer: A"
1466,A,"Option B has a much higher guest review score and offers a significantly more luxurious experience with better amenities like a spa and pool, but it is also dramatically more expensive. Since this is a one-night stay and both options have free cancellation, I’d prioritize value and choose the much cheaper option unless luxury is the main goal.

Final answer: A"
1469,B,"Option B is cheaper by $25, has free cancellation, and is in Midtown, which is often more convenient for a one-night NYC stay. Option A has a slightly better review score and a restaurant, but the lack of free cancellation makes it less flexible.  
Final answer: B"
1470,B,"Option B is much cheaper, and it still offers free cancellation, free WiFi, and a fitness center. While Option A has a slightly better review score and a restaurant, the price difference is significant for a one-night stay, so B is the better value.

Final answer: B"
1473,B,"Option B is the better value: it’s cheaper by $103, has a higher star rating and guest review score, and still offers free cancellation and free WiFi. The only main trade-off is the smaller bed setup, but for a one-night stay the stronger overall value wins.

Final answer: B"
1474,A,"Option A is cheaper by $60 and includes breakfast, which adds value for a one-night stay. Option B has a slightly better rating, a higher star level, and free cancellation, but the price premium is significant and breakfast is not included.  
Final answer: A"
1477,B,"Both options have free cancellation and no breakfast, so the main trade-offs are price, location, and guest rating. B is cheaper by $35, has a slightly better review score, and is in Chelsea with a rooftop bar, making it the better overall value for a one-night stay.

Final answer: B"
1478,B,"Both hotels have the same star rating and guest review score, with similar amenities and no breakfast or free cancellation. Option B is slightly cheaper by $4 and is in Chelsea, which is often a more convenient and lively area for many visitors than the Financial District.  

Final answer: B"
1481,A,"Option A is much cheaper while still offering free cancellation, a solid review score, and the same neighborhood. Option B has a higher rating and more upscale amenities, but the price jump is substantial for a one-night stay.  

Final answer: A"
1482,A,"Option A is much cheaper and still has solid reviews, free cancellation, and the same neighborhood, while Option B only adds luxury and a better score at a large price jump and no cancellation flexibility. For a one-night stay, the value and flexibility of A make it the better choice.

Final answer: A"
1485,A,"Option A is cheaper by $83 and has a slightly better guest review score, which makes it the better value for a one-night stay. Option B has free cancellation and a higher star rating, but the price premium is significant and the review score is a bit lower.

Final answer: A"
1486,A,"Option A is substantially cheaper at $263 versus $334, while having a slightly better review score (8.2 vs 8.1) and the same cancellation policy, room type, and no breakfast included. Option B has a higher star rating and a bar, but the price premium doesn’t seem justified for a one-night stay based on the comparable reviews and amenities.

Final answer: A"
1489,A,"Option A is more expensive, but it gives you a much better guest review score, a higher star rating, breakfast included, and more amenities. For a one-night stay in NYC, the better overall experience is worth the extra cost.

Final answer: A"
1490,A,"Option A is much better reviewed, has free cancellation, and offers significantly better amenities and room size, which makes it a safer and more comfortable choice for a one-night stay. Option B is cheaper, but the lower review score and lack of cancellation make it riskier.

Final answer: A"
1493,A,"Option A is far more budget-friendly at $195 versus $1,087, and it still has solid reviews, free cancellation, and useful amenities. Option B is clearly the luxury pick, but for a one-night stay the price premium is very large and cancellation is not flexible. 

Final answer: A"
1494,A,"Option A is much more cost-effective for a one-night stay, and it includes free cancellation and breakfast, which adds flexibility and value. Option B is clearly the luxury choice with a far better review score and amenities, but the price is more than triple and there’s no free cancellation. Final answer: A"
1497,A,"Option A is significantly cheaper, includes breakfast, and still has a solid guest review score with free cancellation, making it the better overall value for a one-night stay. Option B is nicer on paper with a higher star rating and slightly better reviews, but the $80 premium and lack of breakfast make it less compelling unless you strongly prefer the East Village vibe.  

Final answer: A"
1498,B,"Option B has the better overall value: it’s cheaper by $40, has a higher star rating, and a better guest review score, while still offering free cancellation and solid amenities. Option A does include breakfast and two beds, but for a one-night stay, B seems like the stronger choice if you want quality and value.

Final answer: B"
1501,A,"Option A is much cheaper, has free cancellation, and still has a solid review score, which makes it the better value for a one-night stay in NYC. Option B is more luxurious and slightly better reviewed, but the huge price jump and lack of free cancellation make it harder to justify.

Final answer: A"
1502,A,"Option A is much cheaper and still well-reviewed, with breakfast included and a central Manhattan location, which makes it the better value for a one-night stay. Option B is clearly more luxurious and higher-rated, but the large price jump doesn’t seem worth it for just one night unless you specifically want a 5-star experience.

Final answer: A"
1505,A,"Option A is much cheaper, includes breakfast, and still has a decent review score, making it the better value for a one-night stay. Option B has a higher review score and a more central location, but the price jump is substantial and breakfast is not included.  

Final answer: A"
1506,A,"Option B has the stronger guest rating, a more central Times Square location, and better room amenities like a kitchen and suite layout, which is appealing for a NYC stay. However, it’s much more expensive and doesn’t allow free cancellation, while Option A is far cheaper and more flexible. Since this is only a one-night stay and value/flexibility matter a lot, I’d choose the lower-cost option.

Final answer: A"
1509,A,"Option B has a slightly better review score, a higher star rating, and free cancellation, which adds flexibility. However, it is much more expensive and offers fewer practical amenities than A, while A gives a larger studio suite, kitchen, and much better value for a one-night stay in NYC. 

Final answer: A"
1510,A,"Option A is much cheaper, includes breakfast, and still has a slightly better review score with far more reviews, so it looks like the better overall value for a one-night stay. Option B has a nicer neighborhood and a 4-star rating, but the price premium is substantial.  

Final answer: A"
1513,A,"Option A is much cheaper and still solidly reviewed, with free cancellation and breakfast included, which adds value for a one-night stay. Option B has the stronger luxury profile and higher review score, but the price premium is substantial and breakfast is not included. Final answer: A"
1514,A,"Option A is much cheaper and still has a solid review score, plus it includes breakfast and a kitchen, which adds value for a one-night stay. Option B is a nicer 5-star property with a higher rating and free cancellation, but the price difference is very large.  
Final answer: A"
1517,A,"Option A is cheaper by $48 and includes breakfast plus a larger suite with a kitchen, which is strong value for a one-night stay. Option B has a slightly better review score, a higher star rating, and free cancellation, but the extra cost and lack of breakfast make it less compelling here.

Final answer: A"
1518,B,"Option B is the better choice if you value overall quality and flexibility: it has a higher star rating, better guest reviews, and free cancellation, which reduces risk. Option A is cheaper and includes a kitchen, but the lower review score and lack of cancellation make it less appealing for a one-night stay.

Final answer: B"
1521,A,"Option A is much cheaper, includes breakfast, has free cancellation, and offers a larger one-bedroom suite with a kitchen, which is strong value for a one-night stay in NYC. Option B has a better review score and a nicer neighborhood, but it costs significantly more and is less flexible. Final answer: A"
1522,A,"Option A is the better value for a one-night stay: it’s much cheaper, includes breakfast, has free cancellation, and still has solid reviews. Option B has a higher rating and a more upscale vibe, but the extra $137 doesn’t seem worth it for a single night unless location/ambiance is your top priority.

Final answer: A"
1525,A,"Option A is a bit more expensive, but it includes free cancellation and breakfast, and it has the higher guest review score. Since this is only a one-night stay in a competitive area like Times Square, those extras and the better rating make it the safer, more flexible choice.

Final answer: A"
1526,A,"Both hotels are very similar in location, star rating, amenities, and guest satisfaction. Option A is significantly cheaper, and it also offers free cancellation, which adds flexibility with little downside since the review score is slightly higher than Option B’s.

Final answer: A"
1529,A,"Option A is much cheaper, and the hotel quality is very similar: both are 4-star, have free cancellation, the same room type, and the same core amenities. Option B has a slightly better review score, but not enough to justify the $113 higher price for a one-night stay.

Final answer: A"
1530,B,"Both hotels have the same star rating, guest score, and amenities, so the main differences are price, room size, and location. Option B is $15 cheaper and offers a king bed, which is a better value for a one-night stay.  
Final answer: B"
1533,A,"Option A is the better overall pick if you’re prioritizing convenience and a more central NYC stay: it has the higher star rating, stronger review score, more amenities, and a prime Times Square location. Option B is cheaper, but it’s a smaller 3-star property in Williamsburg with a slightly lower review score and fewer amenities.  

Final answer: A"
1534,A,"Option A is much more expensive, but it’s a 4-star hotel in a central Manhattan location with a slightly better review score and more amenities. Option B is far cheaper and still well reviewed, but it’s a smaller 3-star property in Brooklyn, which may be less convenient if you want to be in the middle of NYC for just one night.

Final answer: A"
1537,A,"Option A is more expensive, but it has free cancellation, a much more central Manhattan location, and a stronger review base with many more ratings. For a one-night stay in NYC, the flexibility and convenience outweigh the savings.

Final answer: A"
1538,A,"Option A is cheaper by $34, has a slightly better review score, and is in a more central location for a one-night stay in NYC. Option B offers a larger suite, but it costs more and is farther from Manhattan attractions.  

Final answer: A"
1541,A,"Both are comparable on stars, amenities, and cancellation, so the main trade-offs are price, location, and review score. Option A is cheaper by $19 and in a more central, lively area for many visitors, while Option B has a better review score but is slightly pricier and farther from Midtown attractions.  

Final answer: A"
1542,B,"Option B is the better value: it’s $79 cheaper per night, still a 4-star hotel with free cancellation and the same core amenities, and it has the higher guest review score. Option A is in a more central tourist location, but for a one-night stay the savings and better ratings make B the stronger choice.

Final answer: B"
1545,A,"Option A is slightly cheaper and offers free cancellation, which is a strong advantage for a one-night stay. While Option B has a better review score and a nicer neighborhood, the flexibility and lower price make Option A the safer choice.

Final answer: A"
1546,A,"Option A is much cheaper while still offering a 4-star stay, free cancellation, and solid amenities. Option B has a slightly better review score and a nicer neighborhood, but the price premium is substantial for just one night.  
Final answer: A"
1549,A,"Option A is much more expensive, but it’s a 4-star hotel with a stronger review score and a far better location in Union Square, which is usually more convenient and comfortable for a one-night stay in NYC. Option B is dramatically cheaper, but it’s a hostel with a lower rating and shared-budget style amenities, so the experience is likely much less comfortable.

Final answer: A"
1550,A,"Option A is much more expensive, but it offers a clearly higher-quality stay: a 4-star hotel, better review score, better amenities, and a more central neighborhood. Since both have free cancellation and no breakfast, the main trade-off is comfort versus cost, and for a one-night NYC stay I’d prioritize the better hotel experience.

Final answer: A"
1553,A,"Option A is much cheaper and still has a solid review score, plus it offers free cancellation, which adds flexibility for a one-night stay. Option B is nicer on paper with a higher star rating and better reviews, but the price is more than double and there’s no cancellation protection.  

Final answer: A"
1554,A,"Option A is much cheaper and still has a solid 4-star rating, good review score, and free cancellation, which adds flexibility. Option B has a better review score and higher-end feel, but it costs over twice as much and lacks free cancellation.  
Final answer: A"
1557,B,"Option B is significantly cheaper while still offering a slightly higher guest review score and free cancellation, so it provides better overall value for a one-night stay. Option A is in a more central Manhattan location with more amenities, but the price premium is substantial.  

Final answer: B"
1558,A,"Option A is more expensive, but it has a much more central Manhattan location in Union Square, better for getting around the city and likely more convenient for a one-night stay. The review score is also solid and the hotel offers more amenities than Option B.  

Final answer: A"
1561,A,"Option A is slightly more expensive, but it offers free cancellation, a marginally better guest rating, and the same core room type and amenities. For a one-night NYC stay, the flexibility is especially valuable, and Midtown East is generally a bit calmer than Times Square.

Final answer: A"
1562,A,"Option A is slightly cheaper and has a marginally better guest review score, while still offering similar core amenities and a 4-star rating. Option B is in Times Square and has a king bed, but it costs more and the overall rating is a bit lower.  

Final answer: A"
1565,A,"Option B has the higher guest review score and a more distinctive, stylish location in the East Village, but it costs substantially more and has fewer beds. Option A is much cheaper, still well-rated, and includes a double room, which is a better value for a one-night stay in NYC.

Final answer: A"
1566,A,"Option B has the better guest review score and a more distinctive, upscale vibe, but it costs $93 more for just one night and neither option includes free cancellation or breakfast. Since both are 4-star king rooms with similar core amenities, the better value is Option A for a much lower price.

Final answer: A"
1569,B,"Option B is the better value: it’s much cheaper, has a slightly higher guest review score, and includes free cancellation, which adds flexibility for a one-night stay. Option A is a nicer 4-star property, but the price premium is large and the review difference is small.

Final answer: B"
1570,A,"Both options are close on review score and both offer free cancellation, so the main trade-off is location/quality versus price. Option A is a higher-rated 4-star hotel in Midtown East with a slightly better review score and more established amenities, while Option B is a bit cheaper and in Times Square but has a lower star rating and slightly lower reviews.

Final answer: A"
1573,B,"Option B is cheaper by $53 and has a slightly higher guest review score, while still being a 4-star hotel with the same room type and free WiFi. Unless I specifically needed Midtown East for location convenience, the better overall value is Option B.

Final answer: B"
1574,A,"Option A is much more expensive, but it offers free cancellation, which adds flexibility for a one-night stay in NYC. Both hotels have the same star rating and guest score, but The Westin is in Midtown East, which is generally more central and convenient for most city trips than Williamsburg.  

Final answer: A"
1577,A,"Option A is much more expensive, but it’s a 4-star hotel in Midtown East, which is typically far more convenient for a one-night stay in NYC than Park Slope, Brooklyn. Since both options have the same review score and neither includes breakfast or free cancellation, I’d prioritize location and hotel quality over price here.

Final answer: A"
1578,B,"Option B is much cheaper and includes breakfast, while still having the same guest review score as Option A. Option A is in Midtown East and has more upscale amenities, but for a one-night stay the value difference is hard to justify unless location is the top priority.

Final answer: B"
1581,B,"Option B looks like the better value: it’s cheaper, has a higher guest review score, and still offers free cancellation and a 4-star rating. The main trade-off is location—The Westin is in the more central Times Square area, while The Boro is in Long Island City, which is less convenient if you want to be in the middle of Manhattan. Given the stronger reviews and lower price, I’d choose B.

Final answer: B"
1582,A,"Option A is much more expensive, but it offers a prime Times Square location, free cancellation, and a king bed, which are valuable for a one-night stay in NYC. Option B is cheaper and has a slightly better review score, but it’s in Long Island City and lacks free cancellation, which makes it less flexible.  
Final answer: A"
1585,B,"Option B offers a much higher guest review score, a 5-star experience, and extra amenities like a spa and pool, which makes it the stronger choice if comfort and quality matter most. Option A is far cheaper, but it has a noticeably lower rating and fewer amenities.  

Final answer: B"
1586,A,"Option A is much cheaper and still offers a solid central location, free cancellation, and enough amenities for a one-night stay. Option B has better ratings and luxury amenities, but it costs far more and doesn’t allow free cancellation, which makes it a less flexible choice for a short trip.

Final answer: A"
1589,A,"Option A is much cheaper and still a 4-star hotel with a solid review score, plus it offers free cancellation, which adds flexibility. Option B has a better location and higher review score, but it costs significantly more and doesn’t allow cancellation.  

Final answer: A"
1590,B,"Option B is the better value: it’s cheaper, has a higher guest review score, and is in Greenwich Village, which is typically a more central and desirable location for a NYC stay. Option A does include breakfast and more amenities like a pool, but the lower rating and higher price make it less appealing overall.

Final answer: B"
1593,B,"Option B has the better guest review score, a more central Midtown East location, and free cancellation, which adds flexibility. Option A is much cheaper and has a pool, but the lower rating and no cancellation make it a bit less attractive for a one-night NYC stay.

Final answer: B"
1594,A,"Option B has the better guest review score, free cancellation, and a more central Midtown East location, but it is much more expensive. Option A is significantly cheaper and still a 4-star hotel with solid amenities, so it offers much better value for a one-night stay.

Final answer: A"
1597,B,"Option B has the better overall value: it’s cheaper, has a higher guest review score, and includes free cancellation, which adds flexibility. Option A does include breakfast and a larger room, but it costs more and is non-refundable.  

Final answer: B"
1598,A,"Option A is much cheaper at $225 versus $530, and it still offers a solid 4-star stay with free cancellation and practical amenities like WiFi, a fitness center, and a restaurant. Option B has better reviews and nicer amenities, but for a one-night stay the price premium is very large.  
Final answer: A"
1601,B,"Option B is the better value: it’s much cheaper, has a higher guest review score, and includes free cancellation, while still being a 4-star hotel with good amenities. The main trade-off is location—Williamsburg is less central than Midtown East—but for a one-night stay the savings and flexibility outweigh that.

Final answer: B"
1602,B,"Option B is much cheaper and has the better guest review score, so it offers stronger value if you’re comfortable staying in Williamsburg and don’t need breakfast or free cancellation. Option A is more convenient for Midtown and includes breakfast plus flexible cancellation, but you pay significantly more for a lower-rated stay.

Final answer: B"
1605,A,"Option A is much cheaper and still offers a solid 4-star stay in Midtown East with free cancellation, which adds flexibility. Option B has better ratings, a higher-end suite, and more amenities, but the price difference is very large for just one night and there’s no free cancellation.  
Final answer: A"
1606,B,"Option B gives you a 5-star hotel in a prime Midtown location for just $1 more, plus a higher guest review score, a suite, and breakfast included. Option A is solid, but B offers clearly better value for nearly the same price.

Final answer: B"
1609,A,"Both are very similar in rating, room type, cancellation policy, and amenities. Option B has a slightly better review score and a more interesting neighborhood, but it costs $14 more; Option A is the better value for a one-night stay in NYC while still being highly rated.

Final answer: A"
1610,B,"The Ludlow Hotel has the better guest review score, is cheaper by $42, and offers a king bed instead of a queen bed. While Midtown may be more central for some trips, the better value and stronger reviews make Option B the better pick here.

Final answer: B"
1613,A,"Option A is in Times Square, which is much more central and convenient for a one-night stay in New York City, especially if you want easy access to major sights and transit. Option B is cheaper and has nicer leisure amenities, but it’s in Rockaway Beach, which is much less practical for a typical NYC overnight unless you specifically want that area.

Final answer: A"
1614,A,"Option A is in Times Square, which is much more central and convenient for a one-night stay in New York City, especially if you want easy access to Manhattan attractions and transit. It’s a bit more expensive than Option B, but it also offers free cancellation, which adds flexibility.  

Final answer: A"
1617,A,"Option A is much more central, with a higher star rating, better guest reviews, and stronger amenities, which is especially valuable for a one-night stay in NYC. Option B is far cheaper, but it’s also lower-rated and in Long Island City rather than Times Square, so the savings come with a noticeable drop in convenience and overall quality.

Final answer: A"
1618,A,"Option A is much more expensive, but it’s a stronger overall stay: better location in Times Square, higher star rating, better review score, and breakfast included. Since this is a one-night stay and the user didn’t specify a strict budget, I’d prioritize convenience and quality.

Final answer: A"
1621,A,"Option A is cheaper by $50 and includes free cancellation, which is a valuable flexibility for a one-night stay. Option B has a slightly better review score and nicer amenities, but the higher price and lack of cancellation make it less attractive here.

Final answer: A"
1622,A,"Option B has the better guest review score and more appealing amenities like a rooftop pool and spa, but it’s also $130 more expensive and does not offer free cancellation. Since this is just a one-night stay, the lower price plus free cancellation make Option A the safer and better-value choice.

Final answer: A"
1625,B,"Option B has the better review score, a higher star rating, and the added flexibility of free cancellation, which makes it the stronger overall choice despite the higher price. Option A is cheaper, but it’s lower rated and less flexible if plans change.

Final answer: B"
1626,A,"Option A is much cheaper and still offers solid basics like free WiFi, a fitness center, and free cancellation, which is valuable for a one-night stay. Option B has a higher rating and a more upscale feel, but it costs significantly more and lacks free cancellation, so the flexibility and value are better with A.

Final answer: A"
1629,B,"Option B is much cheaper at $194 versus $286, while having a slightly better review score (8.0 vs 7.9) and the same room type and location. Option A has a higher star rating and more traditional hotel amenities like a restaurant and bar, but for a one-night stay the price difference is substantial.  

Final answer: B"
1630,A,"Option A is more expensive, but it includes free cancellation and breakfast, has a higher star rating, and a much larger review base, which makes it the safer and more flexible choice for a one-night stay in NYC. Option B is cheaper and slightly better reviewed, but the lack of cancellation and breakfast makes it less appealing overall.

Final answer: A"
1633,A,"Option A is much more expensive, but it offers a significantly higher star rating, better guest reviews, free cancellation, breakfast included, and substantially stronger amenities. If I’m prioritizing comfort, flexibility, and overall quality for a one-night stay, the premium may be worth it.

Final answer: A"
1634,B,"Park Hyatt New York is the more luxurious option with a much higher review score, better amenities, and a prime Midtown location, but it costs over three times as much as The Marlton Hotel. Since both have free cancellation and no breakfast included, the main trade-off is quality versus value.  

Final answer: B"
1637,B,"Option B is the better value: it’s still a 5-star hotel, has a higher guest review score, includes the same core amenities, and is significantly cheaper by $314 for the night. The Greenwich Hotel in TriBeCa also has free cancellation, so it offers strong quality with less cost.

Final answer: B"
1638,B,"Option B is more expensive, but it offers a higher guest review score, free cancellation, and breakfast included, which makes it the stronger overall value for a one-night stay. The lower-rated, non-refundable option A is cheaper, but the flexibility and quality of B outweigh the price difference here.

Final answer: B"
1641,B,"Both hotels are extremely similar: same neighborhood, star rating, amenities, and no free cancellation or breakfast. The Park Hyatt has a slightly better review score, but it’s also $4 more; the Peninsula is marginally cheaper with nearly identical ratings, so it offers the better value.

Final answer: B"
1642,A,"Both are comparable 5-star Midtown hotels with the same core amenities, but Option B is much more expensive. While B has a slightly higher review score and free cancellation, the price premium is substantial for only a modest difference in ratings. 

Final answer: A"
1645,A,"Option A is far more expensive, but it offers a clearly higher-end stay: 5 stars, a much stronger guest review score, and better amenities like a spa and pool in a central Midtown location. Option B is a solid value choice, but if I’m picking based on overall hotel quality for a one-night NYC stay, I’d choose the more luxurious and highly rated option.

Final answer: A"
1646,A,"Option A has the stronger luxury experience: it’s a 5-star hotel, has a much higher guest rating, and includes breakfast plus more amenities like a spa and pool. Option B is far cheaper and offers free cancellation, but for a one-night stay I’d prioritize comfort and overall quality.

Final answer: A"
1649,A,"Both are 5-star options with similar amenities, but Option A is significantly cheaper and has a slightly higher guest review score. Option B includes breakfast, which adds value, but not enough to offset the large price difference for a one-night stay.

Final answer: A"
1650,A,"Option A offers a much better value: it’s still a 5-star hotel, has a higher guest review score, and is dramatically cheaper for the same core amenities and room setup. Option B is also excellent, but the extra cost doesn’t seem justified for a one-night stay given the lower review score and similar features.

Final answer: A"
1653,A,"The Mercer has the higher guest rating and a prime SoHo location, but it costs dramatically more than The Beekman for a one-night stay, and both are 5-star hotels without breakfast or free cancellation. Given the large price gap, The Beekman offers much better value while still delivering strong quality and amenities.

Final answer: A"
1654,A,"Both are 5-star hotels with similar basics, but The Mercer has a better review score and a nicer SoHo location. However, it costs nearly twice as much as The Beekman, while The Beekman still has strong reviews and more amenities for the price. For a one-night stay, the value difference is hard to ignore.

Final answer: A"
1657,A,"Option A is a luxury 5-star hotel in a central Manhattan location with a higher guest score and more upscale amenities, but it costs much more. Option B is far cheaper and still well-rated, but it’s a step down in location, room type, and overall experience. Given the strong quality difference and one-night stay, I’d choose the better hotel if budget isn’t the main constraint.

Final answer: A"
1658,A,"Option A is much pricier, but it’s a 5-star hotel in Manhattan with a stronger review score, free cancellation, and a more premium room, which matters a lot for a one-night stay in NYC. Option B is far cheaper and includes breakfast, but it’s in Queens, has a lower rating, and no free cancellation. I’d prioritize the better overall experience and flexibility here.

Final answer: A"
1661,A,"Option A is much cheaper at $219 and still gets you a centrally located Midtown stay with solid basic amenities. Option B is clearly the nicer hotel with a better review score, free cancellation, and more amenities, but it costs $335 more for just one night. Since this is a one-night booking and value matters a lot, I’d choose the lower-cost option.

Final answer: A"
1662,A,"Option A is much cheaper while still offering a solid Midtown location, free cancellation, and acceptable review scores. Option B is clearly more luxurious and better reviewed, but the price premium is very large for just one night and breakfast isn’t included either. 

Final answer: A"
1665,B,"Option B is much more expensive, but it offers a clearly better guest rating, free cancellation, a better room, and stronger amenities in a desirable neighborhood. Since this is a one-night stay and flexibility matters, I’d prioritize the higher quality and cancellation option.

Final answer: B"
1666,B,"Option B is significantly more expensive, but it also offers a much better guest score, free cancellation, and stronger amenities in a better-reviewed area. Since both are one-night stays with the same room type and breakfast isn’t included in either, I’d prioritize the higher quality and flexibility over the lower price.

Final answer: B"
1669,A,"Option A is much cheaper and still puts you in Midtown East, which is more convenient for most NYC trips. Option B has a better rating and a nicer hotel vibe, but it costs $45 more and is in Long Island City, which may be less convenient depending on your plans. For a one-night stay, I’d prioritize location and value.

Final answer: A"
1670,A,"Option A is much cheaper and stays in Midtown East, which is typically more convenient for getting around Manhattan. Option B has better reviews, a higher star rating, and free cancellation, but it costs significantly more and is in Long Island City. I’d prioritize value and location here.

Final answer: A"
1673,A,"Option A is much cheaper, has free cancellation, and is in Midtown, which is a very convenient location for a one-night stay in NYC. Option B has a better review score and nicer amenities, but it costs significantly more and is non-cancellable.  

Final answer: A"
1674,A,"Option A is much cheaper and still offers free cancellation, which is valuable for a one-night stay. Option B has better reviews and a higher star rating, but it costs significantly more and cannot be canceled for free.  

Final answer: A"
1677,A,"Option A is much cheaper and includes breakfast, which is a strong value for a one-night stay in Midtown. Option B is a nicer hotel with a better review score and more upscale amenities, but it costs nearly double and doesn’t include breakfast. If I’m optimizing for overall value and convenience, I’d choose the lower-priced, centrally located option.

Final answer: A"
1678,A,"Option A is much cheaper and still in Midtown, which is better for a one-night NYC stay if convenience and value matter most. Option B has a better review score and nicer amenities, but costs significantly more and is farther from the classic Manhattan core.  

Final answer: A"
1681,B,"Option B has the better guest review score and a higher star rating, plus a king bed, which suggests a more comfortable stay. Option A is much cheaper and in a central Manhattan neighborhood, so it’s the better value if location and budget matter most, but overall I’d lean toward the stronger-reviewed, higher-rated property.  
Final answer: B"
1682,A,"Option A is much cheaper and still in a desirable Manhattan neighborhood, but Option B has better reviews, a higher star rating, and a more comfortable king bed. Since this is only a one-night stay, I’d prioritize value and location while keeping costs down.

Final answer: A"
1685,A,"The Pierre offers a much higher-end experience, stronger guest ratings, and significantly better amenities, but it is also dramatically more expensive. Since this is a one-night stay and the price difference is substantial, the better value choice is the more affordable option with acceptable reviews.

Final answer: A"
1686,A,"Option A is far cheaper and still has a decent review score, making it the better value for a one-night stay. Option B offers a much more luxurious experience and a higher rating, but the price difference is substantial and likely not worth it for just one night unless luxury is the priority.

Final answer: A"
1689,A,"Option A is much cheaper and still has a solid review score, plus it’s in the West Village, which is more central for many NYC visits. Option B offers a nicer room, higher star rating, and a pool, but the $111 premium for just one night is significant.  
Final answer: A"
1690,A,"Option B has the better guest review score and a higher-end room and amenities, but it costs much more and is in Brooklyn rather than Manhattan. Option A is much cheaper, still in a desirable NYC neighborhood, and is likely the better value for a one-night stay if budget matters.

Final answer: A"
1693,A,"Option A is far cheaper and still has a strong review score, making it the better value for a one-night stay. Option B offers a nicer location, higher star rating, and free cancellation, but the price difference is very large for only a small boost in reviews and amenities.

Final answer: A"
1694,B,"Both hotels have the same guest review score, so the main differences are price, location, and amenities. Option A is much cheaper and still well-rated, but Option B offers a more central Manhattan location, a higher-end experience, and free cancellation, which adds flexibility. I’d choose the better overall stay with more convenience and flexibility.

Final answer: B"
1697,B,"Option B is slightly cheaper, has a better review score, and offers a private queen room instead of a bunk room, which is likely more comfortable for a one-night stay. It also has free cancellation like Option A, so there’s no downside in flexibility.  
Final answer: B"
1698,A,"Option A is much cheaper, has free cancellation, and still has a strong review score that’s nearly the same as Option B. Option B offers a slightly higher rating and a king bed in a more central Brooklyn location, but it costs significantly more and is non-refundable, which makes it less flexible for a one-night stay.

Final answer: A"
1701,A,"Option A is much cheaper and still has a strong guest review score, plus free cancellation and free WiFi. Option B offers a more upscale location and amenities, but it costs far more and has a lower review score.  

Final answer: A"
1702,A,"Option A is much cheaper and has a better guest review score, which suggests stronger value for a one-night stay. Option B is more centrally located and offers a private king room plus breakfast, but it costs well over twice as much for a lower rating.  
Final answer: A"
1705,A,"Option A is much cheaper and still has a solid review score, plus it offers free cancellation, which reduces risk for a one-night stay. Option B is clearly more luxurious and better rated, but it costs far more and doesn’t allow cancellation, so the extra value is less compelling here.

Final answer: A"
1706,A,"Option A is far more budget-friendly at $76, and it still has a solid review score of 8.2, so it offers much better value for a one-night stay. Option B is a much more luxurious stay with free cancellation and slightly better reviews, but the price difference is enormous for just one night.  
Final answer: A"
1709,A,"Option A is cheaper by $25 and has free cancellation, which gives more flexibility for a one-night stay. The review scores and amenities are very similar, so the better value is the deciding factor.

Final answer: A"
1710,A,"Pod Brooklyn is cheaper by $40, has a slightly higher guest review score, and offers free cancellation, while the main advantage of Z Hotel New York is more reviews. Since the amenities and room type are similar, Option A gives better overall value and flexibility.

Final answer: A"
1713,A,"Option A is much cheaper while still having a slightly better guest review score, so it offers far better value for a one-night stay. Option B has a prime Times Square location and free cancellation, but the price difference is substantial for only a modest upgrade in hotel category.

Final answer: A"
1714,A,"Option A is much cheaper and has a better guest review score, while still offering free cancellation and solid amenities. Option B is larger and more central in Times Square, but the price is far higher and the review score is lower.  
Final answer: A"
1717,A,"Option B has the higher-end experience, better review score, and includes breakfast plus more amenities, but it’s dramatically more expensive for just one night. Option A is much better value while still offering free cancellation, solid reviews, and the essentials in a good NYC neighborhood.

Final answer: A"
1718,A,"Option B is clearly the higher-end stay, with a better review score, far more amenities, and free cancellation, but it’s also dramatically more expensive. Since this is a one-night stay and the price difference is enormous, Option A offers much better value if the goal is practicality over luxury.

Final answer: A"
1721,A,"Option A is much more expensive, but it offers free cancellation, breakfast included, and a more central East Village location with stronger overall convenience for a one-night NYC stay. Option B is a better bargain, but the lack of cancellation flexibility and breakfast makes it less attractive unless price is the main priority.  

Final answer: A"
1722,B,"Option A has the nicer central Manhattan location, a larger king bed, breakfast included, and more upscale amenities, but it costs far more. Option B matches the same review score and free cancellation at a much lower price, though it’s in Long Island City and has fewer perks.  
Final answer: B"
1725,A,"Option A is the better choice if you value a higher guest rating, free cancellation, and a more distinctive hotel experience in the East Village. Option B is cheaper and in a more central tourist area, but it has a lower review score and no free cancellation, which makes it less flexible.  
Final answer: A"
1726,B,"Option A has the stronger guest review score and a more distinctive boutique feel in a quieter East Village location, but it’s significantly more expensive. Option B is much cheaper, still 4 stars, and has plenty of amenities, though the reviews are more mixed and it’s in a busier, more tourist-heavy area. I’d prioritize value here.  
Final answer: B"
1729,A,"Option A is the better overall choice if I’m prioritizing location, comfort, and included breakfast. It’s in Greenwich Village, has a higher star rating and slightly better review score, and the price difference is reasonable for a one-night stay in NYC.  

Final answer: A"
1730,B,"Option B is much cheaper, includes free cancellation and breakfast, and has a slightly better guest review score despite being a 3-star hotel. Option A is in a more central/attractive neighborhood and a 4-star property, but it costs nearly double and offers fewer flexible perks.  
Final answer: B"
1733,B,"Option B has the better guest review score, more reviews, and a much lower price, so it offers stronger overall value. Option A only has free cancellation, which is useful, but the $133 premium is hard to justify for a slightly lower-rated stay.

Final answer: B"
1734,B,"Option B has the higher guest review score, more reviews, a better room type, and free cancellation, which makes it the safer and more flexible choice despite costing more. Option A is cheaper, but it lacks cancellation and has a slightly lower rating.  

Final answer: B"
1737,A,"Option A has a higher guest review score, a stronger location in the Meatpacking District, and breakfast is included, which adds value for the higher price. Option B is cheaper and has a king bed, but it gives up breakfast and has a slightly lower review score.  

Final answer: A"
1738,A,"Option A has the higher guest review score and a larger review base, which makes it a safer pick for overall quality. It’s also in the Meatpacking District, a strong location for a one-night NYC stay, though it costs more than Option B. Given the better ratings and slightly stronger appeal, I’d choose the higher-confidence option.

Final answer: A"
1741,A,"Option A is much cheaper and still well-rated, with free cancellation, which adds flexibility for a one-night stay. Option B offers a more luxurious experience and a higher review score, but the price premium is very large and it’s non-cancellable.  

Final answer: A"
1742,A,"Option B is the more luxurious choice with a significantly higher review score, a king bed, and standout amenities like butler service and a fitness center. However, it’s also more than double the price of Option A, and both offer free cancellation, so the main trade-off is value versus prestige. I’d choose the better value unless luxury is the priority.  

Final answer: A"
1745,B,"Option B is much cheaper at $170 versus $302, and it actually has a slightly higher guest review score (8.2 vs. 8.1) with more reviews, which suggests solid value. Option A does include breakfast and free cancellation, but those extras likely don’t offset the large price difference for a one-night stay.

Final answer: B"
1746,B,"Option B is the better value: it has free cancellation, a very similar guest score, the same king room, and key amenities like WiFi, a rooftop bar, and a restaurant, but costs $160 less per night. Option A is a nicer 4-star property in SoHo, but the price premium is substantial for only a small rating difference.

Final answer: B"
1749,B,"Option A is a luxury 5-star hotel in a prime Manhattan neighborhood with a slightly higher guest score, but it costs dramatically more. Option B still has strong reviews, free cancellation, solid amenities, and is far better value for a one-night stay.

Final answer: B"
1750,B,"The Mercer is the more luxurious choice with a higher star rating, better review score, and free cancellation, but it is dramatically more expensive. The Wythe Hotel is still well-reviewed, includes breakfast, and offers much better value for the price, though it lacks free cancellation and is in Brooklyn rather than Manhattan.

Final answer: B"
1753,A,"Option A has the stronger guest rating, many more reviews, and better amenities like a rooftop pool and spa, which makes it the higher-quality choice despite the higher price. Since both are 4-star and neither includes breakfast or free cancellation, I’d prioritize the better overall experience.

Final answer: A"
1754,A,"Option A has a much stronger guest review score and many more amenities, including a rooftop pool and spa, which makes it feel like the better overall stay. Option B is significantly cheaper, but it gives up some quality and features for the savings. Given the one-night stay, I’d prioritize the better experience.

Final answer: A"
1757,A,"Option A is the safer pick if I value flexibility, higher guest satisfaction, and a more upscale stay: it has a better rating, more reviews, free cancellation, and stronger amenities, though it costs more and doesn’t include breakfast. Option B is cheaper and includes breakfast, but the lower rating, lack of cancellation, and fewer amenities make it less attractive overall.

Final answer: A"
1758,B,"Option A has a higher star rating, better guest reviews, and includes breakfast plus more amenities, but it is more than twice the price and does not allow free cancellation. Option B is much cheaper, offers free cancellation, and still has a solid rating and king bed, making it the better value for a one-night NYC stay.

Final answer: B"
1761,B,"The Mandarin Oriental is the more luxurious option with a stronger review score, premium amenities like a spa and pool, and a standout Hudson River view, but it costs far more. The Wythe Hotel is still well-rated, includes breakfast and free cancellation, and offers much better value for a one-night stay in NYC.

Final answer: B"
1762,B,"The Mandarin Oriental New York is far more luxurious, with a higher review score, breakfast included, and premium amenities like a spa and pool, but it costs vastly more. The Wythe Hotel is much better value for a one-night stay, with solid reviews and a good location in Williamsburg at a fraction of the price. Given the huge price difference, I’d choose the better value.

Final answer: B"
1765,B,"Option A has the edge on experience: it’s slightly better reviewed, includes breakfast, and offers a premium Hudson River view in a more desirable location. However, Option B is dramatically cheaper, has free cancellation, and still gets strong reviews with a suite, which makes it the much better value for a one-night stay.  

Final answer: B"
1766,B,"Option B is the much better value: it’s also a 5-star hotel with a nearly identical review score, but it costs dramatically less for the night. The main advantage of Option A is the Hudson River View and slightly higher rating, but not enough to justify the large price difference for a one-night stay.

Final answer: B"
1769,A,"Option A is the clear luxury choice: it has a much higher review score, a 5-star rating, breakfast included, and better amenities like a spa and live jazz. Option B is far cheaper and still decent, but it gives up a lot in overall quality and experience for the savings.

Final answer: A"
1770,B,"Option A is far more luxurious and better reviewed, but it costs over five times as much and is non-refundable. Since this is only a one-night stay, Option B offers much better value and also gives free cancellation, which is a useful safety net.

Final answer: B"
1773,B,"Option A is the higher-end hotel with a better guest rating, stronger amenities, and a more upscale experience, but it costs much more. Option B is much cheaper and still well-rated, so it’s the better value if you just need a solid one-night stay in a central location. I’d choose the better balance of price and quality here.

Final answer: B"
1774,B,"Option A is a much more luxurious 5-star stay with a stronger review score and more full-service amenities, but it costs far more. Option B is much cheaper and still centrally located, though it’s a lower-category hotel with a lower review score. Given the huge price difference for just one night, I’d choose the better value option.

Final answer: B"
1777,B,"Both hotels are in the same neighborhood, have free cancellation, and similar review scores, but Option B is much cheaper while still offering a solid 4-star stay and comparable guest satisfaction. Option A is more luxurious, but the price premium is very large for only a small review-score difference.

Final answer: B"
1778,B,"Option A is the more premium hotel with a higher star rating, better review score, and breakfast included, but it costs $194 more and doesn’t offer free cancellation. Option B is still well-rated, much cheaper, and includes free cancellation, which is a strong practical advantage for a one-night stay.

Final answer: B"
1781,A,"Option A is much cheaper while still having a solid review score and a central location in Times Square. Option B is slightly better rated and a 4-star hotel, but the price difference is large for only a small improvement.  

Final answer: A"
1782,B,"Option B is a bit more expensive, but it has a slightly better review score, many more reviews, and is a 4-star hotel, which suggests better overall quality and reliability. Since both have free cancellation and the same room type, I’d lean toward the stronger hotel value despite the higher price.

Final answer: B"
1785,A,"Option A is much cheaper, has the same star rating and guest review score as Option B, and also offers free cancellation, which adds flexibility. Option B does have a king bed and a more upscale neighborhood, but the price difference is substantial for a one-night stay.

Final answer: A"
1786,A,"Option A is cheaper by $62 and has a slightly better guest review score, while still offering a solid 4-star stay in Midtown East. Option B has free cancellation and a king bed, but the higher price doesn’t seem justified by the very small review difference.

Final answer: A"
1789,A,"Option A has the better guest review score, a more central Manhattan location in TriBeCa, and free cancellation, which adds flexibility. Option B is much cheaper and has a pool, but it’s in Brooklyn and has a lower review score with no cancellation.  
Final answer: A"
1790,B,"Option B is the better value: it’s $98 cheaper, still a 4-star hotel with a solid review score, and it includes free cancellation plus a pool. Option A has a slightly higher review score and a more central Manhattan location, but not enough to justify the higher price for a one-night stay.

Final answer: B"
1793,B,"Option A has the higher guest review score and is in TriBeCa, a nicer-feeling neighborhood for a short stay, but it’s $20 more and has no free cancellation. Option B is cheaper, has free cancellation, and includes a larger room with two double beds plus a fitness center, though its review score is lower. For the better overall mix of value and flexibility, I’d choose Option B.

Final answer: B"
1794,A,"Option A is cheaper by $19 and has a slightly better review score, while still offering the same room type and core amenities. Option B’s main advantage is free cancellation and a fitness center, but if I’m prioritizing value and overall guest satisfaction for a one-night stay, A looks like the better pick.

Final answer: A"
1797,B,"Option B is much cheaper, and it also has a slightly better guest review score. While Option A is a larger 4-star hotel in Times Square with more amenities, the price difference is substantial for a one-night stay, and B still offers a good location in Chelsea with solid reviews.  

Final answer: B"
1798,B,"Option B is much cheaper, has a better guest review score, and still offers free cancellation and solid amenities in a good neighborhood. Option A gives you breakfast and a larger room, but the price premium is very large for a lower-rated hotel.

Final answer: B"
