task_id,choice,raw_output
10001,A,I would choose Option B. It offers a more comfortable stay with air conditioning and
10002,A,I would choose **Option B** for my stay in New York City. The
10003,A,"I would choose Option B. It offers a more comfortable stay with air conditioning,"
10004,A,I would choose **Option B** for my hotel room in New York City.
10005,A,I would choose **Option B** for my stay in New York City. The
10006,A,I would choose **Option B** for my stay in New York City. It
10007,A,I would choose **Option B** for my stay in New York City. It
10008,A,I would choose **Option B** for my stay in New York City. The
10009,B,I would choose **Option A** for my stay at the Equinox Hotel New
10010,A,I would choose **Option B** for my stay at Pod 51 in
10011,A,I would choose **Option B** because it offers a lower price per night ($
10012,A,I would choose **Option B** for my stay at Pod 51 in
10013,A,I would choose **Option B** for my stay in New York City. The
10014,A,I would recommend Option B. It offers a better value for money and has higher
10015,A,I would choose **Option B** for my stay in New York City. The
10016,A,I would choose **Option B** for my stay in New York City. The
10017,A,I would choose **Option B** for my stay in New York City. The
10018,A,I would choose **Option B** for my stay in New York City. The
10019,A,I would choose **Option B** for my stay in New York City. The
10020,A,I would choose **Option B** for my stay in New York City. The
10021,A,I would choose **Option B** for my stay in New York City. The
10022,A,I would choose **Option B** for my stay in New York City. The
10023,A,I would choose **Option B** for my stay in New York City. The
10024,A,I would choose **Option B** for my stay in New York City. The
10025,A,I would choose **Option B** for my stay in New York City. The
10026,A,"I would choose **Option B**.

**Step-by-Step Explanation:**"
10027,B,I would choose **Option A** for my stay in New York City. It
10028,A,I would choose **Option B** for my stay in New York City. The
10029,A,I would choose **Option B** for my stay in New York City. The
10030,A,I would choose **Option B** for my stay in New York City. The
10031,A,I would choose **Option B** for my stay in New York City. The
10032,A,I would choose **Option B** for my stay in New York City. The
10033,A,I would choose **Option B** for my hotel stay in New York City.
10034,A,I would choose **Option B** for my stay in New York City. The
10035,A,I would choose **Option B** for my stay in New York City. The
10036,A,I would choose **Option B** for my stay in New York City. The
10037,A,"I would choose **Option B**.

**Step-by-Step Explanation:**"
10038,A,I would choose **Option B** for my stay in New York City. The
10039,A,I would choose **Option B** for my stay in New York City. The
10040,A,I would choose **Option B** for my stay in New York City. The
10041,A,I would choose **Option B** for my hotel stay in New York City.
10042,A,I would choose **Option B** for my stay in New York City. The
10043,A,I would choose **Option B** for my hotel stay in New York City.
10044,A,I would choose **Option B** for my hotel stay in New York City.
10045,A,"I would choose **Option B** for my stay at The Beekman,"
10046,A,"I would choose **Option B** for my stay at The Beekman,"
10047,A,"I would choose **Option B** for my stay at The Beekman,"
10048,A,"I would choose **Option B**.

**Step-by-Step Explanation:**"
10049,A,I would choose **Option B**. It offers a better value for money and
10050,A,I would choose **Option B** for my hotel stay in New York City.
10051,A,I would choose **Option B** for my stay in New York City. The
10052,A,I would choose **Option B** for my hotel stay in New York City.
10053,A,I would choose **Option B** for my stay in New York City. The
10054,A,I would choose **Option B** for my stay in New York City. The
10055,A,I would choose **Option B** for my stay in New York City. The
10056,A,I would choose **Option B** for my stay in New York City. The
10057,A,I would choose **Option B** for my stay in New York City. The
10058,A,I would choose **Option B** for my stay in New York City. The
10059,A,I would choose **Option B**. It offers a more comfortable stay with a
10060,A,I would choose **Option B** because it offers a lower price per night ($
10061,A,I would choose **Option B** for my stay in New York City. The
10062,A,I would choose **Option B** for my hotel stay in New York City.
10063,A,I would choose **Option B** for my hotel stay in New York City.
10064,A,I would choose **Option B** for my hotel stay in New York City.
10065,A,I would choose **Option B** for my hotel stay in New York City.
10066,A,I would choose **Option B** for my hotel stay in New York City.
10067,A,I would choose **Option B** for my hotel stay in New York City.
10068,A,I would choose **Option B** for my hotel stay in New York City.
10069,A,I would choose **Option B** for my stay in New York City. The
10070,A,I would choose **Option B** for my stay in New York City. The
10071,A,I would choose Option B. It offers a lower price per night ($11
10072,A,"I would choose Option B.

**Step-by-Step Explanation:**

1."
10073,B,I would choose **Option A** for my stay in New York City. The
10074,A,I would choose **Option B** for my stay in New York City. The
10075,A,I would choose **Option B** for my hotel stay in New York City.
10076,A,I would choose **Option B** for my stay in New York City. The
10077,B,I would choose **Option A** for my hotel stay in New York City.
10078,B,I would choose **Option A** for my hotel stay in New York City.
10079,B,I would choose **Option A** for my hotel stay in New York City.
10080,A,I would choose **Option B** for my hotel stay in New York City.
10081,A,I would choose **Option B** because it offers a lower price per night ($
10082,A,I would choose **Option B** because it offers a lower price per night ($
10083,A,I would recommend Option B. It offers a lower price and better amenities compared to
10084,A,I would choose **Option B** for my stay in New York City. The
10085,A,I would choose **Option B**. It offers a lower price per night ($
10086,A,I would choose **Option B** because it offers a lower price per night ($
10087,A,I would choose **Option B** for my stay in New York City. The
10088,A,I would choose **Option B** for my stay at Radio Hotel in New York
10089,B,I would choose **Option A** for my stay in New York City. The
10090,A,I would choose **Option B** for my stay in New York City. The
10091,A,I would choose **Option B** for my stay in New York City. The
10092,A,"I would choose **Option B**.

**Step-by-Step Explanation:**"
10093,A,I would choose **Option B** for my hotel stay in New York City.
10094,A,I would choose **Option B** for my hotel stay in New York City.
10095,A,I would choose **Option B** for my hotel stay in New York City.
10096,A,I would choose **Option B** for my hotel stay in New York City.
10097,A,I would choose **Option B** for my hotel stay in New York City.
10098,A,"I would choose Option B.

**Step-by-Step Explanation:**

1."
10099,A,I would choose **Option B** for my hotel stay in New York City.
10100,A,I would choose **Option B** for my stay in New York City. The
10101,A,I would choose **Option B** for my hotel stay in New York City.
10102,A,I would choose **Option B** for my hotel stay in New York City.
10103,A,I would choose **Option B** for my hotel stay in New York City.
10104,A,I would choose **Option B** for my hotel stay in New York City.
10105,A,I would choose **Option B** for my hotel stay in New York City.
10106,A,I would choose **Option B** for my hotel stay in New York City.
10107,A,I would choose **Option B** for my stay in New York City. The
10108,A,I would choose **Option B** for my hotel stay in New York City.
10109,A,I would choose **Option B** because it offers a better price of $1
10110,A,I would choose **Option B**. It offers a better price and more amenities
10111,A,I would choose **Option B** for my stay in New York City. The
10112,A,I would choose **Option B**. It offers a better price and more amenities
10113,A,I would choose **Option B** because it offers a lower price per night ($
10114,A,I would choose **Option B** for my stay in New York City. The
10115,A,I would choose **Option B** for my stay in New York City. The
10116,A,I would choose **Option B** for my stay in New York City. The
10117,A,I would choose **Option B** for my stay in New York City. The
10118,A,I would choose **Option B** because it offers a lower price per night ($
10119,A,I would choose **Option B** for my stay in New York City. The
10120,A,I would choose **Option B** for my stay in New York City. The
10121,A,I would choose **Option B**. It offers a lower price and better amenities
10122,A,I would choose **Option B** for my stay in New York City. The
10123,A,I would choose **Option B** for my stay in New York City. The
10124,A,I would choose **Option B** for my stay in New York City. The
10125,A,I would choose **Option B** for my stay in New York City. The
10126,A,I would choose **Option B** for my stay in New York City. The
10127,A,I would choose **Option B** for my stay in New York City. The
10128,A,I would choose **Option B** for my stay in New York City. The
10129,A,I would choose **Option B** for my stay in New York City. The
10130,A,I would choose **Option B** for my stay in New York City. The
10131,A,I would choose **Option B** for my stay in New York City. The
10132,A,I would choose **Option B** for my stay in New York City. The
10133,A,I would choose **Option B** for my stay in New York City. The
10134,A,I would choose **Option B** for my hotel stay in New York City.
10135,A,I would choose **Option B** for my stay in New York City. The
10136,A,I would choose **Option B** for my stay in New York City. The
10137,A,I would choose **Option B** for my stay in New York City. The
10138,A,I would choose **Option B** for my hotel stay in New York City.
10139,A,I would choose **Option B** for my hotel stay in New York City.
10140,A,I would choose **Option B** for my hotel stay in New York City.
10141,A,I would choose **Option B** for my stay in New York City. The
10142,A,I would choose Option B. It offers a better value for money and has higher
10143,A,I would choose **Option B**. It offers a better value for money and
10144,A,I would choose **Option B** for my stay in New York City. The
10145,A,I would choose **Option B** for my stay in New York City. The
10146,A,I would choose **Option B** for my hotel stay in New York City.
10147,B,I would choose **Option A** for my stay in New York City. The
10148,A,I would choose **Option B** for my stay in New York City. The
10149,A,I would choose **Option B** for my hotel stay in New York City.
10150,A,I would choose **Option B** for my stay in New York City. The
10151,A,I would choose Option B. It offers a better value for money and has higher
10152,A,I would choose **Option B** for my stay in New York City. The
10153,A,I would choose **Option B** for my hotel stay in New York City.
10154,A,I would choose **Option B** for my hotel stay in New York City.
10155,A,I would choose **Option B** for my stay in New York City. The
10156,A,I would choose **Option B** for my stay in New York City. The
10157,A,I would choose **Option B** for my stay at the MOYX NYC
10158,A,I would choose **Option B** for my stay at the MOYX NYC
10159,A,I would choose **Option B** for my stay at the MOYX NYC
10160,A,I would choose **Option B** for my stay at the MOYX NYC
10161,A,I would choose **Option B** for my stay in New York City. The
10162,A,I would choose **Option B** because it offers a lower price per night ($
10163,A,I would choose **Option B** for my stay in New York City. The
10164,A,I would choose **Option B** for my stay in New York City. The
10165,A,"I would choose Option B. It offers a higher star rating, better amenities,"
10166,A,"I would recommend Option B, MOXY NYC Times Square. It offers a higher"
10167,A,"I would recommend Option B. It offers a higher star rating, better amenities,"
10168,A,"I would recommend Option B, MOXY NYC Times Square. It offers a higher"
10169,A,I would choose **Option B** for my hotel room in New York City.
10170,A,I would choose **Option B** for my hotel room in New York City.
10171,A,I would choose **Option B** for my hotel room in New York City.
10172,B,I would choose **Option A** for my hotel room in New York City.
10173,A,I would choose **Option B** for my hotel stay in New York City.
10174,A,I would choose **Option B** for my hotel stay in New York City.
10175,A,I would choose **Option B** for my hotel stay in New York City.
10176,A,I would choose **Option B** for my stay in New York City. The
10177,A,I would choose **Option B** for my stay in New York City. The
10178,A,I would choose **Option B** for my stay in New York City. The
10179,A,I would choose **Option B** for my stay in New York City. The
10180,A,I would choose **Option B** for my hotel stay in New York City.
10181,A,I would choose **Option B** for my stay in New York City. The
10182,A,I would choose **Option B**. It offers a lower price per night ($
10183,A,I would choose **Option B** for my stay in New York City. The
10184,A,I would choose **Option B** for my stay in New York City. The
10185,A,I would choose **Option B** for my stay in New York City. The
10186,A,I would choose **Option B** for my hotel stay in New York City.
10187,A,I would choose **Option B** for my stay in New York City. The
10188,A,I would choose **Option B** for my stay in New York City. The
10189,A,I would choose **Option B** for my hotel stay in New York City.
10190,A,I would choose **Option B** for my hotel stay in New York City.
10191,A,I would choose **Option B** for my hotel stay in New York City.
10192,B,I would choose **Option A** for my hotel room in New York City.
10193,A,I would choose **Option B** because it offers a lower price per night ($
10194,A,I would choose **Option B** for my stay in New York City. The
10195,A,I would choose **Option B** for my stay in New York City. The
10196,A,I would choose **Option B** for my stay in New York City. The
10197,A,I would choose **Option B** for my stay at the Moxy NYC Lower
10198,A,I would choose **Option B** for my stay at the Moxy NYC Lower
10199,A,"I would choose **Option B** for my stay at The Beekman,"
10200,A,I would choose **Option B**. It offers a lower price and better amenities
10201,A,I would choose **Option B** for my stay in New York City. The
10202,B,I would choose **Option A** for my stay in New York City. The
10203,A,I would choose **Option B** for my stay in New York City. The
10204,A,I would choose **Option B** for my stay in New York City. The
10205,A,I would choose **Option B** for my stay in New York City. The
10206,A,I would choose **Option B** for my stay in New York City. It
10207,A,I would choose **Option B** for my stay in New York City. The
10208,A,I would choose **Option B** for my stay at The Moxy NYC Lower
10209,A,I would choose **Option B** for my hotel stay in New York City.
10210,A,B
10211,A,I would choose **Option B** for my hotel stay in New York City.
10212,A,I would choose **Option B** for my hotel stay in New York City.
10213,A,I would choose **Option B** for my stay in New York City. The
10214,A,I would choose **Option B** for my stay in New York City. The
10215,B,I would choose **Option A** for my stay in New York City. The
10216,A,I would choose **Option B** for my stay in New York City. The
10217,A,I would choose **Option B** for my stay in New York City. The
10218,A,I would choose **Option B** for this stay. It offers a more upscale
10219,A,I would choose **Option B** for this stay. It offers a better price
10220,A,I would choose **Option B** for my stay in New York City. The
10221,A,B
10222,A,I would choose **Option B** for my stay in New York City. The
10223,A,I would choose **Option B** for my stay in New York City. The
10224,A,I would choose **Option B** for my stay at the Moxy NYC East
10225,A,I would choose **Option B** for my hotel stay in New York City.
10226,A,I would choose **Option B** for my hotel stay in New York City.
10227,A,I would choose **Option B** for my stay in New York City. The
10228,A,I would choose **Option B** for my hotel stay in New York City.
10229,A,I would choose **Option B** for my hotel stay in New York City.
10230,A,I would choose **Option B**. It offers a lower price per night ($
10231,A,I would choose **Option B**. It offers a better price and more amenities
10232,B,I would choose **Option A** for my hotel room in New York City.
10233,A,I would choose **Option B** for my stay in New York City. The
10234,A,I would choose **Option B** for my stay in New York City. The
10235,A,I would choose **Option B** for my stay in New York City. The
10236,A,I would choose **Option B** for my stay in New York City. The
10237,A,"I would choose Option B.

**Step-by-Step Explanation:**

1."
10238,A,I would choose **Option B**. It offers a more comfortable stay with a
10239,A,I would choose **Option B** for my hotel stay in New York City.
10240,A,I would choose **Option B**. It offers a better price and more amenities
10241,A,I would choose **Option B** for my stay in New York City. The
10242,A,I would choose **Option B** for my stay in New York City. The
10243,A,I would choose **Option B** for my stay in New York City. The
10244,A,I would choose **Option B**. It offers a lower price per night ($
10245,A,I would choose **Option B** for my stay in New York City. The
10246,A,I would choose **Option B** for my stay in New York City. The
10247,A,I would choose **Option B** for my stay in New York City. The
10248,A,I would choose **Option B** for my stay in New York City. The
10249,A,I would choose **Option B** for my stay in New York City. The
10250,A,I would choose **Option B** for my stay in New York City. The
10251,A,I would choose **Option B** for my stay in New York City. The
10252,A,I would choose **Option B** for my stay in New York City. The
10253,A,I would choose **Option B** for my stay in New York City. The
10254,A,I would choose **Option B** for my stay in New York City. The
10255,A,I would choose **Option B** for my stay in New York City. The
10256,A,"I would choose **Option B**.

**Step-by-Step Explanation:**"
10257,A,I would choose **Option B**. It offers a better value for money and
10258,B,I would choose **Option A** for my stay in New York City. The
10259,A,I would choose **Option B**. It offers a lower price per night ($
10260,A,I would choose **Option B**. It offers a better price and more amenities
10261,A,I would choose **Option B** because it offers a lower price per night ($
10262,A,I would choose **Option B** for my stay in New York City. The
10263,A,I would choose **Option B** for my hotel stay in New York City.
10264,A,B
10265,A,I would choose **Option B** for my stay in New York City. The
10266,A,I would choose **Option B**. It offers a lower price per night ($
10267,A,I would choose **Option B** for my stay in New York City. The
10268,A,I would choose **Option B**. It offers a lower price per night ($
10269,A,I would choose **Option B** for my hotel stay in New York City.
10270,A,I would choose **Option B**. It offers a superior king room at a
10271,A,I would choose **Option B** because it offers a better price per night ($
10272,A,I would choose **Option B** for my hotel stay in New York City.
10273,A,I would choose **Option B** for my stay in New York City. The
10274,A,I would choose **Option B** for my stay in New York City. The
10275,A,I would choose **Option B** for my stay in New York City. The
10276,A,I would choose **Option B** for my stay in New York City. The
10277,A,I would choose **Option B** for my stay in New York City. The
10278,A,I would choose **Option B** for my stay in New York City. The
10279,A,I would choose **Option B** for my stay in New York City. The
10280,A,I would choose **Option B** for my stay in New York City. The
10281,A,I would choose **Option B** for my stay at the Broadway Plaza Hotel in
10282,A,I would choose **Option B** for my stay in New York City. The
10283,A,I would choose **Option B** for my stay in New York City. The
10284,A,I would choose **Option B** for my stay at the Broadway Plaza Hotel in
10285,A,I would choose **Option B** for my stay in New York City. The
10286,A,I would choose **Option B** for my stay in New York City. The
10287,A,I would choose **Option B** for my stay in New York City. The
10288,A,I would choose **Option B** for my stay in New York City. The
10289,A,I would choose **Option B** for my stay in New York City. The
10290,A,I would choose **Option B** for my stay in New York City. The
10291,A,I would choose **Option B** for my stay in New York City. The
10292,A,I would choose **Option B** for my stay in New York City. The
10293,A,I would choose **Option B** because it offers a lower price per night ($
10294,A,I would choose **Option B** because it offers a lower price per night ($
10295,A,I would choose **Option B** because it offers a lower price per night ($
10296,A,I would choose **Option B** for my hotel stay in New York City.
10297,A,I would choose **Option B** because it offers a lower price per night ($
10298,A,I would choose **Option B** because it offers a lower price per night ($
10299,A,I would choose **Option B** for my hotel room in New York City.
10300,A,I would choose **Option B** because it offers a better price per night ($
10301,A,I would choose **Option B** because it offers a lower price per night ($
10302,A,I would choose **Option B** because it offers a better price per night ($
10303,A,I would choose **Option B** for my stay in New York City. The
10304,A,I would choose **Option B** for my stay in New York City. The
10305,A,I would choose **Option B** for my hotel stay in New York City.
10306,A,I would choose **Option B**. It offers a lower price per night ($
10307,A,I would choose **Option B** for my hotel booking in New York City.
10308,A,I would choose **Option B** because it offers a better price per night ($
10309,A,I would choose **Option B** for my hotel stay in New York City.
10310,A,I would choose **Option B** for my hotel stay in New York City.
10311,A,I would choose **Option B** for my hotel stay in New York City.
10312,A,I would choose **Option B** because it offers a better price per night ($
10313,A,I would choose **Option B** for my hotel stay in New York City.
10314,A,I would choose **Option B** for my hotel stay in New York City.
10315,A,I would choose **Option B** for my hotel stay in New York City.
10316,A,I would choose **Option B** because it offers a lower price per night ($
10317,A,I would choose **Option B** because it offers a lower price per night ($
10318,A,I would choose **Option B** because it offers a lower price per night ($
10319,A,I would choose **Option B** for my hotel stay in New York City.
10320,A,I would choose **Option B** because it offers a lower price per night ($
10321,A,I would choose **Option B** because it offers a better price per night ($
10322,A,I would choose **Option B** because it offers a lower price per night ($
10323,A,I would choose **Option B** because it offers a lower price per night ($
10324,A,I would choose **Option B** because it offers a better price per night ($
10325,A,I would choose **Option B** for my stay in New York City. The
10326,A,I would choose **Option B** for my stay in New York City. The
10327,A,I would choose **Option B** for my stay in New York City. The
10328,A,I would choose **Option B** for my stay in New York City. The
10329,A,I would choose **Option B** for my stay at The Lucerne Hotel in
10330,A,I would choose **Option B** for my hotel booking in New York City.
10331,A,I would choose **Option B** for my hotel stay in New York City.
10332,A,I would choose **Option B** for my stay at The Lucerne Hotel in
10333,B,I would choose **Option A** for my hotel room in New York City.
10334,A,I would choose **Option B** for my hotel stay in New York City.
10335,B,I would choose **Option A** for my hotel room in New York City.
10336,A,I would choose **Option B** because it offers a better price per night ($
10337,B,I would choose **Option A** for my stay in New York City. The
10338,A,I would choose **Option B** for my hotel stay in New York City.
10339,A,I would choose **Option B** for my hotel stay in New York City.
10340,A,I would choose **Option B** for my stay in New York City. The
10341,A,"I would recommend Option B, Romer Hell's Kitchen. It offers a more"
10342,A,I would choose **Option B** for my stay in New York City. The
10343,A,I would choose **Option B** for this stay. The price is significantly lower
10344,A,I would choose **Option B** for my stay in New York City. The
10345,A,I would choose **Option B** for my hotel stay in New York City.
10346,A,I would choose **Option B** for my hotel stay in New York City.
10347,A,I would choose **Option B** for my hotel stay in New York City.
10348,B,I would choose **Option A** for my hotel room in New York City.
10349,A,I would choose **Option B**. It offers a lower price per night ($
10350,A,I would choose **Option B** because it offers a lower price per night ($
10351,A,I would choose **Option B** because it offers a better price per night ($
10352,A,I would choose **Option B**. It offers a lower price per night ($
10353,A,I would choose **Option B** for my stay in New York City. The
10354,A,I would choose **Option B**. It offers a more comfortable stay with a
10355,A,I would choose **Option B** because it offers a lower price per night ($
10356,A,I would choose **Option B** for my stay in New York City. The
10357,A,I would choose **Option B** for my stay in New York City. It
10358,B,I would choose **Option A** for my stay in New York City. The
10359,A,"I would recommend Option B.

**Step-by-Step Explanation:**

1."
10360,A,I would choose **Option B** for my stay in New York City. The
10361,B,I would choose **Option A** for my hotel room in New York City.
10362,A,I would choose **Option B** for my hotel stay in New York City.
10363,A,I would choose **Option B** for my hotel stay in New York City.
10364,A,I would choose **Option B** for my stay in New York City. The
10365,A,I would choose **Option B** for my hotel stay in New York City.
10366,A,I would choose **Option B** for my hotel stay in New York City.
10367,A,I would choose **Option B** for my hotel stay in New York City.
10368,A,"I would recommend Option B.

**Step-by-Step Explanation:**

1."
10369,A,"I would recommend Option B, SpringHill Suites by Marriott Midtown Manhattan."
10370,A,I would choose **Option B** for my hotel stay in New York City.
10371,A,I would choose **Option B** for my hotel stay in New York City.
10372,A,"I would recommend Option B.

**Reasoning:**  
Option B offers a higher"
10373,B,I would choose **Option A** for my hotel room in New York City.
10374,A,"I would choose **Option B**.

**Step-by-Step Explanation:**"
10375,A,I would choose **Option B** for my hotel room in New York City.
10376,A,I would choose **Option B** for my hotel stay in New York City.
10377,A,I would choose **Option B** for my stay at Courtyard by Marriott Times
10378,A,I would choose **Option B** for my hotel stay in New York City.
10379,A,I would choose **Option B** for my hotel stay in New York City.
10380,A,I would choose **Option B** for my hotel stay in New York City.
10381,A,I would choose **Option B** for my stay in New York City. The
10382,B,I would choose **Option A** for my stay in New York City. The
10383,B,I would choose **Option A** for my stay in New York City. The
10384,A,I would choose **Option B** for my hotel stay in New York City.
10385,A,I would choose **Option B** for my stay in New York City. The
10386,A,I would choose **Option B** for my stay in New York City. The
10387,A,I would choose **Option B** for my stay in New York City. The
10388,A,I would choose **Option B** for my stay in New York City. The
10389,A,I would choose **Option B** because it offers a lower price per night ($
10390,A,I would choose **Option B**. It offers a better value for money and
10391,A,I would choose **Option B**. It offers a lower price per night ($
10392,A,I would choose **Option B**. It offers a lower price per night ($
10393,A,I would choose **Option B** for my hotel stay in New York City.
10394,A,I would choose **Option B** for my hotel stay in New York City.
10395,A,I would choose **Option B** for my hotel stay in New York City.
10396,A,I would choose **Option B** for my stay in New York City. The
10397,B,I would choose **Option A** for my stay in New York City. The
10398,A,I would choose **Option B** for my hotel stay in New York City.
10399,B,I would choose **Option A** for my stay in New York City. The
10400,A,I would choose **Option B** for my hotel stay in New York City.
10401,A,I would choose **Option B** for my hotel stay in New York City.
10402,A,I would choose **Option B** for my hotel stay in New York City.
10403,B,I would choose **Option A** for my hotel room in New York City.
10404,A,I would choose **Option B** for my hotel stay in New York City.
10405,A,I would choose **Option B** for my hotel stay in New York City.
10406,A,I would choose **Option B** for my hotel stay in New York City.
10407,A,I would choose **Option B** for my hotel stay in New York City.
10408,A,I would choose **Option B** for my hotel stay in New York City.
10409,A,I would choose **Option B** for my hotel stay in New York City.
10410,A,I would choose **Option B** for my hotel stay in New York City.
10411,A,I would choose **Option B** for my hotel stay in New York City.
10412,A,I would choose **Option B** for my hotel stay in New York City.
10413,A,I would choose **Option B** for my hotel stay in New York City.
10414,A,I would choose **Option B** for my hotel stay in New York City.
10415,B,I would choose **Option A** for my hotel room in New York City.
10416,A,I would choose **Option B** for my hotel stay in New York City.
10417,A,I would choose **Option B** for my hotel stay in New York City.
10418,A,I would choose **Option B** for my hotel stay in New York City.
10419,A,I would choose **Option B** for my stay in New York City. The
10420,A,"I would choose **Option B**.

**Step-by-Step Explanation:**"
10421,B,I would choose **Option A** for my hotel room in New York City.
10422,A,I would choose **Option B** for my hotel stay in New York City.
10423,A,I would choose **Option B** for my hotel stay in New York City.
10424,A,I would choose **Option B** for my hotel stay in New York City.
10425,A,I would choose **Option B** for my hotel stay in New York City.
10426,A,I would choose **Option B** because it offers a lower price per night ($
10427,B,I would choose **Option A** for my hotel stay in New York City.
10428,A,I would choose **Option B** for my hotel stay in New York City.
10429,A,I would choose **Option B** for my hotel stay in New York City.
10430,A,I would choose **Option B** for my stay at the Hotel Indigo NYC
10431,A,I would choose **Option B** for my stay at the Hotel Indigo NYC
10432,A,I would choose **Option B** for my stay at the Hotel Indigo NYC
10433,A,I would choose **Option B** for my hotel stay in New York City.
10434,A,I would choose **Option B** for my hotel stay in New York City.
10435,A,I would choose **Option B**. It offers a better price and more amenities
10436,A,I would choose **Option B** for my hotel stay in New York City.
10437,A,I would choose **Option B** for my hotel stay in New York City.
10438,A,I would choose **Option B** for my hotel stay in New York City.
10439,A,I would choose **Option B** for my hotel stay in New York City.
10440,A,I would choose **Option B** for my hotel stay in New York City.
10441,A,I would choose **Option B** because it offers a better price per night ($
10442,A,I would choose **Option B** for my hotel stay in New York City.
10443,A,I would choose **Option B** for my hotel stay in New York City.
10444,A,I would choose **Option B** for my hotel stay in New York City.
10445,A,I would choose **Option B** for my hotel stay in New York City.
10446,A,I would choose **Option B** for my hotel room in New York City.
10447,A,I would choose **Option B** for my hotel stay in New York City.
10448,A,I would choose **Option B** for my stay in New York City. The
10449,B,I would choose **Option A** for my hotel room in New York City.
10450,A,I would choose **Option B** for my hotel room in New York City.
10451,A,I would choose **Option B** for my hotel stay in New York City.
10452,A,I would choose **Option B** for my hotel stay in New York City.
10453,B,I would choose **Option A** for my hotel room in New York City.
10454,B,I would choose **Option A** for my hotel room in New York City.
10455,B,I would choose **Option A** for my hotel room in New York City.
10456,B,I would choose **Option A** for my hotel room in New York City.
10457,A,I would choose **Option B** for my hotel stay in New York City.
10458,A,"I would choose **Option B**.

**Step-by-Step Explanation:**"
10459,A,I would choose **Option B** because it offers a better price per night ($
10460,A,I would choose **Option B**. It offers a better value for money and
10461,B,I would choose **Option A** for my hotel room in New York City.
10462,A,I would choose **Option B** for my hotel stay in New York City.
10463,B,I would choose **Option A** for my hotel room in New York City.
10464,B,I would choose **Option A** for my hotel room in New York City.
10465,A,I would choose **Option B** for my hotel stay in New York City.
10466,A,I would choose **Option B** for my hotel stay in New York City.
10467,A,I would choose **Option B**. It offers a better price and more amenities
10468,B,I would choose **Option A** for my hotel stay in New York City.
10469,A,I would choose **Option B** for my hotel stay in New York City.
10470,A,I would choose **Option B** for my hotel stay in New York City.
10471,A,I would choose **Option B** for my hotel stay in New York City.
10472,A,I would choose **Option B** for my hotel stay in New York City.
10473,A,I would choose **Option B** for my hotel stay in New York City.
10474,A,I would choose **Option B** for my hotel stay in New York City.
10475,A,I would choose **Option B** for my hotel stay in New York City.
10476,A,I would choose **Option B** for my hotel stay in New York City.
10477,A,I would choose **Option B**. It offers a better price and more amenities
10478,A,I would choose **Option B**. It offers a better price and more amenities
10479,A,I would choose **Option B**. It offers a lower price per night ($
10480,A,"I would choose **Option B**.

**Step-by-Step Explanation:**"
10481,A,"I would recommend Option B.

**Step-by-Step Explanation:**

1."
10482,A,I would choose **Option B** for my stay in New York City. The
10483,A,I would choose **Option B** for my stay in New York City. The
10484,A,I would choose **Option B** for my stay in New York City. The
10485,B,I would choose **Option A** for my hotel room in New York City.
10486,A,I would choose **Option B** for my stay in New York City. The
10487,A,I would choose **Option B** for my hotel stay in New York City.
10488,A,I would choose **Option B** for my hotel stay in New York City.
10489,A,I would choose **Option B** for my hotel stay in New York City.
10490,A,I would choose **Option B** for my stay in New York City. The
10491,A,I would choose **Option B** for my hotel stay in New York City.
10492,A,I would choose **Option B** for my hotel stay in New York City.
10493,A,I would choose **Option B** for my hotel stay in New York City.
10494,A,I would choose **Option B** for my hotel stay in New York City.
10495,B,I would choose **Option A** for my hotel room in New York City.
10496,A,I would choose **Option B** for my hotel stay in New York City.
10497,A,I would choose **Option B** for my stay in New York City. The
10498,A,I would choose **Option B** for my stay in New York City. The
10499,A,I would choose **Option B** for my stay in New York City. The
10500,A,I would choose **Option B** for my stay in New York City. The
10501,A,I would choose **Option B** for my hotel stay in New York City.
10502,A,I would choose **Option B** for my stay in New York City. The
10503,A,I would choose **Option B** for my hotel stay in New York City.
10504,A,I would choose **Option B** for my stay in New York City. The
10505,A,I would choose **Option B** for my stay in New York City. The
10506,A,I would choose **Option B** for my stay in New York City. The
10507,A,I would choose **Option B** for my hotel stay in New York City.
10508,A,I would choose **Option B** for my stay in New York City. The
10509,A,I would choose **Option B** for my stay at the citizenM New York
10510,A,I would choose **Option B** for my stay at the citizenM New York
10511,A,I would choose **Option B** for my stay at the citizenM New York
10512,A,I would choose **Option B** for my stay at the citizenM New York
10513,A,I would choose **Option B** for my hotel stay in New York City.
10514,A,I would choose **Option B** for my hotel stay in New York City.
10515,A,I would choose **Option B** for my hotel stay in New York City.
10516,A,I would choose **Option B** for my stay in New York City. The
10517,A,I would choose **Option B** for my stay in New York City. The
10518,A,I would choose **Option B** for my stay in New York City. The
10519,A,I would choose **Option B** for my stay at the citizenM New York
10520,A,I would choose **Option B** for my stay in New York City. The
10521,A,I would choose **Option B** for my hotel stay in New York City.
10522,A,I would choose **Option B** for my hotel stay in New York City.
10523,A,I would choose **Option B** for my hotel stay in New York City.
10524,A,I would choose **Option B** for my hotel stay in New York City.
10525,A,I would choose **Option B** for my hotel stay in New York City.
10526,A,I would choose **Option B** for my stay at Park Central Hotel New York
10527,A,I would choose **Option B** for my stay at Park Central Hotel New York
10528,A,I would choose **Option B** for my stay at Park Central Hotel New York
10529,B,I would choose **Option A** for my stay in New York City. The
10530,A,I would choose **Option B** for my stay in New York City. The
10531,A,I would choose **Option B** for my hotel room in New York City.
10532,B,I would choose **Option A** for my stay in New York City. The
10533,A,I would choose **Option B** for my hotel room in New York City.
10534,A,I would choose **Option B** for my hotel stay in New York City.
10535,A,I would choose **Option B** for my hotel stay in New York City.
10536,A,I would choose **Option B** for my hotel room in New York City.
10537,A,I would choose **Option B** for my stay in New York City. The
10538,A,I would choose **Option B** for my hotel stay in New York City.
10539,B,I would choose **Option A** for my hotel room in New York City.
10540,A,I would choose **Option B** for my hotel stay in New York City.
10541,A,I would choose **Option B** for my stay in New York City. The
10542,A,I would choose **Option B** for my hotel stay in New York City.
10543,A,I would choose **Option B** for my stay in New York City. The
10544,A,I would choose **Option B** for my stay in New York City. The
10545,B,I would choose **Option A** for my hotel room in New York City.
10546,A,I would choose **Option B** because it offers a better price per night ($
10547,A,I would choose **Option B** because it offers a better price per night ($
10548,B,I would choose **Option A** for my hotel room in New York City.
10549,A,I would choose **Option B** because it offers a better price per night ($
10550,A,"I would choose **Option B**. It offers a more comfortable stay, better"
10551,A,I would choose **Option B** for my hotel stay in New York City.
10552,A,I would choose **Option B** for my hotel stay in New York City.
10553,A,I would choose **Option B** for my hotel stay in New York City.
10554,A,I would choose **Option B** for my hotel stay in New York City.
10555,A,I would choose **Option B** for my hotel stay in New York City.
10556,A,I would choose **Option B** for my hotel stay in New York City.
10557,A,I would choose **Option B** for my hotel room in New York City.
10558,A,I would choose **Option B** because it offers a better price per night ($
10559,A,I would choose Option B because it offers a better price per night ($28
10560,A,I would choose **Option B** because it offers a better price per night ($
10561,A,I would choose **Option B** because it offers a better price of $2
10562,B,I would choose **Option A** for my hotel room in New York City.
10563,A,I would choose **Option B** for my hotel stay in New York City.
10564,B,I would choose **Option A** for my hotel room in New York City.
10565,A,I would choose **Option B** for my hotel stay in New York City.
10566,B,I would choose **Option A** for my hotel room in New York City.
10567,A,I would choose **Option B** for my hotel stay in New York City.
10568,A,I would choose **Option B** for my hotel stay in New York City.
10569,A,"I would choose **Option B**.

**Step-by-Step Explanation:**"
10570,B,I would choose **Option A** for my stay in New York City. The
10571,A,"I would choose **Option B**.

**Step-by-Step Explanation:**"
10572,B,I would choose **Option A** for my hotel room in New York City.
10573,A,I would choose **Option B** for my hotel stay in New York City.
10574,A,"I would choose Option B because it offers a higher star rating, better amenities,"
10575,A,I would choose **Option B** for my hotel stay in New York City.
10576,A,I would choose **Option B** for my hotel stay in New York City.
10577,A,I would choose **Option B** for my hotel stay in New York City.
10578,A,I would choose **Option B** for my hotel stay in New York City.
10579,A,I would choose **Option B** for my hotel stay in New York City.
10580,A,I would choose **Option B** for my hotel stay in New York City.
10581,A,I would choose **Option B** for my stay in New York City. The
10582,A,I would choose **Option B** for my hotel stay in New York City.
10583,A,I would choose **Option B** for my stay in New York City. The
10584,A,I would choose **Option B** for my stay in New York City. The
10585,A,I would choose **Option B** for my hotel stay in New York City.
10586,B,I would choose **Option A** for my hotel room in New York City.
10587,A,I would choose **Option B** for my hotel stay in New York City.
10588,B,I would choose **Option A** for my hotel room in New York City.
10589,A,I would choose **Option B** because it offers a lower price per night ($
10590,A,I would choose **Option B** for my stay in New York City. The
10591,A,I would choose **Option B** for my hotel stay in New York City.
10592,A,I would choose **Option B** for my stay in New York City. The
10593,A,I would choose **Option B** for my stay in New York City. The
10594,A,I would choose **Option B** for my stay in New York City. The
10595,A,I would choose **Option B** for my hotel stay in New York City.
10596,A,I would choose **Option B** for my stay in New York City. The
10597,A,I would choose **Option B** for my stay in New York City. The
10598,A,I would choose **Option B** for my stay in New York City. It
10599,A,I would choose **Option B** for my hotel stay in New York City.
10600,A,I would choose **Option B** for my hotel stay in New York City.
10601,A,I would choose **Option B** because it offers a lower price per night ($
10602,A,I would choose **Option B** because it offers a lower price per night ($
10603,A,I would choose **Option B** for my stay in New York City. The
10604,A,I would choose **Option B** for my hotel stay in New York City.
10605,A,I would choose **Option B** for my hotel stay in New York City.
10606,A,I would choose **Option B** for my hotel stay in New York City.
10607,B,I would choose **Option A** for my hotel room in New York City.
10608,A,I would choose **Option B** for my hotel stay in New York City.
10609,A,I would choose **Option B** because it offers a higher price per night ($
10610,A,I would choose **Option B** for my hotel stay in New York City.
10611,A,I would choose **Option B** for my hotel stay in New York City.
10612,A,I would choose **Option B** for my hotel stay in New York City.
10613,A,I would choose **Option B** for my hotel stay in New York City.
10614,A,I would choose **Option B** for my hotel stay in New York City.
10615,A,I would choose **Option B** for my hotel stay in New York City.
10616,B,I would choose **Option A** for my stay in New York City. The
10617,A,I would choose **Option B** for my stay in New York City. The
10618,A,I would choose **Option B** because it offers a lower price per night ($
10619,A,I would choose **Option B**. It offers a lower price and better amenities
10620,A,I would choose **Option B** because it offers a lower price per night ($
10621,A,I would choose **Option B** for my hotel stay in New York City.
10622,A,I would choose **Option B** for my stay in New York City. The
10623,A,"I would recommend Option B.

**Step-by-Step Explanation:**

1."
10624,B,I would choose **Option A** for my hotel room in New York City.
10625,A,I would choose **Option B** for my hotel stay in New York City.
10626,A,I would choose **Option B** for my hotel stay in New York City.
10627,A,I would choose **Option B** for my hotel stay in New York City.
10628,A,I would choose **Option B** because it offers a higher price per night ($
10629,A,I would choose **Option B** for my hotel stay in New York City.
10630,A,I would choose **Option B** for my hotel stay in New York City.
10631,A,I would choose **Option B** for my hotel stay in New York City.
10632,A,I would choose **Option B** for my hotel stay in New York City.
10633,A,I would choose **Option B** for my hotel stay in New York City.
10634,A,I would choose **Option B** for my hotel stay in New York City.
10635,A,I would choose **Option B** for my hotel stay in New York City.
10636,A,I would choose **Option B** for my hotel room in New York City.
10637,A,I would choose **Option B** for my hotel stay in New York City.
10638,A,I would choose **Option B** for my hotel stay in New York City.
10639,A,I would choose **Option B** for my hotel stay in New York City.
10640,A,I would choose **Option B** for my hotel stay in New York City.
10641,A,I would choose **Option B** for my hotel stay in New York City.
10642,A,I would choose **Option B** for my hotel stay in New York City.
10643,A,I would choose **Option B** because it offers a better price of $2
10644,B,I would choose **Option A** for my stay in New York City. The
10645,A,I would choose **Option B** for my hotel stay in New York City.
10646,B,I would choose **Option A** for my hotel room in New York City.
10647,A,I would choose **Option B** for my hotel stay in New York City.
10648,A,I would choose **Option B** for my hotel stay in New York City.
10649,A,I would choose **Option B** because it offers a better price per night ($
10650,B,I would choose **Option A** for my hotel stay in New York City.
10651,A,I would choose Option B.
10652,A,I would choose **Option B** for my hotel stay in New York City.
10653,A,"I would choose Option B. It offers a higher star rating, more reviews,"
10654,A,I would choose **Option B** for my stay in New York City. The
10655,A,"I would choose Option B, LUMA Hotel Times Square. It offers a"
10656,A,I would choose **Option B** for my stay in New York City. The
10657,A,I would choose **Option B** because it offers a better price per night ($
10658,A,I would recommend Option B. It offers a better price and more amenities compared to
10659,A,I would choose **Option B** because it offers a better price per night ($
10660,A,"I would recommend Option B, as it offers a more comfortable stay with a larger"
10661,A,I would choose **Option B** for my stay at Bryant Park Hotel in New
10662,A,I would choose **Option B** for my stay at Bryant Park Hotel in New
10663,A,I would choose **Option B** for my stay at Bryant Park Hotel in New
10664,A,I would choose **Option B** for my stay at Bryant Park Hotel in New
10665,A,I would choose **Option B** for my hotel stay in New York City.
10666,A,"I would recommend Option B, as it offers a higher star rating and better amenities"
10667,A,"I would recommend Option B, as it offers a higher star rating and better amenities"
10668,A,"I would recommend Option B, as it offers a higher star rating and better amenities"
10669,A,I would choose **Option B** for my hotel stay in New York City.
10670,B,I would choose **Option A** for my hotel room in New York City.
10671,A,I would choose **Option B** for my hotel stay in New York City.
10672,A,I would choose **Option B** for my hotel stay in New York City.
10673,A,I would choose **Option B** for my hotel stay in New York City.
10674,A,I would choose **Option B** for my hotel stay in New York City.
10675,A,I would choose **Option B** for my hotel stay in New York City.
10676,A,I would choose **Option B** for my hotel stay in New York City.
10677,B,I would choose **Option A** for my hotel room in New York City.
10678,B,I would choose **Option A** for my hotel room in New York City.
10679,A,I would choose **Option B** for my hotel stay in New York City.
10680,A,I would choose **Option B** for my hotel room in New York City.
10681,A,I would choose **Option B** for my hotel stay in New York City.
10682,A,I would choose **Option B** for my hotel stay in New York City.
10683,A,I would choose **Option B** for my hotel stay in New York City.
10684,A,I would choose **Option B** for my stay in New York City. The
10685,A,I would choose **Option B** for my stay in New York City. The
10686,A,I would choose **Option B** for this stay. The price is significantly lower
10687,A,I would choose **Option B** for my stay in New York City. The
10688,A,I would choose **Option B** for my stay in New York City. The
10689,A,I would choose **Option B** for my stay at NobleDEN Hotel in Little
10690,A,I would choose **Option B** for my hotel booking in New York City.
10691,A,I would choose **Option B** for my stay at NobleDEN Hotel in Little
10692,A,I would choose **Option B** because it offers a lower price per night ($
10693,B,I would choose **Option A** for my stay in New York City. The
10694,A,I would choose **Option B** for my stay in New York City. The
10695,B,I would choose **Option A** for my stay in New York City. The
10696,A,I would choose **Option B** for my stay in New York City. The
10697,A,I would choose **Option B** for my stay in New York City. The
10698,A,I would choose **Option B** for my stay in New York City. The
10699,A,I would choose **Option B** for my stay in New York City. The
10700,A,I would choose **Option B** for my stay in New York City. The
10701,A,I would choose **Option B** for my stay in New York City. The
10702,A,"I would choose **Option B**.

**Step-by-Step Explanation:**"
10703,A,I would choose **Option B** for my stay in New York City. The
10704,A,I would choose **Option B** for my stay in New York City. The
10705,A,I would choose **Option B** because it offers a better price per night ($
10706,B,I would choose **Option A** for my stay in New York City. The
10707,B,I would choose **Option A** for my stay in New York City. The
10708,A,I would choose **Option B** for my stay in New York City. The
10709,A,I would choose **Option B** for my hotel stay in New York City.
10710,A,I would choose **Option B** for my hotel stay in New York City.
10711,A,I would choose **Option B** for my hotel room in New York City.
10712,A,I would choose **Option B** for my hotel stay in New York City.
10713,B,I would choose **Option A** for my hotel room in New York City.
10714,B,I would choose **Option A** for my hotel room in New York City.
10715,B,"I would recommend Option A. It offers a better price and more amenities, which"
10716,A,I would choose **Option B** for my hotel room in New York City.
10717,A,"I would recommend Option B, Hard Rock Hotel New York. It offers better amenities"
10718,A,I would choose **Option B** because it offers a lower price per night ($
10719,A,I would choose **Option B** because it offers a better price per night ($
10720,B,I would choose **Option A** for my hotel room in New York City.
10721,A,I would choose **Option B** for my stay in New York City. The
10722,A,I would choose **Option B** for my stay in New York City. The
10723,A,I would choose Option B. It offers a more affordable stay at a lower star
10724,A,"I would choose **Option B**. It offers a more comfortable stay, better"
10725,B,I would choose **Option A** for my stay in New York City. The
10726,A,"I would recommend Option B.

**Step-by-Step Explanation:**

1."
10727,B,I would choose **Option A** for my stay in New York City. The
10728,B,I would choose **Option A** for my stay in New York City. The
10729,A,"I would recommend Option B, as it offers a higher star rating and better amenities"
10730,B,I would choose **Option A** for my hotel room in New York City.
10731,A,I would choose **Option B** for my hotel stay in New York City.
10732,A,"I would choose Option B.

**Step-by-Step Explanation:**

1."
10733,A,I would choose **Option B** for my stay in New York City. The
10734,A,I would choose **Option B** for my stay in New York City. The
10735,A,I would choose **Option B** for my hotel stay in New York City.
10736,A,I would choose **Option B** for my stay in New York City. The
10737,A,I would choose **Option B** for my stay in New York City. The
10738,A,I would choose **Option B** for my stay in New York City. The
10739,A,I would choose **Option B** for my stay in New York City. The
10740,B,I would choose **Option A** for my stay in New York City. The
10741,A,I would choose **Option B** for my stay in New York City. The
10742,A,I would choose **Option B** for my stay in New York City. The
10743,A,I would choose **Option B** for my stay in New York City. The
10744,A,I would choose **Option B** for my stay in New York City. The
10745,A,I would choose **Option B** for my hotel stay in New York City.
10746,A,I would choose **Option B** for my hotel stay in New York City.
10747,B,I would choose **Option A** for my hotel room in New York City.
10748,A,I would choose **Option B** for my stay in New York City. The
10749,B,I would choose **Option A** for my hotel stay in New York City.
10750,A,I would choose **Option B** for my hotel stay in New York City.
10751,A,I would choose **Option B** for my stay in New York City. The
10752,B,I would choose **Option A** for my stay in New York City. The
10753,A,I would choose **Option B** for my hotel stay in New York City.
10754,A,I would choose **Option B** for my stay in New York City. The
10755,A,I would choose **Option B** for my stay in New York City. The
10756,A,I would choose **Option B** for my stay in New York City. The
10757,A,"I would choose **Option B**.

**Step-by-Step Explanation:**"
10758,A,I would choose **Option B** for my stay in New York City. The
10759,A,I would choose **Option B** for my stay in New York City. The
10760,A,I would choose **Option B**. It offers a better price and more amenities
10761,B,I would choose **Option A** for my stay in New York City. The
10762,A,I would choose **Option B** for my stay at the Virgin Hotels New York
10763,B,I would choose **Option A** for my stay in New York City. The
10764,A,I would choose **Option B** for my hotel stay in New York City.
10765,A,I would choose **Option B** for my stay in New York City. The
10766,A,I would choose **Option B** for my stay in New York City. The
10767,A,I would choose **Option B** for my hotel stay in New York City.
10768,A,I would choose **Option B** for my stay in New York City. The
10769,A,I would choose **Option B** because it offers a lower price per night ($
10770,A,I would choose **Option B** for my stay in New York City. The
10771,A,I would choose **Option B** for my stay in New York City. The
10772,B,I would choose **Option A** for my hotel room in New York City.
10773,A,I would choose **Option B** for my stay in New York City. The
10774,A,I would choose **Option B** for this stay. The lower price point of
10775,A,I would choose **Option B** because it offers a lower price per night ($
10776,A,I would choose **Option B** because it offers a lower price per night ($
10777,A,I would choose **Option B** for my hotel stay in New York City.
10778,A,I would choose **Option B** because it offers a better price of $1
10779,B,I would choose **Option A** for my hotel room in New York City.
10780,A,I would choose **Option B** because it offers a better price of $2
10781,A,I would choose **Option B** for my stay in New York City. The
10782,A,I would choose **Option B** because it offers a better price per night ($
10783,A,I would choose **Option B** for my stay in New York City. The
10784,A,I would choose **Option B** because it offers a better price of $1
10785,A,I would choose **Option B** for my hotel stay in New York City.
10786,A,I would choose **Option B** for my hotel stay in New York City.
10787,A,I would choose **Option B** for my hotel stay in New York City.
10788,A,I would choose **Option B** for my hotel stay in New York City.
10789,A,I would choose **Option B** for my hotel stay in New York City.
10790,A,I would choose **Option B** for my hotel stay in New York City.
10791,A,I would choose **Option B** for my stay in New York City. The
10792,A,"I would choose Option B. It offers a higher star rating, better amenities,"
10793,A,I would choose **Option B** because it offers a better price of $2
10794,A,I would choose **Option B** because it offers a better price of $3
10795,A,I would choose **Option B** because it offers a lower price per night ($
10796,A,I would choose **Option B** because it offers a better price of $2
10797,B,I would choose **Option A** for my hotel stay in New York City.
10798,A,I would choose **Option B** for my hotel stay in New York City.
10799,A,I would choose **Option B** for my hotel stay in New York City.
10800,A,I would choose **Option B** for my hotel stay in New York City.
10801,A,I would choose **Option B** for my hotel stay in New York City.
10802,A,I would choose **Option B** for my hotel stay in New York City.
10803,A,I would choose **Option B** for my hotel stay in New York City.
10804,A,I would choose **Option B** for my hotel stay in New York City.
10805,A,I would choose **Option B** for my hotel stay in New York City.
10806,A,I would choose **Option B** for my hotel stay in New York City.
10807,A,I would choose **Option B** for my hotel stay in New York City.
10808,A,I would choose **Option B** for my hotel stay in New York City.
10809,A,I would choose **Option B** for my hotel stay in New York City.
10810,A,I would choose **Option B** for my hotel stay in New York City.
10811,A,"I would choose Option B. It offers a higher star rating, better amenities,"
10812,A,I would choose **Option B** for my hotel stay in New York City.
10813,B,I would choose **Option A** for my hotel room in New York City.
10814,A,"I would choose Option B, New York Hilton Midtown. It offers better amenities"
10815,A,I would choose **Option B** for my hotel stay in New York City.
10816,B,I would choose **Option A** for my hotel room in New York City.
10817,A,I would choose **Option B** for my stay at The New York Hilton Mid
10818,A,"I would choose **Option B**.

**Step-by-Step Explanation:**"
10819,A,I would choose **Option B** for my stay in New York City. The
10820,A,I would choose **Option B** for my stay at The New York Hilton Mid
10821,A,I would choose **Option B** for my hotel booking in New York City.
10822,A,"I would choose **Option B**.

**Step-by-Step Explanation:**"
10823,B,I would choose **Option A** for my hotel room in New York City.
10824,A,I would choose **Option B** because it offers a better price and more amenities
10825,A,I would choose **Option B** for my hotel stay in New York City.
10826,A,I would choose **Option B** for my hotel stay in New York City.
10827,A,I would choose **Option B** for my hotel stay in New York City.
10828,B,I would choose **Option A** for my hotel room in New York City.
10829,A,"I would recommend Option B, as it offers a higher star rating and more amenities"
10830,A,I would choose **Option B** for my hotel stay in New York City.
10831,A,I would choose **Option B** for my hotel stay in New York City.
10832,A,I would choose **Option B** for my hotel stay in New York City.
10833,A,I would choose **Option B** for my hotel stay in New York City.
10834,A,I would choose **Option B** for my hotel stay in New York City.
10835,A,I would choose **Option B** for my hotel stay in New York City.
10836,A,I would choose **Option B** for my hotel stay in New York City.
10837,A,I would choose **Option B** for my hotel stay in New York City.
10838,A,"I would recommend Option B. It offers a higher star rating, better amenities,"
10839,A,I would choose **Option B** for my hotel stay in New York City.
10840,A,"I would recommend Option B. It offers a higher star rating, better amenities,"
10841,A,I would choose **Option B** for my stay in New York City. The
10842,A,I would choose **Option B** for my stay in New York City. The
10843,A,"I would choose Option B. It offers a higher star rating, more reviews,"
10844,A,I would choose **Option B** for my hotel stay in New York City.
10845,A,I would choose **Option B** for my stay at the Kimpton Theta New
10846,A,I would choose **Option B** for my hotel stay in New York City.
10847,A,"I would recommend Option B, as it offers a higher star rating and better amenities"
10848,A,I would choose **Option B** for my hotel stay in New York City.
10849,A,I would choose **Option B** for my hotel stay in New York City.
10850,A,I would choose **Option B** for my stay in New York City. The
10851,A,I would choose **Option B** for my stay in New York City. The
10852,A,I would choose **Option B** for my stay in New York City. The
10853,A,I would choose **Option B** because it offers a better price per night ($
10854,A,I would choose **Option B**. It offers a better price and more amenities
10855,A,I would choose **Option B** for my stay in New York City. The
10856,B,I would choose **Option A** for my stay in New York City. The
10857,A,"I would recommend Option B. It offers a higher star rating, better amenities,"
10858,A,I would choose **Option B** for my hotel stay in New York City.
10859,A,I would choose **Option B** because it offers a more affordable price of $
10860,A,I would choose **Option B** for my stay in New York City. The
10861,A,I would choose **Option B** for my hotel stay in New York City.
10862,A,I would choose **Option B** for my stay at the Kimpton Theta New
10863,B,I would choose **Option A** for my hotel room in New York City.
10864,B,I would choose **Option A** for my hotel room in New York City.
10865,A,I would choose **Option B** for my stay in New York City. The
10866,A,I would choose **Option B** for my stay in New York City. The
10867,B,I would choose **Option A** for my stay in New York City. The
10868,A,I would choose **Option B** for my stay in New York City. The
10869,A,I would choose **Option B** for my hotel stay in New York City.
10870,A,I would choose **Option B** for my hotel stay in New York City.
10871,A,I would choose **Option B** for my hotel stay in New York City.
10872,A,I would choose **Option B** for my hotel stay in New York City.
10873,A,"I would recommend Option B.

**Step-by-Step Explanation:**

1."
10874,A,I would choose **Option B** for my stay in New York City. The
10875,A,I would choose **Option B** because it offers a lower price per night ($
10876,A,I would choose **Option B** for my stay in New York City. The
10877,A,I would choose **Option B** for my hotel stay in New York City.
10878,A,I would choose **Option B** for my hotel stay in New York City.
10879,A,I would choose **Option B** for my hotel stay in New York City.
10880,A,I would choose **Option B** for my hotel stay in New York City.
10881,A,I would choose **Option B** for my hotel stay in New York City.
10882,A,I would choose **Option B** for my hotel stay in New York City.
10883,A,I would choose **Option B** for my hotel stay in New York City.
10884,A,I would choose **Option B** for my hotel stay in New York City.
10885,A,I would choose **Option B** for my hotel stay in New York City.
10886,A,"I would recommend Option B.

**Reasoning:** 
- **Price Comparison**:"
10887,A,"I would recommend Option B, The Hotel Chelsea. It offers a higher star rating"
10888,A,I would choose **Option B** for my hotel stay in New York City.
10889,A,I would choose **Option B** because it offers a better price per night ($
10890,A,I would choose **Option B** for my hotel stay in New York City.
10891,B,I would choose **Option A** for my hotel booking in New York City.
10892,A,I would choose **Option B** for my hotel stay in New York City.
10893,A,I would choose **Option B** because it offers a lower price per night ($
10894,A,I would choose **Option B** for my hotel stay in New York City.
10895,A,I would choose **Option B** because it offers a lower price per night ($
10896,A,I would choose **Option B** for my hotel stay in New York City.
10897,A,I would choose **Option B** because it offers a better price per night ($
10898,A,I would choose **Option B** for my stay in New York City. The
10899,A,I would choose **Option B** for my hotel stay in New York City.
10900,A,I would choose **Option B** for my hotel booking in New York City.
10901,A,I would choose **Option B** for my hotel stay in New York City.
10902,B,I would choose **Option A** for my stay in New York City. The
10903,A,I would choose **Option B** for my stay in New York City. The
10904,A,I would choose **Option B** for my hotel stay in New York City.
10905,A,I would choose **Option B**. It offers a better price and more amenities
10906,A,I would choose **Option B** for my stay in New York City. The
10907,A,"I would choose **Option B** because it offers a more comfortable stay, better"
10908,A,I would choose Option B. It offers a more comfortable stay with a King Room
10909,A,I would choose **Option B** for my stay at the Nine Orchard hotel in
10910,A,I would choose **Option B** because it offers a lower price per night ($
10911,A,I would choose **Option B** for my stay at the Nine Orchard Hotel in
10912,A,I would choose **Option B** for my stay at the Nine Orchard Hotel in
10913,A,I would choose **Option B** for my hotel stay in New York City.
10914,B,I would choose **Option A** for my hotel room in New York City.
10915,A,I would choose **Option B** for my hotel stay in New York City.
10916,A,I would choose **Option B** for my hotel room in New York City.
10917,A,"I would recommend Option B. It offers a higher star rating, better amenities,"
10918,A,I would choose **Option B** for my stay in New York City. The
10919,A,"I would recommend Option B, Nine Orchard, as it offers a higher star rating"
10920,A,"I would recommend Option B. It offers a higher star rating, better amenities,"
10921,A,I would choose **Option B** for my hotel stay in New York City.
10922,A,I would choose **Option B** for my stay at the Andaz 5
10923,A,I would choose **Option B** for my stay at the Andaz 5
10924,A,I would choose **Option B** because it offers a lower price per night ($
10925,B,I would choose **Option A** for my hotel room in New York City.
10926,B,I would choose **Option A** for my hotel room in New York City.
10927,B,I would choose **Option A** for my hotel stay in New York City.
10928,B,I would choose **Option A** for my hotel room in New York City.
10929,A,I would choose **Option B** for my stay in New York City. The
10930,A,I would choose **Option B** for my stay in New York City. The
10931,A,"I would recommend Option B, as it offers a higher star rating (4 stars"
10932,B,I would choose **Option A** for my stay in New York City. The
10933,A,I would recommend Option B. It offers a higher price per night ($55
10934,A,I would choose **Option B** for my hotel stay in New York City.
10935,A,I would choose **Option B** for my hotel stay in New York City.
10936,B,I would choose **Option A** for my hotel room in New York City.
10937,A,I would choose **Option B** for my stay in New York City. The
10938,B,I would choose **Option A** for my hotel booking in New York City.
10939,B,I would choose **Option A** for my hotel booking in New York City.
10940,A,I would choose **Option B** for my hotel stay in New York City.
10941,A,I would choose **Option B** for my stay in New York City. The
10942,A,I would choose **Option B** for my stay in New York City. The
10943,A,I would choose **Option B** for my stay in New York City. The
10944,A,I would choose **Option B** for my stay in New York City. The
10945,A,I would choose **Option B** for my hotel stay in New York City.
10946,A,I would choose **Option B** for my stay in New York City. The
10947,A,"I would choose Option B. It offers a higher star rating, better amenities,"
10948,A,I would choose **Option B** for my stay in New York City. The
10949,A,I would choose **Option B** for my hotel stay in New York City.
10950,A,I would choose **Option B** because it offers a better price per night ($
10951,A,I would choose **Option B** for my hotel stay in New York City.
10952,A,I would choose **Option B** because it offers a better price per night ($
10953,A,I would choose **Option B** for my stay in New York City. The
10954,A,I would choose **Option B** for my hotel stay in New York City.
10955,A,"I would choose Option B. It offers a higher star rating, better amenities,"
10956,A,I would choose **Option B** for my stay in New York City. The
10957,A,"I would choose Option B. It offers a higher star rating, better amenities,"
10958,A,"I would choose Option B. It offers a higher star rating, better amenities,"
10959,A,I would choose **Option B** for my hotel stay in New York City.
10960,A,I would choose **Option B** for my stay in New York City. The
10961,A,I would choose **Option B** for my stay in New York City. The
10962,A,I would choose **Option B** for my stay in New York City. The
10963,A,I would choose **Option B** for my stay in New York City. The
10964,A,I would choose **Option B** for my stay in New York City. The
10965,A,I would choose **Option B** for my stay in New York City. The
10966,A,I would choose **Option B** because it offers a better price per night ($
10967,A,I would choose **Option B** for my stay in New York City. The
10968,A,I would choose **Option B** because it offers a lower price per night ($
10969,A,I would choose **Option B** for my hotel stay in New York City.
10970,A,I would choose **Option B** for my hotel stay in New York City.
10971,B,I would choose **Option A** for my stay in New York City. The
10972,A,I would choose **Option B** for my hotel stay in New York City.
10973,A,I would choose **Option B** for my hotel room in New York City.
10974,A,I would choose **Option B** for my hotel stay in New York City.
10975,A,I would choose **Option B** for my hotel stay in New York City.
10976,A,"I would choose Option B. It offers a higher star rating, better amenities,"
10977,A,I would choose **Option B** for my hotel stay in New York City.
10978,A,I would choose **Option B** for my hotel stay in New York City.
10979,A,I would choose **Option B** for my hotel stay in New York City.
10980,A,I would choose **Option B** for my hotel stay in New York City.
10981,A,I would choose **Option B** for my hotel stay in New York City.
10982,A,I would choose **Option B** for my hotel stay in New York City.
10983,A,I would choose **Option B** for this stay. The Sofitel New York
10984,A,I would choose **Option B** for my hotel booking in New York City.
10985,A,I would choose **Option B** for my hotel stay in New York City.
10986,A,I would choose **Option B** for my hotel stay in New York City.
10987,A,I would choose **Option B** for my hotel stay in New York City.
10988,A,"I would choose Option B.

**Step-by-Step Explanation:**

1."
10989,A,I would choose **Option B** for my hotel stay in New York City.
10990,A,I would choose **Option B** for my hotel stay in New York City.
10991,B,I would choose **Option A** for my hotel stay in New York City.
10992,A,I would choose **Option B** for my hotel stay in New York City.
10993,A,I would choose **Option B** for my stay in New York City. The
10994,A,I would choose **Option B** because it offers a more affordable price of $
10995,A,I would choose **Option B** because it offers a better price per night ($
10996,A,I would choose **Option B** for my stay in New York City. The
10997,A,I would choose **Option B** for my stay in New York City. The
10998,A,I would choose **Option B** for my stay in New York City. The
10999,A,I would choose **Option B** for my stay in New York City. The
11000,A,I would choose **Option B** for my stay in New York City. The
11001,A,I would choose **Option B** for my hotel stay in New York City.
11002,A,I would choose **Option B** for my stay in New York City. The
11003,A,I would choose **Option B** for my stay in New York City. The
11004,A,I would choose **Option B** for my hotel stay in New York City.
11005,A,I would choose **Option B** for my hotel stay in New York City.
11006,A,I would choose **Option B** for my hotel stay in New York City.
11007,A,I would choose **Option B** for my hotel stay in New York City.
11008,A,I would choose **Option B** for my hotel stay in New York City.
11009,A,I would choose **Option B** for my hotel stay in New York City.
11010,A,I would choose **Option B** for my hotel stay in New York City.
11011,A,"I would choose Option B.

**Reasoning:** 
- **Price Comparison:**"
11012,A,"I would choose Option B. It offers a higher star rating, better amenities,"
11013,A,"I would choose Option B. It offers a superior room type, free breakfast,"
11014,A,"I would recommend Option B, The Dominick Hotel. It offers a higher star"
11015,A,"I would choose Option B. It offers a superior room type, better amenities,"
11016,A,I would choose **Option B** for my stay in New York City. The
11017,A,I would choose **Option B** for my hotel stay in New York City.
11018,A,I would choose **Option B** for my stay in New York City. The
11019,A,I would choose **Option B** for my stay in New York City. The
11020,A,I would choose **Option B** for my hotel stay in New York City.
11021,A,I would choose **Option B** because it offers a better price and more amenities
11022,A,I would choose **Option B** for my stay in New York City. The
11023,A,I would choose **Option B** for my stay in New York City. The
11024,A,I would choose **Option B** for my stay in New York City. The
11025,A,I would choose **Option B** for my stay in New York City. The
11026,A,I would choose **Option B** because it offers a higher star rating (5
11027,A,I would choose **Option B** for my stay in New York City. The
11028,A,I would choose **Option B** for my stay in New York City. The
11029,A,"I would recommend Option B. It offers a higher star rating, better amenities,"
11030,A,I would choose **Option B** for my hotel stay in New York City.
11031,A,"I would recommend Option B. It offers a higher star rating, better amenities,"
11032,A,I would recommend Option B. It offers a higher star rating and more amenities compared
11033,A,"I would choose Option B. It offers a higher star rating, more amenities,"
11034,A,I would choose **Option B** for my hotel stay in New York City.
11035,A,I would choose Option B because it offers a higher star rating (5 stars)
11036,A,"I would choose Option B. It offers a higher star rating, more key amenities"
11037,A,"I would recommend Option B. It offers a higher star rating, better amenities,"
11038,A,"I would choose Option B.

**Step-by-Step Explanation:**

1."
11039,A,I would choose **Option B** for my hotel stay in New York City.
11040,A,"I would choose Option B because it offers a higher star rating, better amenities,"
11041,A,I would choose **Option B** for my hotel stay in New York City.
11042,A,"I would choose Option B. It offers a superior stay with free WiFi, gym"
11043,A,I would choose **Option B** for my hotel stay in New York City.
11044,A,I would choose **Option B** for my hotel stay in New York City.
11045,A,I would choose **Option B** for my stay in New York City. The
11046,A,I would choose **Option B** for my stay in New York City. The
11047,A,I would choose **Option B** for my stay in New York City. The
11048,A,I would choose Option B because it offers a higher star rating (5 stars)
11049,A,I would choose **Option B** for my hotel stay in New York City.
11050,A,I would choose **Option B** because it offers a better price of $6
11051,A,I would choose **Option B** for my stay in New York City. The
11052,B,I would choose **Option A** for my hotel stay in New York City.
11053,A,I would choose Option B. The superior king room at The Whitby Hotel offers
11054,A,"I would choose Option B because it offers a higher star rating, better amenities,"
11055,A,I would choose Option B. The superior king room at The Whitby Hotel offers
11056,A,"I would choose Option B. It offers a higher star rating, better amenities,"
11057,A,I would choose **Option B** for my hotel stay in New York City.
11058,A,I would choose **Option B** for my stay in New York City. The
11059,A,I would choose **Option B** for my stay in New York City. The
11060,A,I would choose **Option B** for my stay in New York City. The
11061,A,I would choose **Option B** for my hotel stay in New York City.
11062,A,I would choose **Option B** for my hotel stay in New York City.
11063,A,I would choose **Option B** for my hotel stay in New York City.
11064,A,I would choose **Option B** for my hotel stay in New York City.
11065,B,I would choose **Option A** for my stay in New York City. The
11066,A,I would choose **Option B** for my stay in New York City. The
11067,A,I would choose **Option B** for my stay in New York City. The
11068,B,I would choose **Option A** for my stay in New York City. The
11069,A,"I would recommend Option B, Four Seasons Hotel New York Downtown. It offers a"
11070,A,I would choose **Option B** for my stay in New York City. The
11071,A,"I would choose Option B, Four Seasons Hotel New York Downtown. It offers a"
11072,A,"I would choose Option B. It offers a higher star rating, better amenities,"
11073,A,I would choose **Option B** for my hotel stay in New York City.
11074,A,I would choose **Option B** for my stay in New York City. The
11075,A,"I would choose Option B. It offers a higher star rating, better amenities,"
11076,A,I would choose **Option B** for my hotel stay in New York City.
11077,A,I would choose Option B because it offers a higher star rating (5 stars)
11078,A,I would choose Option B because it offers a higher star rating (5 stars)
11079,A,I would choose **Option B** for my stay in New York City. The
11080,A,I would choose **Option B** for my stay in New York City. The
11081,A,I would choose **Option B** for my stay in New York City. The
11082,A,I would choose **Option B** for my stay in New York City. The
11083,A,I would choose **Option B** for my stay in New York City. The
11084,A,I would choose **Option B** for my stay in New York City. The
11085,A,I would choose **Option B** for my stay in New York City. The
11086,A,I would choose **Option B** for my stay in New York City. The
11087,A,"I would choose Option B. It offers a higher star rating, better amenities,"
11088,A,I would choose **Option B** for my hotel stay in New York City.
11089,A,I would choose **Option B** for my hotel stay in New York City.
11090,A,I would choose **Option B** for my hotel stay in New York City.
11091,B,I would choose **Option A** for my hotel room in New York City.
11092,A,I would choose **Option B** for my hotel stay in New York City.
11093,A,I would choose **Option B** for my hotel stay in New York City.
11094,B,I would choose **Option A** for my hotel stay in New York City.
11095,A,I would choose **Option B** because it offers a better price and more amenities
11096,A,I would choose **Option B** because it offers a better price per night ($
11097,A,I would choose **Option B** for my stay in New York City. The
11098,A,I would choose **Option B** for my stay in New York City. The
11099,A,I would choose **Option B** for my stay in New York City. The
11100,A,I would choose **Option B** for my hotel stay in New York City.
11101,A,"I would choose Option B because it offers a higher star rating, better amenities,"
11102,A,I would choose **Option B** for my hotel stay in New York City.
11103,A,"I would recommend Option B.

**Step-by-Step Explanation:**

1."
11104,A,I would choose **Option B** for my hotel stay in New York City.
11105,A,I would recommend Option B. It offers a more affordable stay at a higher star
11106,A,I would choose **Option B** for my stay in New York City. The
11107,A,I would choose **Option B** for my stay in New York City. The
11108,A,I would choose **Option B** for my stay in New York City. The
11109,A,I would choose **Option B** for my hotel stay in New York City.
11110,A,I would choose **Option B** for my hotel stay in New York City.
11111,A,I would choose **Option B** for my hotel stay in New York City.
11112,A,I would choose **Option B** for my hotel stay in New York City.
11113,A,"I would choose Option B.

**Reasoning:** 
- **Price Comparison**:"
11114,A,I would choose **Option B** for my stay in New York City. The
11115,A,"I would choose Option B because it offers a higher star rating, better amenities,"
11116,A,"I would choose Option B.

**Step-by-Step Explanation:**

1."
11117,A,I would choose **Option B** for my hotel stay in New York City.
11118,A,I would choose **Option B** for my hotel stay in New York City.
11119,A,I would choose **Option B** for my hotel stay in New York City.
11120,A,I would choose **Option B** for my hotel stay in New York City.
11121,A,I would choose **Option B** for my stay in New York City. The
11122,A,"I would recommend Option B, The Plaza, as it offers a higher star rating"
11123,A,I would choose **Option B** for my stay in New York City. The
11124,A,I would choose **Option B** for my stay in New York City. The
11125,A,"I would recommend Option B, The Plaza, as it offers better value for your"
11126,B,I would choose **Option A** for my hotel room in New York City.
11127,B,I would choose **Option A** for my stay in New York City. The
11128,B,I would choose **Option A** for my stay in New York City. The
11129,A,I would choose **Option B** for my hotel stay in New York City.
11130,A,I would choose Option B. It offers a higher star rating (5 stars)
11131,A,I would choose Option B. It offers a higher star rating (5 stars)
11132,A,I would choose Option B. It offers a higher star rating (5 stars)
11133,A,I would choose **Option B** for my stay in New York City. The
11134,B,I would choose **Option A** for my hotel stay in New York City.
11135,A,I would choose **Option B** for my stay in New York City. The
11136,A,I would choose Option B.
11137,A,I would choose **Option B** for my hotel stay in New York City.
11138,A,"I would choose Option B. It offers a higher star rating, better amenities,"
11139,A,"I would choose Option B, Equinox Hotel New York. It offers a higher"
11140,A,I would choose Option B. It offers a higher star rating (5 stars)
11141,A,I would choose **Option B** for my hotel stay in New York City.
11142,A,I would choose Option B. It offers better value for money and has a higher
11143,A,I would choose **Option B** for my hotel stay in New York City.
11144,B,I would choose **Option A** for my hotel room in New York City.
11145,A,I would choose **Option B** for my stay at the Equinox Hotel New
11146,A,I would choose **Option B** for my stay at the Equinox Hotel New
11147,A,I would choose **Option B**. It offers a more luxurious experience with better
11148,A,I would choose **Option B** for my stay in New York City. The
11149,A,I would choose **Option B** for my hotel booking in New York City.
11150,A,"I would choose Option B, Hampton Inn Manhattan-Chelsea. It offers a higher"
11151,A,"I would choose Option B. It offers a higher star rating, better breakfast service"
11152,A,I would choose **Option B** for my hotel booking in New York City.
11153,A,I would choose **Option B** for my hotel stay in New York City.
11154,A,I would choose **Option B** because it offers a better price and more amenities
11155,A,I would choose **Option B** for my stay in New York City. The
11156,A,I would choose **Option B** for my hotel stay in New York City.
11157,A,I would choose **Option B** for my hotel stay in New York City.
11158,A,I would choose **Option B** for my hotel room in New York City.
11159,B,I would choose **Option A** for my hotel room in New York City.
11160,A,I would choose **Option B** for my hotel room in New York City.
11161,B,I would choose **Option A** for my hotel stay in New York City.
11162,B,I would choose **Option A** for my hotel booking in New York City.
11163,A,I would choose **Option B** for my hotel stay in New York City.
11164,A,I would choose **Option B** for my stay in New York City. The
11165,A,I would choose **Option B** for my hotel stay in New York City.
11166,A,I would choose **Option B** for my hotel stay in New York City.
11167,A,I would choose **Option B** for my hotel stay in New York City.
11168,A,I would choose **Option B** for my hotel booking in New York City.
11169,B,I would choose **Option A** for my hotel room in New York City.
11170,A,"I would choose Option B. It offers a higher star rating, better amenities,"
11171,A,I would choose **Option B** for my hotel stay in New York City.
11172,B,I would choose **Option A** for my hotel room in New York City.
11173,A,I would choose **Option B** for my stay in New York City. The
11174,A,I would choose **Option B** for my stay in New York City. The
11175,A,I would choose **Option B** for my stay in New York City. The
11176,A,I would choose **Option B** for my stay in New York City. The
11177,B,I would choose **Option A** for my hotel room in New York City.
11178,B,I would choose **Option A** for my hotel room in New York City.
11179,A,I would choose **Option B** for my hotel stay in New York City.
11180,A,I would choose **Option B** for my hotel room in New York City.
11181,A,I would choose **Option B** for my hotel stay in New York City.
11182,A,I would choose **Option B** for my stay in New York City. The
11183,A,B
11184,A,I would choose **Option B** for my hotel booking in New York City.
11185,A,I would choose **Option B** for my stay in New York City. The
11186,A,"I would choose Option B.

**Step-by-Step Explanation:**

1."
11187,A,I would choose **Option B** for my stay in New York City. The
11188,A,I would choose **Option B** for my stay in New York City. The
11189,B,I would choose **Option A** for my hotel room in New York City.
11190,A,I would choose **Option B** for my hotel stay in New York City.
11191,A,"I would recommend Option B, Hampton Inn Manhattan-Seaport/Financial District."
11192,A,I would choose **Option B** for my hotel stay in New York City.
11193,A,I would choose **Option B**. It offers a better value for money and
11194,A,I would choose **Option B** for my hotel stay in New York City.
11195,A,I would choose **Option B** for my hotel stay in New York City.
11196,A,I would choose **Option B** for my hotel stay in New York City.
11197,A,I would choose **Option B** for my hotel stay in New York City.
11198,B,I would choose **Option A** for my hotel stay in New York City.
11199,A,I would choose **Option B** for my hotel stay in New York City.
11200,A,"I would choose **Option B**.

**Step-by-Step Explanation:**"
11201,A,I would choose **Option B** for my hotel stay in New York City.
11202,A,I would choose **Option B** for my hotel stay in New York City.
11203,A,I would choose **Option B** for my hotel stay in New York City.
11204,A,"I would recommend Option B, Hampton Inn Manhattan-Seaport/Financial District."
11205,B,I would choose **Option A** for my hotel booking in New York City.
11206,B,I would choose **Option A** for my stay in New York City. The
11207,A,I would choose **Option B** for my hotel stay in New York City.
11208,A,I would choose **Option B** for my hotel stay in New York City.
11209,A,I would choose **Option B** for my hotel stay in New York City.
11210,A,I would choose **Option B** for my hotel stay in New York City.
11211,A,I would choose **Option B** for my hotel stay in New York City.
11212,A,I would choose **Option B** for my hotel stay in New York City.
11213,B,I would choose **Option A** for my hotel room in New York City.
11214,A,I would choose **Option B** for my hotel stay in New York City.
11215,A,I would choose **Option B** for my hotel stay in New York City.
11216,A,"I would recommend Option B.

**Step-by-Step Explanation:**

1."
11217,A,I would choose **Option B** for my hotel stay in New York City.
11218,A,I would choose **Option B** for my hotel stay in New York City.
11219,A,I would choose **Option B** for my hotel stay in New York City.
11220,B,I would choose **Option A** for my hotel room in New York City.
11221,A,"I would choose **Option B**.

**Step-by-Step Explanation:**"
11222,A,I would choose **Option B** because it offers a better price and more amenities
11223,A,I would choose **Option B** for my hotel stay in New York City.
11224,A,I would choose **Option B** for my hotel stay in New York City.
11225,A,I would choose **Option B** for my stay in New York City. The
11226,A,I would choose **Option B** because it offers a lower price per night ($
11227,A,I would choose **Option B**. It offers a lower price and better amenities
11228,A,I would choose **Option B**. It offers a lower price per night ($
11229,A,I would choose **Option B** for my hotel stay in New York City.
11230,A,I would choose **Option B** because it offers a lower price per night ($
11231,A,I would choose **Option B** because it offers a better price and more amenities
11232,B,I would choose **Option A** for my hotel room in New York City.
11233,B,I would choose **Option A** for my hotel room in New York City.
11234,B,I would choose **Option A** for my hotel room in New York City.
11235,B,I would choose **Option A** for my stay in New York City. The
11236,A,I would choose **Option B** for my hotel stay in New York City.
11237,A,"I would recommend Option B, Hampton Inn Manhattan-SoHo. It offers a"
11238,A,I would choose **Option B** for my hotel stay in New York City.
11239,A,"I would recommend Option B.

**Step-by-Step Explanation:**

1."
11240,A,I would choose **Option B** for my hotel stay in New York City.
11241,A,I would choose **Option B** for my hotel stay in New York City.
11242,A,I would choose **Option B**. It offers a better price and more amenities
11243,A,I would choose **Option B** because it offers a lower price per night ($
11244,B,I would choose **Option A** because it offers a better star rating (4
11245,A,"I would choose **Option B**.

**Step-by-Step Explanation:**"
11246,A,I would choose **Option B** for my hotel stay in New York City.
11247,A,"I would choose **Option B**.

**Step-by-Step Explanation:**"
11248,A,I would choose **Option B**. It offers a lower price and better amenities
11249,A,I would choose **Option B** for my stay in New York City. The
11250,A,I would choose **Option B** for my hotel stay in New York City.
11251,A,I would choose **Option B** for my hotel stay in New York City.
11252,A,I would choose **Option B** for my hotel stay in New York City.
11253,A,"I would recommend Option B, as it offers a more comfortable stay with free WiFi"
11254,A,"I would recommend Option B, as it offers a more comfortable stay with free WiFi"
11255,A,I would choose **Option B** for my hotel stay in New York City.
11256,A,I would choose **Option B** for my hotel stay in New York City.
11257,A,I would choose **Option B** for my hotel stay in New York City.
11258,A,"I would choose **Option B**.

**Step-by-Step Explanation:**"
11259,A,I would choose **Option B** for my hotel stay in New York City.
11260,A,I would choose **Option B** for my hotel stay in New York City.
11261,A,I would choose **Option B** for my hotel stay in New York City.
11262,A,I would choose **Option B** for my hotel stay in New York City.
11263,B,I would choose **Option A** for my hotel booking in New York City.
11264,B,I would choose **Option A** for my hotel booking in New York City.
11265,A,I would choose **Option B** for my hotel stay in New York City.
11266,A,I would choose **Option B** for my hotel stay in New York City.
11267,A,"I would recommend Option B, the Hilton Garden Inn New York/Manhattan-Ch"
11268,B,"I would recommend Option A, specifically the Double Room at Courtyard by Marriott New"
11269,A,I would choose **Option B** for my hotel stay in New York City.
11270,A,I would choose **Option B** because it offers a better price per night ($
11271,A,I would choose **Option B** for my hotel stay in New York City.
11272,B,"I would recommend Option A, Crowne Plaza HY36 Midtown Manhattan."
11273,A,"I would choose **Option B**.

**Step-by-Step Explanation:**"
11274,A,"I would choose **Option B**.

**Step-by-Step Explanation:**"
11275,A,"I would choose **Option B**.

**Step-by-Step Explanation:**"
11276,A,I would choose **Option B** for my hotel stay in New York City.
11277,A,I would choose **Option B** for my hotel stay in New York City.
11278,A,I would choose **Option B** for my hotel stay in New York City.
11279,A,I would choose **Option B** for my hotel stay in New York City.
11280,A,I would choose **Option B** for my hotel stay in New York City.
11281,B,I would choose **Option A** for my hotel room in New York City.
11282,B,I would choose **Option A** for my hotel room in New York City.
11283,A,I would choose **Option B** for my hotel stay in New York City.
11284,B,I would choose **Option A** for my hotel room in New York City.
11285,A,I would choose **Option B** for my hotel stay in New York City.
11286,A,I would choose **Option B** for my hotel stay in New York City.
11287,A,I would choose **Option B** for my hotel stay in New York City.
11288,A,I would choose **Option B** for my hotel stay in New York City.
11289,A,I would choose **Option B** for my stay in New York City. The
11290,B,I would choose **Option A** for my hotel room in New York City.
11291,B,"I would recommend Option A, The Westin New York Grand Central. It offers"
11292,A,I would choose **Option B** for my hotel stay in New York City.
11293,A,I would choose **Option B** for my hotel stay in New York City.
11294,A,I would choose **Option B** for my hotel stay in New York City.
11295,A,I would choose **Option B** for my hotel booking in New York City.
11296,A,I would choose **Option B** for my hotel booking in New York City.
11297,A,I would choose **Option B** for my hotel stay in New York City.
11298,A,I would choose **Option B** for my hotel stay in New York City.
11299,A,"I would choose Option B. It offers a higher star rating, better amenities,"
11300,A,I would choose **Option B** for my hotel stay in New York City.
11301,A,I would choose **Option B** for my stay in New York City. The
11302,A,I would choose **Option B** for my stay in New York City. The
11303,A,I would choose **Option B** for my stay in New York City. The
11304,A,I would choose **Option B** for my stay in New York City. The
11305,A,I would choose **Option B** for my stay in New York City. The
11306,A,I would choose **Option B** for my stay in New York City. The
11307,A,I would choose **Option B** for my hotel stay in New York City.
11308,A,I would choose **Option B** for my stay in New York City. The
11309,A,I would choose **Option B** because it offers a better price of $2
11310,B,I would choose **Option A** for my stay in New York City. The
11311,A,I would choose **Option B** because it offers a more affordable price of $
11312,A,I would choose **Option B** for my stay in New York City. The
11313,B,I would choose **Option A** for my hotel room in New York City.
11314,A,I would choose **Option B** for my hotel stay in New York City.
11315,A,I would choose **Option B** for my hotel stay in New York City.
11316,B,I would choose **Option A** for my hotel room in New York City.
11317,A,I would choose **Option B** for my hotel stay in New York City.
11318,A,I would choose **Option B** for my hotel stay in New York City.
11319,A,I would choose **Option B** for my hotel stay in New York City.
11320,A,"I would choose **Option B**.

**Step-by-Step Explanation:**"
11321,A,I would choose **Option B** for my stay at the DoubleTree by Hilton
11322,A,I would choose **Option B** for my stay in New York City. The
11323,A,I would choose **Option B** for my stay in New York City. The
11324,A,"I would choose **Option B**.

**Step-by-Step Explanation:**"
11325,B,I would choose **Option A** for this stay. It offers a better value
11326,B,"I would recommend Option A.

**Step-by-Step Explanation:**

1."
11327,B,I would choose **Option A** for my hotel room in New York City.
11328,A,I would choose **Option B** for my hotel stay in New York City.
11329,B,I would choose **Option A** for my hotel stay in New York City.
11330,A,I would choose **Option B** for my hotel stay in New York City.
11331,A,I would choose **Option B** for my hotel stay in New York City.
11332,B,I would choose **Option A** for my hotel room in New York City.
11333,A,I would choose **Option B** for my hotel stay in New York City.
11334,A,I would choose **Option B** for my stay in New York City. The
11335,A,"I would choose **Option B**.

**Step-by-Step Explanation:**"
11336,A,I would choose **Option B** for my stay in New York City. The
11337,A,I would choose **Option B** for my hotel stay in New York City.
11338,A,I would choose **Option B** for my hotel stay in New York City.
11339,A,"I would choose **Option B**.

**Step-by-Step Explanation:**"
11340,A,I would choose **Option B** for my hotel stay in New York City.
11341,A,I would choose **Option B** for my hotel stay in New York City.
11342,A,I would choose **Option B** for my stay in New York City. The
11343,B,I would choose **Option A** for my hotel room in New York City.
11344,B,I would choose **Option A** for my hotel room in New York City.
11345,A,I would choose **Option B** for my hotel stay in New York City.
11346,A,I would choose **Option B** for my stay in New York City. The
11347,A,I would choose **Option B** for my hotel stay in New York City.
11348,B,I would choose **Option A** for my stay in New York City. The
11349,A,I would choose **Option B** for my hotel stay in New York City.
11350,B,I would choose **Option A** for my hotel stay in New York City.
11351,A,"I would choose **Option B**.

**Step-by-Step Explanation:**"
11352,A,I would choose **Option B** for my hotel stay in New York City.
11353,A,I would choose **Option B** for my hotel stay in New York City.
11354,A,I would choose **Option B** for my hotel stay in New York City.
11355,A,I would choose **Option B** for my hotel stay in New York City.
11356,A,I would choose **Option B** for my hotel stay in New York City.
11357,A,I would choose **Option B** for my stay in New York City. The
11358,A,I would choose **Option B** for my stay in New York City. The
11359,A,I would choose **Option B** for my stay in New York City. The
11360,A,I would choose **Option B** for my stay in New York City. The
11361,A,I would choose **Option B** for my stay at the Holiday Inn New York
11362,A,I would choose **Option B** for my stay at the Holiday Inn New York
11363,A,I would choose **Option B** for my stay at the Holiday Inn New York
11364,A,I would choose **Option B** for my stay at the Holiday Inn New York
11365,A,I would choose **Option B** for my stay in New York City. The
11366,A,I would choose **Option B** for my stay in New York City. The
11367,A,I would choose **Option B** for my stay in New York City. The
11368,A,I would choose **Option B** for my stay in New York City. The
11369,A,I would choose **Option B**. It offers a better price and more amenities
11370,A,I would choose **Option B** for my stay in New York City. The
11371,A,I would choose **Option B** for my stay in New York City. The
11372,A,I would choose **Option B**. It offers a lower price and better amenities
11373,A,I would choose **Option B** for my hotel stay in New York City.
11374,A,I would choose **Option B** for my hotel stay in New York City.
11375,A,I would choose **Option B** for my hotel stay in New York City.
11376,A,I would choose **Option B** for my hotel stay in New York City.
11377,A,I would choose **Option B**. It offers a lower price per night ($
11378,A,"I would choose **Option B**.

**Step-by-Step Explanation:**"
11379,A,"I would choose **Option B**.

**Step-by-Step Explanation:**"
11380,A,I would choose **Option B** for my stay in New York City. The
11381,B,I would choose **Option A** for my hotel room in New York City.
11382,A,I would choose **Option B** for my stay in New York City. The
11383,A,I would choose **Option B** for my hotel stay in New York City.
11384,A,I would choose **Option B** for my hotel stay in New York City.
11385,A,I would choose **Option B** for my hotel stay in New York City.
11386,A,I would choose **Option B** for my hotel stay in New York City.
11387,A,I would choose **Option B** for my hotel stay in New York City.
11388,B,I would choose **Option A** for my hotel room in New York City.
11389,B,I would choose **Option A** for my stay in New York City. The
11390,A,I would choose **Option B**. It offers a better value for money and
11391,A,I would choose **Option B** for my stay in New York City. The
11392,A,I would choose **Option B** for my stay in New York City. The
11393,A,I would choose **Option B** for my hotel stay in New York City.
11394,B,I would choose **Option A** for my hotel room in New York City.
11395,B,I would choose **Option A** for my hotel room in New York City.
11396,A,I would choose **Option B** for my hotel stay in New York City.
11397,A,I would choose **Option B** for my stay in New York City. The
11398,A,I would choose **Option B** for my stay in New York City. The
11399,A,I would choose **Option B** for my stay in New York City. The
11400,A,I would choose **Option B** for my hotel stay in New York City.
11401,A,I would choose **Option B** for my hotel booking in New York City.
11402,B,I would choose **Option A** for my hotel room in New York City.
11403,B,I would choose **Option A** for my hotel room in New York City.
11404,A,I would choose **Option B** for my hotel stay in New York City.
11405,A,I would choose **Option B** for my hotel stay in New York City.
11406,A,I would choose **Option B** for my hotel stay in New York City.
11407,A,I would choose **Option B** because it offers a better price and more amenities
11408,A,I would choose **Option B** for my hotel stay in New York City.
11409,A,I would choose **Option B** for my hotel stay in New York City.
11410,A,I would choose **Option B** because it offers a higher price per night ($
11411,A,I would choose **Option B** for my hotel stay in New York City.
11412,A,I would choose **Option B** for my hotel stay in New York City.
11413,A,I would choose **Option B** for my hotel stay in New York City.
11414,A,I would choose **Option B** for my hotel stay in New York City.
11415,A,I would choose **Option B** for my stay in New York City. The
11416,A,"I would recommend Option B, InterContinental New York Times Square. It offers"
11417,A,I would choose **Option B** for my hotel room in New York City.
11418,A,I would choose **Option B** for my hotel stay in New York City.
11419,A,I would choose **Option B** for my hotel room in New York City.
11420,A,I would choose **Option B** for my hotel stay in New York City.
11421,A,I would choose **Option B** for my hotel stay in New York City.
11422,A,I would choose **Option B** for my hotel stay in New York City.
11423,A,I would choose **Option B** for my hotel stay in New York City.
11424,A,I would choose **Option B** for my hotel stay in New York City.
11425,A,I would choose **Option B** for my hotel stay in New York City.
11426,A,I would choose **Option B** for my hotel stay in New York City.
11427,A,I would choose **Option B** for my hotel stay in New York City.
11428,A,I would choose **Option B** for my hotel stay in New York City.
11429,A,I would choose **Option B** for my hotel stay in New York City.
11430,A,I would choose **Option B** for my hotel stay in New York City.
11431,A,I would choose **Option B** for my stay in New York City. The
11432,A,I would choose **Option B** for my hotel stay in New York City.
11433,A,"I would choose Option B. It offers a higher star rating, better amenities,"
11434,B,I would choose **Option A** for my hotel room in New York City.
11435,A,I would choose **Option B** for my hotel stay in New York City.
11436,A,I would choose **Option B** for my hotel stay in New York City.
11437,A,I would choose **Option B** for my stay in New York City. The
11438,A,I would choose **Option B** because it offers a higher star rating (4
11439,A,I would choose **Option B** for my stay in New York City. The
11440,A,I would choose **Option B** for my stay in New York City. The
11441,A,"I would choose Option B. It offers a higher star rating, better amenities,"
11442,A,"I would choose Option B. It offers a higher star rating, better amenities,"
11443,B,I would choose **Option A** for my stay in New York City. The
11444,A,"I would choose Option B. It offers a higher star rating, better amenities,"
11445,A,"I would recommend Option B. It offers a higher quality of life, better amenities"
11446,A,I would choose **Option B** for my stay in New York City. The
11447,A,"I would choose Option B. It offers a higher quality of life, better amenities"
11448,A,"I would choose **Option B**. It offers a higher quality of stay,"
11449,A,I would choose **Option B** for my hotel stay in New York City.
11450,A,I would choose **Option B** for my stay in New York City. The
11451,A,I would choose **Option B** for my stay in New York City. The
11452,A,I would choose **Option B** for my hotel stay in New York City.
11453,B,I would choose **Option A** for my hotel room in New York City.
11454,B,I would choose **Option A** for my hotel room in New York City.
11455,B,I would choose **Option A** for my hotel room in New York City.
11456,A,I would choose **Option B** because it offers a better price of $1
11457,A,I would choose **Option B** for my stay in New York City. The
11458,A,I would choose **Option B** for my hotel stay in New York City.
11459,A,I would choose **Option B** because it offers a better price per night ($
11460,A,I would choose **Option B** because it offers a better price and more amenities
11461,A,I would choose **Option B** for my hotel stay in New York City.
11462,A,I would choose **Option B** for my hotel stay in New York City.
11463,A,"I would choose **Option B**.

**Step-by-Step Explanation:**"
11464,A,I would choose **Option B**. It offers a better price and more amenities
11465,A,I would choose **Option B**. It offers a more affordable price and better
11466,A,I would choose **Option B** for my stay in New York City. The
11467,A,"I would choose **Option B**.

**Step-by-Step Explanation:**"
11468,A,"I would choose **Option B**.

**Step-by-Step Explanation:**"
11469,A,I would choose **Option B** for my hotel stay in New York City.
11470,B,I would choose **Option A** for my stay in New York City. The
11471,B,I would choose **Option A** for my hotel room in New York City.
11472,B,I would choose **Option A** for my stay in New York City. The
11473,B,I would choose **Option A** for my hotel booking in New York City.
11474,A,I would choose **Option B** for my hotel stay in New York City.
11475,A,I would choose **Option B** for my hotel booking in New York City.
11476,B,A
11477,B,I would choose **Option A** for my hotel room in New York City.
11478,B,I would choose **Option A** for my hotel room in New York City.
11479,B,I would choose **Option A** for my hotel room in New York City.
11480,B,I would choose **Option A** for my hotel room in New York City.
11481,A,I would choose **Option B** for my stay in New York City. The
11482,A,"I would choose **Option B**.

**Step-by-Step Explanation:**"
11483,A,I would choose **Option B** for my stay in New York City. The
11484,A,I would choose **Option B** because it offers a lower price per night ($
11485,A,"I would choose Option B.

**Step-by-Step Explanation:**

1."
11486,A,I would choose **Option B** because it offers a better price per night ($
11487,B,I would choose **Option A** for my hotel stay in New York City.
11488,A,I would choose **Option B** for my hotel stay in New York City.
11489,A,I would choose **Option B** for my stay in New York City. The
11490,A,I would choose **Option B** for my stay in New York City. The
11491,A,I would choose **Option B** for my hotel stay in New York City.
11492,A,I would choose **Option B** for my hotel stay in New York City.
11493,A,I would choose **Option B** for my hotel stay in New York City.
11494,A,I would choose **Option B**. It offers a better price and more amenities
11495,A,I would choose **Option B** for my hotel stay in New York City.
11496,A,"I would choose **Option B**.

**Step-by-Step Explanation:**"
11497,A,I would choose **Option B**. It offers a better price and more amenities
11498,A,"I would recommend Option B.

**Step-by-Step Explanation:**

1."
11499,A,I would choose **Option B** for my hotel stay in New York City.
11500,A,I would choose **Option B** for my hotel stay in New York City.
11501,A,I would choose **Option B** for my stay in New York City. The
11502,A,"I would choose **Option B**.

**Step-by-Step Explanation:**"
11503,A,I would choose **Option B** for my stay in New York City. The
11504,A,I would choose **Option B**. It offers a lower price per night ($
11505,A,I would choose **Option B** for my stay in New York City. The
11506,A,I would choose **Option B** for my stay in New York City. The
11507,A,I would choose **Option B** for my hotel stay in New York City.
11508,A,I would choose **Option B** for my stay in New York City. The
11509,A,"I would choose Option B.

**Step-by-Step Explanation:**

1."
11510,A,I would choose **Option B** for my hotel stay in New York City.
11511,A,I would choose **Option B** for my hotel stay in New York City.
11512,B,I would choose **Option A** for my hotel stay in New York City.
11513,A,I would choose **Option B**. It offers a better price and more amenities
11514,A,"I would choose **Option B**.

**Step-by-Step Explanation:**"
11515,A,I would choose **Option B** for my hotel stay in New York City.
11516,A,I would choose **Option B** for my stay at The Residence Inn New York
11517,A,I would choose **Option B** for my stay in New York City. The
11518,A,I would choose **Option B** for my hotel stay in New York City.
11519,A,"I would choose **Option B**.

**Step-by-Step Explanation:**"
11520,A,I would choose **Option B** for my hotel stay in New York City.
11521,A,I would choose **Option B** for my stay in New York City. The
11522,A,I would choose **Option B** for my stay in New York City. The
11523,A,I would choose **Option B** for my stay in New York City. The
11524,A,I would choose **Option B** for my stay in New York City. The
11525,B,I would choose **Option A** for my stay in New York City. The
11526,A,I would choose **Option B** for my stay in New York City. The
11527,B,I would choose **Option A** because it offers a Spectacular King room with
11528,B,I would choose **Option A** for my stay in New York City. The
11529,A,I would choose **Option B** because it offers a better price of $2
11530,A,I would choose **Option B** for my hotel room in New York City.
11531,B,I would choose **Option A** for my hotel room in New York City.
11532,A,I would choose **Option B** because it offers a better price of $2
11533,A,"I would choose Option B. It offers a higher star rating, better amenities,"
11534,A,"I would choose Option B. It offers a higher star rating, better amenities,"
11535,A,"I would choose Option B. It offers a higher star rating, better amenities,"
11536,A,"I would choose Option B. It offers a higher star rating, better amenities,"
11537,A,I would choose **Option B** for my stay in New York City. The
11538,A,I would choose **Option B** for my hotel stay in New York City.
11539,A,I would choose **Option B** for my hotel stay in New York City.
11540,A,I would choose **Option B** for my hotel stay in New York City.
11541,A,I would choose **Option B** for my hotel stay in New York City.
11542,B,I would choose **Option A** for my hotel room in New York City.
11543,B,I would choose **Option A** for my hotel room in New York City.
11544,B,I would choose **Option A** for my hotel room in New York City.
11545,A,I would choose **Option B** for my hotel room in New York City.
11546,A,I would choose **Option B** because it offers a better price of $2
11547,A,I would choose **Option B** because it offers a better price of $2
11548,B,I would choose **Option A** for my hotel room in New York City.
11549,A,"I would recommend Option B. It offers a more luxurious stay with free WiFi,"
11550,A,"I would recommend Option B. It offers a higher quality of life, better amenities"
11551,A,I would choose **Option B** for my stay in New York City. The
11552,A,"I would recommend Option B. It offers a higher quality of life, better amenities"
11553,A,I would choose **Option B** because it offers a lower price per night ($
11554,A,I would choose **Option B** for my hotel stay in New York City.
11555,A,I would choose **Option B** for my stay in New York City. The
11556,A,I would choose **Option B** because it offers a better price of $3
11557,B,I would choose **Option A** for my hotel room in New York City.
11558,A,I would choose **Option B** for my hotel stay in New York City.
11559,B,I would choose **Option A** for my stay at the Henry Norman Hotel in
11560,A,I would choose **Option B** for my hotel stay in New York City.
11561,B,I would choose **Option A** for my stay in New York City. The
11562,A,I would choose **Option B** for my hotel stay in New York City.
11563,B,I would choose **Option A** for my stay in New York City. The
11564,A,I would choose **Option B** for my stay in New York City. The
11565,A,I would choose **Option B** for my stay in New York City. The
11566,A,I would choose **Option B** for my stay in New York City. The
11567,A,"I would recommend Option B, The Westin New York Grand Central. It offers"
11568,A,I would choose **Option B** for my stay in New York City. The
11569,A,I would choose **Option B** for my stay in New York City. The
11570,A,I would choose **Option B** for my stay in New York City. The
11571,A,I would choose **Option B** for my stay in New York City. The
11572,A,I would choose **Option B** for my stay in New York City. The
11573,B,I would choose **Option A** for my hotel room in New York City.
11574,B,I would choose **Option A** for my hotel stay in New York City.
11575,B,I would choose **Option A** for my stay in New York City. The
11576,A,I would choose **Option B** for my stay in New York City. The
11577,A,I would choose **Option B** for my stay in New York City. The
11578,A,I would choose **Option B** for my stay in New York City. The
11579,A,"I would recommend Option B. It offers a higher star rating, better amenities,"
11580,A,I would choose **Option B** for my stay in New York City. The
11581,B,I would choose **Option A** for my hotel room in New York City.
11582,B,I would choose **Option A** for my hotel room in New York City.
11583,B,I would choose **Option A** for my hotel room in New York City.
11584,A,I would choose **Option B** for my hotel stay in New York City.
11585,A,I would choose **Option B** because it offers a lower price per night ($
11586,A,I would choose **Option B** for my stay in New York City. The
11587,A,I would choose **Option B** for my stay in New York City. The
11588,A,I would choose **Option B** for my stay in New York City. The
11589,A,I would choose **Option B** because it offers a better price per night ($
11590,A,I would choose **Option B** for my hotel stay in New York City.
11591,A,I would choose **Option B** because it offers a better price per night ($
11592,B,I would choose **Option A** for my stay in New York City. The
11593,A,I would choose **Option B** for my hotel booking in New York City.
11594,A,I would choose **Option B** for my hotel booking in New York City.
11595,A,I would choose **Option B** because it offers a better price per night ($
11596,A,I would choose **Option B** because it offers a better price per night ($
11597,A,I would choose **Option B** for my hotel stay in New York City.
11598,A,I would choose **Option B** for my hotel stay in New York City.
11599,A,I would choose **Option B** for my hotel stay in New York City.
11600,A,I would choose **Option B** for my hotel stay in New York City.
11601,B,I would choose **Option A** for my hotel room in New York City.
11602,B,I would choose **Option A** for my stay in New York City. The
11603,B,I would choose **Option A** for my stay in New York City. The
11604,A,I would choose **Option B** for my hotel stay in New York City.
11605,A,I would choose **Option B** for my hotel stay in New York City.
11606,A,I would choose **Option B** for my hotel stay in New York City.
11607,A,I would choose **Option B** for my hotel stay in New York City.
11608,A,I would choose **Option B** because it offers a better price per night ($
11609,A,I would choose **Option B** for my hotel booking in New York City.
11610,B,I would choose **Option A** for my hotel room in New York City.
11611,B,I would choose **Option A** for my hotel room in New York City.
11612,A,I would choose **Option B** for my hotel stay in New York City.
11613,B,I would choose **Option A** for my hotel stay in New York City.
11614,B,I would choose **Option A** for my hotel stay in New York City.
11615,A,I would choose **Option B** for my hotel stay in New York City.
11616,A,I would choose **Option B** for my hotel stay in New York City.
11617,B,I would choose **Option A** for my hotel room in New York City.
11618,A,I would choose **Option B** for my hotel stay in New York City.
11619,A,I would choose **Option B** for my hotel stay in New York City.
11620,A,I would choose **Option B** for my hotel stay in New York City.
11621,A,I would choose **Option B** for my hotel stay in New York City.
11622,A,I would choose **Option B** for my hotel stay in New York City.
11623,A,I would choose **Option B** for my hotel stay in New York City.
11624,A,I would choose **Option B** for my hotel stay in New York City.
11625,A,I would choose **Option B** for my hotel stay in New York City.
11626,A,I would choose **Option B** for my hotel stay in New York City.
11627,A,I would choose **Option B** because it offers a lower price per night ($
11628,A,I would choose **Option B** for my hotel stay in New York City.
11629,B,I would choose **Option A** for my hotel room in New York City.
11630,B,I would choose **Option A** for my stay in New York City. The
11631,A,I would choose **Option B** for my hotel stay in New York City.
11632,A,I would choose **Option B** for my stay in New York City. The
11633,A,"I would recommend Option B, the Park Hyatt New York. It offers a"
11634,A,"I would choose Option B. It offers a higher star rating, better amenities,"
11635,A,I would choose **Option B** for my stay in New York City. The
11636,A,I would choose Option B because it offers a higher star rating (5 stars)
11637,B,I would choose **Option A** for my hotel stay in New York City.
11638,A,I would choose **Option B** for my hotel stay in New York City.
11639,B,I would choose **Option A** for my hotel stay in New York City.
11640,A,I would choose **Option B** for my stay in New York City. The
11641,B,I would choose **Option A** for my hotel room in New York City.
11642,A,I would choose **Option B** for my hotel stay in New York City.
11643,A,I would choose **Option B** because it offers a better price per night ($
11644,A,I would choose **Option B** for my hotel stay in New York City.
11645,A,"I would choose **Option B**.

**Step-by-Step Explanation:**"
11646,A,I would choose **Option B** for my stay in New York City. The
11647,A,I would choose **Option B** for my stay in New York City. The
11648,A,I would choose Option B because it offers better amenities and a higher star rating compared
11649,A,I would choose **Option B** for my stay in New York City. The
11650,A,I would choose **Option B** for my stay in New York City. The
11651,A,"I would choose **Option B**.

**Step-by-Step Explanation:**"
11652,A,I would choose **Option B** for my stay in New York City. The
11653,A,"I would choose **Option B** because it offers a more comfortable stay, better"
11654,A,I would choose **Option B** because it offers a more affordable price of $
11655,A,I would choose **Option B** for my hotel stay in New York City.
11656,A,I would choose **Option B** for my hotel stay in New York City.
11657,A,I would choose **Option B** for my stay in New York City. The
11658,A,I would choose **Option B** for my stay in New York City. The
11659,A,I would choose **Option B** for my hotel stay in New York City.
11660,A,I would choose **Option B** for my hotel stay in New York City.
11661,A,I would choose **Option B** because it offers a lower price per night ($
11662,A,I would choose **Option B** for my hotel stay in New York City.
11663,A,I would choose **Option B** for my stay in New York City. The
11664,A,I would choose **Option B** for my stay in New York City. The
11665,A,I would choose **Option B** for my hotel stay in New York City.
11666,A,I would choose **Option B**. It offers a better price and more amenities
11667,A,I would choose **Option B** for my hotel stay in New York City.
11668,A,I would choose **Option B** for my stay in New York City. The
11669,A,I would choose **Option B** because it offers a lower price per night ($
11670,A,I would choose **Option B** for my stay in New York City. The
11671,A,I would choose **Option B** for my hotel stay in New York City.
11672,A,I would choose **Option B** for my stay at Ramada by Wynd
11673,A,I would choose **Option B** for my hotel stay in New York City.
11674,A,I would choose **Option B** for my hotel stay in New York City.
11675,B,I would choose **Option A** for my hotel room in New York City.
11676,A,I would choose **Option B** for my hotel stay in New York City.
11677,A,I would choose **Option B** for my stay in New York City. The
11678,A,I would choose **Option B** for my stay in New York City. The
11679,A,I would choose **Option B** for my stay in New York City. The
11680,A,I would choose **Option B** for my stay in New York City. The
11681,A,I would choose **Option B** for my stay in New York City. The
11682,A,I would choose **Option B** because it offers a lower price per night ($
11683,A,I would choose **Option B** for my stay in New York City. The
11684,B,I would choose **Option A** for my stay in New York City. It
11685,A,I would choose **Option B** for my stay in New York City. The
11686,A,I would choose **Option B** for my stay in New York City. The
11687,A,I would choose **Option B** for my stay in New York City. The
11688,A,I would choose **Option B** for my stay in New York City. The
11689,A,I would choose **Option B** for my stay at The Jane Hotel in New
11690,A,I would choose **Option B** for my stay in New York City. The
11691,A,I would choose **Option B** for my stay in New York City. The
11692,A,I would choose **Option B** for my stay in New York City. The
11693,B,I would choose **Option A** for my stay in New York City. The
11694,A,I would choose **Option B** for my stay in New York City. The
11695,A,I would choose **Option B** for my stay in New York City. The
11696,A,I would choose **Option B** for my stay in New York City. The
11697,B,I would choose **Option A** for my stay in New York City. The
11698,A,I would choose **Option B** for my stay in New York City. The
11699,A,I would choose **Option B** for my hotel stay in New York City.
11700,A,I would choose Option B. It offers a lower price per night ($84
11701,A,I would choose **Option B** for my hotel stay in New York City.
11702,A,I would choose **Option B** for my stay in New York City. The
11703,A,I would choose **Option B** for my stay in New York City. The
11704,A,I would choose **Option B** for my stay in New York City. The
11705,A,I would choose **Option B** for my stay in New York City. The
11706,A,I would choose **Option B** for my stay in New York City. The
11707,B,I would choose **Option A** for my stay in New York City. The
11708,A,I would choose **Option B** for my stay in New York City. The
11709,A,I would choose **Option B** for my stay in New York City. The
11710,A,I would choose **Option B** for my stay at Pod Brooklyn. The price
11711,A,I would choose **Option B** for my stay in New York City. The
11712,A,I would choose **Option B** for my stay in New York City. It
11713,A,I would choose **Option B** for my stay in New York City. The
11714,A,I would choose **Option B** for my stay in New York City. The
11715,A,I would choose **Option B** for my stay in New York City. The
11716,A,I would choose **Option B** for my stay in New York City. The
11717,A,I would choose **Option B**. It offers a more comfortable stay with a
11718,A,I would choose **Option B** for my stay in New York City. The
11719,A,I would choose **Option B**. It offers a more affordable price and better
11720,A,I would choose **Option B**. It offers a more affordable price and better
11721,B,I would choose **Option A** for my stay in New York City. The
11722,A,I would choose **Option B** for my stay in New York City. The
11723,A,I would choose **Option B** for my stay in New York City. The
11724,A,I would choose **Option B** for my stay in New York City. The
11725,B,I would choose **Option A** for my stay in New York City. The
11726,A,I would choose **Option B** for my stay in New York City. The
11727,B,I would choose **Option A** for my stay in New York City. The
11728,B,I would choose **Option A** for my hotel room in New York City.
11729,A,I would choose **Option B** for my hotel stay in New York City.
11730,A,"I would choose Option B. It offers a higher star rating, better amenities,"
11731,A,I would choose Option B because it offers a higher star rating (4 stars)
11732,A,"I would choose Option B. It offers a higher star rating, better amenities,"
11733,B,I would choose **Option A** for my stay in New York City. The
11734,A,I would choose **Option B** because it offers a lower price per night ($
11735,A,I would choose **Option B** because it offers a lower price per night ($
11736,A,I would choose **Option B** because it offers a better price per night ($
11737,A,"I would choose Option B. It offers a higher star rating, more reviews,"
11738,A,I would choose **Option B** for my hotel room in New York City.
11739,A,I would choose **Option B** for my hotel room in New York City.
11740,A,I would choose Option B. It offers a higher price per night ($48
11741,A,I would choose **Option B** for my stay in New York City. The
11742,A,"I would choose **Option B**.

**Step-by-Step Explanation:**"
11743,A,I would choose **Option B** for this stay. The lower price point of
11744,A,I would choose **Option B** for my stay in New York City. The
11745,A,I would choose Option B. It offers a higher price per night ($30
11746,B,I would choose **Option A** for my hotel room in New York City.
11747,A,I would choose Option B. It offers a higher price per night ($35
11748,A,I would choose **Option B** for my hotel stay in New York City.
11749,A,"I would choose Option B, The Mercer Hotel in SoHo. It offers a"
11750,A,I would choose **Option B** for my stay in New York City. The
11751,A,"I would choose Option B, The Mercer, as it offers a higher star rating"
11752,A,I would choose **Option B** for my stay in New York City. The
11753,A,I would choose **Option B** for my stay in New York City. The
11754,A,I would choose **Option B** for my stay in New York City. The
11755,A,I would choose **Option B** for my hotel stay in New York City.
11756,A,I would choose **Option B** for my hotel stay in New York City.
11757,A,I would choose **Option B** for my hotel stay in New York City.
11758,A,I would choose **Option B** for my hotel stay in New York City.
11759,A,I would choose **Option B** for my hotel stay in New York City.
11760,A,"I would choose Option B. It offers a higher star rating, better amenities,"
11761,A,I would choose Option B. It offers a higher star rating (5 stars vs
11762,A,I would choose Option B. It offers a higher star rating (5 stars)
11763,A,"I would choose Option B, Mandarin Oriental New York, for its higher star rating"
11764,A,I would choose Option B. It offers a higher star rating (5 stars)
11765,A,I would choose Option B. The Mandarin Oriental New York offers a better guest review
11766,A,I would choose Option B. The Mandarin Oriental New York offers a better value for
11767,B,I would choose **Option A** for my stay in New York City. The
11768,A,"I would choose Option B.

**Step-by-Step Explanation:**

1."
11769,A,"I would choose Option B. It offers a higher star rating, better amenities,"
11770,A,"I would choose Option B.

**Reasoning:** 
- **Price Comparison**:"
11771,A,I would choose Option B. It offers a higher star rating and more amenities compared
11772,A,I would choose Option B because it offers a higher star rating (5 stars)
11773,A,I would choose **Option B** for my stay in New York City. The
11774,A,"I would recommend Option B, Lotte New York Palace. It offers a higher"
11775,A,I would choose **Option B** for my stay in New York City. The
11776,A,"I would recommend Option B, as it offers a higher star rating (5 stars"
11777,A,I would choose **Option B** because it offers a higher star rating (5
11778,A,I would choose **Option B** for my stay in New York City. The
11779,A,I would choose **Option B** for my stay at The Lotte New York
11780,A,I would choose **Option B** for my hotel stay in New York City.
11781,A,I would choose **Option B** because it offers a lower price per night ($
11782,A,I would choose **Option B** for my hotel room in New York City.
11783,A,I would choose **Option B** for my stay in New York City. The
11784,A,I would choose **Option B** for my stay in New York City. The
11785,A,I would choose **Option B** for my hotel stay in New York City.
11786,A,I would choose **Option B** for my hotel stay in New York City.
11787,A,I would choose **Option B** because it offers a better price per night ($
11788,A,I would choose Option B. It offers a better value for money and has more
11789,B,I would choose **Option A** for my hotel stay in New York City.
11790,B,I would choose **Option A** for my stay in New York City. The
11791,A,I would choose **Option B** for my stay in New York City. The
11792,A,I would choose **Option B** for my hotel stay in New York City.
11793,B,I would choose **Option A** for my hotel room in New York City.
11794,A,I would choose **Option B** for my hotel stay in New York City.
11795,B,I would choose **Option A** for my hotel room in New York City.
11796,B,I would choose **Option A** for my hotel room in New York City.
11797,A,"I would choose Option B. It offers a higher star rating, more key amenities"
11798,A,"I would choose Option B. It offers a higher star rating, better amenities,"
11799,A,I would choose **Option B** for my hotel stay in New York City.
11800,A,"I would choose Option B. It offers a higher star rating, better amenities,"
11801,B,"I would recommend Option B. It offers a good balance between price and amenities,"
11802,B,I would choose **Option B** for this stay. It offers a good balance
11803,B,I would choose **Option B** for this stay. It offers a good balance
11804,B,"I would recommend Option B. It offers a good balance between price and amenities,"
11805,B,"I would recommend Option B. It offers a good balance between price and amenities,"
11806,B,"I would recommend Option B. It offers a good balance between price and amenities,"
11807,B,I would choose **Option B** for my stay in New York City. Here
11808,B,I would choose **Option B** for my stay in New York City. It
11809,B,I would choose **Option B** for my stay in New York City. It
11810,A,I would choose **Option C** for my hotel room in New York City.
11811,A,I would choose **Option C** for my stay in New York City. The
11812,B,I would choose **Option B** for my stay in New York City. It
11813,A,I would recommend Option C. It offers a lower price and better amenities compared to
11814,A,I would recommend Option C. It offers a lower price and better amenities compared to
11815,A,"I would recommend Option C. It offers a good balance between price and amenities,"
11816,A,I would recommend Option C. It offers a lower price and better amenities compared to
11817,A,I would recommend Option C. It offers a lower price and better amenities compared to
11818,A,"I would recommend Option C. It offers a good balance between price and amenities,"
11819,A,I would choose **Option C** for my stay in New York City. The
11820,A,I would choose **Option C** for this stay. It offers a good balance
11821,A,"I would recommend Option C. It offers a good balance between price and amenities,"
11822,A,"I would recommend Option C. It offers a good balance between price and amenities,"
11823,A,I would recommend Option **C**. It offers a good balance between price and
11824,A,I would recommend Option **C**. It offers a good balance between price and
11825,A,I would recommend Option C. It offers a superior king room at a lower price
11826,A,I would choose **Option C** for this stay. It offers a good balance
11827,A,I would choose **Option C** because it offers a lower price per night ($
11828,A,"I would recommend Option C. It offers a good balance of price and amenities,"
11829,A,"I would recommend Option C. It offers a good balance of price and amenities,"
11830,A,I would choose **Option C** for this stay. It offers a good balance
11831,A,"To determine the best option for your stay in New York City, let's break"
11832,B,I would choose **Option B** for this one-night stay in New York City
11833,A,I would choose **Option C** for this stay. It offers a good balance
11834,B,I would choose **Option B** for this one-night stay in New York City
11835,B,I would choose **Option B** for this one-night stay in New York City
11836,B,I would choose **Option B** for this stay. It offers a balance of
11837,A,I would recommend Option C: Courtyard by Marriott Times Square West. It offers
11838,A,I would choose **Option C** for this one-night stay in New York City
11839,A,"To determine the best option for your stay in New York City, let's break"
11840,A,I would choose **Option C**. It offers a lower price per night ($
11841,A,"To determine the best option for your stay in New York City, let's break"
11842,A,I would recommend Option C: Courtyard by Marriott Times Square West. It offers
11843,A,I would choose **Option C** for this one-night stay in New York City
11844,A,"I would recommend Option C. It offers a good balance between price and amenities,"
11845,B,I would choose **Option B** for this one-night stay in New York City
11846,A,I would choose **Option C** for this stay. The Lucerne Hotel offers
11847,A,I would choose **Option C** for this one-night stay in New York City
11848,A,I would choose **Option C** for this stay. The Lucerne Hotel offers
11849,A,I would recommend Option C: Hyatt Regency Times Square. It offers a
11850,B,I would recommend Option B. It offers a higher star rating and more amenities compared
11851,A,I would choose **Option C** because it offers a better value for your stay
11852,A,I would recommend Option C: Hyatt Regency Times Square. It offers a
11853,A,I would choose **Option C** because it offers a better value for your stay
11854,A,I would choose **Option C** because it offers a more comfortable stay with free
11855,A,"To determine the best option for your stay in New York City, let's break"
11856,A,I would recommend Option C. It offers a good balance of comfort and amenities at
11857,A,I would choose **Option C** for this stay. It offers a good balance
11858,B,I would recommend Option **B**. It offers a superior star rating of
11859,A,"To determine the best option for your stay in New York City, let's break"
11860,A,I would choose **Option C** for this stay. It offers a good balance
11861,B,I would recommend Option **B**. It offers a balance of comfort and amenities
11862,B,"I would recommend Option B. It offers a balance of affordability and amenities, with"
11863,B,"I would recommend Option B.

**Step-by-Step Explanation:**

1."
11864,B,I would recommend Option **B**. It offers a balance of comfort and amenities
11865,B,I would recommend Option **B**. It offers a balance of comfort and amenities
11866,B,"I would recommend Option B.

**Step-by-Step Explanation:**

1."
11867,A,I would recommend Option C. It offers a higher star rating and more amenities compared
11868,A,I would recommend Option C. It offers a higher star rating and more amenities compared
11869,A,I would recommend Option C. It offers a higher star rating (5 stars)
11870,A,I would recommend Option C. It offers a higher star rating (5 stars)
11871,A,I would recommend Option C. It offers a higher star rating and more amenities compared
11872,B,"I would recommend Option **B**.

**Step-by-Step Explanation:**"
11873,A,I would choose **Option C** because it offers a lower price per night ($
11874,A,"To determine the best option for your stay in New York City, let's compare"
11875,A,"To determine the best option for your stay in New York City, let's compare"
11876,A,I would choose **Option C** because it offers a lower price per night ($
11877,A,I would recommend Option **C**. It offers a good balance of comfort and
11878,C,I would choose **Option A** for my stay in New York City. It
11879,A,I would recommend Option C. It offers a good balance of comfort and amenities at
11880,B,I would choose **Option B** for my hotel stay in New York City.
11881,A,I would choose **Option C** for my stay in New York City. The
11882,A,I would choose **Option C** for this one-night stay in New York City
11883,A,I would recommend Option C: Holiday Inn Manhattan-Chelsea. It offers a good
11884,A,I would choose **Option C** for this one-night stay in New York City
11885,A,"To determine the best option for your stay in New York City, let's compare"
11886,B,I would recommend Option B. It offers a higher price per night ($85
11887,A,"To determine the best option for your stay in New York City, let's compare"
11888,A,"To determine the best option for your stay in New York City, let's compare"
11889,B,I would recommend Option B. It offers a higher price per night ($79
11890,A,"To determine the best option for your stay in New York City, let's compare"
11891,A,I would choose **Option C** for my stay in New York City. The
11892,B,I would choose **Option B** for this one-night stay in New York City
11893,A,I would choose **Option C** for this stay. It offers a good balance
11894,B,I would recommend Option B. It offers a higher star rating of 5 stars
11895,A,"I would recommend Option C. It offers a balance of affordability and quality, with"
11896,B,I would recommend Option B. It offers a higher star rating of 5 stars
11897,A,I would choose **Option C** for this stay. It offers a good balance
11898,A,"I would recommend Option C. It offers a good balance between price and amenities,"
11899,A,"To determine the best option for your stay in New York City, let's compare"
11900,A,I would recommend Option C. It offers a balance of affordability and amenities that align
11901,B,I would recommend Option **B**. It offers a higher star rating and more
11902,A,I would choose **Option C** for this stay. It offers a good balance
11903,B,I would choose **Option B** for my stay in New York City. It
11904,B,I would choose **Option B** for my stay in New York City. It
11905,A,I would choose **Option C** for this one-night stay in New York City
11906,A,I would choose **Option C** for this stay. The price is significantly lower
11907,A,I would choose **Option C** for this one-night stay in New York City
11908,A,I would choose **Option C** for this one-night stay in New York City
11909,A,"I would recommend Option C. It offers a good balance of price and amenities,"
11910,A,"I would recommend Option C. It offers a good balance of price and amenities,"
11911,A,"I would recommend Option C. It offers a good balance of price and amenities,"
11912,B,"I would recommend Option B.

**Step-by-Step Explanation:**

1."
11913,B,"I would recommend Option B.

**Step-by-Step Explanation:**

1."
11914,A,I would choose **Option C** because it offers a lower price per night ($
11915,A,"To determine the best option for your stay in New York City, let's compare"
11916,A,"To determine the best option for your stay in New York City, let's break"
11917,A,"To determine the best option for your stay in New York City, let's compare"
11918,A,"To determine the best option for your stay in New York City, let's break"
11919,A,"To determine the best option for your stay in New York City, let's compare"
11920,A,"To determine the best option for your stay in New York City, let's compare"
11921,B,I would choose **Option B** for this stay. It offers a good balance
11922,A,I would choose **Option C** for this stay. The price is significantly lower
11923,A,I would recommend Option C. It offers a lower price and better amenities compared to
11924,A,I would recommend Option C. It offers a lower price and better amenities compared to
11925,A,I would recommend Option C. It offers a lower price and better amenities compared to
11926,A,I would recommend Option C. It offers a lower price and better amenities compared to
11927,B,I would recommend Option B. It offers a higher star rating and more amenities compared
11928,A,"I would recommend Option C. It offers a good balance between price and amenities,"
11929,A,I would recommend Option C: New York Hilton Midtown. It offers a mix
11930,A,I would choose **Option C** for my hotel room in New York City.
11931,A,I would recommend Option C: New York Hilton Midtown. It offers a mix
11932,A,I would recommend Option C: The New York Hilton Midtown. It offers a
11933,B,"I would recommend Option B. It offers a good balance between price and amenities,"
11934,B,"I would recommend Option B. It offers a good balance between price and amenities,"
11935,B,"I would recommend Option B. It offers a good balance between price and amenities,"
11936,A,I would recommend Option C: Courtyard by Marriott New York Manhattan/SoHo
11937,A,I would recommend Option C: Courtyard by Marriott New York Manhattan/SoHo
11938,B,"I would recommend Option B. It offers a good balance between price and amenities,"
11939,A,"To determine the best option for your stay in New York City, let's break"
11940,A,I would choose **Option C** for this stay. The Pearl Hotel New York
11941,A,"I would recommend Option C. It offers a good balance of price and amenities,"
11942,A,"To determine the best option for your stay in New York City, let's break"
11943,A,"I would recommend Option C. It offers a good balance of price and amenities,"
11944,A,"To determine the best option for your stay in New York City, let's break"
11945,A,"To determine the best option for your stay in New York City, let's compare"
11946,A,I would choose **Option C** because it offers a lower price of $2
11947,A,"I would recommend Option C. It offers a good balance between price and amenities,"
11948,A,I would choose **Option C** for this stay. It offers a good balance
11949,A,"I would recommend Option C. It offers a good balance between price and amenities,"
11950,A,I would choose **Option C** for this stay. It offers a superior room
11951,A,I would recommend Option **C**. It offers a better price and more amenities
11952,B,"I would recommend Option B.

**Step-by-Step Explanation:**

1."
11953,B,I would recommend Option **B**. It offers a more comfortable king room setup
11954,B,I would choose **Option B** for this one-night stay in New York City
11955,A,I would recommend Option **C**. It offers a better value for your stay
11956,B,I would recommend Option **B**. It offers a higher guest review score and
11957,A,I would recommend Option C: Courtyard by Marriott Manhattan/Central Park. It
11958,B,"I would recommend Option B. It offers a superior room type, excellent reviews,"
11959,A,"To determine the best option for your stay in New York City, let's break"
11960,A,I would recommend Option C. It offers a good balance of comfort and amenities at
11961,A,I would recommend Option C: Courtyard by Marriott Manhattan/Central Park. It
11962,B,I would choose **Option B** for my stay in New York City. It
11963,B,I would choose **Option B** for my hotel stay in New York City.
11964,A,I would choose **Option C** for my hotel room in New York City.
11965,A,I would choose **Option C** for this stay. The price is significantly lower
11966,A,I would choose **Option C** for my stay in New York City. The
11967,A,I would recommend Option C: Moxy NYC Lower East Side. It offers a
11968,A,I would choose **Option C** for my hotel room in New York City.
11969,B,I would choose **Option B** for this stay. It offers a good balance
11970,A,I would choose **Option C** for this stay. The Carlton Arms Hotel offers
11971,A,I would choose **Option C** for this stay. It offers a good balance
11972,A,I would choose **Option C** for this stay. It offers a good balance
11973,A,I would choose **Option C** for this one-night stay in New York City
11974,A,I would choose **Option C**. It offers a lower price and better amenities
11975,B,I would recommend Option **B**. It offers a good balance between price and
11976,A,I would recommend Option C. It offers a higher star rating (5 stars)
11977,A,I would recommend Option C. It offers a higher star rating and better amenities compared
11978,A,I would recommend Option C. It offers a higher star rating of 5 stars
11979,A,I would recommend Option C. It offers a higher star rating (5 stars)
11980,A,I would recommend Option C. It offers a higher star rating and better amenities compared
11981,A,I would choose **Option C** for this stay. The price is significantly lower
11982,B,"I would recommend Option B.

**Step-by-Step Explanation:**

1."
11983,B,I would choose **Option B** for this stay. It offers a more comfortable
11984,A,"I would recommend Option C. It offers a good balance between price and amenities,"
11985,A,"I would recommend Option C. It offers a good balance of comfort and amenities,"
11986,A,I would choose **Option C** because it offers a lower price per night ($
11987,A,"To determine the best option for your stay in New York City, let's compare"
11988,A,I would recommend Option C. It offers a lower price and better amenities compared to
11989,A,I would choose **Option C** for this stay. The hotel offers a standard
11990,A,I would recommend Option C. It offers a lower price and better amenities compared to
11991,A,"I would recommend Option C. It offers a good balance between price and amenities,"
11992,A,I would recommend Option C. It offers a lower price and better amenities compared to
11993,B,I would choose **Option B** for my stay in New York City. It
11994,B,I would recommend Option **B**. It offers a higher star rating and better
11995,A,I would choose **Option C** for my stay in New York City. The
11996,A,I would choose **Option C** for this stay. The price is significantly lower
11997,B,"I would recommend Option B.

**Step-by-Step Explanation:**

1."
11998,A,I would choose **Option C** for my stay in New York City. It
11999,A,I would choose **Option C** for my stay in New York City. It
12000,A,I would recommend Option C: W New York - Times Square. It offers a
12001,A,I would recommend Option C. It offers a more comfortable stay with a Spectacular
12002,A,I would recommend Option **C**. It offers a great balance of comfort and
12003,A,I would recommend Option C. It offers a great mix of amenities and is centrally
12004,A,I would recommend Option C. It offers a great mix of amenities and is centrally
12005,B,"I would recommend Option B.

**Step-by-Step Explanation:**

1."
12006,A,I would choose **Option C** for this stay. It offers a lower price
12007,A,I would choose **Option C** for this stay. It offers a lower price
12008,B,I would choose **Option B** for this stay. It offers a mix of
12009,B,I would choose **Option B** for this stay. It offers a good balance
12010,A,I would choose **Option C** for this stay. It offers a lower price
12011,A,I would choose **Option C** because it offers a lower price per night ($
12012,A,I would choose **Option C** for this stay. The price is significantly lower
12013,A,I would choose **Option C** because it offers a lower price per night ($
12014,A,I would choose **Option C** for my stay in New York City. The
12015,A,I would choose **Option C**. It offers a lower price per night ($
12016,A,I would choose **Option C** for this stay. The price is significantly lower
12017,A,"I would recommend Option C. It offers a good balance between price and amenities,"
12018,A,"I would recommend Option C. It offers a good balance of price and amenities,"
12019,A,I would choose **Option C** for this stay. The price is significantly lower
12020,A,"I would recommend Option C. It offers a good balance between price and amenities,"
12021,A,I would recommend Option C. It offers a lower price and better amenities compared to
12022,A,"I would recommend Option C. It offers a good balance between price and amenities,"
12023,B,I would choose **Option B** for this one-night stay in New York City
12024,B,I would choose **Option B** for this one-night stay in New York City
12025,A,I would choose **Option C** for my stay in New York City. The
12026,A,I would choose **Option C** for my stay in New York City. The
12027,A,"I would recommend Option C. It offers a good balance between price and amenities,"
12028,A,I would choose **Option C** for this one-night stay in New York City
12029,A,I would choose **Option C** because it offers a more comfortable stay with free
12030,A,"To determine the best option for your stay in New York City, let's break"
12031,B,"I would recommend Option B. It offers a good balance between price and amenities,"
12032,A,"To determine the best option for your stay in New York City, let's break"
12033,A,"I would recommend Option C. It offers a good balance between price and amenities,"
12034,A,"I would recommend Option C. It offers a good balance between price and amenities,"
12035,A,"I would recommend Option C. It offers a great mix of comfort and convenience,"
12036,A,I would choose **Option C** for my hotel room in New York City.
12037,A,I would choose **Option C** for my hotel room in New York City.
12038,A,I would choose **Option C** for my hotel room in New York City.
12039,A,"I would recommend Option C. It offers a great mix of comfort and convenience,"
12040,B,I would choose **Option B** for my hotel room in New York City.
12041,B,I would recommend Option **B**. It offers a higher star rating of
12042,B,I would recommend Option **B**. It offers a higher star rating of
12043,B,I would recommend Option **B**. It offers a higher star rating of
12044,B,I would recommend Option **B**. It offers a higher star rating of
12045,B,I would recommend Option **B**. It offers a higher star rating and better
12046,B,I would recommend Option B. It offers a higher star rating of 4 stars
12047,A,I would choose **Option C** for my stay in New York City. The
12048,A,I would choose **Option C** for this stay. The price is significantly lower
12049,B,"I would recommend Option B. It offers a good balance between price and amenities,"
12050,A,I would choose **Option C** for this stay. The room type is a
12051,A,I would choose **Option C** for this stay. The room type is Studio
12052,B,"I would recommend Option B. It offers a good balance between price and amenities,"
12053,A,I would choose **Option C** for this stay. The King Room at Holiday
12054,A,I would choose **Option C** for this stay. It offers a lower price
12055,B,I would choose **Option B** for this stay. It offers a good balance
12056,A,I would choose **Option C** for this one-night stay in New York City
12057,B,"I would recommend Option B. It offers a good balance between price and amenities,"
12058,A,I would choose **Option C** for this stay. It offers a good balance
12059,A,"To determine the best option for your stay in New York City, let's compare"
12060,A,I would choose **Option C** because it offers a lower price per night ($
12061,A,"To determine the best option for your stay in New York City, let's break"
12062,A,I would choose **Option C** because it offers a lower price per night ($
12063,A,I would choose **Option C** for this stay. It offers a great value
12064,A,I would choose **Option C** for my stay in New York City. The
12065,B,I would choose **Option B** for this stay. It offers a good balance
12066,A,I would choose **Option C** for this stay. It offers a good balance
12067,A,"I would recommend Option C. It offers a good balance of price and amenities,"
12068,B,"I would recommend Option B.

**Step-by-Step Explanation:**

1."
12069,A,"To determine the best option for your stay in New York City, let's compare"
12070,A,"To determine the best option for your stay in New York City, let's compare"
12071,A,"To determine the best option for your stay in New York City, let's compare"
12072,A,I would choose **Option C** for this one-night stay in New York City
12073,A,I would choose **Option C** for this stay. It offers a good balance
12074,A,I would choose **Option C** for this stay. The price is significantly lower
12075,A,"To determine the best option for your stay in New York City, let's compare"
12076,A,I would choose **Option C** for my hotel room in New York City.
12077,A,I would choose **Option C** for this stay. The price is significantly lower
12078,A,"I would recommend Option C. It offers a good balance between price and amenities,"
12079,B,"I would recommend Option B.

**Step-by-Step Explanation:**

1."
12080,A,I would recommend Option C. It offers a lower price and better amenities compared to
12081,A,I would recommend Option C. It offers a lower price and better amenities compared to
12082,A,"I would recommend Option C. It offers a good balance between price and amenities,"
12083,A,"I would recommend Option C. It offers a midtown location, which is convenient"
12084,B,"I would recommend Option B. It offers a good balance between price and amenities,"
12085,A,"I would recommend Option C. It offers a good balance between price and amenities,"
12086,A,I would recommend Option **C**. It offers a good balance of price and
12087,A,"I would recommend Option C. It offers a good balance of price and amenities,"
12088,C,I would choose **Option A** for this one-night stay in New York City
12089,B,I would choose **Option B** for this stay. It offers a good balance
12090,B,I would choose **Option B** for this one-night stay in New York City
12091,B,I would choose **Option B** for this one-night stay in New York City
12092,A,I would choose **Option C**. It offers a good balance of price and
12093,A,I would recommend Option C. It offers a lower price and better amenities compared to
12094,A,I would choose **Option C**. It offers a lower price per night ($
12095,A,I would recommend Option C. It offers a balance of comfort and amenities at a
12096,A,I would choose **Option C**. It offers a balance of affordability and quality
12097,B,I would choose **Option B** for this one-night stay in New York City
12098,A,I would choose **Option C**. It offers a balance of affordability and quality
12099,B,I would choose **Option B** for my stay in New York City. It
12100,A,"I would recommend Option C. It offers a good balance between price and amenities,"
12101,A,I would recommend Option C. It offers a mix of comfort and amenities at a
12102,A,I would recommend Option **C**. It offers a balance of affordability and amenities
12103,B,I would recommend Option **B**. It offers a higher star rating (5
12104,A,"To determine the best option for your stay in New York City, let's break"
12105,A,"To determine the best option for your stay in New York City, let's compare"
12106,A,I would choose **Option C** because it offers a better value for money and
12107,B,I would recommend Option B. It offers a higher star rating and better amenities compared
12108,A,"I would recommend Option C. It offers a good balance between price and amenities,"
12109,B,I would recommend Option B. It offers a superior stay in a centrally located area
12110,B,"I would recommend Option B. It offers a superior room type, free WiFi,"
12111,A,"I would recommend Option C. It offers a good balance between price and amenities,"
12112,B,I would choose **Option B** for this stay. It offers a higher star
12113,B,I would choose **Option B** for this stay. It offers a good balance
12114,B,I would choose **Option B** for this one-night stay in New York City
12115,B,I would choose **Option B** for this stay. It offers a good balance
12116,B,I would choose **Option B** for this one-night stay in New York City
12117,A,I would choose **Option C** for this stay. It offers a queen room
12118,B,"I would recommend Option B. It offers a balance of affordability and quality, with"
12119,A,"To determine the best option for your stay in New York City, let's compare"
12120,A,"I would recommend Option C. It offers a good balance between price and amenities,"
12121,A,"I would recommend Option C. It offers a good balance between price and amenities,"
12122,A,"I would recommend Option C. It offers a good balance between price and amenities,"
12123,A,"I would recommend Option C. It offers a good balance between price and amenities,"
12124,A,I would recommend Option C. It offers a more comfortable stay with free WiFi and
12125,A,I would recommend Option C: Hyatt Centric Times Square New York. It
12126,A,"To determine the best option for your stay in New York City, let's break"
12127,B,I would choose **Option B** for my stay in New York City. It
12128,A,"To determine the best option for your stay in New York City, let's compare"
12129,A,I would choose **Option C** for my hotel room in New York City.
12130,A,I would recommend Option C. It offers a mix of comfort and amenities that might
12131,A,"I would recommend Option C. It offers a good balance of price and amenities,"
12132,A,I would recommend Option **C**. It offers a mix of free breakfast and
12133,B,I would recommend Option **B**. It offers a balance of comfort and amenities
12134,B,"I would recommend Option B.

**Step-by-Step Explanation:**

1."
12135,B,I would recommend Option **B**. It offers a mix of comfort and convenience
12136,A,I would recommend Option **C**. It offers a good balance of comfort and
12137,B,I would recommend Option B. It offers a balance of affordability and amenities that align
12138,B,"I would recommend Option B. It offers a good balance between price and amenities,"
12139,B,I would choose **Option B** for this stay. It offers a balance of
12140,B,"I would recommend Option B.

**Step-by-Step Explanation:**

1."
12141,B,I would recommend Option **B**. It offers a balance of affordability and quality
12142,B,I would choose **Option B** for this one-night stay in New York City
12143,A,"I would recommend Option C. It offers a good balance of price and amenities,"
12144,A,I would recommend Option C. It offers a lower price and better amenities compared to
12145,A,I would choose **Option C** for my hotel room in New York City.
12146,A,I would recommend Option C. It offers a good balance of comfort and amenities at
12147,A,"To determine the best option for your stay in New York City, let's break"
12148,A,I would choose **Option C** for this one-night stay in New York City
12149,A,I would choose **Option C** for my hotel room in New York City.
12150,A,"I would recommend Option C. It offers a good balance between price and amenities,"
12151,A,I would choose **Option C** for my hotel room in New York City.
12152,A,I would choose **Option C** for my hotel room in New York City.
12153,A,I would choose **Option C** for my hotel room in New York City.
12154,A,I would choose **Option C** for my hotel room in New York City.
12155,B,I would choose **Option B** for this stay. It offers a good balance
12156,B,I would choose **Option B** for this stay. It offers a balance of
12157,B,I would choose **Option B** for this stay. It offers a good balance
12158,A,I would choose **Option C** for this stay. The dorm bed room offers
12159,B,I would choose **Option B** for this stay. It offers a higher star
12160,B,I would choose **Option B** for this stay. It offers a higher star
12161,B,I would choose **Option B** for this stay. It offers a good balance
12162,B,I would recommend Option **B**. It offers a balance of comfort and amenities
12163,B,I would choose **Option B** for this one-night stay in New York City
12164,A,I would choose **Option C** because it offers a higher price per night ($
12165,C,I would choose **Option A** for my stay in New York City. It
12166,B,"I would recommend Option B. It offers a balance of affordability and amenities, making"
12167,B,"I would recommend Option B. It offers a good balance between price and amenities,"
12168,B,"I would recommend Option B.

**Step-by-Step Explanation:**

1."
12169,B,"I would recommend Option B. It offers a good balance between price and amenities,"
12170,B,I would choose **Option B** for this one-night stay in Manhattan. It
12171,B,"I would recommend Option B. It offers a good balance between price and amenities,"
12172,B,"I would recommend Option B.

**Step-by-Step Explanation:**

1."
12173,A,I would recommend Option **C**. It offers a good balance of comfort and
12174,A,"I would recommend Option C. It offers a good balance of price and amenities,"
12175,A,"I would recommend Option C. It offers a good balance of price and amenities,"
12176,B,"I would recommend Option B. It offers a balance of affordability and amenities, making"
12177,B,I would recommend Option **B**. It offers a balance of comfort and amenities
12178,B,"I would recommend Option B. It offers a balance of affordability and quality, with"
12179,B,I would recommend Option B. It offers a balance of affordability and amenities that align
12180,A,I would choose **Option C** for my stay in New York City. The
12181,B,I would choose **Option B** for my stay in New York City. The
12182,A,"To determine the best option for your stay in New York City, let's compare"
12183,A,I would choose **Option C** for my stay in New York City. The
12184,B,"I would recommend Option B. It offers a balance of affordability and quality, with"
12185,B,"I would recommend Option B. It offers a good balance between price and amenities,"
12186,A,I would choose **Option C** for my stay in New York City. It
12187,B,I would choose **Option B** for this stay. It offers a good balance
12188,B,"I would recommend Option B. It offers a good balance between price and amenities,"
12189,A,"I would recommend Option C. It offers a good balance between price and amenities,"
12190,B,"I would recommend Option B. It offers a good balance between price and amenities,"
12191,A,I would recommend Option C. It offers a good balance of comfort and amenities at
12192,A,I would choose **Option C** for my stay in New York City. It
12193,A,I would choose **Option C** for my stay in New York City. The
12194,A,I would choose **Option C** for my stay in New York City. The
12195,A,I would recommend Option C: Holiday Inn New York City - Wall Street. It
12196,B,I would choose **Option B** for this one-night stay in New York City
12197,A,I would choose **Option C** for this stay. The price is significantly lower
12198,B,I would choose **Option B** for this stay. It offers a good balance
12199,A,I would choose **Option C** for this stay. The price is significantly lower
12200,A,I would choose **Option C** for this stay. The price is significantly lower
12201,A,I would recommend Option C. It offers a lower price and better amenities compared to
12202,A,I would recommend Option C. It offers a lower price and better amenities compared to
12203,A,"To determine the best option for your stay in New York City, let's break"
12204,B,"I would recommend Option **B**.

**Reasoning:**
- **Price"
12205,A,"To determine the best option for your stay in New York City, let's compare"
12206,A,I would recommend Option C. It offers a lower price and better amenities compared to
12207,A,"To determine the best option for your stay in New York City, let's compare"
12208,B,I would recommend Option **B**. It offers a higher star rating and better
12209,A,I would choose **Option C** for this stay. The 5-star rating
12210,A,I would recommend Option C. It offers a higher star rating and more amenities compared
12211,A,I would recommend Option C. It offers a superior king room with access to a
12212,B,I would choose **Option B** for this stay. It offers a good balance
12213,A,I would recommend Option C. It offers a higher star rating and more amenities compared
12214,A,I would recommend Option C. It offers a superior king room with access to a
12215,B,"I would recommend Option B.

**Step-by-Step Explanation:**

1."
12216,B,"I would recommend Option B.

**Step-by-Step Explanation:**

1."
12217,B,"I would recommend Option B.

**Step-by-Step Explanation:**

1."
12218,B,"I would recommend Option **B**.

**Step-by-Step Explanation:**"
12219,B,"I would recommend Option B.

**Step-by-Step Explanation:**

1."
12220,B,I would choose **Option B** for my stay in New York City. It
12221,B,I would choose **Option B** for this one-night stay in New York City
12222,B,I would choose **Option B** for my stay in New York City. It
12223,B,I would recommend Option **B**. It offers a higher star rating and better
12224,B,I would choose **Option B** for this one-night stay in New York City
12225,C,I would choose **Option A** for this one-night stay in New York City
12226,C,I would choose **Option A** for my stay in New York City. It
12227,B,"I would recommend Option B. It offers a superior room type, free WiFi,"
12228,A,I would choose **Option C** for my stay in New York City. The
12229,A,I would choose **Option C** for my stay in New York City. The
12230,A,I would recommend Option C: The DoubleTree by Hilton New York Times Square South
12231,A,I would choose **Option C** for my stay in New York City. The
12232,A,I would choose **Option C** for my stay in New York City. The
12233,A,I would recommend Option C. It offers a good balance of comfort and amenities at
12234,B,"I would recommend Option **B**.

**Explanation:** 
Option B offers a"
12235,A,I would recommend Option C. It offers a mix of amenities and is centrally located
12236,B,I would recommend Option **B**. It offers a higher star rating of
12237,C,I would choose **Option A** for my stay in New York City. It
12238,A,"To determine the best option for your stay in New York City, let's compare"
12239,A,I would choose **Option C** for this stay. The price is significantly lower
12240,A,I would choose **Option C** for this stay. The lower east side of
12241,A,I would choose **Option C** for this stay. It offers a great value
12242,A,I would choose **Option C** for this stay. It offers a great mix
12243,B,I would choose **Option B** for this stay. It offers a great balance
12244,A,I would choose **Option C** for this stay. It offers a great mix
12245,A,I would choose **Option C** for this one-night stay in New York City
12246,A,"To determine the best option for your stay in New York City, let's compare"
12247,B,I would choose **Option B** for this one-night stay in New York City
12248,A,I would choose **Option C** for this stay. The Lucerne Hotel offers
12249,A,I would choose **Option C** for this stay. The Lucerne Hotel offers
12250,A,I would choose **Option C** for this one-night stay in New York City
12251,A,"To determine the best option for your stay in New York City, let's compare"
12252,B,I would choose **Option B** for this stay. It offers a superior room
12253,A,"To determine the best option for your stay in New York City, let's compare"
12254,A,"To determine the best option for your stay in New York City, let's compare"
12255,A,I would choose **Option C** because it offers a lower price per night ($
12256,A,I would choose **Option C** for this stay. It offers a lower price
12257,B,I would choose **Option B** for this stay. It offers a good balance
12258,A,"To determine the best option for your stay in New York City, let's compare"
12259,B,I would choose **Option B** for this stay. It offers a lower price
12260,B,I would choose **Option B** for this stay. It offers a good balance
12261,B,I would choose **Option B** for this stay. It offers a lower price
12262,B,I would choose **Option B** for this one-night stay in New York City
12263,B,I would choose **Option B** for my stay in New York City. The
12264,A,"I would recommend Option C. It offers a good balance between price and amenities,"
12265,A,"I would recommend Option C. It offers a good balance between price and amenities,"
12266,B,I would recommend Option B. It offers a higher star rating and better amenities compared
12267,B,I would recommend Option **B**. It offers a higher star rating and better
12268,A,"I would recommend Option C. It offers a good balance of price and amenities,"
12269,B,I would choose **Option B** for this stay. It offers a higher star
12270,B,I would choose **Option B** for this stay. It offers a higher star
12271,A,"I would recommend Option C. It offers a good balance of price and amenities,"
12272,A,I would choose **Option C** for this stay. It offers a great balance
12273,A,I would choose **Option C** for this stay. It offers a great balance
12274,A,"I would recommend Option C. It offers a balance of affordability and amenities, making"
12275,B,I would choose **Option B** for this one-night stay in New York City
12276,B,I would choose **Option B** for this one-night stay in New York City
12277,B,"I would recommend Option B. It offers a good balance between price and amenities,"
12278,B,I would choose **Option B** for this stay. It offers a good balance
12279,A,"To determine the best option for your stay in New York City, let's break"
12280,A,"To determine the best option for your stay in New York City, let's break"
12281,B,"I would recommend Option B. It offers a good balance between price and amenities,"
12282,A,I would recommend Option **C**. It offers a higher star rating and more
12283,B,I would choose **Option B** for my hotel room in New York City.
12284,B,"I would recommend Option B. It offers a good balance between price and amenities,"
12285,B,I would recommend Option **B**. It offers a great balance of comfort and
12286,A,I would recommend Option C. It offers a higher star rating and more amenities compared
12287,B,I would recommend Option **B**. It offers a more comfortable King-sized room
12288,A,I would recommend Option C. It offers a lower price and better amenities compared to
12289,A,I would recommend Option C. It offers a lower price per night ($17
12290,A,I would choose **Option C** for this stay. The price is significantly lower
12291,B,I would recommend Option **B**. It offers a great balance of comfort and
12292,A,I would recommend Option **C**. It offers a lower price and better amenities
12293,B,I would recommend Option B. It offers a higher star rating and better amenities compared
12294,B,I would recommend Option **B**. It offers a higher star rating and better
12295,B,I would recommend Option **B**. It offers a higher star rating and better
12296,B,"I would recommend Option B. It offers a balance of affordability and amenities, making"
12297,B,"I would recommend Option **B**.

**Step-by-Step Explanation:**"
12298,A,I would recommend Option C: Kimpton Muse Hotel. It offers a mix of
12299,A,"To determine the best option for your stay in New York City, let's break"
12300,A,"To determine the best option for your stay in New York City, let's break"
12301,A,"To determine the best option for your stay in New York City, let's compare"
12302,A,"To determine the best option for your stay in New York City, let's compare"
12303,A,I would choose **Option C** for this stay. It offers a great mix
12304,A,I would choose **Option C** for this stay. It offers a lower price
12305,A,"To determine the best option for your stay in New York City, let's compare"
12306,A,I would recommend Option C. It offers a good balance of comfort and amenities at
12307,A,"To determine the best option for your stay in New York City, let's compare"
12308,A,I would recommend Option C. It offers a good balance of comfort and amenities at
12309,A,"I would recommend Option C. It offers a good balance of price and amenities,"
12310,A,I would choose **Option C** for this stay. It offers a better price
12311,A,I would choose **Option C** for this stay. It offers a higher star
12312,C,I would choose **Option A** for my hotel room in New York City.
12313,C,I would choose **Option A** for my hotel room in New York City.
12314,B,I would choose **Option B** for my hotel room in New York City.
12315,B,I would choose **Option B** for my hotel stay in New York City.
12316,C,I would choose **Option A** for my hotel room in New York City.
12317,B,"I would recommend Option B. It offers a good balance between price and amenities,"
12318,B,I would choose **Option B** for this stay. It offers a good balance
12319,B,I would choose **Option B** for this one-night stay in New York City
12320,B,I would choose **Option B** for this one-night stay in New York City
12321,A,I would choose **Option C** for my stay in New York City. The
12322,B,I would choose **Option B** for this one-night stay in New York City
12323,B,"I would recommend Option B. It offers a good balance between price and amenities,"
12324,A,"To determine the best option for your stay in New York City, let's break"
12325,A,I would recommend Option C. It offers a medium-sized room at a reasonable price
12326,B,I would recommend Option **B**. It offers a balance of affordability and quality
12327,B,I would recommend Option **B**. It offers a balance of affordability and quality
12328,B,I would recommend Option **B**. It offers a good balance between price and
12329,B,I would choose **Option B** for my hotel room in New York City.
12330,A,I would choose **Option C** because it offers a lower price per night ($
12331,A,"To determine the best option for your stay in New York City, let's compare"
12332,A,"To determine the best option for your stay in New York City, let's compare"
12333,A,"To determine the best option for your stay in New York City, let's compare"
12334,A,"To determine the best option for your stay in New York City, let's compare"
12335,A,"I would recommend Option C. It offers a good balance between price and amenities,"
12336,A,"I would recommend Option C. It offers a good balance between price and amenities,"
12337,B,I would choose **Option B** for my stay in New York City. It
12338,A,I would choose **Option C** for my stay in New York City. The
12339,A,I would choose **Option C** for this one-night stay in New York City
12340,B,I would choose **Option B** for this one-night stay in New York City
12341,A,"I would recommend Option C. It offers a good balance between price and amenities,"
12342,A,I would choose **Option C** for this stay. It offers a great value
12343,A,I would choose **Option C** for this stay. It offers a great value
12344,A,I would choose **Option C** for my stay in New York City. The
12345,A,"I would recommend Option C. It offers a good balance between price and amenities,"
12346,A,I would recommend Option C. It offers a mix of comfort and amenities that might
12347,A,I would choose **Option C** for this stay. It offers a great value
12348,A,I would recommend Option C. It offers a great value for your stay in New
12349,A,"I would recommend Option C. It offers a mix of free WiFi, a rooftop"
12350,B,I would recommend Option **B**. It offers a balance of affordability and amenities
12351,B,"I would recommend Option B. It offers a balance of affordability and amenities, making"
12352,B,I would choose **Option B** for this stay. It offers a good balance
12353,B,I would recommend Option **B**. It offers a good balance of comfort and
12354,B,"I would recommend Option **B**.

**Reasoning:**
- **Price"
12355,A,"To determine the best option for your stay in New York City, let's break"
12356,A,"To determine the best option for your stay in New York City, let's compare"
12357,A,I would recommend Option **C**. It offers a higher star rating and better
12358,B,I would recommend Option **B**. It offers a good balance between price and
12359,A,"To determine the best option for your stay in New York City, let's compare"
12360,B,"I would recommend Option B. It offers a good balance between price and amenities,"
12361,B,"I would recommend Option B.

**Step-by-Step Explanation:**

1."
12362,B,I would choose **Option B** for this stay. It offers a good balance
12363,B,"I would recommend Option B. It offers a good balance between price and amenities,"
12364,B,"I would recommend Option B. It offers a balance of affordability and amenities, with"
12365,A,I would choose **Option C** for this stay. It offers a better price
12366,A,I would recommend Option C. It offers a better value for your stay in New
12367,A,I would recommend Option C. It offers a more convenient location in Midtown East
12368,A,"I would recommend Option C. It offers a good balance between price and amenities,"
12369,A,I would recommend Option C. It offers a better value for your stay in New
12370,A,I would recommend Option C. It offers a better value for your stay in New
12371,B,I would choose **Option B** for my stay in New York City. It
12372,A,I would choose **Option C** for my hotel room in New York City.
12373,B,I would choose **Option B** for my stay in New York City. It
12374,B,"I would recommend Option B.

**Step-by-Step Explanation:**

1."
12375,A,"I would recommend Option C. It offers a good balance between price and amenities,"
12376,A,"I would recommend Option C. It offers a good balance of price and amenities,"
12377,A,I would recommend Option C. It offers a higher star rating and more amenities compared
12378,A,I would recommend Option C. It offers a higher star rating (5 stars)
12379,A,I would recommend Option C. It offers a higher star rating and more amenities compared
12380,A,I would recommend Option C. It offers a higher star rating (5 stars)
12381,A,I would recommend Option C. It offers a higher star rating and more amenities compared
12382,A,I would recommend Option C. It offers a higher star rating and more amenities compared
12383,A,I would recommend Option **C**. It offers a good balance between price and
12384,A,I would recommend Option **C**. It offers a good balance between price and
12385,A,"I would recommend Option C. It offers a good balance between price and amenities,"
12386,A,"I would recommend Option C. It offers a good balance between price and amenities,"
12387,A,I would recommend Option **C**. It offers a balance of comfort and amenities
12388,A,I would recommend Option **C**. It offers a good balance between price and
12389,A,I would recommend Option C. It offers a lower price and better amenities compared to
12390,B,"I would recommend Option B. It offers a balance of affordability and amenities, making"
12391,B,I would recommend Option **B**. It offers a balance of affordability and quality
12392,B,I would choose **Option B** for my stay in New York City. It
12393,A,I would recommend Option C. It offers a lower price and better amenities compared to
12394,B,I would recommend Option B. It offers a balance of affordability and amenities that meet
12395,B,I would choose **Option B** for this stay. It offers a higher star
12396,B,I would choose **Option B** for my stay in New York City. It
12397,B,I would choose **Option B** for this stay. It offers a higher star
12398,A,I would recommend Option **C**. It offers a balance of comfort and amenities
12399,A,I would recommend Option C: Hard Rock Hotel New York. It offers a mix
12400,A,"To determine the best option for your stay in New York City, let's compare"
12401,A,I would choose **Option C** for this stay. It offers a good balance
12402,A,"I would recommend Option **C**. 

- **Arlo NoMad**"
12403,B,I would recommend Option **B**. It offers a higher star rating and better
12404,A,I would recommend Option **C**. It offers a great value for your stay
12405,A,"I would recommend Option C. It offers a good balance between price and amenities,"
12406,A,"I would recommend Option C. It offers a good balance between price and amenities,"
12407,A,I would choose **Option C** for my hotel room in New York City.
12408,A,"I would recommend Option C. It offers a good balance of price and amenities,"
12409,A,"I would recommend Option C. It offers a good balance of price and amenities,"
12410,A,I would choose **Option C** for this one-night stay in New York City
12411,B,I would choose **Option B** for my hotel room in New York City.
12412,A,"I would recommend Option C. It offers a good balance between price and amenities,"
12413,B,I would choose **Option B** for this one-night stay in New York City
12414,A,I would choose **Option C**. It offers a better price and more amenities
12415,A,"To determine the best option for your stay in New York City, let's break"
12416,B,I would choose **Option B** for this one-night stay in New York City
12417,A,"To determine the best option for your stay in New York City, let's break"
12418,A,"To determine the best option for your stay in New York City, let's break"
12419,A,"To determine the best option for your stay in New York City, let's break"
12420,B,I would choose **Option B** for this stay. It offers a good balance
12421,A,"To determine the best option for your stay in New York City, let's break"
12422,B,I would recommend Option **B**. It offers a good balance between price and
12423,B,"I would recommend Option B.

**Step-by-Step Explanation:**

1."
12424,B,I would choose **Option B** for this stay. It offers a good balance
12425,A,I would choose **Option C**. It offers a lower price and better amenities
12426,A,I would choose **Option C** for this one-night stay in New York City
12427,A,I would choose **Option C**. It offers a lower price and better amenities
12428,A,I would choose **Option C**. It offers a lower price and better amenities
12429,A,I would recommend Option C. It offers a balance of affordability and amenities that align
12430,B,I would recommend Option B. It offers a higher star rating (5 stars)
12431,A,I would choose **Option C** for my hotel room in New York City.
12432,B,I would recommend Option **B**. It offers a higher star rating and better
12433,A,I would recommend Option **C**. The Sheraton New York Times Square Hotel
12434,B,I would choose **Option B** for my hotel room in New York City.
12435,B,I would choose **Option B** for my hotel room in New York City.
12436,A,"To determine the best option for your stay in New York City, let's compare"
12437,A,"To determine the best option for your stay in New York City, let's break"
12438,A,I would recommend Option C: Holiday Inn NYC - Lower East Side. It offers
12439,A,"To determine the best option for your stay in New York City, let's break"
12440,A,I would recommend Option C. It offers a lower price and better amenities compared to
12441,A,I would choose **Option C**. It offers a lower price and better amenities
12442,B,"I would recommend Option B.

**Step-by-Step Explanation:**

1."
12443,A,I would recommend Option C. It offers a higher star rating and more amenities compared
12444,A,I would recommend Option C. It offers a higher star rating and more amenities compared
12445,A,I would recommend Option C. It offers a higher star rating and more amenities compared
12446,A,I would recommend Option C. It offers a higher star rating and more amenities compared
12447,A,I would recommend Option C. It offers a higher star rating and more amenities compared
12448,A,I would recommend Option C. It offers a higher star rating and more amenities compared
12449,A,I would choose **Option C** because it offers a lower price per night ($
12450,A,I would recommend Option C: Moxy NYC Downtown. It offers a great mix
12451,A,I would recommend Option C: Moxy NYC Downtown. It offers a great value
12452,A,I would recommend Option C: Moxy NYC Downtown. It offers a great mix
12453,A,I would recommend Option C: Moxy NYC Downtown. It offers a great value
12454,A,I would choose **Option C** for this stay. The price is significantly lower
12455,A,I would recommend Option C. It offers a higher star rating and more amenities compared
12456,A,I would recommend Option C. It offers a higher star rating and more amenities compared
12457,B,"I would recommend Option B. It offers a good balance between price and amenities,"
12458,A,I would recommend Option C. It offers a higher star rating and more amenities compared
12459,A,"I would recommend Option C. It offers a superior experience with free WiFi access,"
12460,A,I would recommend Option C. It offers a higher star rating and more amenities compared
12461,B,I would choose **Option B** for this one-night stay in New York City
12462,A,I would choose **Option C** because it offers a lower price per night ($
12463,A,I would choose **Option C** because it offers a lower price of $1
12464,A,I would choose **Option C** for this stay. The price is significantly lower
12465,A,I would choose **Option C** for this one-night stay in New York City
12466,B,I would choose **Option B** for my hotel room in New York City.
12467,B,"I would recommend Option B.

**Step-by-Step Explanation:**

1."
12468,B,I would choose **Option B** for this stay. It offers a good balance
12469,B,"I would recommend Option B.

**Step-by-Step Explanation:**

1."
12470,A,"To determine the best option for your stay in New York City, let's compare"
12471,B,I would choose **Option B** for my hotel room in New York City.
12472,A,"To determine the best option for your stay in New York City, let's compare"
12473,A,"I would recommend Option C. It offers a good balance between price and amenities,"
12474,A,I would recommend Option C. It offers a lower price and better amenities compared to
12475,A,I would recommend Option C: Holiday Inn Manhattan-Chelsea. It offers a good
12476,A,"To determine the best option for your stay in New York City, let's compare"
12477,A,"I would recommend Option C. It offers a good balance between price and amenities,"
12478,A,I would recommend Option C: Holiday Inn Manhattan-Chelsea. It offers a good
12479,B,I would recommend Option **B**. It offers a balance of comfort and amenities
12480,B,I would recommend Option **B**. It offers a balance of comfort and amenities
12481,B,I would choose **Option B** for this stay. It offers a good balance
12482,A,"To determine the best option for your stay in New York City, let's break"
12483,A,I would recommend Option C: LUMA Hotel Times Square. It offers a
12484,A,I would choose **Option C** for this stay. The LUMA Hotel
12485,B,I would choose **Option B** for my stay in New York City. It
12486,A,I would choose **Option C** for this one-night stay in New York City
12487,A,I would choose **Option C** for my stay in New York City. It
12488,A,I would choose **Option C** for this one-night stay in New York City
12489,A,I would choose **Option C** for this stay. The Radio Hotel offers a
12490,A,I would choose **Option C** for this one-night stay in New York City
12491,A,I would choose **Option C** for this stay. The price is significantly lower
12492,A,I would choose **Option C** for this stay. The price is significantly lower
12493,A,I would choose **Option C** for this stay. The price is significantly lower
12494,A,I would choose **Option C** for this stay. It offers a Studio room
12495,A,I would choose **Option C** for this stay. It offers a more comfortable
12496,A,I would recommend Option C. It offers a more comfortable stay with a Studio room
12497,A,I would recommend Option C. It offers a lower price and better amenities compared to
12498,A,"I would recommend Option C. It offers a balance of affordability and quality, with"
12499,A,"To determine the best option for your stay in New York City, let's break"
12500,A,I would recommend Option C. It offers a lower price and better amenities compared to
12501,A,"I would recommend Option C. It offers a balance of affordability and amenities, making"
12502,A,"I would recommend Option C. It offers a superior room type, free WiFi,"
12503,A,I would recommend Option C: Margaritaville Resort Times Square. It
12504,A,I would recommend Option C: Margaritaville Resort Times Square. It
12505,A,I would recommend Option C: Margaritaville Resort Times Square. It
12506,A,I would recommend Option C. It offers a more comfortable stay with free WiFi and
12507,A,I would recommend Option C: Margaritaville Resort Times Square. It
12508,A,"I would recommend Option C. It offers a good balance of affordability and amenities,"
12509,A,I would choose **Option C** for my hotel room in New York City.
12510,C,I would choose **Option A** for my stay in New York City. The
12511,B,I would choose **Option B** for my stay in New York City. Here
12512,C,I would choose **Option A** for my hotel room in New York City.
12513,B,"I would recommend Option B.

**Step-by-Step Explanation:**

1."
12514,B,I would recommend Option **B**. It offers a great balance of comfort and
12515,A,"I would recommend Option C. It offers a good balance between price and amenities,"
12516,A,I would choose **Option C** for this stay. The price is significantly lower
12517,B,"I would recommend Option B. It offers a good balance between price and amenities,"
12518,A,I would choose **Option C** for this stay. It offers a good balance
12519,A,"I would recommend Option C. It offers a good balance between price and amenities,"
12520,B,"I would recommend Option B.

**Step-by-Step Explanation:**

1."
12521,B,I would choose **Option B** for this stay. It offers a good balance
12522,A,"I would recommend Option C. It offers a good balance of price and amenities,"
12523,A,"To determine the best option for your stay in New York City, let's compare"
12524,A,"To determine the best option for your stay in New York City, let's compare"
12525,B,I would recommend Option **B**. It offers a good balance between price and
12526,A,"To determine the best option for your stay in New York City, let's compare"
12527,B,I would recommend Option **B**. It offers a good balance between price and
12528,A,I would choose **Option C** for this one-night stay in New York City
12529,B,I would recommend Option **B**. It offers a good balance between price and
12530,A,I would choose **Option C** for this stay. It offers a better price
12531,A,"I would recommend Option C. It offers a good balance between price and amenities,"
12532,A,I would choose **Option C** for this stay. It offers a lower price
12533,B,I would choose **Option B** for my stay in New York City. It
12534,A,I would recommend Option C. It offers a higher star rating and more amenities compared
12535,A,I would recommend Option C. It offers a superior king room with free WiFi and
12536,A,I would recommend Option C. It offers a superior king room with free WiFi and
12537,A,I would recommend Option C. It offers a superior king room with free WiFi and
12538,A,I would recommend Option C. It offers a higher star rating and more amenities compared
12539,A,I would choose **Option C** for this stay. It offers a great mix
12540,A,I would choose **Option C** for this stay. It offers a great mix
12541,A,I would choose **Option C** for this stay. The price is significantly lower
12542,A,I would choose **Option C** for this stay. It offers a lower price
12543,B,I would choose **Option B** for this stay. It offers a good balance
12544,A,I would choose **Option C** for this stay. It offers a lower price
12545,B,"I would recommend Option B. It offers a good balance between price and amenities,"
12546,B,I would choose **Option B** for this stay. It offers a good balance
12547,B,I would choose **Option B** for this stay. It offers a good balance
12548,A,"To determine the best option for your stay in New York City, let's compare"
12549,A,"To determine the best option for your stay in New York City, let's compare"
12550,B,I would choose **Option B** for this stay. It offers a good balance
12551,A,"To determine the best option for your stay in New York City, let's compare"
12552,A,I would recommend Option C. It offers a lower price and better amenities compared to
12553,A,"To determine the best option for your stay in New York City, let's compare"
12554,A,"To determine the best option for your stay in New York City, let's compare"
12555,A,"To determine the best option for your stay in New York City, let's compare"
12556,A,"To determine the best option for your stay in New York City, let's compare"
12557,A,"I would recommend Option C. It offers a good balance between price and amenities,"
12558,A,"I would recommend Option C. It offers a good balance between price and amenities,"
12559,A,"I would recommend Option C. It offers a good balance between price and amenities,"
12560,A,I would choose **Option C** for my stay in New York City. The
12561,A,I would choose **Option C** for this stay. The Pearl Hotel New York
12562,A,"I would recommend Option C. It offers a good balance between price and amenities,"
12563,B,I would choose **Option B** for this stay. It offers a good balance
12564,A,"To determine the best option for your stay in New York City, let's compare"
12565,B,I would choose **Option B** for this stay. It offers a higher star
12566,B,I would choose **Option B** for my hotel room in New York City.
12567,B,I would choose **Option B** for this stay. It offers a higher star
12568,A,"I would recommend Option C. It offers a good balance of price and amenities,"
12569,B,I would choose **Option B** for this one-night stay in New York City
12570,B,I would choose **Option B** for this one-night stay in New York City
12571,B,I would recommend Option B. It offers a higher star rating and more amenities compared
12572,B,I would recommend Option B. It offers a higher star rating and more amenities compared
12573,B,I would recommend Option B. It offers a higher star rating and more amenities compared
12574,B,I would choose **Option B** for this one-night stay in New York City
12575,B,"I would recommend Option B.

**Step-by-Step Explanation:**

1."
12576,A,I would recommend Option C. It offers a superior king room with free WiFi and
12577,B,I would choose **Option B** for this stay. It offers a higher star
12578,A,I would recommend Option C. It offers a superior king room with free WiFi and
12579,A,I would recommend Option C. It offers a superior king room with free WiFi and
12580,A,I would recommend Option C. It offers a superior king room with free WiFi and
12581,A,I would choose **Option C** because it offers a better price and more amenities
12582,B,I would choose **Option B** for my hotel room in New York City.
12583,A,I would recommend Option C. It offers a more comfortable stay with a Deluxe King
12584,A,I would choose **Option C** for my stay in New York City. It
12585,A,I would choose **Option C** for my hotel room in New York City.
12586,A,I would choose **Option C** for my hotel room in New York City.
12587,B,I would choose **Option B** for this stay. It offers a balance of
12588,B,I would choose **Option B** for this stay. It offers a good balance
12589,A,"I would recommend Option C. It offers a good balance between price and amenities,"
12590,B,I would choose **Option B** for this stay. It offers a balance of
12591,B,I would choose **Option B** for my hotel stay in New York City.
12592,A,"I would recommend Option C. It offers a good balance of price and amenities,"
12593,A,I would recommend Option C. It offers a lower price and better amenities compared to
12594,A,I would choose **Option C** for this stay. The Hyatt House New
12595,A,I would recommend Option C. It offers a lower price and better amenities compared to
12596,A,I would recommend Option C. It offers a lower price and better amenities compared to
12597,A,I would recommend Option C. It offers a lower price and better amenities compared to
12598,A,I would recommend Option C. It offers a lower price and better amenities compared to
12599,B,I would recommend Option **B**. It offers a good balance of comfort and
12600,B,I would choose **Option B** for this stay. It offers a good balance
12601,B,I would choose **Option B** for this stay. It offers a good balance
12602,C,I would choose **Option A** for my hotel room in New York City.
12603,B,I would choose **Option B** for my stay in New York City. It
12604,B,I would choose **Option B** for this stay. It offers a good balance
12605,A,I would choose **Option C** for my stay in New York City. The
12606,A,I would choose **Option C** for this stay. It offers a good balance
12607,A,I would choose **Option C** for this stay. It offers a good balance
12608,A,I would choose **Option C** for this stay. It offers a good balance
12609,A,I would choose **Option C** for this stay. The price is significantly lower
12610,A,I would choose **Option C** for my stay in New York City. The
12611,B,I would recommend Option **B**. It offers a good balance of comfort and
12612,B,I would recommend Option **B**. It offers a good balance of comfort and
12613,A,"To determine the best option for your stay in New York City, let's compare"
12614,A,"To determine the best option for your stay in New York City, let's compare"
12615,A,I would recommend Option **C**. It offers a higher star rating and better
12616,B,I would choose **Option B** for my stay in New York City. The
12617,B,I would choose **Option B** for my stay in New York City. The
12618,A,I would choose **Option C** for this stay. It offers a medium room
12619,B,I would recommend Option B. It offers a luxurious experience with free WiFi and access
12620,A,I would choose **Option C** for this stay. It offers a balance of
12621,B,I would choose **Option B** for my stay in New York City. It
12622,B,I would recommend Option B. It offers a higher star rating and more amenities compared
12623,B,"I would recommend Option B. It offers a good balance between price and amenities,"
12624,B,I would recommend Option B. It offers a balance of affordability and amenities that meet
12625,A,I would recommend Option C. It offers a higher star rating (5 stars)
12626,A,I would recommend Option C. It offers a higher star rating and more amenities compared
12627,B,I would recommend Option B. It offers a balance of affordability and amenities that meet
12628,B,"I would recommend Option B. It offers a good balance between price and amenities,"
12629,A,"To determine the best option for your stay in New York City, let's compare"
12630,B,I would choose **Option B** for this stay. It offers a good balance
12631,A,I would choose **Option C** for this stay. It offers a great mix
12632,A,"To determine the best option for your stay in New York City, let's compare"
12633,A,I would choose **Option C** for this stay. It offers a lower price
12634,B,I would choose **Option B** for this stay. It offers a good balance
12635,A,I would choose **Option C** for this stay. It offers a good balance
12636,A,I would choose **Option C** for this one-night stay in New York City
12637,B,I would choose **Option B** for my stay in New York City. It
12638,B,I would choose **Option B** for this one-night stay in New York City
12639,A,I would choose **Option C** for this one-night stay in New York City
12640,A,I would choose **Option C** for this stay. It offers a good balance
12641,B,I would choose **Option B** for this stay. It offers a balance of
12642,B,I would choose **Option B** for this stay. It offers a good balance
12643,B,I would choose **Option B** for this stay. It offers a good balance
12644,B,I would recommend Option **B**. It offers a balance of affordability and quality
12645,B,I would choose **Option B** for this stay. It offers a balance of
12646,A,I would recommend Option **C**. It offers a good balance of comfort and
12647,B,I would choose **Option B** for this stay. It offers a good balance
12648,A,I would choose **Option C** because it offers a double suite with free breakfast
12649,B,"I would recommend Option B. It offers a good balance between price and amenities,"
12650,B,"I would recommend Option B. It offers a good balance between price and amenities,"
12651,B,I would choose **Option B** for this stay. It offers a good balance
12652,A,I would recommend Option C. It offers a more comfortable stay with a King Suite
12653,A,I would choose **Option C** for this stay. It offers a lower price
12654,A,I would recommend Option C. It offers a lower price and better amenities compared to
12655,A,"I would recommend Option C: Holiday Inn NYC - Lower East Side.

**Reason"
12656,A,I would recommend Option C: Holiday Inn NYC - Lower East Side. It offers
12657,B,I would recommend Option **B**. It offers a higher star rating and better
12658,B,"I would recommend Option B.

**Step-by-Step Explanation:**

1."
12659,A,I would recommend Option C. It offers a higher star rating of 4 stars
12660,B,"I would recommend Option B. It offers a good balance between price and amenities,"
12661,B,I would recommend Option **B**. It offers a good balance of comfort and
12662,A,I would recommend Option C. It offers a higher star rating of 4 stars
12663,A,I would choose **Option C** because it offers a higher star rating of
12664,A,I would recommend Option C. It offers a higher star rating and more amenities compared
12665,A,"To determine the best option for your stay in New York City, let's compare"
12666,A,I would recommend Option C. It offers a lower price per night ($18
12667,B,I would choose **Option B** for this stay. It offers a good balance
12668,A,I would recommend Option C. It offers a more comfortable stay with free WiFi and
12669,B,"I would recommend Option B. It offers a good balance between price and amenities,"
12670,A,"To determine the best option for your stay in New York City, let's compare"
12671,B,I would recommend Option **B**. It offers a good balance between price and
12672,B,I would choose **Option B** for this stay. It offers a balance of
12673,B,I would recommend Option **B**. It offers a good balance of comfort and
12674,B,I would choose **Option B** for this stay. It offers a good balance
12675,B,I would choose **Option B** for this one-night stay in New York City
12676,B,I would choose **Option B** for this stay. It offers a good balance
12677,A,"I would recommend Option C. It offers a good balance between price and amenities,"
12678,B,"I would recommend Option B.

**Step-by-Step Explanation:**

1."
12679,A,I would recommend Option C. It offers a lower price and better amenities compared to
12680,B,"I would recommend Option B.

**Step-by-Step Explanation:**

1."
12681,B,"I would recommend Option B.

**Step-by-Step Explanation:**

1."
12682,B,I would choose **Option B** for this stay. It offers a good balance
12683,A,I would choose **Option C** for this stay. It offers a lower price
12684,A,I would choose **Option C** for this stay. It offers a lower price
12685,A,I would choose **Option C** because it offers a lower price per night ($
12686,A,I would choose **Option C** for this stay. It offers a lower price
12687,A,I would choose **Option C** because it offers a lower price per night ($
12688,A,I would choose **Option C** for this stay. It offers a lower price
12689,A,"I would recommend Option C. It offers a good balance of price and amenities,"
12690,A,I would choose **Option C** for this one-night stay in New York City
12691,A,I would choose **Option C**. It offers a midtown East location with
12692,B,I would choose **Option B** for this one-night stay in New York City
12693,A,I would choose **Option C** for this one-night stay in New York City
12694,A,"I would recommend Option C. It offers a good balance of price and amenities,"
12695,A,"To determine the best option for your stay in New York City, let's compare"
12696,B,I would choose **Option B** for my hotel room in New York City.
12697,A,"I would recommend Option **C**.

**Reasoning:**
- **Price"
12698,A,"To determine the best option for your stay in New York City, let's compare"
12699,A,I would choose **Option C** for my hotel room in New York City.
12700,A,I would recommend Option **C**. It offers a more comfortable stay with two
12701,B,I would recommend Option **B**. It offers a higher star rating and more
12702,B,I would recommend Option **B**. It offers a higher star rating and more
12703,B,I would recommend Option **B**. It offers a higher star rating and more
12704,A,I would recommend Option **C**. It offers a good balance between price and
12705,B,"I would recommend Option B.

**Step-by-Step Explanation:**

1."
12706,A,I would recommend Option **C**. It offers a good balance between price and
12707,A,I would recommend Option **C**. It offers a good balance between price and
12708,A,"I would recommend Option C. It offers a good balance between price and amenities,"
12709,A,"I would recommend Option C. It offers a good balance between price and amenities,"
12710,A,"I would recommend Option C. It offers a good balance between price and amenities,"
12711,A,"I would recommend Option C. It offers a good balance between price and amenities,"
12712,A,"I would recommend Option C. It offers a good balance between price and amenities,"
12713,A,"I would recommend Option C. It offers a good balance between price and amenities,"
12714,A,I would choose **Option C** for this one-night stay in New York City
12715,A,I would choose **Option C** for this one-night stay in New York City
12716,B,I would choose **Option B** for my stay in New York City. It
12717,A,I would choose **Option C** because it offers a lower price per night ($
12718,A,I would choose **Option C** for this one-night stay in New York City
12719,A,"To determine the best option for your stay in New York City, let's compare"
12720,B,"I would recommend Option B.

**Step-by-Step Explanation:**

1."
12721,B,"I would recommend Option B.

**Step-by-Step Explanation:**

1."
12722,A,"To determine the best option for your stay in New York City, let's compare"
12723,A,"To determine the best option for your stay in New York City, let's compare"
12724,A,"To determine the best option for your stay in New York City, let's compare"
12725,B,I would choose **Option B** for my stay in New York City. It
12726,B,I would recommend Option **B**. It offers a balance of comfort and amenities
12727,B,"I would recommend Option B.

**Step-by-Step Explanation:**

1."
12728,B,I would recommend Option **B**. It offers a balance of affordability and quality
12729,B,I would choose **Option B** for this stay. It offers a good balance
12730,B,I would choose **Option B** for this stay. It offers a good balance
12731,A,I would choose **Option C** for my stay at The Embassy Suites Manhattan Times
12732,B,I would recommend Option B. It offers a higher star rating and better amenities compared
12733,A,"To determine the best option for your stay in New York City, let's compare"
12734,A,I would recommend Option **C**. It offers a great balance of comfort and
12735,A,I would recommend Option C. It offers a good balance of comfort and amenities at
12736,A,I would choose **Option C** for my stay in New York City. It
12737,A,"To determine the best option for your stay in New York City, let's compare"
12738,A,I would choose **Option C** because it offers a lower price per night ($
12739,A,"To determine the best option for your stay in New York City, let's break"
12740,B,"I would recommend Option B. It offers a good balance between price and amenities,"
12741,A,I would choose **Option C** because it offers a lower price per night ($
12742,B,I would recommend Option **B**. It offers a good balance between price and
12743,A,I would choose **Option C** for this stay. It offers a lower price
12744,A,I would choose **Option C** for this stay. The price is significantly lower
12745,B,I would choose **Option B** for this one-night stay in New York City
12746,A,I would choose **Option C** for this stay. The price is significantly lower
12747,A,I would choose **Option C** for this stay. It offers a lower price
12748,A,"To determine the best option for your stay in New York City, let's compare"
12749,A,I would recommend Option C. It offers a private room with a double bed and
12750,A,I would recommend Option **C**. It offers a good balance between price and
12751,B,I would choose **Option B** for this one-night stay in New York City
12752,B,I would recommend Option **B**. It offers a balance of affordability and quality
12753,B,I would recommend Option **B**. It offers a balance of affordability and quality
12754,A,"I would recommend Option C. It offers a good balance between price and amenities,"
12755,B,"I would recommend Option **B**.

**Step-by-Step Explanation:**"
12756,B,I would recommend Option **B**. It offers a higher star rating and better
12757,B,I would recommend Option **B**. It offers a higher star rating and better
12758,B,I would recommend Option **B**. It offers a higher star rating and better
12759,A,I would recommend Option **C**. It offers a good balance between price and
12760,B,I would recommend Option **B**. It offers a higher star rating and better
12761,A,I would recommend Option C. It offers a balance of affordability and amenities that align
12762,A,I would recommend Option C: Millennium Broadway Times Square. It offers a superior king
12763,A,I would recommend Option **C**. It offers a superior king room with free
12764,A,I would recommend Option C. It offers a superior king room with free WiFi and
12765,A,I would recommend Option **C**. It offers a superior king room with free
12766,B,I would recommend Option B. It offers a higher star rating and better amenities compared
12767,B,I would choose **Option B** for this stay. It offers a good balance
12768,B,I would choose **Option B** for this stay. It offers a good balance
12769,B,I would choose **Option B** for my stay in New York City. It
12770,B,I would choose **Option B** for my stay in New York City. It
12771,B,I would choose **Option B** for this stay. It offers a good balance
12772,B,I would choose **Option B** for my stay in New York City. It
12773,A,I would choose **Option C** for this stay. The premium queen cabin at
12774,B,I would choose **Option B** for this one-night stay in New York City
12775,B,I would choose **Option B** for this one-night stay in New York City
12776,A,I would recommend Option C. It offers a good balance of comfort and amenities at
12777,A,"I would recommend Option C. It offers a good balance between price and amenities,"
12778,A,I would choose **Option C** for this one-night stay in New York City
12779,B,I would choose **Option B** for this stay. It offers a good balance
12780,B,I would choose **Option B** for this one-night stay in New York City
12781,B,I would choose **Option B** for this one-night stay in New York City
12782,B,I would choose **Option B** for this one-night stay in New York City
12783,B,I would choose **Option B** for this one-night stay in New York City
12784,B,"I would recommend Option B.

**Step-by-Step Explanation:**

1."
12785,B,I would choose **Option B** for this one-night stay in New York City
12786,B,I would choose **Option B** for this one-night stay in New York City
12787,A,I would recommend Option C. It offers a lower price and better amenities compared to
12788,A,I would choose **Option C** because it offers a lower price per night ($
12789,A,I would choose **Option C** for this stay. It offers a lower price
12790,B,I would choose **Option B** for this one-night stay in New York City
12791,B,I would choose **Option B** for this stay. It offers a balance of
12792,B,I would recommend Option **B**. It offers a balance of affordability and quality
12793,B,I would choose **Option B** for this stay. It offers a balance of
12794,A,I would choose **Option C** for my hotel room in New York City.
12795,B,"I would recommend Option B. It offers a balance of affordability and quality, with"
12796,B,I would choose **Option B** for this stay. It offers a balance of
12797,B,I would choose **Option B** for this stay. It offers a lower price
12798,B,I would choose **Option B** for this stay. It offers a good balance
12799,A,I would choose **Option C** for this stay. It offers a great value
12800,B,I would choose **Option B** for this stay. It offers a good balance
12801,B,I would choose **Option B** for this stay. It offers a good balance
12802,B,I would choose **Option B** for this stay. It offers a good balance
12803,B,"I would recommend Option B. It offers a balance of comfort and amenities, with"
12804,B,I would recommend Option **B**. It offers a higher star rating of
12805,B,I would choose **Option B** for this stay. It offers a higher star
12806,A,"To determine the best option for your stay in New York City, let's compare"
12807,B,I would choose **Option B** for this stay. It offers a higher star
12808,B,I would choose **Option B** for my hotel room in New York City.
12809,A,I would choose **Option C** for my hotel room in New York City.
12810,A,"I would recommend Option C. It offers a good balance of price and amenities,"
12811,B,I would recommend Option **B**. It offers a higher star rating (5
12812,A,I would recommend Option C: The Hilton Garden Inn New York/West 3
12813,B,I would recommend Option B. It offers a higher star rating (5 stars)
12814,B,I would recommend Option B. It offers a higher star rating (5 stars)
12815,A,I would choose **Option C** because it offers a lower price per night ($
12816,A,I would choose **Option C** for this stay. It offers a lower price
12817,A,I would choose **Option C** because it offers a lower price per night ($
12818,A,I would recommend Option C. It offers a lower price per night ($24
12819,A,I would recommend Option C. It offers a lower price and better amenities compared to
12820,A,I would choose **Option C** for this stay. The queen room at Free
12821,B,I would recommend Option **B**. It offers a higher star rating and better
12822,B,I would recommend Option **B**. It offers a great balance of comfort and
12823,B,I would recommend Option **B**. It offers a higher star rating and better
12824,B,I would recommend Option **B**. It offers a higher star rating and better
12825,A,I would choose **Option C** for my hotel room in New York City.
12826,A,I would recommend Option **C**. It offers a higher star rating and better
12827,A,I would recommend Option C. It offers a higher star rating and more amenities compared
12828,A,I would recommend Option C. It offers a higher star rating and more amenities compared
12829,A,I would recommend Option **C**. It offers a higher star rating and better
12830,B,"I would recommend Option B.

**Step-by-Step Explanation:**

1."
12831,B,"I would recommend Option B.

**Step-by-Step Explanation:**

1."
12832,A,I would choose **Option C** for my hotel room in New York City.
12833,A,I would recommend Option C. It offers a higher price per night ($29
12834,B,I would recommend Option B. It offers a higher star rating and better amenities compared
12835,B,I would recommend Option B. It offers a higher price per night ($22
12836,A,I would recommend Option **C**. It offers a good balance between price and
12837,B,I would recommend Option B. It offers a higher price per night ($27
12838,B,I would recommend Option B. It offers a higher price per night ($23
12839,A,I would choose **Option C** because it offers a lower price per night ($
12840,A,I would recommend Option C. It offers a lower price and better amenities compared to
12841,A,I would recommend Option C. It offers a lower price and better amenities compared to
12842,A,"I would recommend Option C. It offers a good balance of price and amenities,"
12843,A,I would choose **Option C** because it offers a lower price per night ($
12844,A,I would choose **Option C** because it offers a lower price per night ($
12845,B,I would choose **Option B** for this stay. It offers a good balance
12846,A,I would choose **Option C** for my hotel room in New York City.
12847,A,I would choose **Option C** for my hotel room in New York City.
12848,B,I would choose **Option B** for this stay. It offers a better price
12849,A,I would choose **Option C** for my hotel room in New York City.
12850,A,"To determine the best option for your stay in New York City, let's compare"
12851,B,I would choose **Option B** for this stay. It offers a good balance
12852,B,I would choose **Option B** for this one-night stay in New York City
12853,B,I would choose **Option B** for this stay. It offers a good balance
12854,B,I would choose **Option B** for my stay in New York City. It
12855,A,I would choose **Option C** for this stay. It offers a higher star
12856,C,I would choose **Option A** for this one-night stay in New York City
12857,A,"I would recommend Option C. It offers a good balance between price and amenities,"
12858,A,I would choose **Option C** for my hotel room in New York City.
12859,A,"I would recommend Option C. It offers a good balance between price and amenities,"
12860,B,I would choose **Option B** for my stay in New York City. It
12861,B,I would recommend Option **B**. It offers a higher star rating and better
12862,A,I would recommend Option C. It offers a lower price per night at $1
12863,A,I would recommend Option **C**. It offers a superior stay with free WiFi
12864,A,I would recommend Option C. It offers a higher star rating (5 stars)
12865,A,I would recommend Option C. It offers a superior king room with free WiFi and
12866,A,I would choose **Option C** for this stay. The 5-star hotel
12867,B,"I would recommend Option B.

**Step-by-Step Explanation:**

1."
12868,A,I would recommend Option C. It offers a superior king room with free WiFi and
12869,B,I would choose **Option B** for this stay. It offers a good balance
12870,B,I would choose **Option B** for this stay. It offers a good balance
12871,A,I would choose **Option C** for my stay in New York City. The
12872,C,I would choose **Option A** for my hotel room in New York City.
12873,B,I would choose **Option B** for this stay. It offers a good balance
12874,A,I would choose **Option C** for my stay in New York City. The
12875,A,I would choose **Option C** because it offers a better price and includes breakfast
12876,B,I would choose **Option B** for this stay. It offers a good balance
12877,B,I would choose **Option B** for this stay. It offers a good balance
12878,B,I would choose **Option B** for this stay. It offers a good balance
12879,B,I would choose **Option B** for this stay. It offers a good balance
12880,B,I would recommend Option **B**. It offers a balance of affordability and amenities
12881,A,I would choose **Option C** for this stay. The room type is Studio
12882,C,I would choose **Option A** for my stay in New York City. The
12883,B,I would recommend Option **B**. It offers a higher star rating and more
12884,A,I would choose **Option C** for this stay. The room type is a
12885,A,I would choose **Option C** for this stay. The room type is Studio
12886,A,I would recommend Option C. It offers a lower price and better amenities compared to
12887,A,I would choose **Option C** for my stay in New York City. The
12888,A,"I would recommend Option **C**.

**Explanation:** 
- **Price Comparison"
12889,A,I would recommend Option C. It offers a good balance of comfort and amenities at
12890,A,"To determine the best option for your stay in New York City, let's compare"
12891,A,"I would recommend Option C. It offers a great mix of comfort and convenience,"
12892,A,I would recommend Option **C**. It offers a great mix of comfort and
12893,A,"I would recommend Option C. It offers a good balance of price and amenities,"
12894,A,I would choose **Option C** because it offers a lower price of $1
12895,B,"I would recommend Option B.

**Step-by-Step Explanation:**

1."
12896,B,"I would recommend Option B.

**Step-by-Step Explanation:**

1."
12897,B,"I would recommend Option B.

**Step-by-Step Explanation:**

1."
12898,B,"I would recommend Option B.

**Step-by-Step Explanation:**

1."
12899,B,"I would recommend Option B. It offers a balance of affordability and amenities, making"
12900,A,I would choose **Option C** for my stay in New York City. The
12901,B,I would recommend Option B. It offers a balance of affordability and amenities that meet
12902,B,I would choose **Option B** for my stay in New York City. It
12903,B,I would choose **Option B** for this stay. It offers a good balance
12904,B,I would choose **Option B** for my stay in New York City. It
12905,A,I would choose **Option C** for this stay. It offers a lower price
12906,A,I would choose **Option C** for this stay. It offers a more comfortable
12907,B,I would choose **Option B** for this stay. It offers a good balance
12908,A,I would choose **Option C** for this stay. It offers a great balance
12909,B,I would choose **Option B** for this stay. It offers a balance of
12910,A,"I would recommend Option C. It offers a good balance of price and amenities,"
12911,B,I would choose **Option B** for this stay. It offers a good balance
12912,B,I would choose **Option B** for this stay. It offers a good balance
12913,B,"I would recommend Option B.

**Step-by-Step Explanation:**

1."
12914,B,"I would recommend Option B. It offers a good balance between price and amenities,"
12915,A,"To determine the best option for your stay in New York City, let's compare"
12916,B,I would choose **Option B** for this stay. It offers a good balance
12917,A,I would recommend Option **C**. It offers a good balance of price and
12918,A,"I would recommend Option **C**. 

La Quinta Inn & Suites New"
12919,B,I would recommend Option **B**. It offers a higher star rating and better
12920,B,I would recommend Option **B**. It offers a mix of comfort and amenities
12921,A,I would recommend Option **C**. It offers a good balance between price and
12922,A,I would recommend Option C. It offers a lower price and better amenities compared to
12923,A,"To determine the best option for your stay in New York City, let's break"
12924,A,"To determine the best option for your stay in New York City, let's break"
12925,A,I would choose **Option C** for my stay in New York City. The
12926,A,I would choose **Option C**. It offers a lower price and better amenities
12927,B,I would choose **Option B** for this one-night stay in New York City
12928,A,"To determine the best option for your stay in New York City, let's analyze"
12929,B,I would choose **Option B** for this stay. It offers a good balance
12930,A,I would recommend Option C. It offers a higher star rating (5 stars)
12931,A,I would recommend Option C. It offers a higher star rating (5 stars)
12932,A,I would recommend Option C. It offers a higher star rating (5 stars)
12933,B,"I would recommend Option B. It offers a good balance between price and amenities,"
12934,A,I would recommend Option C. It offers a higher star rating and more amenities compared
12935,B,I would recommend Option **B**. It offers a higher star rating and better
12936,A,"I would recommend Option C. It offers a superior king room with an terrace,"
12937,B,I would recommend Option **B**. It offers a higher star rating and better
12938,A,I would recommend Option C. It offers a superior stay with free WiFi and gym
12939,A,"I would recommend Option C. It offers a superior king room with a terrace,"
12940,A,"I would recommend Option C. It offers a superior king room with an terrace,"
12941,A,"I would recommend Option C. It offers a good balance between price and amenities,"
12942,A,I would recommend Option C. It offers a lower price per night ($28
12943,B,"I would recommend Option B.

**Step-by-Step Explanation:**

1."
12944,A,I would choose **Option C** for this one-night stay in New York City
12945,A,I would recommend Option C: Hilton Garden Inn New York/West 35
12946,A,"I would recommend Option C. It offers a good balance between price and amenities,"
12947,A,I would recommend Option C. It offers a higher star rating and better amenities compared
12948,B,"I would recommend Option B. It offers a good balance between price and amenities,"
12949,A,I would choose **Option C** for this stay. It offers a higher star
12950,A,I would recommend Option **C**. It offers a higher star rating and better
12951,A,"To determine the best option for your stay in New York City, let's compare"
12952,B,I would choose **Option B** for this one-night stay in New York City
12953,B,"I would recommend Option B.

**Step-by-Step Explanation:**

1."
12954,A,"I would recommend Option C. It offers a good balance between price and amenities,"
12955,A,I would choose **Option C** for my hotel room in New York City.
12956,B,I would recommend Option **B**. It offers a good balance between price and
12957,A,I would choose **Option C** for my hotel room in New York City.
12958,B,I would recommend Option **B**. It offers a good balance of comfort and
12959,A,"To determine the best option for your stay in New York City, let's compare"
12960,A,"To determine the best option for your stay in New York City, let's break"
12961,B,I would choose **Option B** for this one-night stay in New York City
12962,B,I would choose **Option B** for this one-night stay in New York City
12963,B,"I would recommend Option B. It offers a good balance between price and amenities,"
12964,A,"To determine the best option for your stay in New York City, let's break"
12965,B,I would recommend Option **B**. It offers a good balance between price and
12966,A,"To determine the best option for your stay in New York City, let's compare"
12967,A,"To determine the best option for your stay in New York City, let's compare"
12968,A,"To determine the best option for your stay in New York City, let's compare"
12969,A,"To determine the best option for your stay in New York City, let's compare"
12970,B,I would choose **Option B** for this stay. It offers a good balance
12971,A,I would recommend Option C. It offers a lower price per night ($20
12972,A,"To determine the best option for your stay in New York City, let's compare"
12973,A,I would recommend Option C. It offers a lower price per night ($18
12974,A,I would recommend Option C. It offers a lower price per night ($23
12975,A,"I would recommend Option C. It offers a good balance of price and amenities,"
12976,B,"I would recommend Option B. It offers a good balance between price and amenities,"
12977,A,I would choose **Option C** for this stay. It offers a good balance
12978,B,I would choose **Option B** for this stay. It offers a balance of
12979,A,"To determine the best option for your stay in New York City, let's compare"
12980,A,"To determine the best option for your stay in New York City, let's break"
12981,A,"To determine the best option for your stay in New York City, let's break"
12982,A,"To determine the best option for your stay in New York City, let's break"
12983,B,I would recommend Option **B**. It offers a good balance between price and
12984,B,I would recommend Option **B**. It offers a good balance between price and
12985,B,I would choose **Option B** for my stay in New York City. Here
12986,B,I would recommend Option **B**. It offers a good balance between price and
12987,B,I would choose **Option B** for my stay in New York City. It
12988,B,I would choose **Option B** for my stay in New York City. It
12989,A,I would choose **Option C** for this stay. It offers a good balance
12990,A,I would choose **Option C** because it offers a lower price per night ($
12991,B,I would choose **Option B** for this stay. It offers a good balance
12992,A,I would choose **Option C** for this one-night stay in New York City
12993,B,I would choose **Option B** for this one-night stay in New York City
12994,A,I would choose **Option C** because it offers a lower price per night ($
12995,A,I would recommend Option C. It offers a higher star rating and more amenities compared
12996,A,I would recommend Option C. It offers a higher star rating and more amenities compared
12997,A,I would recommend Option C. It offers a higher star rating and more amenities compared
12998,A,I would recommend Option C. It offers a higher star rating and more amenities compared
12999,A,I would recommend Option C. It offers a higher star rating and more amenities compared
13000,A,I would recommend Option C. It offers a higher star rating and more amenities compared
13001,B,I would recommend Option **B**. It offers a good balance between price and
13002,A,I would recommend Option C. It offers a higher star rating and more amenities compared
13003,B,I would recommend Option **B**. It offers a good balance between price and
13004,A,I would recommend Option C. It offers a higher star rating (5 stars)
13005,A,I would recommend Option C. It offers a higher star rating (5 stars)
13006,A,"To determine the best option for your stay in New York City, let's break"
13007,A,I would choose **Option C** for my stay in New York City. The
13008,A,I would recommend Option C: The Hilton Garden Inn New York/Central Park South
13009,A,I would recommend Option C: The Hilton Garden Inn New York/Central Park South
13010,A,I would choose **Option C** for my hotel room in New York City.
13011,B,I would recommend Option **B**. It offers a balance of comfort and amenities
13012,B,"I would recommend Option B. It offers a good balance between price and amenities,"
13013,A,"I would recommend Option C. It offers a good balance between price and amenities,"
13014,A,I would choose **Option C** for this one-night stay in New York City
13015,A,"I would recommend Option C. It offers a good balance between price and amenities,"
13016,A,"I would recommend Option C. It offers a good balance between price and amenities,"
13017,A,"I would recommend Option C. It offers a good balance between price and amenities,"
13018,A,I would choose **Option C** for this one-night stay in New York City
13019,B,I would choose **Option B** for this stay. It offers a good balance
13020,B,"I would recommend Option B. It offers a good balance between price and amenities,"
13021,B,I would recommend Option B. It offers a balance of affordability and amenities that align
13022,B,I would choose **Option B** for this stay. It offers a good balance
13023,B,"I would recommend Option B. It offers a good balance between price and amenities,"
13024,A,I would choose **Option C** for my hotel room in New York City.
13025,A,I would choose **Option C** for this one-night stay in New York City
13026,A,I would recommend Option C. It offers a lower price and better amenities compared to
13027,B,I would choose **Option B** for this one-night stay in New York City
13028,B,I would choose **Option B** for this one-night stay in New York City
13029,B,"I would recommend Option B.

**Step-by-Step Explanation:**

1."
13030,A,I would recommend Option C. It offers a lower price and better amenities compared to
13031,A,I would choose **Option C** for this stay. It offers a good balance
13032,B,I would choose **Option B** for my stay in New York City. The
13033,B,I would choose **Option B** for my stay in New York City. It
13034,A,I would choose **Option C** for this stay. The price is significantly lower
13035,A,I would choose **Option C** for my stay in New York City. The
13036,A,I would choose **Option C** for my hotel room in New York City.
13037,B,"I would recommend Option B. It offers a good balance between price and amenities,"
13038,B,"I would recommend Option B. It offers a good balance between price and amenities,"
13039,B,I would recommend Option B. It offers a more comfortable stay with free WiFi and
13040,A,I would recommend Option C. It offers a lower price and better amenities compared to
13041,B,"I would recommend Option B. It offers a balance of affordability and quality, with"
13042,B,I would recommend Option **B**. It offers a more comfortable stay with free
13043,B,I would choose **Option B** for my stay in New York City. It
13044,B,I would choose **Option B** for this stay. It offers a balance of
13045,A,"To determine the best option for your stay in New York City, let's break"
13046,B,"I would recommend Option B. It offers a balance of affordability and quality, with"
13047,B,I would recommend Option B. It offers a balance of affordability and quality compared to
13048,B,I would choose **Option B** for this stay. It offers a balance of
13049,A,I would choose **Option C** for this one-night stay in New York City
13050,B,I would choose **Option B** for this stay. It offers a higher star
13051,A,I would choose **Option C** for this one-night stay in New York City
13052,A,I would choose **Option C** for this stay. It offers a good balance
13053,B,I would choose **Option B** for this one-night stay in New York City
13054,A,I would choose **Option C** because it offers a lower price per night ($
13055,A,"To determine the best option for your stay in New York City, let's break"
13056,A,I would choose **Option C** for this stay. It offers a good balance
13057,A,"I would recommend Option C. It offers a good balance between price and amenities,"
13058,B,I would choose **Option B** for this stay. It offers a higher star
13059,A,I would choose **Option C** for this stay. It offers a good balance
13060,A,I would choose **Option C** for this stay. It offers a great mix
13061,A,I would recommend Option **C**. It offers a balance of comfort and amenities
13062,B,I would recommend Option **B**. It offers a higher star rating of
13063,B,I would recommend Option **B**. It offers a higher star rating of
13064,A,I would recommend Option **C**. It offers a superior king room at a
13065,A,I would choose **Option C** for this stay. It offers a good balance
13066,B,I would choose **Option B** for my hotel room in New York City.
13067,B,"I would recommend Option B. It offers a good balance between price and amenities,"
13068,A,"To determine the best option for your stay in New York City, let's break"
13069,A,"To determine the best option for your stay in New York City, let's compare"
13070,A,"To determine the best option for your stay in New York City, let's compare"
13071,A,"I would recommend Option C. It offers a good balance between price and amenities,"
13072,A,I would choose **Option C** for this stay. It offers a better price
13073,A,"To determine the best option for your stay in New York City, let's break"
13074,A,I would choose **Option C** because it offers a more comfortable stay with free
13075,A,I would recommend Option C. It offers a good balance of comfort and amenities at
13076,A,I would choose **Option C** for my hotel room in New York City.
13077,B,"I would recommend Option B.

**Step-by-Step Explanation:**

1."
13078,A,I would recommend Option C. It offers a great value for the price and provides
13079,B,I would choose **Option B** for my stay in New York City. It
13080,B,I would choose **Option B** for my stay in New York City. It
13081,C,I would choose **Option A** for my stay in New York City. The
13082,A,I would choose **Option C** for this stay. The price is significantly lower
13083,A,I would choose **Option C** for my stay in New York City. The
13084,B,I would choose **Option B** for my stay in New York City. It
13085,B,I would choose **Option B** for this one-night stay in New York City
13086,A,I would recommend Option C. It offers a lower price and better amenities compared to
13087,A,I would choose **Option C** for this one-night stay in New York City
13088,A,I would recommend Option C. It offers a lower price and better amenities compared to
13089,A,I would choose **Option C**. It offers a lower price and better amenities
13090,B,"I would recommend Option B. It offers a good balance between price and amenities,"
13091,B,I would choose **Option B** for my stay in New York City. It
13092,B,I would recommend Option **B**. It offers a higher star rating of
13093,B,I would recommend Option B. It offers a higher star rating (5 stars)
13094,B,I would choose **Option B** for this one-night stay in New York City
13095,A,I would choose **Option C** for my stay in New York City. The
13096,B,I would choose **Option B** for my stay in New York City. It
13097,B,"I would recommend Option B. It offers a good balance between price and amenities,"
13098,A,I would choose **Option C** for this one-night stay in New York City
13099,B,I would choose **Option B** for my stay in New York City. It
13100,B,"I would recommend Option B.

**Step-by-Step Explanation:**

1."
13101,B,I would choose **Option B** for my stay in New York City. It
13102,B,I would choose **Option B** for my stay in New York City. It
13103,A,I would choose **Option C** for this stay. It offers a good balance
13104,A,I would choose **Option C** because it offers a lower price of $9
13105,A,I would choose **Option C** because it offers a lower price per night ($
13106,A,I would choose **Option C** for this stay. It offers a lower price
13107,A,I would choose **Option C** for my stay in New York City. It
13108,A,I would recommend Option C. It offers a lower price and better amenities compared to
13109,B,I would recommend Option B. It offers a higher star rating and better amenities compared
13110,B,I would recommend Option B. It offers a higher star rating and more amenities compared
13111,A,I would recommend Option C. It offers a balance of affordability and quality compared to
13112,B,I would recommend Option **B**. It offers a higher star rating and more
13113,B,"I would recommend Option B.

**Step-by-Step Explanation:**

1."
13114,A,I would recommend Option C. It offers a balance of affordability and quality compared to
13115,A,"I would recommend Option C. It offers a good balance between price and amenities,"
13116,B,I would recommend Option B. It offers a premium king room at a significantly lower
13117,B,I would recommend Option B. It offers a mix of premium comfort and excellent amenities
13118,B,I would recommend Option B. It offers a higher star rating and better amenities compared
13119,B,I would recommend Option B. It offers a higher star rating and better amenities compared
13120,B,I would recommend Option B. It offers a higher star rating and better amenities compared
13121,B,I would choose **Option B** for my stay in New York City. It
13122,A,"To determine the best option for your stay in New York City, let's break"
13123,A,I would choose **Option C** for this stay. The Carlton Arms Hotel offers
13124,A,"To determine the best option for your stay in New York City, let's break"
13125,A,"I would recommend Option C. It offers a good balance between price and amenities,"
13126,A,I would choose **Option C** for this stay. The Carlton Arms Hotel offers
13127,A,I would choose **Option C** for my hotel room in New York City.
13128,B,I would choose **Option B** for this stay. It offers a great value
13129,B,I would choose **Option B** for this stay. It offers a great value
13130,B,I would choose **Option B** for this one-night stay in New York City
13131,B,I would choose **Option B** for this stay. It offers a good balance
13132,B,"I would recommend Option **B**.

**Step-by-Step Explanation:**"
13133,A,I would recommend Option C. It offers a higher star rating and better amenities compared
13134,A,I would recommend Option C. It offers a higher star rating and better amenities compared
13135,B,"I would recommend Option B.

**Step-by-Step Explanation:**

1."
13136,A,"I would recommend Option C. It offers a superior king room with a terrace,"
13137,A,I would recommend Option C. It offers a higher star rating and better amenities compared
13138,A,"To determine the best option for your stay in New York City, let's compare"
13139,A,I would choose **Option C** because it offers a lower price per night ($
13140,A,I would recommend Option C. It offers a lower price and better amenities compared to
13141,A,I would recommend Option C: Moxy NYC East Village. It offers a great
13142,A,"I would recommend Option C. It offers a good balance between price and amenities,"
13143,A,"I would recommend Option C. It offers a good balance between price and amenities,"
13144,A,I would choose **Option C** because it offers a lower price per night ($
13145,A,"I would recommend Option C. It offers a good balance between price and amenities,"
13146,A,"I would recommend Option C. It offers a good balance between price and amenities,"
13147,B,I would recommend Option **B**. It offers a luxurious King room at a
13148,A,"I would recommend Option C. It offers a good balance between price and amenities,"
13149,A,"I would recommend Option C. It offers a good balance between price and amenities,"
13150,A,"I would recommend Option C. It offers a good balance between price and amenities,"
13151,B,"I would recommend Option B. It offers a good balance between price and amenities,"
13152,B,I would choose **Option B** for this one-night stay in New York City
13153,B,I would choose **Option B** for this one-night stay in New York City
13154,B,I would recommend Option **B**. It offers a good balance between price and
13155,A,I would choose **Option C** for my stay in New York City. The
13156,A,I would choose **Option C** for my stay in New York City. The
13157,B,I would choose **Option B** for my stay in New York City. It
13158,B,I would choose **Option B** for my stay in New York City. It
13159,B,I would choose **Option B** for my stay in New York City. It
13160,B,I would choose **Option B** for this stay. It offers a balance of
13161,B,I would choose **Option B** for my stay in New York City. It
13162,B,I would choose **Option B** for my stay in New York City. It
13163,B,"I would recommend Option **B**.

**Reasoning:** 
- **Price"
13164,A,"I would recommend Option C. It offers a superior king room with a terrace,"
13165,B,I would recommend Option B. It offers a mix of excellent amenities and reasonable pricing
13166,A,I would recommend Option **C**. The The Whitby Hotel offers a mix
13167,B,I would recommend Option B. It offers a higher star rating and better amenities compared
13168,B,I would recommend Option **B**. It offers a superior guest experience with free
13169,B,I would choose **Option B** for my hotel stay in New York City.
13170,B,I would choose **Option B** for my stay in New York City. It
13171,B,I would recommend Option **B**. It offers a higher star rating and better
13172,A,I would choose **Option C** for my hotel room in New York City.
13173,B,I would choose **Option B** for this stay. It offers a higher star
13174,A,I would choose **Option C** for my hotel room in New York City.
13175,B,I would choose **Option B** for this stay. It offers a good balance
13176,A,I would choose **Option C** because it offers a lower price per night ($
13177,A,I would choose **Option C** for my hotel room in New York City.
13178,B,I would choose **Option B** for this stay. It offers a good balance
13179,B,I would choose **Option B** for my hotel room in New York City.
13180,C,I would choose **Option A** for my hotel room in New York City.
13181,B,I would choose **Option B** for my hotel room in New York City.
13182,A,I would recommend Option **C**. It offers a good balance between price and
13183,A,I would choose **Option C** because it offers a lower price per night ($
13184,B,I would choose **Option B** for my hotel room in New York City.
13185,B,I would choose **Option B** for my hotel room in New York City.
13186,A,"I would recommend Option **C**. 

- **Price**: The King Room"
13187,B,I would recommend Option **B**. It offers a higher star rating (5
13188,A,"I would recommend Option C. It offers a good balance of price and amenities,"
13189,A,"I would recommend Option C. It offers a good balance between price and amenities,"
13190,B,I would recommend Option **B**. It offers a higher star rating of
13191,B,"I would recommend Option B. It offers a superior room type, free WiFi,"
13192,A,I would recommend Option C. It offers a good balance of comfort and amenities at
13193,B,I would choose **Option B** for this one-night stay in New York City
13194,B,I would choose **Option B** for my stay in New York City. It
13195,B,I would recommend Option B. It offers a higher star rating and better amenities compared
13196,A,"To determine the best option for your stay in New York City, let's analyze"
13197,A,I would recommend Option C. It offers a higher star rating and better amenities compared
13198,B,I would choose **Option B** for this one-night stay in New York City
13199,B,I would recommend Option **B**. It offers a higher star rating and more
13200,B,I would recommend Option B. It offers a higher star rating and more amenities compared
13201,B,I would recommend Option B. It offers a higher star rating and more amenities compared
13202,B,I would choose **Option B** for this one-night stay in New York City
13203,A,I would choose **Option C**. It offers a good balance of comfort and
13204,B,I would recommend Option **B**. It offers a higher star rating and more
13205,A,"I would recommend Option C. It offers a good balance between price and amenities,"
13206,A,"I would recommend Option C. It offers a good balance between price and amenities,"
13207,A,"I would recommend Option C. It offers a good balance between price and amenities,"
13208,A,"I would recommend Option C. It offers a good balance between price and amenities,"
13209,A,I would choose **Option C**. It offers a lower price and better amenities
13210,A,"I would recommend Option C. It offers a good balance between price and amenities,"
13211,B,I would choose **Option B** for this stay. It offers a good balance
13212,A,I would choose **Option C** for this stay. It offers a good balance
13213,A,"I would recommend Option C. It offers a good balance between price and amenities,"
13214,A,I would choose **Option C** for this stay. It offers a great balance
13215,A,"I would recommend Option C. It offers a good balance between price and amenities,"
13216,A,I would choose **Option C** for this stay. It offers a good balance
13217,B,I would choose **Option B** for this stay. It offers a good balance
13218,B,I would recommend Option **B**. It offers a balance of affordability and amenities
13219,B,I would choose **Option B** for this one-night stay in New York City
13220,B,"I would recommend Option **B**.

**Step-by-Step Explanation:**"
13221,B,I would choose **Option B** for this stay. It offers a good balance
13222,B,I would recommend Option **B**. It offers a balance of affordability and quality
13223,A,I would recommend Option C. It offers a great value for your stay in New
13224,A,I would recommend Option C. It offers a balance of affordability and amenities that align
13225,A,"I would recommend Option C. It offers a good balance between price and amenities,"
13226,C,I would choose **Option A** for my hotel room in New York City.
13227,A,I would recommend Option C. It offers a balance of affordability and amenities that align
13228,A,I would choose **Option C** for this stay. It offers a good balance
13229,B,I would choose **Option B** for my hotel stay in New York City.
13230,B,I would choose **Option B** for my hotel stay in New York City.
13231,B,"I would recommend Option B.

**Step-by-Step Explanation:**

1."
13232,B,I would choose **Option B** for my hotel stay in New York City.
13233,A,I would choose **Option C** for my hotel room in New York City.
13234,B,I would choose **Option B** for my hotel stay in New York City.
13235,A,I would choose **Option C** because it offers a lower price per night ($
13236,A,I would recommend Option **C**. It offers a balance of affordability and amenities
13237,A,I would choose **Option C** because it offers a lower price of $1
13238,A,I would choose **Option C** because it offers a better value for money and
13239,A,I would choose **Option C** because it offers a lower price per night ($
13240,A,I would choose **Option C** for this stay. It offers a better value
13241,A,"I would recommend Option C. It offers a good balance between price and amenities,"
13242,A,I would choose **Option C** for this one-night stay in New York City
13243,B,I would recommend Option **B**. It offers a higher star rating of
13244,A,I would recommend Option C. It offers a good balance of comfort and amenities at
13245,A,"I would recommend Option C. It offers a good balance between price and amenities,"
13246,A,"To determine the best option for your stay in New York City, let's break"
13247,A,"To determine the best option for your stay in New York City, let's compare"
13248,A,I would recommend Option C. It offers a lower price per night ($13
13249,A,I would recommend Option C. It offers a lower price per night ($26
13250,A,"To determine the best option for your stay in New York City, let's compare"
13251,A,I would recommend Option **C**. It offers a lower price and better amenities
13252,A,I would recommend Option C. It offers a lower price per night ($15
13253,A,I would choose **Option C**. It offers a lower price and better amenities
13254,B,I would choose **Option B** for this one-night stay in New York City
13255,B,I would choose **Option B** for my stay in New York City. It
13256,A,"I would recommend Option C. It offers a good balance between price and amenities,"
13257,A,"I would recommend Option C. It offers a good balance between price and amenities,"
13258,A,I would choose **Option C**. It offers a lower price and better amenities
13259,B,I would choose **Option B** for my hotel room in New York City.
13260,B,I would choose **Option B** for this stay. It offers a good balance
13261,A,I would choose **Option C** for this stay. The price is significantly lower
13262,A,I would choose **Option C**. It offers a lower price and better amenities
13263,B,I would choose **Option B** for this stay. It offers a good balance
13264,C,I would choose **Option A** for this one-night stay in New York City
13265,B,"I would recommend Option B.

**Step-by-Step Explanation:**

1."
13266,A,"I would recommend Option C. It offers a good balance of price and amenities,"
13267,A,"I would recommend Option C. It offers a good balance of price and amenities,"
13268,A,I would choose **Option C** for this one-night stay in New York City
13269,B,"I would recommend Option B.

**Step-by-Step Explanation:**

1."
13270,A,I would choose **Option C** for this stay. The price is significantly lower
13271,B,"I would recommend Option B. It offers a superior room type, free WiFi,"
13272,A,"I would recommend Option C. It offers a good balance between price and amenities,"
13273,A,"I would recommend Option C. It offers a good balance between price and amenities,"
13274,A,"I would recommend Option C. It offers a good balance between price and amenities,"
13275,A,"I would recommend Option C. It offers a good balance between price and amenities,"
13276,A,"I would recommend Option C. It offers a good balance between price and amenities,"
13277,A,I would choose **Option C** for my hotel room in New York City.
13278,B,I would choose **Option B** for this stay. It offers a great balance
13279,A,I would choose **Option C** for this one-night stay in New York City
13280,A,I would choose **Option C** for my stay in New York City. The
13281,A,I would choose **Option C** for this one-night stay in New York City
13282,C,I would choose **Option A** for my hotel room in New York City.
13283,A,I would choose **Option C** because it offers a lower price per night ($
13284,A,I would choose **Option C** because it offers a lower price per night ($
13285,A,I would choose **Option C** because it offers a lower price per night ($
13286,A,I would choose **Option C**. It offers a lower price per night ($
13287,A,I would choose **Option C** because it offers a lower price per night ($
13288,A,I would choose **Option C** because it offers a lower price per night ($
13289,A,I would choose **Option C** because it offers a lower price per night ($
13290,B,I would choose **Option B** for my stay in New York City. It
13291,A,I would choose **Option C** because it offers a lower price per night ($
13292,A,I would recommend Option C. It offers a good balance of comfort and amenities at
13293,A,I would choose **Option C** because it offers a lower price of $2
13294,A,I would choose **Option C** for my stay in New York City. It
13295,A,I would choose **Option C** for this stay. It offers a lower price
13296,A,I would recommend Option C. It offers a better price and has more amenities compared
13297,A,I would choose **Option C** for my hotel room in New York City.
13298,A,"I would recommend Option C. It offers a more central location in Midtown,"
13299,A,I would choose **Option C** for my hotel room in New York City.
13300,B,"I would recommend Option B.

**Step-by-Step Explanation:**

1."
13301,A,I would choose **Option C** for my hotel room in New York City.
13302,B,I would recommend Option **B**. It offers a higher star rating and better
13303,A,"To determine the best option for your stay in New York City, let's compare"
13304,A,"To determine the best option for your stay in New York City, let's compare"
13305,B,"I would recommend Option B.

**Step-by-Step Explanation:**

1."
13306,B,I would recommend Option **B**. It offers a higher star rating and better
13307,A,I would choose **Option C**. It offers a good balance of price and
13308,A,"I would recommend Option C. It offers a good balance between price and amenities,"
13309,C,I would choose **Option A** for this one-night stay in New York City
13310,A,I would choose **Option C** because it offers a lower price per night ($
13311,A,I would choose **Option C** for my hotel room in New York City.
13312,A,I would choose **Option C** because it offers a more comfortable King Room with
13313,A,"To determine the best option for your stay in New York City, let's break"
13314,A,"To determine the best option for your stay in New York City, let's break"
13315,A,I would choose **Option C** for this stay. The price is significantly lower
13316,A,"I would recommend Option C. It offers a good balance of price and amenities,"
13317,B,I would recommend Option **B**. It offers a good balance between price and
13318,A,"To determine the best option for your stay in New York City, let's break"
13319,B,I would recommend Option **B**. It offers a higher star rating and better
13320,B,I would recommend Option **B**. It offers a higher star rating and better
13321,C,I would recommend Option **A**. It offers a good balance between price and
13322,A,"To determine the best option for your stay in New York City, let's compare"
13323,A,I would choose **Option C** for this stay. It offers a good balance
13324,A,"I would recommend Option C. It offers a good balance between price and amenities,"
13325,B,I would recommend Option **B**. It offers a lower price and better amenities
13326,B,I would recommend Option **B**. It offers a good balance of comfort and
13327,B,I would choose **Option B** for my hotel room in New York City.
13328,B,I would choose **Option B** for my hotel stay in New York City.
13329,B,I would choose **Option B** for this stay. It offers a good balance
13330,B,I would choose **Option B** for this stay. It offers a lower price
13331,A,I would choose **Option C** for this stay. It offers a great mix
13332,A,I would choose **Option C** for this stay. It offers a great mix
13333,A,I would choose **Option C** for this stay. It offers a great mix
13334,A,I would choose **Option C** for this stay. The price is significantly lower
13335,B,I would choose **Option B** for this stay. It offers a higher star
13336,A,I would choose **Option C** for this stay. It offers a great mix
13337,A,"To determine the best option for your stay in New York City, let's evaluate"
13338,A,I would recommend Option C. It offers a higher star rating and more amenities compared
13339,B,"I would recommend Option B. It offers a good balance between price and amenities,"
13340,B,I would recommend Option **B**. It offers a balance of affordability and quality
13341,B,I would recommend Option **B**. It offers a balance of comfort and amenities
13342,B,"I would recommend Option B. It offers a good balance between price and amenities,"
13343,A,"I would recommend Option C. It offers a good balance between price and amenities,"
13344,A,"To determine the best option for your stay in New York City, let's compare"
13345,B,"I would recommend Option B. It offers a superior room type, free breakfast,"
13346,A,"I would recommend Option C. It offers a good balance between price and amenities,"
13347,A,I would choose **Option C** for my hotel room in New York City.
13348,B,"I would recommend Option B.

**Step-by-Step Explanation:**

1."
13349,B,"I would recommend Option B.

**Step-by-Step Explanation:**

1."
13350,B,"I would recommend Option B.

**Step-by-Step Explanation:**

1."
13351,B,I would choose **Option B** for my stay at The Holiday Inn New York
13352,A,I would recommend Option C. It offers a higher star rating and better amenities compared
13353,B,"I would recommend Option **B**.

**Step-by-Step Explanation:**"
13354,A,"To determine the best option for your stay in New York City, let's compare"
13355,A,I would recommend Option **C**. The The Whitby Hotel offers a mix
13356,A,"To determine the best option for your stay in New York City, let's compare"
13357,A,I would recommend Option C: The Whitby Hotel. It offers a good balance
13358,A,I would choose **Option C** for this stay. The price is significantly lower
13359,A,I would recommend Option C. It offers a good balance of comfort and amenities at
13360,A,"I would recommend Option C. It offers a superior king room with a terrace,"
13361,B,"I would recommend Option B.

**Step-by-Step Explanation:**

1."
13362,B,"I would recommend Option B.

**Step-by-Step Explanation:**

1."
13363,B,I would recommend Option **B**. It offers a good balance between price and
13364,A,"To determine the best option for your stay in New York City, let's compare"
13365,B,"I would recommend Option B.

**Step-by-Step Explanation:**

1."
13366,B,I would recommend Option **B**. It offers a good balance between price and
13367,B,"I would recommend Option B.

**Step-by-Step Explanation:**

1."
13368,B,I would recommend Option **B**. It offers a good balance between price and
13369,B,"I would recommend Option B. It offers a balance of affordability and amenities, making"
13370,B,I would recommend Option B. It offers a balance of affordability and amenities that align
13371,A,I would recommend Option C: ** Sheraton New York Times Square Hotel**.
13372,A,I would choose **Option C** because it offers a lower price per night ($
13373,A,I would recommend Option C: **Hotel Indigo NYC Financial District**. It
13374,A,"I would recommend Option C. It offers a good balance between price and amenities,"
13375,A,I would choose **Option C** for this stay. It offers a good balance
13376,A,"To determine the best option for your stay in New York City, let's compare"
13377,A,I would choose **Option C** for this stay. It offers a good balance
13378,A,"To determine the best option for your stay in New York City, let's compare"
13379,B,"I would recommend Option B.

**Step-by-Step Explanation:**

1."
13380,B,I would choose **Option B** for my stay in New York City. It
13381,A,"To determine the best option for your stay in New York City, let's break"
13382,B,I would choose **Option B** for this one-night stay in New York City
13383,B,I would choose **Option B** for my stay in New York City. It
13384,A,"To determine the best option for your stay in New York City, let's compare"
13385,A,I would recommend Option C. It offers a superior king room with free WiFi and
13386,A,I would recommend Option C. It offers a superior king room with free WiFi and
13387,A,I would recommend Option C. It offers a superior king room with access to a
13388,A,I would choose **Option C** for my hotel room in New York City.
13389,A,I would recommend Option C. It offers a higher star rating (5 stars)
13390,A,I would recommend Option C. It offers a higher star rating and more amenities compared
13391,A,I would recommend Option C: Holiday Inn Manhattan-Chelsea. It offers a good
13392,A,I would choose **Option C** for this one-night stay in New York City
13393,A,I would choose **Option C** because it offers a lower price per night ($
13394,A,I would choose **Option C** because it offers a lower price per night ($
13395,A,I would recommend Option C: Holiday Inn Manhattan-Chelsea. It offers a good
13396,A,I would recommend Option C: Holiday Inn Manhattan-Chelsea. It offers a good
13397,A,"I would recommend Option C. It offers a good balance between price and amenities,"
13398,A,I would recommend Option C. It offers a good balance of comfort and amenities at
13399,A,I would recommend Option **C**. The Andaz hotel offers a good mix
13400,A,"I would recommend Option C. It offers a good balance between price and amenities,"
13401,A,I would choose **Option C** for this stay. The Andaz hotel offers
13402,A,I would choose **Option C** for my hotel room in New York City.
13403,A,I would recommend Option C. It offers a higher star rating (4 stars)
13404,A,I would choose **Option C** because it offers a higher star rating (4
13405,A,I would choose **Option C** because it offers a higher star rating (4
13406,A,I would choose **Option C** for this stay. It offers a higher star
13407,A,I would recommend Option C: NoMo SoHo. It offers a higher star
13408,A,I would recommend Option C. It offers a higher star rating (4 stars)
13409,B,I would choose **Option B** for my stay in New York City. The
13410,A,I would choose **Option C** for my hotel room in New York City.
13411,A,I would choose **Option C** for my hotel room in New York City.
13412,B,I would choose **Option B** for my stay in New York City. The
13413,B,I would choose **Option B** for this stay. It offers a mix of
13414,A,I would choose **Option C** for my hotel room in New York City.
13415,A,"I would recommend Option C. It offers a superior stay with free WiFi, private"
13416,A,"I would recommend Option C. It offers a superior stay with free WiFi, private"
13417,A,"I would recommend Option C. It offers a superior stay with free WiFi, private"
13418,A,I would choose **Option C** because it offers a superior guest experience with free
13419,A,"I would recommend Option C. It offers a superior guest experience with free WiFi,"
13420,A,"I would recommend Option C. It offers a superior stay with free WiFi, private"
13421,A,I would choose **Option C** for my hotel room in New York City.
13422,A,"I would recommend Option C. It offers a good balance between price and amenities,"
13423,A,I would recommend Option **C**. The Hilton Garden Inn New York/West
13424,B,I would choose **Option B** for this stay. It offers a higher star
13425,B,"I would recommend Option B.

**Step-by-Step Explanation:**

1."
13426,A,"I would recommend Option C. It offers a good balance of price and amenities,"
13427,B,I would choose **Option B** for this stay. It offers a good balance
13428,A,I would choose **Option C** because it offers a lower price per night ($
13429,B,I would choose **Option B** for this stay. It offers a good balance
13430,A,I would choose **Option C** for this stay. The MOY hotel offers
13431,A,I would recommend Option C: MOXY NYC Times Square. It offers a great
13432,B,I would choose **Option B** for this stay. It offers a lower price
13433,B,I would recommend Option B. It offers a higher star rating and better amenities compared
13434,B,I would choose **Option B** for my hotel room in New York City.
13435,A,I would choose **Option C** for this stay. It offers a good balance
13436,A,I would choose **Option C** for this one-night stay in New York City
13437,A,I would choose **Option C**. It offers a good balance of price and
13438,A,I would choose **Option C** for this stay. It offers a good balance
13439,B,I would recommend Option B. It offers a balance of affordability and quality compared to
13440,A,I would choose **Option C** for this stay. The premium king room at
13441,B,"I would recommend Option B. It offers a balance of affordability and amenities, making"
13442,B,"I would recommend Option B. It offers a good balance between price and amenities,"
13443,B,"I would recommend Option B. It offers a good balance between price and amenities,"
13444,B,I would recommend Option **B**. It offers a good balance between price and
13445,A,"I would recommend Option C. It offers a good balance of price and amenities,"
13446,B,I would recommend Option **B**. It offers a good balance between price and
13447,A,I would recommend Option **C**. It offers a good balance of price and
13448,A,I would choose **Option C** for my stay in New York City. It
13449,A,I would choose **Option C** for my stay in New York City. It
13450,A,"To determine the best option for your stay in New York City, let's break"
13451,A,I would recommend Option C. It offers a superior king room with an additional terrace
13452,B,I would recommend Option **B**. It offers a balance of affordability and amenities
13453,A,"To determine the best option for your stay in New York City, let's compare"
13454,B,I would choose **Option B** for this one-night stay in New York City
13455,B,I would choose **Option B** for this stay. It offers a good balance
13456,A,"To determine the best option for your stay in New York City, let's compare"
13457,B,I would choose **Option B** for my stay in New York City. It
13458,A,I would recommend Option C: SpringHill Suites by Marriott Midtown Manhattan.
13459,A,I would recommend Option C: SpringHill Suites by Marriott Midtown Manhattan.
13460,A,I would recommend Option C: SpringHill Suites by Marriott Midtown Manhattan.
13461,A,I would recommend Option C: SpringHill Suites by Marriott Midtown Manhattan.
13462,B,"I would recommend Option **B**.

**Explanation:** 
Option B offers a"
13463,A,I would choose **Option C** because it offers a lower price per night ($
13464,B,I would choose **Option B** for this stay. It offers a good balance
13465,A,I would choose **Option C** because it offers a lower price per night ($
13466,A,I would choose **Option C**. It offers a good balance of price and
13467,A,I would choose **Option C** for this stay. The price is significantly lower
13468,A,I would choose **Option C** because it offers a lower price per night ($
13469,C,I would choose **Option A** for my stay in New York City. It
13470,A,I would choose **Option C** for this stay. The price is significantly lower
13471,B,I would choose **Option B** for this one-night stay in New York City
13472,B,I would choose **Option B** for this one-night stay in New York City
13473,A,I would choose **Option C** for my stay in New York City. The
13474,B,I would choose **Option B** for this stay. It offers a good balance
13475,A,"To determine the best option for your stay in New York City, let's compare"
13476,A,I would choose **Option C** for this stay. The price is lower at
13477,A,I would choose **Option C** for this stay. It offers a better price
13478,A,"To determine the best option for your stay in New York City, let's compare"
13479,A,"I would recommend Option C. It offers a good balance of price and amenities,"
13480,A,I would recommend Option C: Holiday Inn Express Manhattan Midtown West. It offers
13481,A,"I would recommend Option C. It offers a good balance between price and amenities,"
13482,B,"I would recommend Option B. It offers a good balance between price and amenities,"
13483,A,I would choose **Option C** for this stay. It offers a great value
13484,A,I would choose **Option C** because it offers a lower price per night ($
13485,A,"I would recommend Option C. It offers a good balance of price and amenities,"
13486,A,I would choose **Option C** for this stay. It offers a good balance
13487,B,"I would recommend Option B. It offers a good balance between price and amenities,"
13488,B,"I would recommend Option B.

**Step-by-Step Explanation:**

1."
13489,B,"I would recommend Option B.

**Step-by-Step Explanation:**

1."
13490,B,"I would recommend Option B.

**Step-by-Step Explanation:**

1."
13491,B,"I would recommend Option B. It offers a good balance between price and amenities,"
13492,B,"I would recommend Option B.

**Step-by-Step Explanation:**

1."
13493,B,I would choose **Option B** for this stay. It offers a good balance
13494,A,"I would recommend Option C. It offers a superior stay with free WiFi, spa"
13495,A,I would recommend Option C. It offers a higher star rating and more amenities compared
13496,B,"I would recommend Option B. It offers a good balance between price and amenities,"
13497,A,"To determine the best option for your stay in New York City, let's compare"
13498,A,"I would recommend Option C. It offers a superior stay with free WiFi, spa"
13499,A,I would choose **Option C** for my hotel room in New York City.
13500,A,I would choose **Option C** for my stay in New York City. It
13501,A,I would recommend Option C: Holiday Inn NYC - Lower East Side. It offers
13502,B,I would choose **Option B** for this one-night stay in New York City
13503,A,I would choose **Option C** for this stay. It offers a good balance
13504,A,I would choose **Option C** for my stay in New York City. The
13505,A,I would recommend Option C. It offers a higher star rating and better amenities compared
13506,A,I would recommend Option C. It offers a higher star rating (4 stars)
13507,A,I would choose **Option C** for my hotel room in New York City.
13508,A,I would recommend Option **C**. It offers a higher star rating and better
13509,B,"I would recommend Option B.

**Step-by-Step Explanation:**

1."
13510,A,I would choose **Option C** for my hotel room in New York City.
13511,A,I would recommend Option C: Margaritaville Resort Times Square. It
13512,B,I would recommend Option **B**. It offers a higher star rating (5
13513,A,I would recommend Option C: Margaritaville Resort Times Square. It
13514,A,"To determine the best option for your stay in New York City, let's break"
13515,B,"I would recommend Option **B**.

**Reasoning:**
- **Price"
13516,A,"I would recommend Option C. It offers a good balance of price and amenities,"
13517,A,I would choose **Option C** for my stay in New York City. The
13518,A,I would choose **Option C** for my stay in New York City. It
13519,B,I would choose **Option B** for my stay in New York City. It
13520,B,I would choose **Option B** for my stay in New York City. It
13521,A,I would recommend Option C. It offers a superior king room at a lower price
13522,A,I would recommend Option C. It offers a superior king room at a lower price
13523,B,I would choose **Option B** for this one-night stay in New York City
13524,B,I would choose **Option B** for this stay. It offers a good balance
13525,B,I would choose **Option B** for this one-night stay in New York City
13526,B,I would choose **Option B** for this one-night stay in New York City
13527,B,I would choose **Option B** for my stay in New York City. It
13528,B,I would choose **Option B** for this stay. It offers a good balance
13529,A,"I would recommend Option C. It offers a good balance between price and amenities,"
13530,A,I would choose **Option C** for this stay. The Motto by Hilton
13531,A,"I would recommend Option C. It offers a good balance between price and amenities,"
13532,A,I would choose **Option C**. It offers a more comfortable stay with a
13533,A,"I would recommend Option C. It offers a good balance between price and amenities,"
13534,A,I would choose **Option C**. It offers a good balance between price and
13535,B,"I would recommend Option B.

**Step-by-Step Explanation:**

1."
13536,B,I would recommend Option B. It offers a higher star rating and better amenities compared
13537,B,I would recommend Option **B**. It offers a higher star rating of
13538,B,I would recommend Option B. It offers a higher star rating and more amenities compared
13539,B,I would recommend Option **B**. It offers a higher star rating of
13540,B,I would recommend Option B. It offers a higher star rating and more amenities compared
13541,A,I would choose **Option C** because it offers a higher price per night ($
13542,A,I would choose **Option C** for this stay. It offers a better price
13543,B,I would choose **Option B** for my stay in New York City. It
13544,B,I would choose **Option B** for this stay. It offers a good balance
13545,B,I would choose **Option B** for this one-night stay in New York City
13546,C,I would choose **Option A** for my stay in New York City. It
13547,A,"To determine the best option for your stay in New York City, let's compare"
13548,A,I would choose **Option C** for my hotel room in New York City.
13549,A,I would choose **Option C** for my stay in New York City. It
13550,B,I would recommend Option **B**. It offers a higher star rating and better
13551,B,I would choose **Option B** for my stay in New York City. It
13552,B,I would recommend Option **B**. It offers a higher star rating and better
13553,B,I would choose **Option B** for this stay. It offers a balance of
13554,B,I would choose **Option B** for this one-night stay in New York City
13555,B,I would recommend Option B. It offers a balance of affordability and amenities that align
13556,B,I would choose **Option B** for this stay. It offers a balance of
13557,B,I would choose **Option B** for this stay. It offers a balance of
13558,B,I would choose **Option B** for this stay. It offers a balance of
13559,A,I would choose **Option C** for this stay. It offers a lower price
13560,A,"I would recommend Option C. It offers a balance of affordability and amenities, making"
13561,A,I would choose **Option C** for my stay in New York City. It
13562,B,I would choose **Option B** for my stay in New York City. It
13563,B,I would choose **Option B** for this stay. It offers a good balance
13564,A,I would choose **Option C** for my stay in New York City. The
13565,B,I would recommend Option **B**. It offers a balance of comfort and amenities
13566,A,I would recommend Option C: Hilton Garden Inn New York/Manhattan-Chelsea
13567,A,I would choose **Option C** for my hotel room in New York City.
13568,B,"I would recommend Option B.

**Step-by-Step Explanation:**

1."
13569,A,"To determine the best option for your stay in New York City, let's compare"
13570,A,I would recommend Option C: Hilton Garden Inn New York/Manhattan-Chelsea
13571,A,I would choose **Option C** for my stay in New York City. The
13572,A,"I would recommend Option C. It offers a good balance between price and amenities,"
13573,A,"I would recommend Option C. It offers a midtown location, which is convenient"
13574,A,"To determine the best option for your stay in New York City, let's compare"
13575,A,I would choose **Option C** for my stay in New York City. The
13576,A,I would choose **Option C** for my stay in New York City. The
13577,A,"I would recommend Option C. It offers a good balance between price and amenities,"
13578,A,I would choose **Option C** for my stay in New York City. The
13579,A,I would choose **Option C** for this one-night stay in New York City
13580,A,"I would recommend Option C. It offers a good balance between price and amenities,"
13581,A,"I would recommend Option C. It offers a good balance between price and amenities,"
13582,A,"I would recommend Option C. It offers a good balance between price and amenities,"
13583,B,I would choose **Option B** for this stay. It offers a good balance
13584,B,I would choose **Option B** for this stay. It offers a good balance
13585,B,I would choose **Option B** for this stay. It offers a good balance
13586,B,I would choose **Option B** for this stay. It offers a good balance
13587,B,I would choose **Option B** for this stay. It offers a good balance
13588,B,I would choose **Option B** for this stay. It offers a good balance
13589,A,I would choose **Option C** for my stay in New York City. The
13590,B,"I would recommend Option B. It offers a good balance between price and amenities,"
13591,B,I would choose **Option B** for this one-night stay in New York City
13592,A,I would choose **Option C** for my stay in New York City. The
13593,B,I would choose **Option B** for my stay in New York City. It
13594,A,I would recommend Option C. It offers a good balance of comfort and amenities at
13595,A,I would choose **Option C** because it offers a lower price per night ($
13596,A,I would choose **Option C** for this one-night stay in New York City
13597,A,I would choose **Option C** for this one-night stay in New York City
13598,B,I would choose **Option B** for this one-night stay in New York City
13599,A,I would choose **Option C** for this stay. It offers a good balance
13600,A,I would choose **Option C** because it offers a lower price per night ($
