task_id,choice,raw_output
10001,B,A
10002,B,A
10003,B,A
10004,B,A
10005,A,"I would choose **Option B**. 

While Option A offers a higher star"
10006,B,A
10007,B,A
10008,B,A
10009,B,A
10010,A,"I would choose **Option B**.

While Option A offers a high-star rating"
10011,A,"I would choose **Option B**.

While Option A offers a high-star rating"
10012,B,A
10013,B,A
10014,B,A
10015,B,A
10016,B,A
10017,A,"I would choose **Option B**. 

While Option A offers a higher star"
10018,A,"I would choose **Option B**. 

While Option A offers a higher star"
10019,B,"I would choose **Option A**.

The citizenM New York Bowery offers"
10020,B,A
10021,A,"I would choose **Option B**. 

While Option A offers a higher star"
10022,A,I would choose **Option B**. While Option A offers a higher star rating
10023,A,"I would choose **Option B**. 

While Option A offers a higher star"
10024,A,"I would choose **Option B**. 

While Option A offers a higher star"
10025,B,"I would choose **Option A**.

**Reasoning:**  
Option A offers"
10026,A,"I would choose **Option B**.

While Option A offers a high-star hotel"
10027,A,"I would choose **Option B**. 

While Option A offers a higher star"
10028,B,"I would choose **Option A**.

**Reasoning:**

- **Location"
10029,B,"I would choose **Option A**.

The Lexington Hotel offers a higher star rating"
10030,A,"I would choose **Option B**. 

While Option A offers a higher star"
10031,A,"I would choose **Option B**. 

While Option A offers a higher star"
10032,A,"I would choose **Option B**.

While both options have high guest review scores"
10033,A,"I would choose **Option B**.

While Option A offers a higher star rating"
10034,A,"I would choose **Option B**.

While Option A offers a higher star rating"
10035,B,A
10036,B,A
10037,A,"I would choose **Option B**.

While Option A offers a higher star rating"
10038,B,A
10039,B,"I would choose **Option A**.

Arlo NoMad is a highly-rated"
10040,B,A
10041,A,"I would choose **Option B**.

While Option A has a higher star rating"
10042,B,A
10043,B,A
10044,A,"I would choose **Option B**.

While Option A offers a higher star rating"
10045,B,A
10046,B,"I would choose **Option A**.

The Beekman offers a higher star"
10047,B,A
10048,B,"I would choose **Option A**.

The Beekman, a Thompson Hotel"
10049,A,"I would choose **Option B**.

While both options have similar amenities like free"
10050,A,"I would choose **Option B**.

While Option A offers a higher star rating"
10051,A,"I would choose **Option B**.

While Option A offers a higher star rating"
10052,A,"I would choose **Option B**.

While both hotels offer similar amenities like free"
10053,B,"I would choose **Option A**.

The Walker Hotel Greenwich Village is a"
10054,A,"I would choose **Option B**.

While Option A offers a higher star rating"
10055,B,"I would choose **Option A**.

The Walker Hotel Greenwich Village, despite being"
10056,A,"I would choose **Option B**.

While Option A offers a higher star rating"
10057,B,A
10058,B,A
10059,B,A
10060,B,A
10061,B,A
10062,A,"I would choose **Option B**.

While Option A offers a higher star rating"
10063,A,"I would choose **Option B**.

While both options offer free cancellation and no"
10064,B,A
10065,B,A
10066,B,A
10067,B,A
10068,B,A
10069,B,A
10070,B,A
10071,B,A
10072,B,A
10073,B,A
10074,B,A
10075,B,A
10076,B,A
10077,B,A
10078,B,A
10079,B,A
10080,B,A
10081,B,A
10082,B,A
10083,B,A
10084,B,A
10085,B,A
10086,B,A
10087,B,A
10088,B,A
10089,B,A
10090,B,A
10091,B,A
10092,B,A
10093,B,A
10094,B,A
10095,B,A
10096,B,A
10097,B,A
10098,B,A
10099,B,A
10100,B,A
10101,B,A
10102,B,A
10103,B,A
10104,B,A
10105,B,A
10106,B,A
10107,B,A
10108,B,A
10109,A,"I would choose **Option B**. 

While Option A offers a lower price"
10110,A,"I would choose **Option B**. 

While both hotels are in the same"
10111,B,A
10112,A,"I would choose **Option B**. 

While both hotels are in the same"
10113,B,A
10114,B,A
10115,A,"I would choose **Option B**.

While Option A offers a higher star rating"
10116,B,A
10117,A,"I would choose **Option B**.

While Option A offers a higher star rating"
10118,A,"I would choose **Option B**. 

While Option A offers a higher star"
10119,A,"I would choose **Option B**.

While Option A offers a higher star rating"
10120,B,A
10121,A,"I would choose **Option B**. 

While Option A offers a higher star"
10122,B,"I would choose **Option A**.

The Renaissance New York Midtown Hotel offers"
10123,A,"I would choose **Option B**.

While Option A offers a higher star rating"
10124,A,"I would choose **Option B**.

While Option A offers a higher star rating"
10125,A,"I would choose **Option B**.

While Option A offers a higher star rating"
10126,A,"I would choose **Option B**.

While Option A offers a higher star rating"
10127,A,"I would choose **Option B**.

While Option A offers a higher star rating"
10128,B,A
10129,A,"I would choose **Option B**.

While Option A offers a higher star rating"
10130,B,"I would choose **Option A**.

**Reasoning:**  
Option A offers"
10131,A,"I would choose **Option B**. 

While Option A offers a higher star"
10132,B,"I would choose **Option A**.

The Conrad New York Midtown offers a"
10133,B,A
10134,B,A
10135,B,A
10136,A,"I would choose **Option B**.

While Option A offers a breakfast included and"
10137,A,"I would choose **Option B**.

While Option A offers a higher guest review"
10138,B,A
10139,A,"I would choose **Option B**.

While Option A offers a higher price,"
10140,A,"I would choose **Option B**.

While both options are 3-star hotels"
10141,A,"I would choose **Option B**.

While Option A offers a higher star rating"
10142,A,"I would choose **Option B**.

While Option A offers a higher star rating"
10143,A,"I would choose **Option B**.

While Option A offers a higher star rating"
10144,A,"I would choose **Option B**.

While Option A offers a higher star rating"
10145,A,"I would choose **Option B**.

While both options are 3-star hotels"
10146,B,"I would choose **Option A**.

**Reasoning:**

- **Location"
10147,A,"I would choose **Option B**.

While both options are 3-star hotels"
10148,A,"I would choose **Option B**.

While both options are 3-star hotels"
10149,A,"I would choose **Option B**.

While Option A offers a higher star rating"
10150,A,"I would choose **Option B**.

While Option A offers a higher star rating"
10151,A,"I would choose **Option B**.

While Option A offers a higher star rating"
10152,B,A
10153,A,B
10154,B,A
10155,B,A
10156,B,A
10157,A,"I would choose **Option B**.

While both hotels are in Times Square and"
10158,B,A
10159,A,"I would choose **Option B**.

While Option A has a slightly higher guest"
10160,A,"I would choose **Option B**.

While both hotels are in Times Square and"
10161,B,A
10162,B,A
10163,A,"I would choose **Option B**.

While Option A offers a higher star rating"
10164,A,"I would choose **Option B**.

While Option A offers a higher star rating"
10165,A,"I would choose **Option B**.

**Reasoning:**

- **Location"
10166,A,"I would choose **Option B**.

**Reasoning:**

- **Location"
10167,A,"I would choose **Option B**.

While Option A offers a lower price and"
10168,A,"I would choose **Option B**. 

While Option A is a 2"
10169,A,I would choose **Option B**. While both hotels are 3-star rated
10170,A,"I would choose **Option B**.

While both options offer queen rooms and free"
10171,A,I would choose **Option B**. While both hotels are 3-star rated
10172,B,A
10173,A,"I would choose **Option B**.

While both options are in highly rated neighborhoods"
10174,A,"I would choose **Option B**.

While both options are in New York City"
10175,A,"I would choose **Option B**.

While both options are in New York City"
10176,A,"I would choose **Option B**.

While Option A offers a higher star rating"
10177,A,"I would choose **Option B**.

While Option A offers a higher star rating"
10178,A,"I would choose **Option B**.

While Option A has a higher guest review"
10179,A,"I would choose **Option B**. 

While Option A has a higher guest"
10180,A,"I would choose **Option B**.

While Option A has a higher star rating"
10181,A,"I would choose **Option B**.

While Option A offers a higher star rating"
10182,A,"I would choose **Option B**.

While Option A offers a higher star rating"
10183,A,"I would choose **Option B**.

While Option A offers a higher star rating"
10184,B,A
10185,A,"I would choose **Option B**.

While both hotels are in the Financial District"
10186,A,"I would choose **Option B**.

While both hotels are in the Financial District"
10187,A,"I would choose **Option B**.

Reasoning:
- **Location**: Both"
10188,A,"I would choose **Option B**.

While Option A offers a Studio Suite with"
10189,A,"I would choose **Option B**.

While both options are in three-star hotels"
10190,A,"I would choose **Option B**.

While Option A offers a higher price,"
10191,A,"I would choose **Option B**.

While Option A offers a higher guest review"
10192,A,"I would choose **Option B**.

While Option A offers a lower price and"
10193,A,"I would choose **Option B**. 

While Option A offers a higher star"
10194,A,"I would choose **Option B**. 

While Option A offers a higher star"
10195,A,"I would choose **Option B**.

While Option A offers a higher star rating"
10196,A,"I would choose **Option B**.

While Option A offers a higher star rating"
10197,A,"I would choose **Option B**.

While Option A offers a higher star rating"
10198,A,"I would choose **Option B**.

While Option A offers a higher star rating"
10199,A,"I would choose **Option B**.

While Option A offers a higher star rating"
10200,A,"I would choose **Option B**.

While Option A offers a higher star rating"
10201,A,"I would choose **Option B**.

While Option A offers a one-bedroom suite"
10202,B,"I would choose **Option A**.

**Reasoning:**

1. **"
10203,A,"I would choose **Option B**.

While Option A offers a higher price,"
10204,A,"I would choose **Option B**.

While Option A offers a higher price,"
10205,A,"I would choose **Option B**.

While Option A has a higher guest review"
10206,A,"I would choose **Option B**.

While Option A has a slightly higher guest"
10207,A,"I would choose **Option B**.

While Option A has a higher guest review"
10208,A,"I would choose **Option B**.

While Option A offers a higher star rating"
10209,A,"I would choose **Option B**.

While Option A offers a higher star rating"
10210,A,"I would choose **Option B**.

While Option A offers a higher star rating"
10211,A,"I would choose **Option B**.

While Option A offers a higher star rating"
10212,A,"I would choose **Option B**.

While Option A offers a higher star rating"
10213,A,"I would choose **Option B**.

While both options are 3-star hotels"
10214,A,"I would choose **Option B**.

While Option A offers a higher price,"
10215,B,A
10216,A,"I would choose **Option B**.

While Option A offers a higher price,"
10217,A,"I would choose **Option B**.

While Option A has a slightly higher star"
10218,A,"I would choose **Option B**.

While Option A has a higher star rating"
10219,A,"I would choose **Option B**.

While Option A offers a higher star rating"
10220,A,"I would choose **Option B**.

While Option A has a slightly lower star"
10221,A,"I would choose **Option B**.

While Option A offers a higher price,"
10222,A,"I would choose **Option B**. 

While both options are in 3"
10223,A,"I would choose **Option B**.

While Option A offers a lower price,"
10224,A,"I would choose **Option B**.

While both options are in 3-star"
10225,B,"I would choose **Option A**.

**Reasoning:**  
While both hotels"
10226,A,"I would choose **Option B**.

While both options are in Manhattan and offer"
10227,A,"I would choose **Option B**. 

While both options offer free cancellation and"
10228,A,"I would choose **Option B**.

While Option A offers a suite with a"
10229,A,"I would choose **Option B**. 

While Option A has a slightly higher"
10230,A,"I would choose **Option B**.

While both options have high guest review scores"
10231,A,"I would choose **Option B**. 

While Option A has a higher star"
10232,A,"I would choose **Option B**. 

While Option A has a slightly lower"
10233,B,A
10234,A,"I would choose **Option B**.

While Option A offers a high-star rating"
10235,B,A
10236,A,"I would choose **Option B**.

While Option A offers a higher star rating"
10237,A,"I would choose **Option B**. 

While both hotels are in New York"
10238,A,"I would choose **Option B**.

While both options are in highly rated neighborhoods"
10239,A,"I would choose **Option B**.

While Option A is cheaper, it doesn"
10240,A,B
10241,B,A
10242,A,"I would choose **Option B**.

While Option A offers a higher star rating"
10243,B,A
10244,B,A
10245,A,"I would choose **Option B**.

While Option A offers a higher star rating"
10246,A,"I would choose **Option B**.

While Option A offers a higher star rating"
10247,B,A
10248,A,"I would choose **Option B**.

While Option A offers a superior room and"
10249,B,A
10250,B,"I would choose **Option A**.

The Four Seasons Hotel New York Downtown offers"
10251,B,A
10252,A,"I would choose **Option B**.

While Option A offers a higher star rating"
10253,A,"I would choose **Option B**.

While both options are 3-star hotels"
10254,B,"I would choose **Option A**.

**Reasoning:**  
- **Location"
10255,A,"I would choose **Option B**.

Margaritaville Resort Times Square"
10256,A,"I would choose **Option B**.

While both options are 3-star hotels"
10257,B,"I would choose **Option A**.

**Reasoning:**  
While Option B"
10258,B,A
10259,A,"I would choose **Option B**.

While Option A has a higher guest review"
10260,B,A
10261,B,A
10262,B,A
10263,B,A
10264,A,"I would choose **Option B**.

While Option A offers a higher price,"
10265,B,A
10266,A,"I would choose **Option B**.

While Option A offers a higher star rating"
10267,A,"I would choose **Option B**.

While Option A offers a higher star rating"
10268,A,"I would choose **Option B**.

While Option A offers a higher star rating"
10269,A,B
10270,A,B
10271,A,B
10272,A,"I would choose **Option B**.

While both options are in highly rated neighborhoods"
10273,A,"I would choose **Option B**.

While Option A has a higher guest review"
10274,B,"I would choose **Option A**.

**Reasoning:**

- **Location"
10275,A,"I would choose **Option B**.

While Option A offers a higher star rating"
10276,A,"I would choose **Option B**.

While Option A offers a higher star rating"
10277,A,"I would choose **Option B**.

While Option A offers a higher star rating"
10278,A,"I would choose **Option B**.

While Option A offers a superior king bed"
10279,A,"I would choose **Option B**.

While Option A offers a superior king bed"
10280,A,"I would choose **Option B**.

While Option A offers a higher star rating"
10281,A,"I would choose **Option B**.

While Option A offers a higher star rating"
10282,A,"I would choose **Option B**.

While Option A offers a more luxurious hotel"
10283,A,"I would choose **Option B**.

While Option A offers a higher star rating"
10284,A,"I would choose **Option B**.

While Option A offers a higher guest review"
10285,A,"I would choose **Option B**.

While Option A offers a higher star rating"
10286,A,"I would choose **Option B**.

While Option A offers a higher star rating"
10287,A,"I would choose **Option B**.

While Option A offers a higher star rating"
10288,A,"I would choose **Option B**.

While Option A offers a higher star rating"
10289,A,"I would choose **Option B**.

While Option A offers a higher star rating"
10290,A,"I would choose **Option B**.

While Option A offers a higher star rating"
10291,A,"I would choose **Option B**.

While Option A offers a higher star rating"
10292,A,"I would choose **Option B**.

While Option A offers a higher star rating"
10293,B,A
10294,A,"I would choose **Option B**.

While Option A has a higher guest review"
10295,B,A
10296,B,A
10297,B,A
10298,B,A
10299,B,A
10300,B,A
10301,B,A
10302,B,A
10303,A,"I would choose **Option B**.

While Option A offers a higher star rating"
10304,B,A
10305,B,A
10306,B,A
10307,B,A
10308,A,"I would choose **Option B**.

While Option A offers a higher star rating"
10309,B,A
10310,A,"I would choose **Option B**.

While both options are in Manhattan, The"
10311,A,"I would choose **Option B**.

While both options are in Manhattan, The"
10312,A,"I would choose **Option B**.

While both options are in Manhattan and offer"
10313,A,"I would choose **Option B**.

While Option A offers a higher star rating"
10314,A,"I would choose **Option B**.

While Option A offers a higher star rating"
10315,A,"I would choose **Option B**.

While Option A offers a higher star rating"
10316,A,"I would choose **Option B**.

While Option A has a higher star rating"
10317,B,A
10318,A,"I would choose **Option B**.

While Option A offers a higher star rating"
10319,B,A
10320,B,A
10321,A,"I would choose **Option B**.

While Option A offers a higher star rating"
10322,B,A
10323,A,"I would choose **Option B**.

While Option A offers a higher star rating"
10324,A,"I would choose **Option B**.

While both options offer free cancellation and no"
10325,B,A
10326,A,"I would choose **Option B**.

While Option A offers a higher star rating"
10327,B,"I would choose **Option A**.

The InterContinental New York Barclay"
10328,A,"I would choose **Option B**.

While Option A offers a higher star rating"
10329,A,"I would choose **Option B**.

While Option A offers a higher star rating"
10330,A,"I would choose **Option B**.

While both hotels have excellent guest reviews and"
10331,A,"I would choose **Option B**.

While Option A offers a higher star rating"
10332,B,"I would choose **Option A**.

**Reasoning:**

- **Location"
10333,A,"I would choose **Option B**.

The Lucerne Hotel has a higher guest"
10334,A,"I would choose **Option B**. 

While both options are in high-end"
10335,A,"I would choose **Option B**.

While both options are in highly rated neighborhoods"
10336,A,"I would choose **Option B**.

The Lucerne Hotel in Upper West Side"
10337,A,"I would choose **Option B**.

Here's why:

- **Location**:"
10338,A,B
10339,A,"I would choose **Option B**.

The Lucerne Hotel in Upper West Side"
10340,A,"I would choose **Option B**.

The Lucerne Hotel in the Upper West"
10341,B,A
10342,B,A
10343,B,A
10344,A,I would choose **Option B**. While both options are in Manhattan and offer
10345,B,A
10346,B,A
10347,B,A
10348,B,A
10349,A,"I would choose **Option B**. 

While Option A offers a higher star"
10350,A,"I would choose **Option B**. 

While both hotels offer free Wi-Fi"
10351,A,"I would choose **Option B**. 

While both options have similar cancellation policies"
10352,A,I would choose **Option B**. While Option A offers a higher star rating
10353,B,A
10354,A,"I would choose **Option B**.

Rationale:
- **Location and Pro"
10355,B,A
10356,A,"I would choose **Option B**.

Rationale:
- **Location and Pro"
10357,A,"I would choose **Option B**.

While both options offer similar prices and free"
10358,A,"I would choose **Option B**.

While Option A offers a slightly higher guest"
10359,B,"I would choose **Option A**.

The Ace Hotel Brooklyn offers a higher star"
10360,A,"I would choose **Option B**.

While Option A offers a higher star rating"
10361,A,"I would choose **Option B**.

While Option A offers a higher star rating"
10362,B,A
10363,A,"I would choose **Option B**.

While Option A offers a higher star rating"
10364,B,A
10365,A,"I would choose **Option B**.

**Reasoning:**  
While both options"
10366,A,"I would choose **Option B**.

While Option A offers a lower price and"
10367,A,B
10368,A,"I would choose **Option B**.

While Option A offers a lower price and"
10369,A,"I would choose **Option B**.

While Option A offers a lower price,"
10370,A,"I would choose **Option B**.

Option B offers a higher star rating,"
10371,A,"I would choose **Option B**.

While Option A offers a dorm bed at"
10372,A,"I would choose **Option B**.

While Option A offers a more affordable price"
10373,B,A
10374,B,A
10375,B,A
10376,B,A
10377,A,"I would choose **Option B**.

While Option A offers a higher star rating"
10378,B,A
10379,A,"I would choose **Option B**.

While Option A offers a higher star rating"
10380,B,A
10381,B,A
10382,B,A
10383,B,A
10384,A,"I would choose **Option B**.

While Option A has a higher star rating"
10385,A,"I would choose **Option B**.

While Option A offers a superior king bed"
10386,A,"I would choose **Option B**.

While Option A offers a higher star rating"
10387,A,"I would choose **Option B**.

While Option A offers a superior king bed"
10388,A,"I would choose **Option B**.

While Option A offers a superior king bed"
10389,B,A
10390,A,"I would choose **Option B**.

While Option A offers a higher star rating"
10391,B,A
10392,A,"I would choose **Option B**.

While Option A offers a higher star rating"
10393,A,"I would choose **Option B**.

While both options are in Manhattan and offer"
10394,A,B
10395,A,"I would choose **Option B**.

While Option A offers a higher star rating"
10396,A,"I would choose **Option B**.

While Option A offers a higher guest review"
10397,A,"I would choose **Option B**.

**Reasoning:**

1. **"
10398,A,"I would choose **Option B**.

While Option A offers a rooftop view and"
10399,A,"I would choose **Option B**.

**Reasoning:**

1. **"
10400,A,"I would choose **Option B**.

**Reasoning:**

1. **"
10401,A,"I would choose **Option B**. 

While Option A offers a lower price"
10402,A,"I would choose **Option B**.

**Reasoning:**

1. **"
10403,A,"I would choose **Option B**. 

While both hotels are 3-star"
10404,A,B
10405,A,"I would choose **Option B**.

While Option A offers a higher star rating"
10406,A,"I would choose **Option B**.

While Option A offers a higher star rating"
10407,B,"I would choose **Option A**.

The Ned NoMad is a highly-rated"
10408,B,"I would choose **Option A**.

The Ned NoMad is a highly-rated"
10409,A,"I would choose **Option B**.

While both options offer a similar room type"
10410,A,"I would choose **Option B**.

While both options are high-rated hotels in"
10411,A,"I would choose **Option B**.

While Option A has a slightly higher guest"
10412,A,"I would choose **Option B**.

While Option A has a slightly higher guest"
10413,A,"I would choose **Option B**.

Reasoning:
- **Location and Neighborhood"
10414,A,"I would choose **Option B**.

Reasoning:
- Both options are in"
10415,A,"I would choose **Option B**.

While both options are in Midtown and"
10416,A,"I would choose **Option B**.

Reasoning:
- **Price**: Option"
10417,A,"I would choose **Option B**.

While Option A offers a higher star rating"
10418,A,"I would choose **Option B**.

While Option A offers a higher star rating"
10419,B,A
10420,B,"I would choose **Option A**.

The Park Hyatt New York offers a"
10421,A,"I would choose **Option B**.

While both options are in Midtown,"
10422,A,"I would choose **Option B**.

While Option A offers a lower price and"
10423,A,"I would choose **Option B**.

While both options are in Midtown,"
10424,A,"I would choose **Option B**.

Reasoning:
- **Location**: Both"
10425,B,A
10426,A,"I would choose **Option B**.

While Option A offers a higher star rating"
10427,B,A
10428,A,"I would choose **Option B**.

While Option A offers a higher star rating"
10429,A,"I would choose **Option B**.

While Option A offers a higher star rating"
10430,A,"I would choose **Option B**.

While Option A offers a higher star rating"
10431,A,"I would choose **Option B**.

While Option A offers a higher star rating"
10432,A,"I would choose **Option B**.

While Option A offers a higher star rating"
10433,A,I would choose **Option B**. While Option A has a higher guest review
10434,B,A
10435,A,"I would choose **Option B**.

While Option A offers a higher star rating"
10436,A,"I would choose **Option B**.

While Option A offers a higher star rating"
10437,A,"I would choose **Option B**.

While Option A offers a higher price,"
10438,A,"I would choose **Option B**.

While Option A has a slightly higher guest"
10439,A,B
10440,A,"I would choose **Option B**.

While Option A has a higher guest review"
10441,A,"I would choose **Option B**.

While Option A offers a higher price,"
10442,A,"I would choose **Option B**.

While both options are in highly rated neighborhoods"
10443,A,"I would choose **Option B**.

While both options are in New York City"
10444,A,"I would choose **Option B**.

While both options are 3-star hotels"
10445,A,"I would choose **Option B**.

While Option A has a slightly higher guest"
10446,B,A
10447,B,A
10448,A,"I would choose **Option B**.

While Option A offers a higher guest review"
10449,A,"I would choose **Option B**.

Both options are 3-star hotels with"
10450,A,"I would choose **Option B**.

While both options are 3-star hotels"
10451,A,"I would choose **Option B**.

While both options are 3-star hotels"
10452,A,"I would choose **Option B**.

While both options are 3-star hotels"
10453,A,"I would choose **Option B**.

While Option A offers a lower price and"
10454,A,"I would choose **Option B**.

While Option A offers a slightly lower price"
10455,A,"I would choose **Option B**.

While Option A offers a slightly lower price"
10456,A,"I would choose **Option B**.

While both options are in the Chelsea neighborhood"
10457,A,"I would choose **Option B**.

While Option A offers a higher star rating"
10458,A,"I would choose **Option B**.

While Option A has a higher star rating"
10459,A,"I would choose **Option B**.

While Option A offers a higher star rating"
10460,A,"I would choose **Option B**.

While both hotels have high guest review scores"
10461,B,"I would choose **Option A**.

**Reasoning:**

1. **"
10462,A,"I would choose **Option B**.

While both hotels are in Manhattan and offer"
10463,A,"I would choose **Option B**.

While both hotels are in Manhattan and have"
10464,A,"I would choose **Option B**.

While Option A offers a lower price and"
10465,A,"I would choose **Option B**.

While Option A offers a high guest review"
10466,A,"I would choose **Option B**.

While both hotels are 3-star rated"
10467,A,"I would choose **Option B**.

While both hotels are 3-star rated"
10468,A,"I would choose **Option B**.

While both hotels are 3-star rated"
10469,A,"I would choose **Option B**.

While Option A offers a higher star rating"
10470,B,A
10471,A,"I would choose **Option B**.

While Option A offers a high-star rating"
10472,B,A
10473,A,B
10474,A,"I would choose **Option B**.

While Option A offers a lower price and"
10475,A,"I would choose **Option B**.

While both hotels are 3-star rated"
10476,A,B
10477,A,"I would choose **Option B**.

While Option A offers a higher star rating"
10478,A,"I would choose **Option B**.

While Option A offers a higher star rating"
10479,A,"I would choose **Option B**.

While Option A offers a higher star rating"
10480,A,"I would choose **Option B**.

While Option A offers a higher star rating"
10481,A,"I would choose **Option B**.

While both options are high-end hotels with"
10482,A,"I would choose **Option B**.

The citizenM New York Bowery offers"
10483,B,"I would choose **Option A**.

The Ace Hotel Brooklyn in Boerum"
10484,A,"I would choose **Option B**.

While both hotels are 4-star rated"
10485,B,"I would choose **Option A**.

**Reasoning:**

1. **"
10486,A,"I would choose **Option B**.

While both options offer similar star ratings and"
10487,A,"I would choose **Option B**.

While Option A offers a lower price,"
10488,A,"I would choose **Option B**.

While both options are 4-star hotels"
10489,A,"I would choose **Option B**.

While both options are high-quality hotels in"
10490,A,"I would choose **Option B**.

While both hotels are 4-star rated"
10491,A,"I would choose **Option B**.

While Option A has a slightly higher guest"
10492,B,"I'm sorry, but I can't provide a booking recommendation for a hotel stay"
10493,A,"I would choose **Option B**.

While both options are high-end hotels with"
10494,A,"I would choose **Option B**.

While Option A's Hyatt Regency"
10495,A,"I would choose **Option B**.

While both options are high-end hotels with"
10496,A,"I would choose **Option B**.

While Option A offers a high guest review"
10497,A,"I would choose **Option B**.

While Option A offers a higher star rating"
10498,A,"I would choose **Option B**.

While Option A offers a higher star rating"
10499,A,"I would choose **Option B**.

While Option A offers a higher star rating"
10500,A,"I would choose **Option B**.

While Option A offers a higher star rating"
10501,A,"I would choose **Option B**.

The citizenM New York Bowery offers"
10502,A,"I would choose **Option B**.

Here's why:

1. **Star"
10503,A,"I would choose **Option B**.

The citizenM New York Bowery offers"
10504,A,"I would choose **Option B**.

The citizenM New York Bowery offers"
10505,A,B
10506,A,"I would choose **Option B**.

While both options are 4-star hotels"
10507,A,I would choose **Option B**. While both hotels are 4-star rated
10508,A,"I would choose **Option B**.

While both options offer a 4-star"
10509,A,"I would choose **Option B**.

While Option A offers a higher star rating"
10510,A,I would choose **Option B**. While Option A offers a higher star rating
10511,A,"I would choose **Option B**.

While Option A offers a higher star rating"
10512,A,"I would choose **Option B**.

While Option A offers a higher star rating"
10513,A,"I would choose **Option B**.

While Option A offers a higher star rating"
10514,A,"I would choose **Option B**.

While Option A offers a higher star rating"
10515,A,"I would choose **Option B**.

While Option A offers a higher star rating"
10516,A,"I would choose **Option B**.

While Option A offers a higher star rating"
10517,A,"I would choose **Option B**.

While Option A offers a higher star rating"
10518,A,"I would choose **Option B**.

While Option A offers a higher star rating"
10519,A,"I would choose **Option B**.

While Option A offers a higher star rating"
10520,A,"I would choose **Option B**.

While Option A offers a higher star rating"
10521,A,"I would choose **Option B**.

While Option A's hotel, The West"
10522,A,"I would choose **Option B**.

While Option A offers a high guest review"
10523,A,"I would choose **Option B**.

While Option A offers a high guest review"
10524,A,B
10525,A,"I would choose **Option B**.

While Option A has a higher guest review"
10526,A,"I would choose **Option B**.

While Option A offers a higher guest review"
10527,A,"I would choose **Option B**.

While Option A offers a higher guest review"
10528,A,"I would choose **Option B**.

While both hotels are 4-star rated"
10529,B,"I would choose **Option A**.

The AC Hotel New York Downtown offers a"
10530,A,"I would choose **Option B**.

Here's why:

- **Location and"
10531,A,"I would choose **Option B**.

Both options are 4-star hotels with"
10532,B,A
10533,B,A
10534,B,"I would choose **Option A**.

**Reasoning:**

1. **"
10535,A,"I would choose **Option B**.

While Option A offers a lower price,"
10536,A,"I would choose **Option B**.

While Option A offers a lower price,"
10537,A,"I would choose **Option B**.

While Option A offers a lower price,"
10538,A,"I would choose **Option B**.

While Option A offers a lower price,"
10539,A,"I would choose **Option B**.

While Option A offers a lower price,"
10540,A,"I would choose **Option B**.

While Option A is a 3-star"
10541,A,"I would choose **Option B**.

While Option A offers a higher price,"
10542,A,"I would choose **Option B**.

While Option A has a slightly higher guest"
10543,A,"I would choose **Option B**.

While Option A offers a higher price,"
10544,A,"I would choose **Option B**.

Reasoning:
- **Price:** Option"
10545,B,"I would choose **Option A**.

**Reasoning:** Both options are in"
10546,A,"I would choose **Option B**.

While Option A offers a higher price,"
10547,A,B
10548,B,A
10549,A,"I would choose **Option B**.

While Option A offers a rooftop pool and"
10550,A,"I would choose **Option B**.

While Option A offers a higher price,"
10551,A,"I would choose **Option B**.

While Option A offers a higher guest review"
10552,A,"I would choose **Option B**.

While Option A offers a higher price,"
10553,A,"I would choose **Option B**.

While Option A offers a lower price and"
10554,A,B
10555,A,"I would choose **Option B**.

While Option A offers a lower price,"
10556,A,"I would choose **Option B**.

While Option A offers a lower price and"
10557,A,B
10558,A,"I would choose **Option B**.

Reasoning:
- **Location**: Both"
10559,A,"I would choose **Option B**.

While Option A offers a premium king bed"
10560,A,"I would choose **Option B**.

While Option A offers a higher guest review"
10561,A,"I would choose **Option B**.

While both options are 4-star hotels"
10562,A,"I would choose **Option B**.

While Option A is a well-rated hotel"
10563,A,"I would choose **Option B**.

While Option A offers a lower price,"
10564,A,"I would choose **Option B**.

While Option A offers a lower price and"
10565,A,"I would choose **Option B**.

While Option A offers a lower price,"
10566,A,"I would choose **Option B**.

While Option A offers a lower price,"
10567,A,"I would choose **Option B**.

**Reasoning:**  
While Option A"
10568,A,"I would choose **Option B**.

**Reasoning:**  
While Option A"
10569,A,"I would choose **Option B**.

While Option A has a higher guest review"
10570,A,"I would choose **Option B**.

While Option A offers a lower price,"
10571,A,"I would choose **Option B**.

While Option A offers a high guest review"
10572,A,"I would choose **Option B**.

While Option A offers a high guest review"
10573,A,"I would choose **Option B**.

While Option A offers a lower price,"
10574,A,"I would choose **Option B**.

While Option A is a 3-star"
10575,A,B
10576,A,"I would choose **Option B**.

**Reasoning:**

1. **"
10577,A,"I would choose **Option B**. 

While Option A is a good deal"
10578,A,"I would choose **Option B**.

Option B offers a higher star rating,"
10579,A,"I would choose **Option B**.

While Option A is a more affordable choice"
10580,A,"I would choose **Option B**.

Option B offers a higher star rating,"
10581,A,"I would choose **Option B**.

While Option A offers a higher star rating"
10582,A,"I would choose **Option B**.

While Option A offers a higher star rating"
10583,A,"I would choose **Option B**.

While Option A offers a higher star rating"
10584,A,"I would choose **Option B**.

While Option A offers a higher star rating"
10585,A,"I would choose **Option B**.

While Option A offers a higher guest review"
10586,A,"I would choose **Option B**.

While both hotels are highly rated (4"
10587,B,A
10588,B,"I would choose **Option A**.

**Reasoning:**  
- **Location"
10589,B,A
10590,A,"I would choose **Option B**.

While Option A offers a higher star rating"
10591,B,A
10592,A,"I would choose **Option B**.

While Option A offers a higher star rating"
10593,A,"I would choose **Option B**.

While Option A offers a higher star rating"
10594,A,"I would choose **Option B**.

While Option A offers a higher star rating"
10595,A,"I would choose **Option B**.

While Option A offers a higher star rating"
10596,A,"I would choose **Option B**.

While Option A offers a higher star rating"
10597,A,"I would choose **Option B**. 

While Option A offers a lower price"
10598,A,"I would choose **Option B**. 

While Option A offers a lower price"
10599,A,"I would choose **Option B**. 

While Option A is a 3"
10600,A,B
10601,A,"I would choose **Option B**.

The MADE Hotel in Midtown offers a"
10602,A,"I would choose **Option B**.

While Option A offers a higher star rating"
10603,A,"I would choose **Option B**.

The MADE Hotel in Midtown offers a"
10604,A,"I would choose **Option B**.

The MADE Hotel in Midtown offers a"
10605,A,"I would choose **Option B**.

The MADE Hotel in Midtown offers a"
10606,A,"I would choose **Option B**.

The MADE Hotel in Midtown offers a"
10607,A,"I would choose **Option B**.

The MADE Hotel in Midtown offers a"
10608,A,"I would choose **Option B**.

The MADE Hotel in Midtown offers a"
10609,A,"I would choose **Option B**.

The MADE Hotel in Midtown offers a"
10610,A,"I would choose **Option B**.

The MADE Hotel in Midtown offers a"
10611,A,"I would choose **Option B**.

The MADE Hotel in Midtown offers a"
10612,A,"I would choose **Option B**.

The MADE Hotel in Midtown offers a"
10613,A,"I would choose **Option B**.

The MADE Hotel in Midtown offers a"
10614,A,"I would choose **Option B**.

The MADE Hotel in Midtown offers a"
10615,A,"I would choose **Option B**.

The MADE Hotel in Midtown offers a"
10616,A,"I would choose **Option B**.

The MADE Hotel in Midtown offers a"
10617,A,"I would choose **Option B**.

While Option A offers a higher star rating"
10618,A,"I would choose **Option B**.

While Option A offers a higher star rating"
10619,A,"I would choose **Option B**.

While Option A offers a higher star rating"
10620,A,"I would choose **Option B**.

The MADE Hotel offers a lower price point"
10621,A,"I would choose **Option B**.

While Option A offers a higher star rating"
10622,A,"I would choose **Option B**.

While Option A offers a lower price,"
10623,B,"I would choose **Option A**.

**Reasoning:**

- **Star"
10624,A,"I would choose **Option B**.

While both options offer similar amenities like free"
10625,A,"I would choose **Option B**.

While Option A offers a lower price,"
10626,A,"I would choose **Option B**.

While Option A offers a lower price,"
10627,A,"I would choose **Option B**.

While Option A offers a lower price,"
10628,A,"I would choose **Option B**.

While Option A offers a lower price,"
10629,A,"I would choose **Option B**.

Here's why:

- **Location and"
10630,A,"I would choose **Option B**.

While both options are high-rated hotels in"
10631,A,"I would choose **Option B**.

While Option A offers a higher star rating"
10632,A,B
10633,A,"I would choose **Option B**. 

While Option A offers a lower price"
10634,A,"I would choose **Option B**.

While Option A offers a lower price and"
10635,A,"I would choose **Option B**.

While Option A offers a lower price,"
10636,A,"I would choose **Option B**.

While Option A offers a 3-star"
10637,A,"I would choose **Option B**.

While Option A offers a lower price,"
10638,A,"I would choose **Option B**.

While Option A offers a lower price,"
10639,A,"I would choose **Option B**.

While Option A offers a lower price,"
10640,A,B
10641,A,"I would choose **Option B**. 

While both hotels are 4-star"
10642,A,B
10643,A,B
10644,A,"I would choose **Option B**. 

While Option A has a slightly lower"
10645,A,"I would choose **Option B**. 

While Option A offers a lower price"
10646,A,"I would choose **Option B**. 

While Option A offers a lower price"
10647,A,"I would choose **Option B**.

**Reasoning:**

- **Location"
10648,A,"I would choose **Option B**. 

While Option A offers a lower price"
10649,A,B
10650,A,B
10651,A,"I would choose **Option B**. 

While both hotels are 4-star"
10652,A,B
10653,A,"I would choose **Option B**. 

While Option A is a 3"
10654,A,B
10655,A,B
10656,A,"I would choose **Option B**. 

While Option A offers a lower price"
10657,B,A
10658,B,A
10659,A,"I would choose **Option B**.

While Option A offers a higher price,"
10660,A,"I would choose **Option B**.

While Option A has a slightly higher guest"
10661,A,"I would choose **Option B**.

While Option A offers a higher star rating"
10662,A,"I would choose **Option B**.

While Option A offers a higher star rating"
10663,A,"I would choose **Option B**.

While Option A offers a higher star rating"
10664,A,"I would choose **Option B**.

While Option A offers a higher star rating"
10665,A,"I would choose **Option B**.

**Reasoning:**

1. **"
10666,A,"I would choose **Option B**.

While Option A offers a lower price,"
10667,A,"I would choose **Option B**.

While Option A offers a lower price,"
10668,A,"I would choose **Option B**. 

While Option A is a 3"
10669,A,"I would choose **Option B**.

While Option A offers a lower price and"
10670,A,"I would choose **Option B**.

While Option A offers a lower price and"
10671,A,"I would choose **Option B**.

While Option A offers a lower price and"
10672,A,"I would choose **Option B**.

While Option A offers a lower price and"
10673,A,"I would choose **Option B**.

While Option A offers a lower price,"
10674,A,"I would choose **Option B**.

While Option A offers a lower price,"
10675,A,"I would choose **Option B**.

While Option A offers a lower price,"
10676,A,B
10677,A,"I would choose **Option B**.

While Option A has a slightly lower guest"
10678,A,"I would choose **Option B**.

While Option A has a slightly lower price"
10679,A,"I would choose **Option B**.

While Option A is a well-rated hotel"
10680,A,"I would choose **Option B**.

While Option A offers a higher star rating"
10681,A,"I would choose **Option B**.

The Bryant Park Hotel, despite being a"
10682,A,"I would choose **Option B**.

While Option A offers a lower price and"
10683,A,"I would choose **Option B**.

While Option A offers a lower price and"
10684,A,"I would choose **Option B**. 

While Option A offers a lower price"
10685,B,A
10686,B,A
10687,B,A
10688,A,"I would choose **Option B**.

While Option A offers a higher star rating"
10689,A,"I would choose **Option B**.

While Option A offers a higher star rating"
10690,A,"I would choose **Option B**. 

While Option A offers a higher star"
10691,B,A
10692,A,"I would choose **Option B**. 

While Option A offers a superior king"
10693,A,"I would choose **Option B**. 

While Option A offers a high guest"
10694,A,"I would choose **Option B**. 

While Option A offers a high guest"
10695,A,"I would choose **Option B**. 

While Option A offers a lower price"
10696,A,"I would choose **Option B**. 

While Option A offers a high guest"
10697,A,"I would choose **Option B**. 

While Option A offers a lower price"
10698,A,"I would choose **Option B**. 

While Option A offers a lower price"
10699,A,"I would choose **Option B**. 

While Option A offers a lower price"
10700,A,"I would choose **Option B**. 

While both hotels offer similar amenities like"
10701,A,"I would choose **Option B**. 

While Option A offers a higher star"
10702,A,"I would choose **Option B**.

While Option A offers a high-star rating"
10703,A,"I would choose **Option B**. 

While Option A offers a higher star"
10704,A,"I would choose **Option B**. 

While Option A offers a higher star"
10705,A,"I would choose **Option B**. 

While Option A offers a high guest"
10706,A,"I would choose **Option B**. 

While both hotels are 4-star"
10707,A,"I would choose **Option B**. 

While both hotels are 4-star"
10708,A,"I would choose **Option B**. 

While Option A has a slightly higher"
10709,A,"I would choose **Option B**.

The Casablanca Hotel by Library"
10710,A,"I would choose **Option B**.

The Casablanca Hotel by Library"
10711,A,"I would choose **Option B**.

The Casablanca Hotel by Library"
10712,A,"I would choose **Option B**.

The Casablanca Hotel by Library"
10713,B,A
10714,A,"I would choose **Option B**.

While both options are high-end hotels with"
10715,A,"I would choose **Option B**.

While both options are high-end hotels in"
10716,A,"I would choose **Option B**.

Here's why:

1. **Location"
10717,B,A
10718,A,"I would choose **Option B**.

Reasoning:
- **Location**: Mid"
10719,B,A
10720,B,A
10721,A,"I would choose **Option B**.

While Option A offers a higher star rating"
10722,B,A
10723,A,"I would choose **Option B**.

While Option A offers a higher star rating"
10724,A,"I would choose **Option B**.

While Option A offers a higher star rating"
10725,A,"I would choose **Option B**. 

While both hotels are 4-star"
10726,A,"I would choose **Option B**. 

While both hotels are 4-star"
10727,A,"I would choose **Option B**.

Reasoning:
- **Location**: Both"
10728,A,"I would choose **Option B**.

Reasoning:
- **Location**: Both"
10729,A,"I would choose **Option B**.

Here's why:

1. **Star"
10730,A,"I would choose **Option B**.

The Hard Rock Hotel New York offers a"
10731,A,"I would choose **Option B**. 

While Option A offers a lower price"
10732,A,"I would choose **Option B**.

Here's why:

1. **Star"
10733,A,"I would choose **Option B**.

The Pearl Hotel in Midtown has a"
10734,A,"I would choose **Option B**.

The Pearl Hotel in Midtown offers a"
10735,A,"I would choose **Option B**. 

While both hotels are highly rated ("
10736,A,"I would choose **Option B**.

The Pearl Hotel in Midtown has a"
10737,A,"I would choose **Option B**.

Here's why:

1. **Cancellation"
10738,A,"I would choose **Option B**.

The Pearl Hotel New York offers a higher"
10739,A,"I would choose **Option B**. 

While both hotels are highly rated and"
10740,A,"I would choose **Option B**.

The Pearl Hotel New York has a higher"
10741,A,"I would choose **Option B**.

While Option A offers a higher star rating"
10742,A,"I would choose **Option B**.

While Option A offers a higher star rating"
10743,A,"I would choose **Option B**.

While Option A offers a higher star rating"
10744,A,"I would choose **Option B**.

While Option A offers a higher star rating"
10745,A,"I would choose **Option B**. 

While both options are high-end hotels"
10746,A,"I would choose **Option B**. 

While Option A offers a good price"
10747,A,"I would choose **Option B**. 

While both options are high-rated hotels"
10748,A,"I would choose **Option B**. 

While Option A offers a lower price"
10749,A,"I would choose **Option B**. 

While both hotels are highly rated ("
10750,A,"I would choose **Option B**. 

While both hotels are highly rated ("
10751,A,"I would choose **Option B**. 

While Option A has a slightly lower"
10752,A,"I would choose **Option B**. 

While both hotels are highly rated ("
10753,A,"I would choose **Option B**.

While Option A offers a higher star rating"
10754,A,"I would choose **Option B**.

While Option A offers a higher star rating"
10755,A,"I would choose **Option B**. 

While Option A offers a higher star"
10756,A,"I would choose **Option B**.

While Option A offers a higher star rating"
10757,A,I would choose **Option B**. While Option A offers a higher star rating
10758,A,"I would choose **Option B**. 

While Option A offers a higher star"
10759,A,"I would choose **Option B**. 

While Option A offers a higher star"
10760,A,I would choose **Option B**. While Option A offers a higher star rating
10761,A,"I would choose **Option B**. 

While Option A offers a lower price"
10762,A,B
10763,A,"I would choose **Option B**. 

While both hotels are highly rated ("
10764,A,"I would choose **Option B**. 

While both hotels are 4-star"
10765,A,"I would choose **Option B**. 

While Option A offers a lower price"
10766,A,"I would choose **Option B**. 

While Option A offers a good price"
10767,A,"I would choose **Option B**. 

While Option A offers a lower price"
10768,A,"I would choose **Option B**. 

While Option A offers a lower price"
10769,A,"I would choose **Option B**. 

While Option A has a higher guest"
10770,A,"I would choose **Option B**. 

While Option A offers a high guest"
10771,A,"I would choose **Option B**. 

While both hotels are highly rated ("
10772,B,"I would choose **Option A**.

**Reasoning:**

1. **"
10773,A,"I would choose **Option B**.

While Option A offers a higher star rating"
10774,A,"I would choose **Option B**.

While both hotels have excellent guest reviews and"
10775,A,"I would choose **Option B**.

While Option A offers a higher star rating"
10776,A,"I would choose **Option B**.

While Option A offers a higher star rating"
10777,B,"I would choose **Option A**.

**Reasoning:**  
While Option B"
10778,A,"I would choose **Option B**.

While Option A offers a higher star rating"
10779,B,"I would choose **Option A**.

**Reasoning:**  
While Option B"
10780,A,"I would choose **Option B**.

**Reasoning:**

1. **"
10781,A,"I would choose **Option B**.

While both options are high-rated hotels in"
10782,A,I would choose **Option B**. While Option A has a slightly higher guest
10783,A,"I would choose **Option B**. 

While Option A has a slightly lower"
10784,A,"I would choose **Option B**.

While Option A has a slightly higher guest"
10785,A,"I would choose **Option B**.

While Option A offers a lower price,"
10786,A,"I would choose **Option B**.

While Option A offers a lower price and"
10787,A,"I would choose **Option B**.

While Option A offers a lower price,"
10788,A,"I would choose **Option B**.

While Option A offers a lower price,"
10789,A,"I would choose **Option B**.

While Option A offers a more affordable price"
10790,A,"I would choose **Option B**.

While Option A offers a lower price,"
10791,A,B
10792,A,"I would choose **Option B**.

**Reasoning:**

1. **"
10793,A,"I would choose **Option B**.

While both options offer similar amenities like free"
10794,A,B
10795,A,B
10796,A,B
10797,A,"I would choose **Option B**.

The CIVIAN Hotel in Midtown"
10798,A,B
10799,A,"I would choose **Option B**.

Here's why:

- **Location**:"
10800,A,"I would choose **Option B**.

Here's why:

1. **Price"
10801,A,"I would choose **Option B**.

While Option A offers a lower price and"
10802,A,B
10803,A,"I would choose **Option B**.

While Option A offers a lower price,"
10804,A,"I would choose **Option B**.

While Option A offers a lower price,"
10805,A,"I would choose **Option B**.

While Option A offers a high guest review"
10806,A,"I would choose **Option B**.

Reasoning:
- **Location**: Mid"
10807,A,"I would choose **Option B**.

While both options are 4-star hotels"
10808,A,"I would choose **Option B**. 

While both hotels are 4-star"
10809,A,"I would choose **Option B**. 

While Option A offers a lower price"
10810,A,"I would choose **Option B**. 

While Option A offers a lower price"
10811,A,"I would choose **Option B**. 

While Option A offers a lower price"
10812,A,"I would choose **Option B**. 

While Option A offers a lower price"
10813,A,"I would choose **Option B**.

While Option A is a highly-rated"
10814,A,"I would choose **Option B**.

While Option A offers a lower price,"
10815,A,"I would choose **Option B**.

While Option A has a higher guest review"
10816,A,"I would choose **Option B**.

While Option A offers a lower price,"
10817,A,"I would choose **Option B**.

While Option A offers a superior king bed"
10818,A,"I would choose **Option B**.

While Option A offers a superior king bed"
10819,A,"I would choose **Option B**.

While Option A offers a superior king bed"
10820,A,"I would choose **Option B**.

While Option A offers a higher star rating"
10821,A,"I would choose **Option B**.

The New York Hilton Midtown offers a"
10822,A,"I would choose **Option B**.

While Option A offers a high guest review"
10823,A,"I would choose **Option B**.

The New York Hilton Midtown offers a"
10824,A,"I would choose **Option B**.

While Option A offers a high guest review"
10825,A,"I would choose **Option B**.

While Option A has a higher guest review"
10826,A,"I would choose **Option B**.

While both hotels are highly rated and in"
10827,A,"I would choose **Option B**.

While Option A has a higher guest review"
10828,B,"I would choose **Option A**.

The Williamsburg Hotel in Brooklyn offers a"
10829,A,"I would choose **Option B**.

While Option A offers a lower price and"
10830,A,"I would choose **Option B**.

While Option A offers a lower price,"
10831,A,"I would choose **Option B**.

While Option A offers a lower price,"
10832,A,"I would choose **Option B**.

While Option A offers a lower price,"
10833,A,"I would choose **Option B**. 

While Option A offers a lower price"
10834,A,"I would choose **Option B**. 

While Option A is a 3"
10835,A,"I would choose **Option B**. While Option A offers a lower price,"
10836,A,I would choose **Option B**. While Option A is a good choice with
10837,A,"I would choose **Option B**. 

While Option A is a 3"
10838,A,"I would choose **Option B**. 

While Option A is a 3"
10839,A,B
10840,A,"I would choose **Option B**. 

While Option A offers a lower price"
10841,A,I would choose **Option B**. While both hotels are 4-star rated
10842,A,"I would choose **Option B**. 

While Option A is a great choice"
10843,A,"I would choose **Option B**. 

While Option A is a great choice"
10844,A,"I would choose **Option B**. 

While both hotels are 4-star"
10845,A,"I would choose **Option B**.

While both options are in Times Square,"
10846,A,"I would choose **Option B**.

While Option A offers a lower price,"
10847,A,"I would choose **Option B**.

While Option A offers a lower price,"
10848,A,"I would choose **Option B**.

While Option A offers a higher star rating"
10849,A,"I would choose **Option B**. 

While both hotels are highly rated and"
10850,A,"I would choose **Option B**. 

While Option A offers a good price"
10851,A,"I would choose **Option B**.

While Option A offers a free cancellation and"
10852,A,"I would choose **Option B**.

While Option A offers a higher star rating"
10853,A,"I would choose **Option B**.

While Option A offers a higher price,"
10854,A,B
10855,A,B
10856,B,A
10857,A,"I would choose **Option B**. 

While both hotels are 4-star"
10858,A,"I would choose **Option B**. 

While Option A offers a higher price"
10859,A,I would choose **Option B**. While both hotels are highly rated and in
10860,A,"I would choose **Option B**. 

While Option A offers a higher star"
10861,A,"I would choose **Option B**.

While Option A offers a lower price,"
10862,A,B
10863,A,B
10864,A,"I would choose **Option B**.

Both options are 4-star hotels,"
10865,A,"I would choose **Option B**.

While both hotels are highly rated (4"
10866,A,"I would choose **Option B**.

While Option A offers a higher price,"
10867,A,"I would choose **Option B**.

While Option A offers a lower price,"
10868,A,"I would choose **Option B**.

While Option A offers a highly-rated hotel"
10869,A,B
10870,A,B
10871,A,B
10872,A,B
10873,A,"I would choose **Option B**.

While both options are high-end hotels in"
10874,A,"I would choose **Option B**.

While Option A offers a high guest review"
10875,A,I would choose **Option B**. While Option A offers a more upscale hotel
10876,A,"I would choose **Option B**.

While both options are high-end hotels with"
10877,A,"I would choose **Option B**. 

While Option A offers a lower price"
10878,B,A
10879,A,"I would choose **Option B**. 

While Option A offers a lower price"
10880,A,"I would choose **Option B**.

While Option A offers a higher star rating"
10881,A,"I would choose **Option B**.

While Option A offers a lower price and"
10882,A,"I would choose **Option B**.

While Option A offers a high guest review"
10883,A,B
10884,A,"I would choose **Option B**.

While Option A offers a lower price,"
10885,A,B
10886,A,"I would choose **Option B**.

While Option A offers a lower price and"
10887,A,"I would choose **Option B**.

**Reasoning:**

1. **"
10888,A,"I would choose **Option B**.

While Option A offers a lower price,"
10889,A,"I would choose **Option B**.

While Option A has a slightly lower price"
10890,A,"I would choose **Option B**.

While both hotels are highly rated (8"
10891,A,"I would choose **Option B**.

While both hotels are highly rated (both"
10892,A,B
10893,A,"I would choose **Option B**.

While Option A offers a higher star rating"
10894,B,A
10895,A,"I would choose **Option B**.

While Option A offers a higher star rating"
10896,A,"I would choose **Option B**.

While Option A offers a higher star rating"
10897,A,"I would choose **Option B**.

While Option A offers a higher star rating"
10898,A,"I would choose **Option B**.

While Option A offers a higher star rating"
10899,A,"I would choose **Option B**.

While Option A offers a higher star rating"
10900,A,"I would choose **Option B**.

While Option A offers a higher star rating"
10901,A,"I would choose **Option B**. 

While Option A offers a lower price"
10902,A,"I would choose **Option B**.

While Option A offers a lower price and"
10903,A,"I would choose **Option B**. 

While Option A offers a high guest"
10904,A,"I would choose **Option B**. 

While Option A offers a high guest"
10905,A,"I would choose **Option B**.

The Ace Hotel Brooklyn in Boerum"
10906,B,A
10907,A,"I would choose **Option B**.

Reasoning:
- **Location and Neighborhood"
10908,A,"I would choose **Option B**.

While Option A offers a higher price,"
10909,A,"I would choose **Option B**.

While Option A offers a higher star rating"
10910,A,"I would choose **Option B**.

While Option A offers a higher star rating"
10911,A,"I would choose **Option B**.

While Option A offers a luxury experience with"
10912,A,"I would choose **Option B**.

While Option A offers a higher star rating"
10913,A,"I would choose **Option B**.

While Option A has a slightly lower price"
10914,A,"I would choose **Option B**.

While both options are high-end hotels with"
10915,A,"I would choose **Option B**.

While Option A offers a lower price,"
10916,A,"I would choose **Option B**.

Here's why:

- **Location and"
10917,A,"I would choose **Option B**. 

While Option A offers a more affordable"
10918,A,"I would choose **Option B**. 

While Option A offers a lower price"
10919,A,"I would choose **Option B**.

While Option A offers a more affordable price"
10920,A,"I would choose **Option B**.

While Option A offers a more affordable price"
10921,A,"I would choose **Option B**.

While Option A offers a higher star rating"
10922,A,"I would choose **Option B**.

While Option A offers a higher star rating"
10923,A,"I would choose **Option B**.

While Option A offers a higher star rating"
10924,A,"I would choose **Option B**.

While Option A offers a higher star rating"
10925,A,"I would choose **Option B**.

While Option A offers a competitive price and"
10926,A,"I would choose **Option B**.

While Option A is a well-rated hotel"
10927,A,"I would choose **Option B**.

While Option A offers a lower price,"
10928,A,"I would choose **Option B**.

While Option A offers a lower price and"
10929,A,B
10930,A,"I would choose **Option B**.

**Reasoning:**

- **Location"
10931,A,"I would choose **Option B**.

Andaz 5th Avenue offers a"
10932,A,"I would choose **Option B**.

Andaz 5th Avenue offers a"
10933,A,"I would choose **Option B**.

While Option A offers a more affordable price"
10934,A,"I would choose **Option B**.

While Option A offers a more affordable price"
10935,A,"I would choose **Option B**.

While Option A offers a good price and"
10936,A,"I would choose **Option B**.

While both hotels are highly rated (4"
10937,A,"I would choose **Option B**.

The The Wall Street Hotel offers a higher"
10938,A,"I would choose **Option B**.

The The Wall Street Hotel offers a higher"
10939,A,"I would choose **Option B**.

The The Wall Street Hotel offers a higher"
10940,A,B
10941,A,"I would choose **Option B**.

While Option A offers a higher price,"
10942,A,"I would choose **Option B**.

While both hotels are 5-star rated"
10943,A,"I would choose **Option B**.

While both hotels are 5-star rated"
10944,A,"I would choose **Option B**. 

While Option A offers a superior king"
10945,A,"I would choose **Option B**.

While Option A offers a lower price and"
10946,A,"I would choose **Option B**.

While Option A is a 3-star"
10947,A,"I would choose **Option B**.

While Option A offers a lower price and"
10948,A,"I would choose **Option B**.

While Option A offers a lower price,"
10949,A,"I would choose **Option B**. 

While Option A offers a lower price"
10950,A,"I would choose **Option B**. 

While Option A has a higher guest"
10951,A,"I would choose **Option B**. 

While Option A offers a high guest"
10952,A,"I would choose **Option B**. 

While Option A has a higher guest"
10953,A,"I would choose **Option B**.

While Option A offers a more affordable price"
10954,A,"I would choose **Option B**. 

While both hotels have excellent guest reviews"
10955,A,"I would choose **Option B**.

While Option A offers a lower price,"
10956,A,"I would choose **Option B**. 

While Option A offers a lower price"
10957,A,"I would choose **Option B**.

While Option A offers a lower price and"
10958,B,"I would choose **Option A**.

**Reasoning:**

- **Location"
10959,A,"I would choose **Option B**.

While Option A offers a lower price and"
10960,A,"I would choose **Option B**.

While Option A offers a lower price and"
10961,A,I would choose **Option B**. While both hotels are highly rated and offer
10962,A,"I would choose **Option B**.

While Option A offers a prestigious hotel in"
10963,A,"I would choose **Option B**.

While Option A offers a prestigious location in"
10964,A,I would choose **Option B**. While both hotels are highly rated and in
10965,A,"I would choose **Option B**.

While Option A offers a higher star rating"
10966,A,"I would choose **Option B**.

While both hotels are 5-star rated"
10967,A,"I would choose **Option B**.

The Knickerbocker in Times Square"
10968,A,"I would choose **Option B**.

While Option A offers a higher star rating"
10969,A,"I would choose **Option B**. 

While Option A offers a lower price"
10970,A,"I would choose **Option B**. 

While Option A offers a lower price"
10971,A,"I would choose **Option B**.

**Reasoning:**

1. **"
10972,A,"I would choose **Option B**. 

While Option A offers a great location"
10973,A,"I would choose **Option B**. 

While both hotels are in New York"
10974,A,"I would choose **Option B**. 

While Option A offers a 4"
10975,A,B
10976,A,"I would choose **Option B**. 

While Option A offers a 4"
10977,A,"I would choose **Option B**. 

While Option A offers a high guest"
10978,A,"I would choose **Option B**.

The Sofitel New York is a"
10979,A,"I would choose **Option B**. 

While Option A offers a lower price"
10980,A,"I would choose **Option B**.

The Sofitel New York is a"
10981,A,"I would choose **Option B**.

While both hotels are 5-star rated"
10982,A,"I would choose **Option B**.

While Option A offers a higher star rating"
10983,A,"I would choose **Option B**.

The Sofitel New York offers a slightly"
10984,A,"I would choose **Option B**.

While Option A has a slightly higher guest"
10985,A,"I would choose **Option B**. 

While Option A offers a good price"
10986,A,"I would choose **Option B**.

The Sofitel New York is a"
10987,A,"I would choose **Option B**. 

While Option A offers a great price"
10988,A,B
10989,A,"I would choose **Option B**.

While both hotels are 5-star rated"
10990,B,"I would choose **Option A**.

The Dominick Hotel in SoHo offers"
10991,A,"I would choose **Option B**.

While Option A offers a high guest review"
10992,A,"I would choose **Option B**.

While both hotels are 5-star rated"
10993,A,"I would choose **Option B**.

While Option A has a higher guest review"
10994,A,"I would choose **Option B**.

While both hotels are 5-star rated"
10995,A,"I would choose **Option B**.

While both hotels are 5-star rated"
10996,A,"I would choose **Option B**.

While Option A offers a high guest review"
10997,A,"I would choose **Option B**.

**Reasoning:**  
While Option A"
10998,A,"I would choose **Option B**.

While Option A offers a lower price and"
10999,A,"I would choose **Option B**.

While Option A offers a lower price and"
11000,A,"I would choose **Option B**.

**Reasoning:**  
While Option A"
11001,A,"I would choose **Option B**.

The New York EDITION is a"
11002,A,I would choose **Option B**. While Option A has a higher guest review
11003,A,"I would choose **Option B**.

The New York EDITION is a"
11004,A,"I would choose **Option B**. 

While Option A offers a lower price"
11005,A,"I would choose **Option B**. 

While Option A offers a lower price"
11006,A,"I would choose **Option B**. 

While Option A offers a lower price"
11007,A,"I would choose **Option B**. 

While Option A offers a more affordable"
11008,A,"I would choose **Option B**. 

While Option A offers a lower price"
11009,A,"I would choose **Option B**. 

The The Dominick Hotel offers a"
11010,A,"I would choose **Option B**.

The The Dominick Hotel offers a higher"
11011,A,"I would choose **Option B**. 

While Option A offers a more affordable"
11012,A,"I would choose **Option B**.

The The Dominick Hotel offers a higher"
11013,A,"I would choose **Option B**. 

While Option A offers a more affordable"
11014,A,"I would choose **Option B**. 

While Option A offers a reasonable price"
11015,A,"I would choose **Option B**. 

While Option A offers a more affordable"
11016,A,"I would choose **Option B**. 

While Option A offers a more affordable"
11017,A,"I would choose **Option B**.

The The Dominick Hotel in SoHo"
11018,A,"I would choose **Option B**. 

While Option A offers a lower price"
11019,A,"I would choose **Option B**.

The The Dominick Hotel in SoHo"
11020,A,"I would choose **Option B**. 

While Option A offers a 4"
11021,A,I would choose **Option B**. While both hotels are highly rated and in
11022,A,"I would choose **Option B**.

The Dominick Hotel in SoHo offers"
11023,A,"I would choose **Option B**.

The Dominick Hotel in SoHo offers"
11024,B,"After carefully considering all the factors, including location, amenities, price, and guest"
11025,A,"I would choose **Option B**. 

While Option A offers a lower price"
11026,A,"I would choose **Option B**. 

While Option A offers a lower price"
11027,A,"I would choose **Option B**. 

While Option A offers a lower price"
11028,A,"I would choose **Option B**. 

While Option A offers a lower price"
11029,A,"I would choose **Option B**. 

While Option A offers a competitive price"
11030,A,"I would choose **Option B**. 

While Option A offers a lower price"
11031,A,"I would choose **Option B**. 

While Option A offers a lower price"
11032,A,"I would choose **Option B**. 

While Option A offers a competitive price"
11033,A,"I would choose **Option B**. 

While Option A offers a more affordable"
11034,A,"I would choose **Option B**. 

While Option A is a 4"
11035,A,"I would choose **Option B**. 

While Option A is a 4"
11036,A,"I would choose **Option B**. 

While Option A offers a lower price"
11037,A,"I would choose **Option B**. 

While Option A offers a more affordable"
11038,A,"I would choose **Option B**.

While Option A offers a more affordable price"
11039,A,"I would choose **Option B**.

The Whitby Hotel is a 5"
11040,A,"I would choose **Option B**. 

While Option A offers a more affordable"
11041,A,"I would choose **Option B**.

**Reasoning:** While Option A offers"
11042,A,"I would choose **Option B**.

The Whitby Hotel is a 5"
11043,A,"I would choose **Option B**.

**Reasoning:**

1. **"
11044,A,"I would choose **Option B**.

The Whitby Hotel is a 5"
11045,A,"I would choose **Option B**.

**Reasoning:**  
While Option A"
11046,A,"I would choose **Option B**.

The Whitby Hotel is a 5"
11047,A,"I would choose **Option B**. 

While Option A offers a lower price"
11048,A,"I would choose **Option B**.

The Whitby Hotel is a 5"
11049,A,"I would choose **Option B**.

While both hotels are 5-star rated"
11050,A,"I would choose **Option B**.

The Whitby Hotel has a slightly higher"
11051,A,"I would choose **Option B**. 

While both hotels are 5-star"
11052,B,"I would choose **Option A**.

**Reasoning:** Both options are"
11053,A,"I would choose **Option B**.

The Whitby Hotel is a 5"
11054,A,"I would choose **Option B**.

The Whitby Hotel is a 5"
11055,A,"I would choose **Option B**.

The Whitby Hotel is a 5"
11056,A,"I would choose **Option B**. 

While Option A is a 3"
11057,A,"I would choose **Option B**. 

While Option A offers a more affordable"
11058,A,"I would choose **Option B**.

The Whitby Hotel offers a higher star"
11059,A,"I would choose **Option B**. 

While Option A offers a lower price"
11060,A,"I would choose **Option B**.

The Whitby Hotel offers a higher star"
11061,A,"I would choose **Option B**.

The Four Seasons Hotel New York Downtown offers"
11062,A,B
11063,A,"I would choose **Option B**.

The Four Seasons Hotel New York Downtown offers"
11064,A,"I would choose **Option B**.

The Four Seasons Hotel New York Downtown offers"
11065,A,"I would choose **Option B**.

While both hotels are highly rated (9"
11066,A,"I would choose **Option B**.

The Four Seasons Hotel New York Downtown offers"
11067,A,"I would choose **Option B**.

While Option A has a slightly higher guest"
11068,A,"I would choose **Option B**.

The Four Seasons Hotel New York Downtown offers"
11069,A,"I would choose **Option B**.

The Four Seasons Hotel New York Downtown offers"
11070,A,"I would choose **Option B**.

The Four Seasons Hotel New York Downtown offers"
11071,A,"I would choose **Option B**.

The Four Seasons Hotel New York Downtown offers"
11072,A,"I would choose **Option B**.

The Four Seasons Hotel New York Downtown is"
11073,A,"I would choose **Option B**.

The Baccarat Hotel and Residences"
11074,A,"I would choose **Option B**.

The Baccarat Hotel and Residences"
11075,A,"I would choose **Option B**.

The Baccarat Hotel and Residences"
11076,A,"I would choose **Option B**.

The Baccarat Hotel and Residences"
11077,A,"I would choose **Option B**.

The Baccarat Hotel and Residences"
11078,A,"I would choose **Option B**.

**Reasoning:**  
While Option A"
11079,A,"I would choose **Option B**.

The Baccarat Hotel and Residences"
11080,A,"I would choose **Option B**.

The Baccarat Hotel and Residences"
11081,A,"I would choose **Option B**.

The Baccarat Hotel and Residences"
11082,A,"I would choose **Option B**.

The Baccarat Hotel and Residences"
11083,A,"I would choose **Option B**.

**Reasoning:**

- **Star"
11084,A,"I would choose **Option B**.

**Reasoning:**  
While Option A"
11085,A,"I would choose **Option B**.

The Fifth Avenue Hotel is a 5"
11086,A,"I would choose **Option B**.

**Reasoning:**

- **Location"
11087,A,"I would choose **Option B**.

The Fifth Avenue Hotel is a 5"
11088,A,"I would choose **Option B**. 

While Option A is a well-rated"
11089,A,"I would choose **Option B**.

The The William Vale is a 5"
11090,A,"I would choose **Option B**.

The The William Vale is a 5"
11091,A,"I would choose **Option B**.

The The William Vale is a 5"
11092,A,"I would choose **Option B**.

The The William Vale is a 5"
11093,A,"I would choose **Option B**.

The William Vale offers a similar star rating"
11094,A,I would choose **Option B**. While both hotels are highly rated and offer
11095,A,I would choose **Option B**. While Option A offers a historic atmosphere and
11096,A,"I would choose **Option B**.

The The William Vale offers a similar star"
11097,A,"I would choose **Option B**.

The William Vale is a 5-star"
11098,A,"I would choose **Option B**.

The William Vale is a 5-star"
11099,A,"I would choose **Option B**. 

While Option A is a well-rated"
11100,A,"I would choose **Option B**.

The William Vale is a 5-star"
11101,A,"I would choose **Option B**. 

While Option A offers a more affordable"
11102,A,"I would choose **Option B**. 

While Option A is a 3"
11103,A,"I would choose **Option B**. 

While Option A offers a reasonable price"
11104,A,"I would choose **Option B**.

The William Vale is a 5-star"
11105,A,"I would choose **Option B**.

While Option A offers a high guest review"
11106,A,"I would choose **Option B**.

While Option A offers a superior king bed"
11107,A,"I would choose **Option B**.

While Option A offers a high-end hotel"
11108,A,"I would choose **Option B**.

While Option A offers a high guest review"
11109,A,B
11110,A,"I would choose **Option B**. 

While Option A offers a good price"
11111,A,"I would choose **Option B**.

The The William Vale offers a higher star"
11112,A,"I would choose **Option B**.

The The William Vale offers a higher star"
11113,A,"I would choose **Option B**. 

While Option A is a 3"
11114,A,"I would choose **Option B**.

The The William Vale offers a higher star"
11115,A,"I would choose **Option B**. 

While Option A offers a good price"
11116,A,"I would choose **Option B**. 

While Option A offers a more affordable"
11117,A,"I would choose **Option B**.

The higher star rating and guest review score"
11118,A,"I would choose **Option B**. 

While Option A offers a more affordable"
11119,A,"I would choose **Option B**.

The higher star rating and guest review score"
11120,A,"I would choose **Option B**.

The higher star rating and guest review score"
11121,A,"I would choose **Option B**.

The higher star rating and guest review score"
11122,A,"I would choose **Option B**. 

While Option A offers a more affordable"
11123,A,"I would choose **Option B**.

The higher star rating and guest review score"
11124,A,"I would choose **Option B**.

The higher star rating and guest review score"
11125,A,"I would choose **Option B**.

**Reasoning:**

1. **"
11126,A,"I would choose **Option B**.

The The Plaza offers a slightly higher guest"
11127,A,"I would choose **Option B**.

While both options are in highly rated neighborhoods"
11128,A,"I would choose **Option B**.

**Reasoning:**

- **Location"
11129,A,"I would choose **Option B**.

The Equinox Hotel New York offers a"
11130,A,"I would choose **Option B**. 

While Option A offers a more affordable"
11131,A,"I would choose **Option B**.

The Equinox Hotel New York offers a"
11132,A,"I would choose **Option B**. 

While Option A offers a more affordable"
11133,A,"I would choose **Option B**.

**Reasoning:**

- **Location"
11134,A,"I would choose **Option B**. 

While Option A offers a lower price"
11135,A,"I would choose **Option B**.

The Equinox Hotel New York offers a"
11136,A,"I would choose **Option B**. 

While Option A is a well-rated"
11137,A,"I would choose **Option B**. 

While Option A offers a high guest"
11138,A,"I would choose **Option B**. 

While Option A offers a high guest"
11139,A,"I would choose **Option B**.

The Equinox Hotel New York offers a"
11140,B,"I'm sorry, but I can't provide personal advice on booking a hotel room"
11141,A,B
11142,A,"I would choose **Option B**.

Here's why:

- **Location and"
11143,A,"I would choose **Option B**.

Here's why:

- **Location and"
11144,A,"I would choose **Option B**. 

While both hotels are 5-star"
11145,A,"I would choose **Option B**.

While Option A has a slightly higher guest"
11146,A,I would choose **Option B**. While both hotels are highly rated and in
11147,A,I would choose **Option B**. While both hotels are highly rated and offer
11148,A,"I would choose **Option B**.

The Equinox Hotel New York offers a"
11149,A,"I would choose **Option B**.

**Reasoning:**

1. **"
11150,A,"I would choose **Option B**.

The Hampton Inn Manhattan-Chelsea offers a"
11151,A,"I would choose **Option B**.

While Option A is cheaper, it's"
11152,A,"I would choose **Option B**.

While Option A offers a lower price,"
11153,A,"I would choose **Option B**.

While Option A offers a higher-rated hotel"
11154,A,B
11155,A,"I would choose **Option B**.

While both options are in Manhattan and have"
11156,A,"I would choose **Option B**.

**Reasoning:**

- **Location"
11157,A,"I would choose **Option B**.

While Option A offers a lower price,"
11158,A,"I would choose **Option B**.

While Option A offers a lower price,"
11159,A,"I would choose **Option B**.

While Option A offers a lower price,"
11160,A,"I would choose **Option B**.

While Option A has a slightly lower price"
11161,A,"I would choose **Option B**.

While Option A has a higher star rating"
11162,B,"I would choose **Option A**.

**Reasoning:**

1. **"
11163,A,"I would choose **Option B**.

While Option A offers a lower price,"
11164,A,"I would choose **Option B**.

While Option A offers a lower price and"
11165,A,"I would choose **Option B**.

While Option A offers a higher star rating"
11166,A,"I would choose **Option B**.

While Option A offers a higher star rating"
11167,A,"I would choose **Option B**.

While Option A offers a higher star rating"
11168,A,"I would choose **Option B**.

While Option A offers a higher star rating"
11169,B,"I would choose **Option A**.

The Boro Hotel in Long Island City"
11170,B,"I would choose **Option A**.

**Reasoning:**

1. **"
11171,A,I would choose **Option B**. While both hotels are in Manhattan and offer
11172,A,"I would choose **Option B**.

While Option A offers a higher star rating"
11173,B,A
11174,A,"I would choose **Option B**.

While Option A has a higher star rating"
11175,A,"I would choose **Option B**.

While Option A has a slightly higher star"
11176,A,"I would choose **Option B**.

While Option A offers a higher star rating"
11177,A,"I would choose **Option B**.

While both options are in Midtown and"
11178,A,"I would choose **Option B**.

While both options are in Midtown and"
11179,A,"I would choose **Option B**.

While both options are in Midtown and"
11180,A,"I would choose **Option B**.

Reasoning:
- **Location**: Both"
11181,A,"I would choose **Option B**.

While Option A offers a higher star rating"
11182,A,"I would choose **Option B**.

While Option A offers a higher star rating"
11183,A,"I would choose **Option B**.

While Option A offers a higher star rating"
11184,A,"I would choose **Option B**.

While Option A offers a higher star rating"
11185,A,"I would choose **Option B**.

While both options are in Manhattan and offer"
11186,A,"I would choose **Option B**.

While both options are in Manhattan and offer"
11187,A,"I would choose **Option B**.

While Option A offers a high guest review"
11188,A,"I would choose **Option B**.

While Option A offers a lower price and"
11189,B,"I would choose **Option A**.

Both options are 3-star hotels offering"
11190,A,"I would choose **Option B**.

While both hotels are 3-star rated"
11191,A,I would choose **Option B**. While both hotels are 3-star rated
11192,A,"I would choose **Option B**.

While both options are similar in terms of"
11193,A,"I would choose **Option B**.

While Option A has a slightly higher star"
11194,A,"I would choose **Option B**.

While Option A has a slightly lower price"
11195,A,"I would choose **Option B**.

While Option A has a higher star rating"
11196,A,"I would choose **Option B**.

While Option A has a slightly lower price"
11197,A,"I would choose **Option B**.

While Option A has a slightly lower price"
11198,A,"I would choose **Option B**.

While Option A is a 4-star"
11199,A,"I would choose **Option B**.

While Option A offers a higher star rating"
11200,A,"I would choose **Option B**.

While Option A offers a higher star rating"
11201,A,"I would choose **Option B**.

Here's why:

1. **Location"
11202,A,"I would choose **Option B**.

Here's why:

1. **Location"
11203,A,"I would choose **Option B**.

While both options are 3-star hotels"
11204,A,"I would choose **Option B**.

While both options are in 3-star"
11205,A,I would choose **Option B**. While Option A offers a higher guest review
11206,B,"I would choose **Option A**.

**Reasoning:**  
- **Location"
11207,A,"I would choose **Option B**.

While Option A offers a higher star rating"
11208,A,"I would choose **Option B**.

While Option A offers a higher star rating"
11209,A,"I would choose **Option B**.

While Option A has a slightly lower price"
11210,A,"I would choose **Option B**.

While both options are in Manhattan, Option"
11211,A,"I would choose **Option B**.

While both options are in Manhattan, Option"
11212,A,"I would choose **Option B**.

While both options are in Manhattan and offer"
11213,B,A
11214,A,"I would choose **Option B**.

While Option A offers a higher star rating"
11215,A,"I would choose **Option B**.

While Option A offers a higher star rating"
11216,B,A
11217,A,"I would choose **Option B**.

While both options are in Manhattan and offer"
11218,A,"I would choose **Option B**.

While both options are in Manhattan and offer"
11219,A,"I would choose **Option B**.

While both options are in Manhattan and offer"
11220,A,"I would choose **Option B**.

While both options are in Manhattan and offer"
11221,A,"I would choose **Option B**.

While Option A has a higher star rating"
11222,A,"I would choose **Option B**.

While Option A offers a higher star rating"
11223,B,A
11224,A,"I would choose **Option B**.

While Option A has a higher star rating"
11225,A,"I would choose **Option B**.

While Option A offers a higher star rating"
11226,B,A
11227,B,A
11228,B,A
11229,B,A
11230,A,"I would choose **Option B**.

While both hotels are 3-star rated"
11231,A,"I would choose **Option B**.

While Option A has a slightly lower price"
11232,A,"I would choose **Option B**. 

While both options are in Manhattan and"
11233,A,"I would choose **Option B**.

While Option A offers a higher star rating"
11234,B,A
11235,B,A
11236,A,"I would choose **Option B**.

While Option A has a slightly higher guest"
11237,A,"I would choose **Option B**.

While Option A offers a lower price,"
11238,A,"I would choose **Option B**.

While Option A has a slightly lower price"
11239,A,"I would choose **Option B**.

While Option A offers a higher star rating"
11240,A,"I would choose **Option B**.

While Option A offers a higher star rating"
11241,A,"I would choose **Option B**. 

While both options offer a King Room"
11242,A,"I would choose **Option B**.

While both options offer a King Room in"
11243,A,"I would choose **Option B**.

While both options offer free cancellation, Option"
11244,B,A
11245,A,"I would choose **Option B**.

While Option A offers a higher star rating"
11246,A,I would choose **Option B**. While Option A offers a higher star rating
11247,A,"I would choose **Option B**.

While Option A offers a higher star rating"
11248,A,"I would choose **Option B**.

While Option A offers a higher star rating"
11249,B,A
11250,A,"I would choose **Option B**.

While both options are in highly rated neighborhoods"
11251,A,"I would choose **Option B**.

The Hilton Garden Inn New York/Mid"
11252,A,"I would choose **Option B**.

While both options offer similar amenities and free"
11253,A,"I would choose **Option B**.

While Option A offers a more affordable price"
11254,A,"I would choose **Option B**.

While Option A offers a lower price,"
11255,A,"I would choose **Option B**.

Option B offers a higher star rating,"
11256,A,"I would choose **Option B**.

**Reasoning:**  
While Option A"
11257,A,"I would choose **Option B**.

While Option A offers a higher star rating"
11258,A,"I would choose **Option B**.

While Option A offers a higher star rating"
11259,A,"I would choose **Option B**.

While Option A has a higher star rating"
11260,A,"I would choose **Option B**.

While Option A offers a higher star rating"
11261,A,"I would choose **Option B**.

**Reasoning:**

1. **"
11262,B,"I would choose **Option A**.

**Reasoning:**

- **Location"
11263,B,A
11264,B,"I would choose **Option A**.

**Reasoning:**

- **Location"
11265,A,"I would choose **Option B**.

While both hotels are 3-star rated"
11266,A,"I would choose **Option B**.

While both options are 3-star hotels"
11267,A,"I would choose **Option B**.

While both hotels are 3-star rated"
11268,A,"I would choose **Option B**.

While both hotels are 3-star rated"
11269,B,A
11270,A,"I would choose **Option B**.

While Option A offers a higher star rating"
11271,B,"I would choose **Option A**.

**Reasoning:**  
While both options"
11272,B,A
11273,A,"I would choose **Option B**.

While Option A offers a higher star rating"
11274,A,"I would choose **Option B**.

While Option A offers a higher star rating"
11275,A,"I would choose **Option B**.

While Option A offers a higher star rating"
11276,A,"I would choose **Option B**.

While Option A offers a higher star rating"
11277,A,"I would choose **Option B**.

While Option A offers a higher star rating"
11278,A,"I would choose **Option B**.

While Option A offers a higher star rating"
11279,A,"I would choose **Option B**.

While Option A offers a higher star rating"
11280,A,"I would choose **Option B**.

While Option A offers a higher star rating"
11281,A,"I would choose **Option B**.

While Option A has a slightly lower price"
11282,A,"I would choose **Option B**.

While Option A has a slightly lower star"
11283,A,"I would choose **Option B**.

While both options offer similar amenities like free"
11284,A,"I would choose **Option B**.

While Option A is a 4-star"
11285,A,"I would choose **Option B**.

While Option A offers a higher star rating"
11286,A,"I would choose **Option B**.

While Option A offers a higher star rating"
11287,A,"I would choose **Option B**.

While Option A offers a higher star rating"
11288,A,"I would choose **Option B**.

While Option A offers a higher star rating"
11289,A,"I would choose **Option B**.

While Option A offers a higher star rating"
11290,A,"I would choose **Option B**.

While both options offer similar amenities and room"
11291,B,"I would choose **Option A**.

The Westin New York Grand Central is"
11292,A,"I would choose **Option B**.

While both options offer similar amenities and room"
11293,A,"I would choose **Option B**.

While Option A offers a higher star rating"
11294,A,"I would choose **Option B**.

While Option A offers a higher star rating"
11295,A,"I would choose **Option B**.

While Option A offers a higher star rating"
11296,A,"I would choose **Option B**.

While Option A offers a higher star rating"
11297,A,"I would choose **Option B**.

While Option A is a 3-star"
11298,A,"I would choose **Option B**.

While Option A offers a lower price,"
11299,A,"I would choose **Option B**.

While Option A offers a lower price,"
11300,A,"I would choose **Option B**.

**Reasoning:**  
While Option A"
11301,B,A
11302,A,"I would choose **Option B**.

While Option A offers a higher star rating"
11303,B,A
11304,B,"I would choose **Option A**.

**Reasoning:**

1. **"
11305,B,"I would choose **Option A**.

**Reasoning:**  
While Option B"
11306,A,"I would choose **Option B**.

While Option A has a higher guest review"
11307,B,"I would choose **Option A**.

**Reasoning:**

1. **"
11308,A,"I would choose **Option B**.

**Reasoning:**

1. **"
11309,A,"I would choose **Option B**.

While both options are high-end hotels in"
11310,B,A
11311,A,"I would choose **Option B**.

While Option A offers a higher star rating"
11312,A,"I would choose **Option B**.

While Option A offers a higher star rating"
11313,A,"I would choose **Option B**.

While Option A is a highly-rated"
11314,A,"I would choose **Option B**.

While Option A has a slightly higher guest"
11315,A,"I would choose **Option B**.

While Option A offers a higher price,"
11316,B,A
11317,A,"I would choose **Option B**.

While Option A has a slightly higher guest"
11318,A,"I would choose **Option B**.

While both options are high-rated hotels in"
11319,A,"I would choose **Option B**.

While Option A offers a higher star rating"
11320,A,"I would choose **Option B**.

While Option A offers a higher price,"
11321,B,"I would choose **Option A**.

The Loews Regency Hotel New York"
11322,A,"I would choose **Option B**.

While Option A offers a higher star rating"
11323,B,A
11324,B,A
11325,A,"I would choose **Option B**.

While Option A is a 3-star"
11326,A,"I would choose **Option B**.

While Option A has a slightly higher guest"
11327,B,"I would choose **Option A**.

**Reasoning:**

1. **"
11328,A,B
11329,B,A
11330,B,A
11331,A,"I would choose **Option B**.

While both options are high-quality hotels in"
11332,B,A
11333,B,A
11334,A,"I would choose **Option B**.

While Option A offers a higher star rating"
11335,A,"I would choose **Option B**.

While Option A offers a higher star rating"
11336,A,"I would choose **Option B**.

While Option A offers a higher star rating"
11337,A,"I would choose **Option B**.

While Option A offers a higher star rating"
11338,A,"I would choose **Option B**.

While Option A offers a higher star rating"
11339,A,"I would choose **Option B**.

While Option A offers a higher star rating"
11340,A,"I would choose **Option B**.

While Option A offers a higher star rating"
11341,A,"I would choose **Option B**.

While Option A's location in Greenwich Village"
11342,A,"I would choose **Option B**.

While Option A has a higher guest review"
11343,A,"I would choose **Option B**.

While Option A offers a high guest review"
11344,A,"I would choose **Option B**.

While both hotels are 4-star rated"
11345,B,A
11346,A,"I would choose **Option B**.

While both options are in Manhattan and offer"
11347,B,A
11348,B,A
11349,A,"I would choose **Option B**. 

While Option A has a slightly higher"
11350,B,"I would choose **Option A**.

**Reasoning:**  
While Option B"
11351,A,"I would choose **Option B**.

While Option A has a higher star rating"
11352,A,"I would choose **Option B**.

While Option A offers a higher star rating"
11353,A,"I would choose **Option B**.

While Option A offers a higher star rating"
11354,B,A
11355,A,"I would choose **Option B**.

While Option A has a slightly higher star"
11356,A,"I would choose **Option B**.

While both options offer double rooms and free"
11357,B,A
11358,A,"I would choose **Option B**.

While Option A offers a higher star rating"
11359,B,A
11360,B,A
11361,A,"I would choose **Option B**.

While Option A offers a higher star rating"
11362,B,A
11363,A,"I would choose **Option B**.

While Option A offers a higher star rating"
11364,B,A
11365,B,A
11366,B,A
11367,A,"I would choose **Option B**.

While Option A offers a higher star rating"
11368,B,A
11369,A,"I would choose **Option B**.

While Option A offers a higher star rating"
11370,A,"I would choose **Option B**.

While Option A offers a higher star rating"
11371,B,A
11372,A,"I would choose **Option B**.

While Option A offers a higher star rating"
11373,A,"I would choose **Option B**.

While Option A offers a higher price,"
11374,A,"I would choose **Option B**.

While Option A offers a higher guest review"
11375,A,B
11376,A,"I would choose **Option B**.

While both hotels are 3-star rated"
11377,A,"I would choose **Option B**.

While Option A offers a higher star rating"
11378,A,"I would choose **Option B**.

While Option A has a higher star rating"
11379,A,"I would choose **Option B**.

While Option A offers a higher star rating"
11380,A,"I would choose **Option B**.

While Option A offers a higher star rating"
11381,A,"I would choose **Option B**.

Reasoning:
- **Location**: Mid"
11382,A,"I would choose **Option B**.

Here's why:

1. **Location"
11383,A,"I would choose **Option B**.

While Option A offers a lower price and"
11384,B,A
11385,A,"I would choose **Option B**.

While Option A has a higher guest review"
11386,A,"I would choose **Option B**.

While Option A offers a higher star rating"
11387,A,"I would choose **Option B**.

While Option A offers a higher star rating"
11388,B,"I would choose **Option A**.

**Reasoning:**

1. **"
11389,B,A
11390,B,A
11391,A,"I would choose **Option B**.

While Option A offers a higher star rating"
11392,A,"I would choose **Option B**. 

While Option A has a higher star"
11393,A,"I would choose **Option B**.

While Option A is slightly cheaper, it"
11394,A,"I would choose **Option B**.

While Option A is a highly-rated hotel"
11395,A,"I would choose **Option B**.

While both hotels are highly rated (4"
11396,A,"I would choose **Option B**.

While Option A offers a higher price,"
11397,B,A
11398,A,"I would choose **Option B**.

While Option A offers a higher star rating"
11399,B,A
11400,A,"I would choose **Option B**.

While Option A offers a higher star rating"
11401,A,"I would choose **Option B**.

While Option A has a higher guest review"
11402,B,A
11403,B,A
11404,A,"I would choose **Option B**.

While Option A offers a high guest review"
11405,A,"I would choose **Option B**.

While both hotels are 5-star rated"
11406,A,"I would choose **Option B**.

Both options are 5-star hotels with"
11407,A,"I would choose **Option B**.

While both hotels are 5-star rated"
11408,A,"I would choose **Option B**.

While both hotels are 5-star rated"
11409,A,"I would choose **Option B**.

The InterContinental New York Times Square"
11410,A,"I would choose **Option B**.

The InterContinental New York Times Square"
11411,A,"I would choose **Option B**.

**Reasoning:**

- **Location"
11412,A,"I would choose **Option B**.

**Reasoning:**

1. **"
11413,A,"I would choose **Option B**.

While both hotels are in prime locations and"
11414,A,"I would choose **Option B**.

While Option A offers a lower price,"
11415,A,"I would choose **Option B**.

While Option A offers a high guest review"
11416,A,"I would choose **Option B**.

**Reasoning:**

1. **"
11417,A,B
11418,A,"I would choose **Option B**. 

While Option A offers a great location"
11419,A,"I would choose **Option B**. 

While Option A offers a 4"
11420,A,"I would choose **Option B**.

**Reasoning:**  
While Option A"
11421,A,"I would choose **Option B**.

The InterContinental New York Barclay"
11422,A,"I would choose **Option B**.

While Option A offers a lower price and"
11423,A,"I would choose **Option B**.

The InterContinental New York Barclay"
11424,A,"I would choose **Option B**.

**Reasoning:**

1. **"
11425,A,"I would choose **Option B**.

The InterContinental New York Barclay"
11426,A,"I would choose **Option B**.

**Reasoning:**

1. **"
11427,A,"I would choose **Option B**.

**Reasoning:**  
While Option A"
11428,A,"I would choose **Option B**.

The InterContinental New York Barclay"
11429,A,"I would choose **Option B**.

The InterContinental New York Barclay"
11430,A,"I would choose **Option B**.

The InterContinental New York Barclay"
11431,A,"I would choose **Option B**.

The InterContinental New York Barclay"
11432,A,"I would choose **Option B**.

The InterContinental New York Barclay"
11433,A,"I would choose **Option B**.

While Option A offers a lower price and"
11434,A,"I would choose **Option B**.

While Option A offers a lower price and"
11435,A,B
11436,A,"I would choose **Option B**. 

While Option A offers a lower price"
11437,A,"I would choose **Option B**.

While Option A offers a lower price,"
11438,A,"I would choose **Option B**.

The Kimpton Muse Hotel in Times Square"
11439,A,"I would choose **Option B**.

While both options offer a good stay in"
11440,A,"I would choose **Option B**.

While Option A offers a lower price,"
11441,A,"I would choose **Option B**. 

While Option A offers a lower price"
11442,A,"I would choose **Option B**.

While Option A offers a lower price,"
11443,A,"I would choose **Option B**.

While Option A offers a lower price,"
11444,A,"I would choose **Option B**. 

While Option A offers a lower price"
11445,A,"I would choose **Option B**. 

While Option A offers a much cheaper"
11446,A,"I would choose **Option B**. 

While Option A offers a more affordable"
11447,A,"I would choose **Option B**. 

While Option A offers a lower price"
11448,A,"I would choose **Option B**. 

While Option A offers a more affordable"
11449,A,"I would choose **Option B**.

While Option A offers a lower price,"
11450,A,"I would choose **Option B**.

While Option A offers a higher star rating"
11451,A,"I would choose **Option B**.

While Option A offers a higher star rating"
11452,A,"I would choose **Option B**. 

While Option A has a higher star"
11453,A,"I would choose **Option B**.

While Option A offers a lower price,"
11454,A,"I would choose **Option B**.

While both options are in highly rated neighborhoods"
11455,A,"I would choose **Option B**.

While both options are in highly rated neighborhoods"
11456,A,"I would choose **Option B**.

While Option A has a slightly higher guest"
11457,A,"I would choose **Option B**.

While Option A has a higher guest review"
11458,A,"I would choose **Option B**.

While Option A offers a higher star rating"
11459,A,"I would choose **Option B**.

While Option A has a higher guest review"
11460,A,"I would choose **Option B**.

While Option A offers a higher star rating"
11461,A,"I would choose **Option B**.

While Option A offers a higher star rating"
11462,A,"I would choose **Option B**.

While Option A offers a higher star rating"
11463,A,"I would choose **Option B**.

While Option A offers a higher star rating"
11464,A,"I would choose **Option B**.

While Option A offers a higher star rating"
11465,A,"I would choose **Option B**.

While Option A offers a higher star rating"
11466,B,A
11467,A,"I would choose **Option B**.

While Option A offers a higher star rating"
11468,A,"I would choose **Option B**.

While Option A offers a higher star rating"
11469,A,"I would choose **Option B**.

While both options are in Manhattan and offer"
11470,A,"I would choose **Option B**.

While both options are in Manhattan and offer"
11471,A,"I would choose **Option B**.

While both options are in Manhattan and offer"
11472,A,"I would choose **Option B**.

While Option A is a bit cheaper,"
11473,B,A
11474,A,"I would choose **Option B**.

While Option A offers a higher star rating"
11475,A,"I would choose **Option B**.

While Option A offers a higher star rating"
11476,A,"I would choose **Option B**.

While Option A has a higher star rating"
11477,B,A
11478,A,"I would choose **Option B**.

Both options are 3-star hotels with"
11479,A,"I would choose **Option B**.

While both options are 3-star hotels"
11480,A,"I would choose **Option B**.

While both options are in highly rated neighborhoods"
11481,B,A
11482,B,A
11483,B,A
11484,A,"I would choose **Option B**.

While Option A offers a higher star rating"
11485,A,"I would choose **Option B**.

While Option A offers a higher star rating"
11486,A,"I would choose **Option B**.

While both options offer similar amenities like free"
11487,B,"I would choose **Option A**.

**Reasoning:**

1. **"
11488,A,"I would choose **Option B**.

While Option A has a higher star rating"
11489,A,"I would choose **Option B**.

While Option A is a 2-star"
11490,A,"I would choose **Option B**.

While Option A is a 2-star"
11491,A,"I would choose **Option B**.

While Option A is a 2-star"
11492,A,"I would choose **Option B**.

While Option A is a more affordable choice"
11493,A,"I would choose **Option B**.

While Option A offers a high-star rating"
11494,A,"I would choose **Option B**.

While Option A offers a high-star rating"
11495,A,"I would choose **Option B**.

While Option A offers a higher star rating"
11496,A,"I would choose **Option B**.

While Option A offers a higher star rating"
11497,A,"I would choose **Option B**.

While Option A offers a higher star rating"
11498,A,"I would choose **Option B**.

While Option A offers a higher star rating"
11499,A,"I would choose **Option B**.

While Option A offers a higher star rating"
11500,A,"I would choose **Option B**.

While Option A offers a higher star rating"
11501,A,"I would choose **Option B**.

While Option A offers a higher star rating"
11502,A,"I would choose **Option B**.

While Option A offers a higher star rating"
11503,A,"I would choose **Option B**.

While Option A offers a higher star rating"
11504,A,"I would choose **Option B**.

While Option A offers a higher star rating"
11505,A,"I would choose **Option B**.

While Option A offers a higher price,"
11506,A,"I would choose **Option B**.

While Option A offers a higher star rating"
11507,A,"I would choose **Option B**.

While Option A has a higher guest review"
11508,B,A
11509,A,"I would choose **Option B**.

While Option A offers a higher star rating"
11510,A,"I would choose **Option B**.

Here's why:

1. **Price"
11511,A,"I would choose **Option B**.

While both options have similar guest review scores"
11512,A,"I would choose **Option B**.

While Option A offers a higher star rating"
11513,B,A
11514,A,"I would choose **Option B**.

While Option A offers a higher star rating"
11515,B,A
11516,B,A
11517,A,"I would choose **Option B**.

While Option A offers a higher star rating"
11518,A,"I would choose **Option B**.

While Option A has a higher guest review"
11519,A,"I would choose **Option B**. 

While Option A has a higher star"
11520,A,"I would choose **Option B**.

While Option A has a higher guest review"
11521,A,"I would choose **Option B**.

While Option A offers a higher star rating"
11522,A,"I would choose **Option B**.

While Option A offers a higher star rating"
11523,A,"I would choose **Option B**.

While both options offer a good value and"
11524,A,"I would choose **Option B**.

While Option A offers a higher star rating"
11525,A,"I would choose **Option B**.

While Option A has a slightly lower price"
11526,A,"I would choose **Option B**.

While both hotels are in Times Square and"
11527,A,"I would choose **Option B**.

While both options are in the same neighborhood"
11528,A,"I would choose **Option B**.

While Option A is more affordable, it"
11529,A,B
11530,B,"I would choose **Option A**.

Both options are 4-star hotels with"
11531,B,"I would choose **Option A**.

The Hyatt Centric Midtown"
11532,A,"I would choose **Option B**.

While Option A has a slightly higher guest"
11533,A,B
11534,A,"I would choose **Option B**. 

While Option A offers a lower price"
11535,A,"I would choose **Option B**.

While Option A offers a lower price,"
11536,A,"I would choose **Option B**. 

While Option A offers a lower price"
11537,A,"I would choose **Option B**.

While Option A offers a lower price and"
11538,A,B
11539,A,"I would choose **Option B**.

While both hotels are 4-star rated"
11540,A,I would choose **Option B**. While both hotels are highly rated (both
11541,B,A
11542,B,A
11543,B,A
11544,B,A
11545,A,"I would choose **Option B**.

While both hotels are highly rated (4"
11546,A,"I would choose **Option B**.

While both hotels are highly rated (4"
11547,A,"I would choose **Option B**. 

While Option A offers a high guest"
11548,A,I would choose **Option B**. While both hotels are highly rated and in
11549,A,"I would choose **Option B**. 

While Option A offers a more affordable"
11550,A,"I would choose **Option B**. 

While Option A offers a more affordable"
11551,A,"I would choose **Option B**. 

While Option A is cheaper at $"
11552,A,"I would choose **Option B**. 

While Option A is a 1"
11553,A,"I would choose **Option B**.

While Option A offers a higher star rating"
11554,A,"I would choose **Option B**. 

While Option A offers a higher star"
11555,A,"I would choose **Option B**.

While Option A offers a higher star rating"
11556,A,"I would choose **Option B**.

While Option A offers a higher star rating"
11557,A,"I would choose **Option B**.

While both hotels are 4-star rated"
11558,A,I would choose **Option B**. While both hotels are highly rated (4
11559,B,"I would choose **Option A**.

Reasoning:
- **Location**: Both"
11560,A,I would choose **Option B**. While both hotels are highly rated (4
11561,A,"I would choose **Option B**.

While Option A has a slightly lower price"
11562,A,B
11563,A,"I would choose **Option B**.

Both options are 4-star hotels,"
11564,A,B
11565,A,"I would choose **Option B**.

While Option A has a higher guest review"
11566,A,"I would choose **Option B**.

While both hotels are 4-star rated"
11567,A,"I would choose **Option B**.

While Option A has a higher guest review"
11568,A,"I would choose **Option B**.

While Option A has a higher guest review"
11569,A,"I would choose **Option B**.

While Option A offers a lower price,"
11570,A,"I would choose **Option B**.

The Westin New York Grand Central offers"
11571,A,"I would choose **Option B**.

While Option A offers a lower price,"
11572,A,"I would choose **Option B**.

While Option A offers a good price and"
11573,A,B
11574,A,"I would choose **Option B**.

While Option A is a highly-rated"
11575,A,"I would choose **Option B**. 

While Option A offers a pool and"
11576,A,"I would choose **Option B**.

While Option A offers a pool and a"
11577,A,"I would choose **Option B**. 

While both hotels have excellent guest reviews"
11578,A,"I would choose **Option B**.

While Option A offers a more affordable price"
11579,A,"I would choose **Option B**.

The Westin New York Grand Central offers"
11580,A,"I would choose **Option B**. 

While Option A offers a good price"
11581,B,A
11582,A,"I would choose **Option B**.

Here's why:

1. **Cancellation"
11583,B,"I would choose **Option A**.

The Boro Hotel in Long Island City"
11584,A,I would choose **Option B**. While Option A offers a good guest rating
11585,A,"I would choose **Option B**.

While Option A offers a higher star rating"
11586,A,"I would choose **Option B**.

While Option A offers a higher star rating"
11587,A,"I would choose **Option B**.

While Option A offers a higher star rating"
11588,A,"I would choose **Option B**.

While Option A offers a higher star rating"
11589,A,"I would choose **Option B**. 

While Option A has a higher guest"
11590,A,"I would choose **Option B**.

While Option A offers a lower price,"
11591,A,"I would choose **Option B**.

While Option A has a higher guest review"
11592,A,"I would choose **Option B**. 

While both hotels are 4-star"
11593,A,"I would choose **Option B**.

While Option A has a higher guest review"
11594,A,I would choose **Option B**. While Option A has a higher guest review
11595,A,I would choose **Option B**. While Option A has a slightly higher guest
11596,A,I would choose **Option B**. While Option A has a slightly higher guest
11597,B,"I would choose **Option A**.

**Reasoning:**

1. **"
11598,A,"I would choose **Option B**.

While Option A offers a rooftop pool and"
11599,A,"I would choose **Option B**.

While Option A offers a rooftop pool and"
11600,A,"I would choose **Option B**.

Reasoning:
- **Location**: Mid"
11601,B,A
11602,A,"I would choose **Option B**.

While Option A is a highly-rated hotel"
11603,B,A
11604,A,"I would choose **Option B**.

While Option A has a higher guest review"
11605,A,"I would choose **Option B**.

While Option A offers a higher star rating"
11606,B,A
11607,B,"I would choose **Option A**.

The Conrad New York Midtown offers a"
11608,A,"I would choose **Option B**.

While Option A offers a higher star rating"
11609,A,"I would choose **Option B**.

The Hyatt Centric Midtown"
11610,A,"I would choose **Option B**.

While both hotels are highly rated (both"
11611,A,"I would choose **Option B**.

The Hyatt Centric Midtown"
11612,A,"I would choose **Option B**.

While both options offer a King Room,"
11613,A,"I would choose **Option B**.

While both hotels are 4-star rated"
11614,A,"I would choose **Option B**.

While both hotels are 4-star rated"
11615,A,"I would choose **Option B**.

While both hotels are 4-star rated"
11616,A,B
11617,A,"I would choose **Option B**.

The Hyatt Centric Times Square New"
11618,A,"I would choose **Option B**.

The Hyatt Centric Times Square New"
11619,A,"I would choose **Option B**.

While Option A offers a lower price and"
11620,A,"I would choose **Option B**.

The Hyatt Centric Times Square New"
11621,A,"I would choose **Option B**.

While Option A offers a rooftop pool and"
11622,A,"I would choose **Option B**.

While Option A offers a higher star rating"
11623,A,"I would choose **Option B**.

While both options offer queen rooms with free"
11624,A,"I would choose **Option B**.

While both options are high-end hotels in"
11625,B,"I would choose **Option A**.

**Reasoning:**  
- **Location"
11626,A,"I would choose **Option B**.

While Option A offers a higher star rating"
11627,A,"I would choose **Option B**.

While Option A offers a higher star rating"
11628,B,A
11629,A,"I would choose **Option B**. 

While Option A offers a lower price"
11630,A,"I would choose **Option B**.

While Option A is a 3-star"
11631,A,"I would choose **Option B**.

While Option A has a slightly higher guest"
11632,A,B
11633,A,"I would choose **Option B**. 

While Option A offers a competitive price"
11634,A,"I would choose **Option B**.

The Park Hyatt New York is a"
11635,A,"I would choose **Option B**. 

While Option A offers a lower price"
11636,A,"I would choose **Option B**. 

The Park Hyatt New York,"
11637,A,"I would choose **Option B**.

The Park Hyatt New York offers a"
11638,A,"I would choose **Option B**.

While Option A offers a higher guest review"
11639,A,"I would choose **Option B**.

While both options are in highly rated neighborhoods"
11640,A,"I would choose **Option B**.

While Option A is a highly-rated"
11641,A,"I would choose **Option B**. 

Both options are 5-star hotels"
11642,A,"I would choose **Option B**.

While Option A offers a higher guest review"
11643,A,"I would choose **Option B**.

Both options are 5-star hotels in"
11644,A,"I would choose **Option B**.

Reasoning:
- **Price:** Option"
11645,A,"I would choose **Option B**. 

While Option A offers a more affordable"
11646,A,"I would choose **Option B**.

**Reasoning:**

1. **"
11647,A,"I would choose **Option B**.

The Park Hyatt New York offers a"
11648,A,"I would choose **Option B**.

The Park Hyatt New York is a"
11649,A,"I would choose **Option B**.

While both options are high-end hotels in"
11650,A,"I would choose **Option B**.

The Park Hyatt New York offers a"
11651,A,"I would choose **Option B**.

While both options offer similar amenities, Option"
11652,A,I would choose **Option B**. While both hotels are highly rated and offer
11653,A,"I would choose **Option B**.

The The Beekman, a Thompson"
11654,A,"I would choose **Option B**.

The The Beekman, a Thompson"
11655,A,"I would choose **Option B**.

The Beekman, a Thompson Hotel"
11656,A,"I would choose **Option B**.

The The Beekman, a Thompson"
11657,A,"I would choose **Option B**.

The Beekman, a Thompson Hotel"
11658,A,"I would choose **Option B**.

The Beekman, a Thompson Hotel"
11659,A,"I would choose **Option B**.

The Beekman, being a"
11660,A,"I would choose **Option B**.

The Beekman, being a"
11661,B,A
11662,B,A
11663,B,A
11664,B,A
11665,B,"I would choose **Option A**.

**Reasoning:**  
Option A offers"
11666,B,A
11667,B,A
11668,B,A
11669,B,A
11670,B,A
11671,B,A
11672,B,A
11673,A,"I would choose **Option B**.

While Option A offers a higher star rating"
11674,B,A
11675,B,A
11676,A,"I would choose **Option B**.

While Option A has a higher guest review"
11677,A,"I would choose **Option B**.

While Option A offers a higher star rating"
11678,B,A
11679,B,A
11680,B,A
11681,B,A
11682,B,A
11683,B,A
11684,B,A
11685,B,"I would choose **Option A**.

The Pierre, a Taj Hotel in the"
11686,B,"I would choose **Option A**.

The Pierre, a Taj Hotel in the"
11687,B,A
11688,B,A
11689,B,A
11690,B,A
11691,B,A
11692,B,A
11693,B,A
11694,B,A
11695,B,A
11696,B,A
11697,B,A
11698,A,"I would choose **Option B**.

While Option A offers a higher star rating"
11699,A,"I would choose **Option B**.

While Option A has a slightly higher star"
11700,B,A
11701,B,A
11702,A,"I would choose **Option B**.

While Option A offers a higher star rating"
11703,B,A
11704,B,A
11705,A,"I would choose **Option B**.

While Option A offers a higher star rating"
11706,B,"I would choose **Option A**.

The Conrad New York Downtown is a"
11707,A,"I would choose **Option B**.

While Option A offers a higher star rating"
11708,B,A
11709,A,"I would choose **Option B**. 

While both hotels are 3-star"
11710,A,"I would choose **Option B**. 

While both hotels are 3-star"
11711,A,"I would choose **Option B**.

While both hotels are 3-star rated"
11712,A,"I would choose **Option B**. 

While both hotels are 3-star"
11713,A,"I would choose **Option B**. 

While Option A offers a higher star"
11714,A,"I would choose **Option B**.

While Option A offers a higher star rating"
11715,A,"I would choose **Option B**.

While Option A offers a higher star rating"
11716,A,"I would choose **Option B**.

While Option A offers a high-star hotel"
11717,B,A
11718,B,A
11719,B,A
11720,B,A
11721,A,"I would choose **Option B**.

While Option A is cheaper and has a"
11722,A,"I would choose **Option B**.

The Bowery Hotel offers a higher star"
11723,A,"I would choose **Option B**.

While Option A is more affordable and has"
11724,A,"I would choose **Option B**. 

While Option A is a great choice"
11725,A,"I would choose **Option B**.

While Option A is a well-rated hotel"
11726,A,"I would choose **Option B**.

While Option A offers a lower price,"
11727,A,I would choose **Option B**. While both hotels are 4-star rated
11728,A,"I would choose **Option B**.

The The Bowery Hotel in the East"
11729,A,B
11730,A,"I would choose **Option B**.

While Option A offers a lower price and"
11731,A,"I would choose **Option B**.

While Option A offers a lower price,"
11732,A,"I would choose **Option B**.

While Option A offers a more affordable price"
11733,B,A
11734,B,A
11735,A,"I would choose **Option B**.

While Option A has a slightly higher guest"
11736,B,A
11737,A,"I would choose **Option B**. 

While both hotels are highly rated ("
11738,A,"I would choose **Option B**. 

While both options are in highly rated"
11739,A,"I would choose **Option B**. 

While both hotels are highly rated ("
11740,A,"I would choose **Option B**. 

While both hotels are 4-star"
11741,A,"I would choose **Option B**.

While Option A offers a higher star rating"
11742,A,"I would choose **Option B**.

While Option A offers a higher star rating"
11743,A,"I would choose **Option B**.

While Option A offers a higher star rating"
11744,B,A
11745,A,"I would choose **Option B**.

While Option A is a 3-star"
11746,A,"I would choose **Option B**.

While Option A offers a lower price,"
11747,A,"I would choose **Option B**.

While Option A offers a lower price and"
11748,A,"I would choose **Option B**. 

While Option A offers a more affordable"
11749,A,"I would choose **Option B**.

The Mercer Hotel in SoHo offers a"
11750,A,"I would choose **Option B**.

The Mercer is a 5-star hotel"
11751,A,"I would choose **Option B**.

The The Mercer offers a higher star rating"
11752,A,"I would choose **Option B**.

The The Mercer offers a higher star rating"
11753,A,"I would choose **Option B**.

While both hotels are 4-star rated"
11754,A,"I would choose **Option B**.

While both hotels are 4-star rated"
11755,A,B
11756,A,"I would choose **Option B**.

While both hotels are 4-star rated"
11757,A,"I would choose **Option B**.

Here's why:

1. **Star"
11758,A,"I would choose **Option B**.

**Reasoning:**

- **Star"
11759,A,B
11760,A,"I would choose **Option B**.

The 1 Hotel Central Park offers a"
11761,A,"I would choose **Option B**. 

The Mandarin Oriental New York is a"
11762,A,"I would choose **Option B**. 

While Option A offers a great location"
11763,A,"I would choose **Option B**. 

While Option A offers a good price"
11764,A,"I would choose **Option B**. 

While Option A offers a lower price"
11765,A,"I would choose **Option B**. 

While Option A offers a lower price"
11766,A,"I would choose **Option B**. 

While both hotels are 5-star"
11767,A,"I would choose **Option B**. 

While both hotels are 5-star"
11768,A,"I would choose **Option B**. 

While both hotels are 5-star"
11769,A,"I would choose **Option B**.

The Carlyle offers a higher star rating"
11770,A,"I would choose **Option B**.

The Carlyle offers a higher star rating"
11771,A,"I would choose **Option B**. 

While Option A offers a good price"
11772,A,"I would choose **Option B**.

The Carlyle offers a higher star rating"
11773,A,"I would choose **Option B**.

While Option A offers a more affordable price"
11774,A,"I would choose **Option B**.

**Reasoning:**  
While Option A"
11775,A,"I would choose **Option B**.

**Reasoning:**  
While Option A"
11776,A,"I would choose **Option B**.

**Reasoning:**

1. **"
11777,A,"I would choose **Option B**.

The Lotte New York Palace is a"
11778,A,"I would choose **Option B**.

While Option A offers a lower price,"
11779,A,"I would choose **Option B**.

The Lotte New York Palace is a"
11780,A,B
11781,A,"I would choose **Option B**.

While Option A offers a higher star rating"
11782,A,"I would choose **Option B**.

While both options offer similar amenities and free"
11783,A,"I would choose **Option B**.

While Option A offers a higher star rating"
11784,A,"I would choose **Option B**.

While Option A offers a higher star rating"
11785,A,"I would choose **Option B**.

While both options are in highly rated neighborhoods"
11786,A,"I would choose **Option B**. 

While both options are in highly rated"
11787,A,B
11788,B,A
11789,A,"I would choose **Option B**.

Here's why:

1. **Cancellation"
11790,B,"I would choose **Option A**.

**Reasoning:**

1. **"
11791,A,B
11792,A,"I would choose **Option B**.

Here's why:

1. **Cancellation"
11793,A,"I would choose **Option B**. 

While both hotels are 4-star"
11794,A,"I would choose **Option B**. 

While both hotels are 4-star"
11795,A,"I would choose **Option B**. 

While Option A offers a lower price"
11796,B,"I would choose **Option A**.

**Reasoning:**

1. **"
11797,A,"I would choose **Option B**.

While Option A offers a lower price,"
11798,A,"I would choose **Option B**.

While Option A offers a lower price and"
11799,A,"I would choose **Option B**.

While Option A offers a lower price,"
11800,A,"I would choose **Option B**.

While Option A offers a lower price and"
11801,A,"I would choose **Option C**.

The The Pierre, A Taj Hotel in"
11802,B,"I would choose **Option B**.

While Option A and Option C are both"
11803,B,"I would choose **Option B**.

While Option A and Option C are both"
11804,C,"I would choose **Option A**.

**Reasoning:**  
Option A offers"
11805,B,"I would choose **Option B**.

**Reasoning:**  
While Option A"
11806,B,"I would choose **Option B**.

**Reasoning:**  
While Option A"
11807,A,"I would choose **Option C**.

**Reasoning:**

1. **"
11808,B,"I would choose **Option B**.

**Reasoning:**  
Option B offers"
11809,A,"I would choose **Option C**.

**Reasoning:**  
While Option A"
11810,A,"I would choose **Option C**.

**Reasoning:**  
While Option B"
11811,A,"I would choose **Option C**.

**Reasoning:**  
While Option B"
11812,B,"I would choose **Option B**.

**Reasoning:**  
While Option A"
11813,B,"I would choose **Option B**.

The Greenwich Hotel offers a higher guest review"
11814,B,"I would choose **Option B**.

**Reasoning:**  
While Option A"
11815,B,"I would choose **Option B**.

**Reasoning:**  
While Option A"
11816,B,"I would choose **Option B**.

**Reasoning:**  
While Option A"
11817,B,"I would choose **Option B**.

**Reasoning:**  
While Option A"
11818,B,"I would choose **Option B**.

**Reasoning:**  
While Option A"
11819,C,"I would choose **Option A**.

**Reasoning:**  
While Option B"
11820,B,"I would choose **Option B**.

**Reasoning:**  
While Option A"
11821,B,"I would choose **Option B**.

**Reasoning:**  
While Option A"
11822,A,"I would choose **Option C**.

While Option B offers a higher star rating"
11823,B,"I would choose **Option B**.

**Reasoning:**  
While Option A"
11824,B,"I would choose **Option B**.

**Reasoning:**  
While Option A"
11825,B,"I would choose **Option B**.

**Reasoning:**  
While Option C"
11826,A,"I would choose **Option C**.

While Option A offers a high guest review"
11827,B,"I would choose **Option B**.

**Reasoning:**  
While Option C"
11828,A,"I would choose **Option C**.

**Reasoning:**  
While Option A"
11829,B,"I would choose **Option B**.

**Reasoning:**

1. **"
11830,A,"I would choose **Option C**.

While Option A offers a high guest review"
11831,B,"I would choose **Option B**.

While Option A offers a higher star rating"
11832,B,"I would choose **Option B**.

**Reasoning:**

1. **"
11833,A,"I would choose **Option C**.

While Option A offers a high-star rating"
11834,B,"I would choose **Option B**.

While Option A offers a high-star rating"
11835,A,"I would choose **Option C**.

The AC Hotel New York Times Square offers"
11836,B,"I would choose **Option B**.

While Option A offers a high-star rating"
11837,B,"I would choose **Option B**.

**Reasoning:**  
While Option A"
11838,A,"I would choose **Option C**.

While Option A offers a higher star rating"
11839,B,"I would choose **Option B**.

**Reasoning:**  
While Option A"
11840,B,"I would choose **Option B**.

**Reasoning:**  
While Option A"
11841,B,"I would choose **Option B**.

**Reasoning:**  
While Option A"
11842,A,"I would choose **Option C**.

While Option A offers a superior king bed"
11843,B,"I would choose **Option B**.

While Option A offers a higher star rating"
11844,A,"I would choose **Option C**.

While Option A offers a high-star rating"
11845,A,"I would choose **Option C**.

While Option A offers a high-star hotel"
11846,A,"I would choose **Option C**.

The Lucerne Hotel offers a great value"
11847,B,"I would choose **Option B**.

**Reasoning:**  
While Option A"
11848,C,"I would choose **Option A**.

The Park Hyatt New York is a"
11849,A,"I would choose **Option C**.

The Hyatt Regency Times Square offers"
11850,B,"I would choose **Option B**.

**Reasoning:**  
While Option A"
11851,A,"I would choose **Option C**.

**Reasoning:**  
While Option B"
11852,C,"I would choose **Option A**.

**Reasoning:**  
While Option B"
11853,C,"I would choose **Option A**.

**Reasoning:**  
While Option B"
11854,A,"I would choose **Option C**.

**Reasoning:**  
While Option B"
11855,A,"I would choose **Option C**.

**Reasoning:**  
While Option B"
11856,B,"I would choose **Option B**. 

The Carlyle offers a higher star"
11857,C,"I would choose **Option A**.

**Reasoning:**  
While Option B"
11858,C,"I would choose **Option A**.

**Reasoning:**  
While Option B"
11859,A,"I would choose **Option C**.

While Option B offers a higher star rating"
11860,B,"I would choose **Option B**.

The Carlyle offers a superior king room"
11861,C,"I would choose **Option A**.

**Reasoning:**  
Option A offers"
11862,B,"I would choose **Option B**.

While Option A has a high guest review"
11863,B,"I would choose **Option B**.

**Reasoning:**

1. **"
11864,A,"I would choose **Option C**.

**Reasoning:**  
- **Location"
11865,A,"I would choose **Option C**.

**Reasoning:**

1. **"
11866,B,"I would choose **Option B**.

While Option A offers a high guest review"
11867,B,"I would choose **Option B**.

While Option C offers a higher star rating"
11868,A,"I would choose **Option C**.

The Equinox Hotel New York offers a"
11869,A,"I would choose **Option C**.

The Equinox Hotel New York offers a"
11870,B,"I would choose **Option B**.

**Reasoning:**  
While Option C"
11871,A,"I would choose **Option C**.

The Equinox Hotel New York offers a"
11872,A,"I would choose **Option C**.

The Equinox Hotel New York offers a"
11873,A,"I would choose **Option C**.

While Option A offers a good price and"
11874,A,"I would choose **Option C**.

**Reasoning:**  
While all three"
11875,A,"I would choose **Option C**.

**Reasoning:**  
While Option A"
11876,A,"I would choose **Option C**.

While Option A offers a lower price and"
11877,C,"I would choose **Option A**.

**Reasoning:**  
While Option B"
11878,C,"After carefully considering all the factors provided for each hotel option, here's a breakdown"
11879,B,"I would choose **Option B**.

**Reasoning:**

- **Location"
11880,B,"I would choose **Option B**.

**Reasoning:**  
While Option A"
11881,B,"I would choose **Option B**.

The Mandarin Oriental New York is a"
11882,A,"I would choose **Option C**.

While Option B offers a higher star rating"
11883,B,"I would choose **Option B**.

**Reasoning:**  
While Option A"
11884,B,"I would choose **Option B**.

The Mandarin Oriental New York is a"
11885,A,"I would choose **Option C**.

While Option B offers luxurious amenities like a"
11886,C,"I would choose **Option A**.

**Reasoning:**  
While Option B"
11887,B,"I would choose **Option B**.

**Reasoning:**  
While Option A"
11888,B,"I would choose **Option B**.

**Reasoning:**  
While Option A"
11889,B,"I would choose **Option B**.

**Reasoning:**  
While Option A"
11890,C,"I would choose **Option A**.

**Reasoning:**  
While Option B"
11891,B,"I would choose **Option B**.

**Reasoning:**  
While Option A"
11892,B,"I would choose **Option B**.

**Reasoning:**

- **Location"
11893,A,"I would choose **Option C**.

**Reasoning:**  
While Option A"
11894,A,"I would choose **Option C**.

**Reasoning:**  
While Option B"
11895,A,"I would choose **Option C**.

**Reasoning:**

- **Location"
11896,B,"I would choose **Option B**.

**Reasoning:**  
While Option A"
11897,A,"I would choose **Option C**.

While Option A offers a high guest review"
11898,C,"I would choose **Option A**.

**Reasoning:**  
Option A offers"
11899,B,"I would choose **Option B**.

**Reasoning:**

- **Location"
11900,B,"I would choose **Option B**.

**Reasoning:**  
Option B offers"
11901,C,"I would choose **Option A**.

**Reasoning:**  
While Option B"
11902,A,"I would choose **Option C**.

While Option A offers a high guest review"
11903,B,"I would choose **Option B**.

**Reasoning:**  
While Option A"
11904,A,"I would choose **Option C**.

While Option A offers a higher guest review"
11905,A,"I would choose **Option C**.

While Option A offers a higher guest review"
11906,A,"I would choose **Option C**.

While Option A offers a high guest review"
11907,A,"I would choose **Option C**.

While Option A offers a higher price and"
11908,A,"I would choose **Option C**.

While Option A offers a high guest review"
11909,A,"I would choose **Option C**.

**Reasoning:**

1. **"
11910,A,"I would choose **Option C**.

The Casablanca Hotel by Library"
11911,A,"I would choose **Option C**.

The Casablanca Hotel by Library"
11912,B,"I would choose **Option B**.

**Reasoning:**

1. **"
11913,A,"I would choose **Option C**.

The Casablanca Hotel by Library"
11914,A,"I would choose **Option C**.

**Reasoning:**  
While Option A"
11915,A,"I would choose **Option C**.

The Park Central Hotel New York offers a"
11916,A,"I would choose **Option C**.

The Park Central Hotel New York offers a"
11917,A,"I would choose **Option C**.

The Park Central Hotel New York offers the"
11918,B,"I would choose **Option B**.

**Reasoning:**  
While Option A"
11919,B,"I would choose **Option B**.

**Reasoning:**

1. **"
11920,B,"I would choose **Option B**.

**Reasoning:** Option B offers a"
11921,B,"I would choose **Option B**.

**Reasoning:**  
While Option A"
11922,B,"I would choose **Option B**.

**Reasoning:**

- **Price"
11923,B,"I would choose **Option B**.

**Reasoning:**

- **Price"
11924,A,"I would choose **Option C**.

While Option A offers a high guest review"
11925,B,"I would choose **Option B**.

**Reasoning:**  
Option B offers"
11926,A,"I would choose **Option C**.

While Option A and B are both in"
11927,A,"I would choose **Option C**.

**Reasoning:**  
While Option B"
11928,A,"I would choose **Option C**.

**Reasoning:**  
While Option B"
11929,B,"I would choose **Option B**.

**Reasoning:**  
While Option A"
11930,A,"I would choose **Option C**.

**Reasoning:**  
While Option B"
11931,B,"I would choose **Option B**.

**Reasoning:**  
While Option A"
11932,B,"I would choose **Option B**.

**Reasoning:**  
While Option A"
11933,B,"I would choose **Option B**.

**Reasoning:**  
While Option A"
11934,C,"I would choose **Option A**.

The Loews Regency Hotel New York"
11935,C,"I would choose **Option A**.

The Loews Regency Hotel New York"
11936,B,"I would choose **Option B**.

The Hoxton Williamsburg offers a"
11937,B,"I would choose **Option B**.

While Option A offers a high-star rating"
11938,B,"I would choose **Option B**.

**Reasoning:**  
While Option A"
11939,A,"I would choose **Option C**.

The Pearl Hotel New York offers a higher"
11940,A,"I would choose **Option C**.

The Pearl Hotel New York offers a higher"
11941,A,"I would choose **Option C**.

**Reasoning:**

1. **"
11942,A,"I would choose **Option C**.

The Pearl Hotel New York offers a higher"
11943,A,"I would choose **Option C**.

**Reasoning:**  
While Option B"
11944,A,"I would choose **Option C**.

**Reasoning:**

1. **"
11945,B,"I would choose **Option B**.

**Reasoning:**  
While Option A"
11946,A,"I would choose **Option C**.

**Reasoning:**  
While all three"
11947,C,"I would choose **Option A**.

**Reasoning:**  
While Option B"
11948,A,"I would choose **Option C**.

While Option A offers a luxury king bed"
11949,C,"I would choose **Option A**.

**Reasoning:**  
While Option B"
11950,B,"I would choose **Option B**.

**Reasoning:**

- **Location"
11951,A,"I would choose **Option C**.

**Reasoning:**  
While all three"
11952,B,"I would choose **Option B**.

**Reasoning:**  
While Option A"
11953,B,"I would choose **Option B**.

**Reasoning:**  
While Option A"
11954,B,"I would choose **Option B**.

**Reasoning:**  
While Option C"
11955,A,"I would choose **Option C**.

**Reasoning:**  
While all three"
11956,B,"I would choose **Option B**.

**Reasoning:**  
While all three"
11957,B,"I would choose **Option B**.

**Reasoning:**  
While Option A"
11958,B,"I would choose **Option B**.

**Reasoning:**  
While Option A"
11959,A,"I would choose **Option C**.

**Reasoning:**  
While Option B"
11960,B,"I would choose **Option B**.

The The Dominick Hotel offers a"
11961,B,"I would choose **Option B**.

**Reasoning:**  
While Option A"
11962,B,"I would choose **Option B**.

**Reasoning:**  
While Option A"
11963,B,"I would choose **Option B**.

**Reasoning:**  
While all three"
11964,A,"I would choose **Option C**.

While all three options are 3-star"
11965,A,"I would choose **Option C**.

While all three options are 3-star"
11966,A,"I would choose **Option C**.

**Reasoning:**  
While all three"
11967,A,"I would choose **Option C**.

**Reasoning:**  
While all three"
11968,A,"I would choose **Option C**.

**Reasoning:**  
While all three"
11969,B,"I would choose **Option B**.

**Reasoning:**  
While Option A"
11970,C,"I would choose **Option A**.

The Park Hyatt New York is a"
11971,B,"I would choose **Option B**.

While Option A offers a high-star hotel"
11972,B,"I would choose **Option B**.

While Option A offers a high-star hotel"
11973,C,"I would choose **Option A**.

The Park Hyatt New York is a"
11974,B,"I would choose **Option B**.

While Option A offers a high-star rating"
11975,B,"I would choose **Option B**.

**Reasoning:**

- **Location"
11976,B,"I would choose **Option B**.

**Reasoning:**

1. **"
11977,C,"I would choose **Option A**.

The Hyatt Centric Wall Street New"
11978,B,"I would choose **Option B**.

**Reasoning:**

1. **"
11979,B,"I would choose **Option B**.

**Reasoning:**

- **Location"
11980,B,"I would choose **Option B**.

While Option C offers a higher star rating"
11981,A,"I would choose **Option C**.

**Reasoning:**  
While Option A"
11982,B,"I would choose **Option B**.

**Reasoning:**

1. **"
11983,C,"I would choose **Option A**.

The Conrad New York Midtown is a"
11984,B,"I would choose **Option B**.

**Reasoning:**  
While Option A"
11985,A,"I would choose **Option C**.

**Reasoning:**  
While all three"
11986,A,"I would choose **Option C**.

**Reasoning:**  
While all three"
11987,B,"I would choose **Option B**.

**Reasoning:**  
While all three"
11988,A,"I would choose **Option C**.

While Option A has a slightly higher guest"
11989,A,"I would choose **Option C**.

While Option A has a slightly higher guest"
11990,A,"I would choose **Option C**.

While Option A has a slightly higher guest"
11991,B,"I would choose **Option B**.

**Reasoning:**  
While Option C"
11992,A,"I would choose **Option C**.

While Option A and Option B offer higher"
11993,B,"I would choose **Option B**.

**Reasoning:**

1. **"
11994,B,"I would choose **Option B**.

While Option A offers a good price and"
11995,A,"I would choose **Option C**.

The NobleDEN Hotel in Little Italy offers"
11996,A,"I would choose **Option C**.

**Reasoning:**  
While all three"
11997,B,"I would choose **Option B**.

**Reasoning:**  
While Option C"
11998,A,"I would choose **Option C**.

The NobleDEN Hotel in Little Italy offers"
11999,A,"I would choose **Option C**.

**Reasoning:**

1. **"
12000,A,"I would choose **Option C**.

While Option A has a higher guest review"
12001,A,"I would choose **Option C**.

**Reasoning:**

1. **"
12002,A,"I would choose **Option C**.

The W New York - Times Square is"
12003,A,"I would choose **Option C**.

While all three options are 4-star"
12004,A,"I would choose **Option C**.

**Reasoning:**  
While all three"
12005,B,"I would choose **Option B**.

**Reasoning:**  
Option B offers"
12006,B,"I would choose **Option B**.

**Reasoning:**  
While Option A"
12007,A,"I would choose **Option C**.

While Option A offers a high guest review"
12008,B,"I would choose **Option B**.

**Reasoning:**  
While Option C"
12009,A,"I would choose **Option C**.

While Option B offers a lower price and"
12010,A,"I would choose **Option C**.

While Option A offers a high guest review"
12011,B,"I would choose **Option B**.

**Reasoning:**  
Option B offers"
12012,A,"I would choose **Option C**.

While Option B offers a higher price and"
12013,B,"I would choose **Option B**.

**Reasoning:**  
Option B offers"
12014,A,"I would choose **Option C**.

While Option B offers a higher star rating"
12015,B,"I would choose **Option B**.

**Reasoning:**

1. **"
12016,A,"I would choose **Option C**.

While Option A and Option B are both"
12017,B,"I would choose **Option B**.

**Reasoning:**  
While Option C"
12018,B,"I would choose **Option B**.

**Reasoning:**  
While Option C"
12019,A,"I would choose **Option C**.

While Option A has a high guest review"
12020,C,"I would choose **Option A**.

**Reasoning:**  
While Option B"
12021,B,"I would choose **Option B**.

**Reasoning:**  
While Option A"
12022,B,"I would choose **Option B**.

**Reasoning:**  
Option B offers"
12023,B,"I would choose **Option B**.

**Reasoning:**  
While Option A"
12024,B,"I would choose **Option B**.

**Reasoning:**  
While Option A"
12025,C,"I would choose **Option A**.

**Reasoning:**  
While Option B"
12026,B,"I would choose **Option B**.

The Fifth Avenue Hotel is a 5"
12027,B,"I would choose **Option B**.

**Reasoning:**  
While Option A"
12028,C,"I would choose **Option A**.

**Reasoning:**  
While Option B"
12029,A,"After carefully considering all the options, I would choose **Option C**. While"
12030,B,"I would choose **Option B**.

**Reasoning:**  
While Option A"
12031,B,"I would choose **Option B**.

**Reasoning:**  
Option B offers"
12032,B,"I would choose **Option B**.

**Reasoning:**

1. **"
12033,B,"I would choose **Option B**.

**Reasoning:**  
While Option A"
12034,A,"I would choose **Option C**.

**Reasoning:**

1. **"
12035,A,"I would choose **Option C**.

**Reasoning:**  
While Option B"
12036,A,"I would choose **Option C**.

The citizenM New York Times Square offers"
12037,A,"I would choose **Option C**.

The citizenM New York Times Square offers"
12038,A,"I would choose **Option C**.

The citizenM New York Times Square offers"
12039,A,"I would choose **Option C**.

**Reasoning:**  
While Option A"
12040,B,"I would choose **Option B**.

**Reasoning:**  
While Option C"
12041,A,"I would choose **Option C**.

The New Yorker by Lotte Hotels in"
12042,B,"I would choose **Option B**.

**Reasoning:**

- **Location"
12043,B,"I would choose **Option B**.

While Option C has a higher star rating"
12044,A,"I would choose **Option C**.

The New Yorker by Lotte Hotels in"
12045,A,"I would choose **Option C**.

The New Yorker by Lotte Hotels in"
12046,B,"I would choose **Option B**.

While Option C has a higher star rating"
12047,A,"I would choose **Option C**.

While Option A offers a higher star rating"
12048,A,"I would choose **Option C**.

**Rationale:**  
While Option B"
12049,B,"I would choose **Option B**.

**Reasoning:**

1. **"
12050,A,"I would choose **Option C**.

**Rationale:**  
While Option B"
12051,B,"I would choose **Option B**.

**Reasoning:**

1. **"
12052,B,"I would choose **Option B**.

**Reasoning:**

1. **"
12053,A,"I would choose **Option C**.

While all three options provide similar amenities like"
12054,B,"I would choose **Option B**.

**Reasoning:**

- **Location"
12055,B,"I would choose **Option B**.

**Reasoning:**  
Option B offers"
12056,A,"I would choose **Option C**.

**Reasoning:**  
While all three"
12057,B,"I would choose **Option B**.

**Reasoning:**

1. **"
12058,B,"I would choose **Option B**.

**Reasoning:**

- **Location"
12059,A,"I would choose **Option C**.

While Option A offers a high guest review"
12060,A,"I would choose **Option C**.

While Option A offers a high guest review"
12061,A,"I would choose **Option C**.

While Option A offers a high guest review"
12062,A,"I would choose **Option C**.

While Option A offers a high guest review"
12063,B,"I would choose **Option B**.

**Reasoning:**

1. **"
12064,A,"I would choose **Option C**.

While Option A has a higher guest review"
12065,B,"I would choose **Option B**.

**Reasoning:**

1. **"
12066,B,"I would choose **Option B**.

**Reasoning:**  
While Option A"
12067,A,"I would choose **Option C**.

**Reasoning:**  
While all three"
12068,B,"I would choose **Option B**.

**Reasoning:**  
While Option A"
12069,B,"I would choose **Option B**.

**Reasoning:**

- **Location"
12070,B,"I would choose **Option B**.

**Reasoning:**

1. **"
12071,B,"I would choose **Option B**.

**Reasoning:**  
Option B offers"
12072,A,"I would choose **Option C**.

While Option B offers a higher star rating"
12073,A,"After carefully considering all the options, I would choose **Option C**. Here"
12074,A,"I would choose **Option C**.

While Option A offers a good price and"
12075,A,"I would choose **Option C**.

While all three options provide breakfast and free"
12076,A,"I would choose **Option C**.

While Option B offers a higher star rating"
12077,B,"I would choose **Option B**.

**Reasoning:**  
While Option A"
12078,B,"I would choose **Option B**.

**Reasoning:**  
While Option A"
12079,B,"I would choose **Option B**.

**Reasoning:**

- **Location"
12080,B,"I would choose **Option B**.

**Reasoning:**

1. **"
12081,B,"I would choose **Option B**.

**Reasoning:**  
While Option A"
12082,B,"I would choose **Option B**.

**Reasoning:**  
While Option A"
12083,A,"I would choose **Option C**.

While Option A has a higher guest review"
12084,B,"I would choose **Option B**.

**Reasoning:**  
While all three"
12085,A,"I would choose **Option C**.

While Option A has a higher guest review"
12086,C,"I would choose **Option A**.

**Reasoning:**  
While Option B"
12087,A,"I would choose **Option C**.

**Reasoning:**  
While all three"
12088,C,"I would choose **Option A**.

**Reasoning:**  
- **Location"
12089,B,"I would choose **Option B**.

The Williamsburg Hotel offers a great value"
12090,B,"I would choose **Option B**.

**Reasoning:**  
While Option A"
12091,A,"I would choose **Option C**.

While Option A offers a higher star rating"
12092,A,"I would choose **Option C**.

While Option A offers a high-star rating"
12093,A,"I would choose **Option C**.

While all three options offer free cancellation and"
12094,A,"I would choose **Option C**.

While all three options offer free cancellation and"
12095,B,"I would choose **Option B**.

**Reasoning:**  
While Option A"
12096,C,"I would choose **Option A**.

**Reasoning:**  
While Option B"
12097,B,"I would choose **Option B**.

**Reasoning:**  
While Option A"
12098,C,"I would choose **Option A**.

**Reasoning:**  
While Option B"
12099,B,"I would choose **Option B**.

**Reasoning:**  
While Option A"
12100,C,"I would choose **Option A**.

**Reasoning:**  
While Option B"
12101,B,"I would choose **Option B**.

The The Dominick Hotel in SoHo"
12102,B,"I would choose **Option B**.

**Reasoning:**  
While Option A"
12103,B,"I would choose **Option B**.

**Reasoning:**  
While Option A"
12104,A,"I would choose **Option C**.

While Option B offers more amenities like a"
12105,A,"I would choose **Option C**.

**Reasoning:** 

- **Location"
12106,A,"I would choose **Option C**.

While Option B offers more amenities like a"
12107,C,"I would choose **Option A**.

**Reasoning:**  
While Option B"
12108,A,"I would choose **Option C**.

While Option B offers a higher star rating"
12109,B,"I would choose **Option B**.

**Reasoning:**  
While Option A"
12110,B,"I would choose **Option B**.

**Reasoning:**  
While Option A"
12111,B,"I would choose **Option B**.

**Reasoning:**  
Option B offers"
12112,B,"I would choose **Option B**.

**Reasoning:**  
Option B offers"
12113,B,"I would choose **Option B**.

While Option A offers a high guest review"
12114,A,"I would choose **Option C**.

The MADE Hotel in Midtown offers a"
12115,A,"I would choose **Option C**.

The MADE Hotel in Midtown offers a"
12116,B,"I would choose **Option B**.

**Reasoning:**  
While Option A"
12117,A,"I would choose **Option C**.

The MADE Hotel in Midtown offers a"
12118,B,"I would choose **Option B**.

**Reasoning:**  
While Option A"
12119,A,"I would choose **Option C**.

**Reasoning:**

- **Location"
12120,B,"I would choose **Option B**.

**Reasoning:**  
Option B offers"
12121,A,"I would choose **Option C**.

**Reasoning:**

- **Location"
12122,A,"I would choose **Option C**.

**Reasoning:**  
While Option A"
12123,A,"I would choose **Option C**.

**Reasoning:**  
While Option A"
12124,B,"I would choose **Option B**.

**Reasoning:**  
While Option A"
12125,A,"I would choose **Option C**.

While Option B offers higher star rating and"
12126,B,"I would choose **Option B**.

**Reasoning:**  
While Option A"
12127,C,"I would choose **Option A**.

**Reasoning:**  
While Option B"
12128,A,"I would choose **Option C**.

Reasoning:
- **Location**: Times"
12129,A,"I would choose **Option C**.

**Reasoning:**  
While Option B"
12130,B,"I would choose **Option B**.

**Reasoning:**  
While Option A"
12131,A,"I would choose **Option C**.

**Reasoning:**

- **Location"
12132,A,"I would choose **Option C**.

**Reasoning:**

1. **"
12133,B,"I would choose **Option B**.

**Reasoning:**  
While Option A"
12134,B,"I would choose **Option B**.

While Option C offers a higher rating and"
12135,A,"I would choose **Option C**.

**Reasoning:**

1. **"
12136,B,"I would choose **Option B**.

**Reasoning:**

1. **"
12137,A,"I would choose **Option C**.

The New York Marriott Downtown is a"
12138,B,"I would choose **Option B**.

**Reasoning:**  
While Option A"
12139,B,"I would choose **Option B**.

**Reasoning:**  
While Option A"
12140,B,"I would choose **Option B**.

**Reasoning:**

- **Location"
12141,B,"I would choose **Option B**.

**Reasoning:**

1. **"
12142,B,"I would choose **Option B**.

While Option A offers a high guest review"
12143,A,"I would choose **Option C**.

While Option B offers a higher breakfast inclusion"
12144,B,"I would choose **Option B**.

**Reasoning:**  
While all three"
12145,B,"I would choose **Option B**.

**Reasoning:**  
While Option A"
12146,A,"I would choose **Option C**.

While Option A offers a good price and"
12147,B,"I would choose **Option B**.

**Reasoning:**  
While Option A"
12148,A,"I would choose **Option C**.

The Lucerne Hotel offers a lower price"
12149,B,"I would choose **Option B**.

**Reasoning:**  
Option B offers"
12150,B,"I would choose **Option B**.

**Reasoning:**  
Option B offers"
12151,B,"I would choose **Option B**.

**Reasoning:**  
Option B offers"
12152,B,"I would choose **Option B**.

**Reasoning:**  
Option B offers"
12153,B,"I would choose **Option B**.

**Reasoning:**  
Option B offers"
12154,B,"I would choose **Option B**.

**Reasoning:**

- **Star"
12155,B,"I would choose **Option B**.

**Reasoning:**  
While Option A"
12156,B,"I would choose **Option B**.

**Reasoning:**  
While all three"
12157,B,"I would choose **Option B**.

**Reasoning:**  
Option B offers"
12158,B,"I would choose **Option B**.

**Reasoning:**  
While Option A"
12159,B,"I would choose **Option B**.

**Reasoning:**  
While Option A"
12160,B,"I would choose **Option B**.

**Reasoning:**  
While all three"
12161,B,"I would choose **Option B**.

**Reasoning:**

- **Location"
12162,A,"I would choose **Option C**.

While Option A offers a high-star rating"
12163,C,"I would choose **Option A**.

The Langham New York Fifth Avenue is"
12164,B,"I would choose **Option B**.

**Reasoning:**

- **Location"
12165,C,"I would choose **Option A**.

The Langham New York Fifth Avenue is"
12166,B,"I would choose **Option B**.

While Option A offers a higher star rating"
12167,B,"I would choose **Option B**.

While Option A offers a higher star rating"
12168,B,"I would choose **Option B**.

**Reasoning:**

1. **"
12169,B,"I would choose **Option B**.

**Reasoning:**

- **Location"
12170,C,"I would choose **Option A**.

The Ludlow Hotel offers a high guest"
12171,B,"I would choose **Option B**.

**Reasoning:**

1. **"
12172,B,"I would choose **Option B**.

**Reasoning:**  
While Option A"
12173,C,"I would choose **Option A**.

**Reasoning:**  
While Option B"
12174,A,"I would choose **Option C**.

The Bryant Park Hotel offers a great value"
12175,A,"I would choose **Option C**.

The Bryant Park Hotel is a great choice"
12176,C,"I would choose **Option A**.

**Reasoning:**  
While Option B"
12177,B,"I would choose **Option B**.

**Reasoning:**

- **Location"
12178,B,"I would choose **Option B**.

**Reasoning:**

1. **"
12179,B,"I would choose **Option B**.

While Option A offers a high-star rating"
12180,B,"I would choose **Option B**.

**Reasoning:**  
While Option A"
12181,C,"I would choose **Option A**.

The Ritz-Carlton New York"
12182,B,"I would choose **Option B**.

**Reasoning:**  
While Option A"
12183,A,"I would choose **Option C**.

The Kimpton Hotel Eventi offers a"
12184,B,"I would choose **Option B**.

**Reasoning:**  
While Option A"
12185,B,"I would choose **Option B**.

**Reasoning:**  
While Option A"
12186,A,"I would choose **Option C**.

**Reasoning:**  
While all three"
12187,C,"I would choose **Option A**.

The Conrad New York Downtown is a"
12188,A,"I would choose **Option C**.

**Reasoning:**  
While all three"
12189,A,"I would choose **Option C**.

**Reasoning:**  
While all three"
12190,B,"I would choose **Option B**.

While Option A offers a higher star rating"
12191,A,"I would choose **Option C**.

While Option B offers a higher star rating"
12192,B,"I would choose **Option B**.

**Reasoning:**  
While Option A"
12193,C,"I would choose **Option A**.

**Reasoning:**  
While Option B"
12194,A,"I would choose **Option C**.

While Option B offers a higher star rating"
12195,A,"I would choose **Option C**.

While Option B offers a higher star rating"
12196,B,"I would choose **Option B**.

**Reasoning:**  
While Option A"
12197,A,"I would choose **Option C**.

While Option A offers a high guest review"
12198,B,"I would choose **Option B**.

**Reasoning:**  
While Option A"
12199,B,"I would choose **Option B**.

**Reasoning:**  
Option B offers"
12200,B,"I would choose **Option B**.

**Reasoning:**  
Option B offers"
12201,A,"I would choose **Option C**.

While all three options provide a king room"
12202,B,"I would choose **Option B**.

**Reasoning:**  
Option B offers"
12203,A,"I would choose **Option C**.

**Reasoning:**  
While all three"
12204,B,"I would choose **Option B**.

**Reasoning:**

1. **"
12205,B,"I would choose **Option B**.

**Reasoning:**

1. **"
12206,A,"I would choose **Option C**.

While Option A offers a high guest review"
12207,B,"I would choose **Option B**.

**Reasoning:**

- **Location"
12208,B,"I would choose **Option B**.

**Reasoning:**

1. **"
12209,C,"I would choose **Option A**.

**Reasoning:**  
While Option C"
12210,A,"I would choose **Option C**.

The New York EDITION is a"
12211,B,"I would choose **Option B**.

While Option C offers a higher star rating"
12212,B,"I would choose **Option B**.

While Option C offers a higher star rating"
12213,A,"I would choose **Option C**.

The New York EDITION is a"
12214,A,"I would choose **Option C**.

The New York EDITION is a"
12215,B,"I would choose **Option B**.

While Option A offers a high-star rating"
12216,A,"I would choose **Option C**.

While Option A offers a high-star rating"
12217,C,"I would choose **Option A**.

The Peninsula New York is a 5"
12218,C,"I would choose **Option A**.

The Peninsula New York is a 5"
12219,A,"I would choose **Option C**.

While Option A offers a high-star rating"
12220,B,"I would choose **Option B**.

While Option A offers a high-star rating"
12221,A,"I would choose **Option C**.

The Kimpton Hotel Eventi in Chelsea"
12222,A,"I would choose **Option C**.

The Kimpton Hotel Eventi in Chelsea"
12223,B,"I would choose **Option B**.

Here's why:

1. **Star"
12224,A,"I would choose **Option C**.

The Kimpton Hotel Eventi in Chelsea"
12225,C,"I would choose **Option A**.

**Reasoning:**  
While Option B"
12226,B,"I would choose **Option B**.

While Option C offers more amenities like a"
12227,C,"I would choose **Option A**.

**Reasoning:**  
While Option B"
12228,A,"I would choose **Option C**.

**Reasoning:**  
While all three"
12229,A,"I would choose **Option C**.

**Reasoning:**  
While all three"
12230,A,"I would choose **Option C**.

**Reasoning:**  
While Option B"
12231,A,"I would choose **Option C**.

**Reasoning:**  
While Option B"
12232,A,"I would choose **Option C**.

**Reasoning:**  
While Option A"
12233,C,"I would choose **Option A**.

**Reasoning:**  
While Option B"
12234,B,"I would choose **Option B**.

While Option A offers a lower price and"
12235,B,"I would choose **Option B**.

**Reasoning:**  
While Option A"
12236,B,"I would choose **Option B**.

While Option A offers a lower price and"
12237,C,"I would choose **Option A**.

**Reasoning:**  
While Option B"
12238,B,"I would choose **Option B**.

**Reasoning:**  
While all three"
12239,A,"I would choose **Option C**.

While Option A offers a high guest review"
12240,B,"I would choose **Option B**.

**Reasoning:**  
While Option A"
12241,A,"I would choose **Option C**.

While Option A offers a high guest review"
12242,A,"I would choose **Option C**.

While all three options provide free Wi-Fi"
12243,A,"I would choose **Option C**.

While Option A offers a high guest review"
12244,B,"I would choose **Option B**.

While Option A offers a high-star rating"
12245,B,"I would choose **Option B**.

**Reasoning:**  
Option B offers"
12246,B,"I would choose **Option B**.

**Reasoning:**  
Option B offers"
12247,B,"I would choose **Option B**.

**Reasoning:**  
While Option A"
12248,B,"I would choose **Option B**.

**Reasoning:**  
Option B offers"
12249,B,"I would choose **Option B**.

**Reasoning:**  
While Option A"
12250,B,"I would choose **Option B**.

**Reasoning:**  
Option B offers"
12251,B,"I would choose **Option B**.

**Reasoning:**  
Option B offers"
12252,B,"I would choose **Option B**.

**Reasoning:**  
While Option C"
12253,B,"I would choose **Option B**.

**Reasoning:**  
Option B offers"
12254,B,"I would choose **Option B**.

**Reasoning:**  
Option B offers"
12255,B,"I would choose **Option B**.

**Reasoning:** Both Option A and"
12256,A,"I would choose **Option C**.

While Option A and Option B are both"
12257,C,"I would choose **Option A**.

**Reasoning:**  
While Option C"
12258,A,"I would choose **Option C**.

**Reasoning:**

- **Location"
12259,C,"I would choose **Option A**.

**Reasoning:**

1. **"
12260,A,"I would choose **Option C**.

**Reasoning:**

1. **"
12261,A,"I would choose **Option C**.

**Reasoning:**

1. **"
12262,C,"I would choose **Option A**.

**Reasoning:**

- **Location"
12263,B,"I would choose **Option B**.

**Reasoning:**

1. **"
12264,A,"I would choose **Option C**.

**Reasoning:**  
While Option A"
12265,B,"I would choose **Option B**.

**Reasoning:**  
While Option A"
12266,C,"I would choose **Option A**.

**Reasoning:**  
While Option B"
12267,B,"I would choose **Option B**.

**Reasoning:**  
While Option A"
12268,A,"I would choose **Option C**.

**Reasoning:**  
While Option B"
12269,B,"I would choose **Option B**.

**Reasoning:**  
While Option A"
12270,B,"I would choose **Option B**.

**Reasoning:**

1. **"
12271,C,"I would choose **Option A**.

**Reasoning:**  
While Option B"
12272,A,"I would choose **Option C**.

**Reasoning:**  
While all three"
12273,A,"I would choose **Option C**.

While Option A offers a double room at"
12274,A,"I would choose **Option C**.

While Option A offers a lower price and"
12275,C,"I would choose **Option A**.

**Reasoning:**  
Option A offers"
12276,B,"I would choose **Option B**.

**Reasoning:**

- **Location"
12277,B,"I would choose **Option B**.

**Reasoning:**  
While all three"
12278,B,"I would choose **Option B**.

**Reasoning:**

- **Price"
12279,B,"I would choose **Option B**.

**Reasoning:**  
While Option A"
12280,B,"I would choose **Option B**.

**Reasoning:**

1. **"
12281,B,"I would choose **Option B**.

**Reasoning:**

1. **"
12282,A,"I would choose **Option C**.

The Virgin Hotels New York City offers a"
12283,A,"I would choose **Option C**.

The Virgin Hotels New York City offers a"
12284,B,"I would choose **Option B**.

**Reasoning:**

1. **"
12285,A,"I would choose **Option C**.

The Virgin Hotels New York City offers a"
12286,B,"I would choose **Option B**.

**Reasoning:**

1. **"
12287,A,"I would choose **Option C**.

While Option A and Option B are both"
12288,A,"I would choose **Option C**.

While Option A offers a double room at"
12289,A,"I would choose **Option C**.

While Option A has a slightly higher guest"
12290,B,"I would choose **Option B**.

**Reasoning:**  
Option B offers"
12291,C,"I would choose **Option A**.

**Reasoning:**  
- **Location"
12292,B,"I would choose **Option B**.

**Reasoning:**  
While Option C"
12293,B,"I would choose **Option B**.

**Reasoning:**  
While Option C"
12294,B,"I would choose **Option B**.

**Reasoning:**  
While Option A"
12295,B,"I would choose **Option B**.

**Reasoning:**

1. **"
12296,B,"I would choose **Option B**.

**Reasoning:**  
While all three"
12297,B,"I would choose **Option B**.

**Reasoning:**

1. **"
12298,A,"I would choose **Option C**.

**Reasoning:**  
While all three"
12299,A,"I would choose **Option C**.

While Option A offers a high guest review"
12300,B,"I would choose **Option B**.

**Reasoning:**

1. **"
12301,A,"I would choose **Option C**.

While Option A offers a higher star rating"
12302,B,"I would choose **Option B**.

**Reasoning:**  
Option B offers"
12303,B,"I would choose **Option B**.

**Reasoning:**

- **Location"
12304,A,"I would choose **Option C**.

**Reasoning:**

- **Location"
12305,A,"I would choose **Option C**.

While Option A and Option B are both"
12306,A,"I would choose **Option C**.

While Option B offers a higher star rating"
12307,B,"I would choose **Option B**.

**Reasoning:**  
Option B offers"
12308,A,"I would choose **Option C**.

While Option B offers a higher star rating"
12309,A,"I would choose **Option C**.

While Option B offers a higher star rating"
12310,A,"I would choose **Option C**.

While Option B offers a higher star rating"
12311,B,"I would choose **Option B**.

**Reasoning:**  
While Option C"
12312,A,"I would choose **Option C**.

The Nine Orchard is a 4-star"
12313,A,"I would choose **Option C**.

The Nine Orchard is a 4-star"
12314,B,"I would choose **Option B**.

**Reasoning:**  
While Option C"
12315,A,C
12316,A,"I would choose **Option C**.

The Nine Orchard is a 4-star"
12317,C,"I would choose **Option A**.

The Marlton Hotel in Greenwich Village offers"
12318,B,"I would choose **Option B**.

While Option A offers a higher star rating"
12319,B,"I would choose **Option B**.

While Option A offers a high guest review"
12320,B,"I would choose **Option B**.

**Reasoning:** Option B offers a"
12321,C,"I would choose **Option A**.

The Marlton Hotel in Greenwich Village offers"
12322,C,"I would choose **Option A**.

The Marlton Hotel in Greenwich Village offers"
12323,C,"I would choose **Option A**.

The Carlyle offers a superior king bed"
12324,B,"I would choose **Option B**.

**Reasoning:**  
While Option A"
12325,B,"I would choose **Option B**.

**Reasoning:**  
While Option A"
12326,A,"I would choose **Option C**.

The Ned NoMad is a great choice"
12327,A,"I would choose **Option C**.

The Ned NoMad offers a top-tier"
12328,B,I would choose **Option B**. While Option A offers a higher star rating
12329,A,"I would choose **Option C**.

**Reasoning:**  
- **Location"
12330,A,"I would choose **Option C**.

**Reasoning:**  
- **Location"
12331,A,"I would choose **Option C**.

**Reasoning:**

- **Location"
12332,A,"I would choose **Option C**.

**Reasoning:**  
While all three"
12333,A,"I would choose **Option C**.

**Reasoning:**  
- **Location"
12334,B,"I would choose **Option B**.

**Reasoning:**

- **Location"
12335,B,"I would choose **Option B**.

**Reasoning:**  
Option B offers"
12336,B,"I would choose **Option B**.

**Reasoning:**  
Option B offers"
12337,B,"I would choose **Option B**.

**Reasoning:**  
Option B offers"
12338,B,"I would choose **Option B**.

**Reasoning:**  
Option B offers"
12339,C,"I would choose **Option A**.

**Reasoning:**  
While Option B"
12340,C,"I would choose **Option A**.

**Reasoning:**  
- **Location"
12341,A,"I would choose **Option C**.

While Option A offers a good price and"
12342,A,"I would choose **Option C**.

While Option A has a slightly lower price"
12343,A,"I would choose **Option C**.

While Option B offers more amenities like a"
12344,B,"I would choose **Option B**.

**Reasoning:**  
Option B offers"
12345,A,"I would choose **Option C**.

While Option B offers more amenities like a"
12346,B,"I would choose **Option B**.

**Reasoning:**  
While Option A"
12347,B,"I would choose **Option B**.

While Option A offers a high guest review"
12348,A,"I would choose **Option C**.

While all three options are 3-star"
12349,A,"I would choose **Option C**.

While Option A has a slightly higher guest"
12350,B,"I would choose **Option B**.

**Reasoning:**

- **Location"
12351,B,"I would choose **Option B**.

While Option A offers a high guest review"
12352,B,"I would choose **Option B**.

**Reasoning:**

- **Location"
12353,A,"I would choose **Option C**.

The Wall Street Hotel offers a higher star"
12354,B,"I would choose **Option B**.

**Reasoning:**

1. **"
12355,A,"I would choose **Option C**.

The Wall Street Hotel offers a higher star"
12356,A,C
12357,A,C
12358,A,"I would choose **Option C**.

The Wall Street Hotel offers a higher star"
12359,B,"I would choose **Option B**.

While Option A has a higher star rating"
12360,B,"I would choose **Option B**.

While Option A offers a high guest review"
12361,B,"I would choose **Option B**.

While Option A has a higher guest review"
12362,B,"I would choose **Option B**.

While Option A has a higher star rating"
12363,B,"I would choose **Option B**.

While Option A has a higher star rating"
12364,B,"I would choose **Option B**.

While Option A has a higher star rating"
12365,B,"I would choose **Option B**.

**Reasoning:**  
While all three"
12366,A,"I would choose **Option C**.

**Reasoning:**

1. **"
12367,A,"I would choose **Option C**.

**Reasoning:**  
- **Location"
12368,A,"I would choose **Option C**.

**Reasoning:**  
- **Location"
12369,B,"I would choose **Option B**.

**Reasoning:**  
While all three"
12370,B,"I would choose **Option B**.

While Option C has a slightly higher price"
12371,C,"I would choose **Option A**.

**Reasoning:**  
While Option B"
12372,A,"I would choose **Option C**.

**Reasoning:**  
While Option B"
12373,B,"I would choose **Option B**.

**Reasoning:**

- **Location"
12374,A,"I would choose **Option C**.

**Reasoning:**  
While Option B"
12375,B,"I would choose **Option B**.

**Reasoning:**  
While Option A"
12376,A,"I would choose **Option C**.

While Option B offers higher star rating and"
12377,B,"I would choose **Option B**.

**Reasoning:**  
While Option C"
12378,B,"I would choose **Option B**.

**Reasoning:**

- **Location"
12379,A,"I would choose **Option C**.

The Baccarat Hotel and Residences"
12380,B,"I would choose **Option B**.

**Reasoning:**

- **Location"
12381,A,"I would choose **Option C**.

The Baccarat Hotel and Residences"
12382,B,"I would choose **Option B**.

While Option C is a 5-star"
12383,B,"I would choose **Option B**.

**Reasoning:**  
While Option A"
12384,B,"I would choose **Option B**.

**Reasoning:**  
While Option A"
12385,A,"I would choose **Option C**.

**Reasoning:**  
While Option B"
12386,B,"I would choose **Option B**.

**Reasoning:**

- **Location"
12387,B,"I would choose **Option B**.

**Reasoning:**  
While Option A"
12388,B,"I would choose **Option B**.

**Reasoning:**  
While Option A"
12389,A,"I would choose **Option C**.

While Option A offers a high-star rating"
12390,A,"I would choose **Option C**.

While Option A offers a high-star rating"
12391,C,"I would choose **Option A**.

The Ritz-Carlton New York"
12392,B,"I would choose **Option B**.

While Option A offers a high-star rating"
12393,B,"I would choose **Option B**.

**Reasoning:**  
While Option A"
12394,B,"I would choose **Option B**.

**Reasoning:**  
While Option A"
12395,A,"I would choose **Option C**.

The Hard Rock Hotel New York offers a"
12396,B,"I would choose **Option B**.

**Reasoning:**  
While Option A"
12397,B,"I would choose **Option B**.

**Reasoning:**  
While Option A"
12398,B,"I would choose **Option B**.

**Reasoning:**  
While Option A"
12399,A,"I would choose **Option C**.

The Hard Rock Hotel New York offers a"
12400,A,"I would choose **Option C**.

The Hard Rock Hotel New York offers a"
12401,A,"I would choose **Option C**.

While Option B offers a higher star rating"
12402,B,"I would choose **Option B**.

**Reasoning:**

1. **"
12403,B,"I would choose **Option B**.

**Reasoning:**  
Option B offers"
12404,C,"I would choose **Option A**.

**Reasoning:**  
While Option B"
12405,B,"I would choose **Option B**.

**Reasoning:**

1. **"
12406,A,"I would choose **Option C**.

The Arlo NoMad offers a competitive"
12407,B,"I would choose **Option B**.

**Reasoning:**  
While Option A"
12408,A,"I would choose **Option C**.

While Option A offers a high-star rating"
12409,B,"I would choose **Option B**.

**Reasoning:**  
While Option A"
12410,B,"I would choose **Option B**.

While Option A offers a higher star rating"
12411,B,"I would choose **Option B**.

While Option A offers a high-star hotel"
12412,A,"I would choose **Option C**.

While Option A offers a high-star hotel"
12413,B,"I would choose **Option B**.

While Option A offers a high guest review"
12414,B,"I would choose **Option B**.

While Option A offers a high guest review"
12415,B,"I would choose **Option B**.

While Option A offers a higher star rating"
12416,B,"I would choose **Option B**.

While Option A offers a high-star rating"
12417,B,"I would choose **Option B**.

While Option A offers a high guest review"
12418,B,"I would choose **Option B**.

**Reasoning:**  
While Option A"
12419,B,"I would choose **Option B**.

**Reasoning:**  
While Option A"
12420,B,"I would choose **Option B**.

**Reasoning:**

- **Location"
12421,B,"I would choose **Option B**.

**Reasoning:**  
While Option A"
12422,B,"I would choose **Option B**.

**Reasoning:**  
While Option A"
12423,B,"I would choose **Option B**.

**Reasoning:**  
While Option A"
12424,B,"I would choose **Option B**.

While Option A offers a high guest review"
12425,B,"I would choose **Option B**.

**Reasoning:**  
Option B offers"
12426,A,"I would choose **Option C**.

While Option B offers a higher star rating"
12427,B,"I would choose **Option B**.

**Reasoning:**  
While Option A"
12428,A,"I would choose **Option C**.

While Option B offers more amenities like a"
12429,B,"I would choose **Option B**.

**Reasoning:**  
While Option A"
12430,B,"I would choose **Option B**.

**Reasoning:**  
While Option A"
12431,B,"I would choose **Option B**.

**Reasoning:**  
While Option C"
12432,C,"I would choose **Option A**.

**Reasoning:**  
While all three"
12433,A,"I would choose **Option C**.

**Reasoning:**

1. **"
12434,B,"I would choose **Option B**.

**Reasoning:**  
While all three"
12435,B,"I would choose **Option B**.

**Reasoning:**

1. **"
12436,B,"I would choose **Option B**.

Here's why:

1. **Star"
12437,C,"I would choose **Option A**.

The Langham New York Fifth Avenue offers"
12438,B,"I would choose **Option B**.

Reasoning:
- **Location**: The"
12439,B,"I would choose **Option B**.

Reasoning:
- **Location**: The"
12440,B,"I would choose **Option B**.

Reasoning:
- **Location**: The"
12441,C,"I would choose **Option A**.

The Langham New York Fifth Avenue offers"
12442,B,"I would choose **Option B**.

**Reasoning:**  
While Option A"
12443,A,"I would choose **Option C**.

The Equinox Hotel New York is a"
12444,B,"I would choose **Option B**.

**Reasoning:**

1. **"
12445,B,"I would choose **Option B**.

**Reasoning:**

1. **"
12446,B,"I would choose **Option B**.

**Reasoning:**

1. **"
12447,B,"I would choose **Option B**.

**Reasoning:**  
While Option C"
12448,B,"I would choose **Option B**.

**Reasoning:**

1. **"
12449,B,"I would choose **Option B**.

**Reasoning:**

- **Location"
12450,A,"I would choose **Option C**.

While Option A offers a high guest review"
12451,A,"I would choose **Option C**.

While Option A offers a higher star rating"
12452,A,"I would choose **Option C**.

**Reasoning:**  
While all three"
12453,B,"I would choose **Option B**.

**Reasoning:**  
While Option C"
12454,B,"I would choose **Option B**.

**Reasoning:** Option B offers a"
12455,B,"I would choose **Option B**.

**Reasoning:**

1. **"
12456,B,"I would choose **Option B**.

While Option C offers a higher star rating"
12457,B,"I would choose **Option B**.

While Option C offers a higher star rating"
12458,A,"I would choose **Option C**.

The Equinox Hotel New York offers a"
12459,B,"I would choose **Option B**.

While Option C offers a higher star rating"
12460,B,"I would choose **Option B**.

**Reasoning:**

1. **"
12461,B,"I would choose **Option B**.

**Reasoning:**  
Option B offers"
12462,B,"I would choose **Option B**.

**Reasoning:**

- **Location"
12463,B,"I would choose **Option B**.

**Reasoning:**  
While Option A"
12464,C,"I would choose **Option A**.

**Reasoning:**  
While Option B"
12465,C,"I would choose **Option A**.

**Reasoning:**  
While Option B"
12466,B,"I would choose **Option B**.

**Reasoning:**  
Option B offers"
12467,B,"I would choose **Option B**.

**Reasoning:**

- **Price"
12468,A,"I would choose **Option C**.

**Reasoning:**  
While Option A"
12469,B,"I would choose **Option B**.

**Reasoning:**  
Option B offers"
12470,B,"I would choose **Option B**.

**Reasoning:**

- **Location"
12471,B,"I would choose **Option B**.

**Reasoning:**  
While Option A"
12472,A,"I would choose **Option C**.

**Reasoning:**

- **Location"
12473,B,"I would choose **Option B**.

**Reasoning:**  
While Option A"
12474,B,"I would choose **Option B**.

**Reasoning:**  
While Option A"
12475,B,"I would choose **Option B**.

While Option A offers a higher star rating"
12476,B,"I would choose **Option B**.

While Option A offers a higher star rating"
12477,A,"I would choose **Option C**.

While Option A offers a higher star rating"
12478,A,"I would choose **Option C**.

While Option A offers a higher star rating"
12479,B,"I would choose **Option B**.

**Reasoning:**

1. **"
12480,B,"I would choose **Option B**.

**Reasoning:**

1. **"
12481,B,"I would choose **Option B**.

**Reasoning:**

1. **"
12482,B,"I would choose **Option B**.

**Reasoning:**

1. **"
12483,A,"I would choose **Option C**.

**Reasoning:**  
- **Location"
12484,A,"I would choose **Option C**.

**Reasoning:**  
- **Location"
12485,B,"I would choose **Option B**.

**Reasoning:**  
While Option A"
12486,C,"I would choose **Option A**.

The Williamsburg Hotel offers a high guest"
12487,C,"I would choose **Option A**.

The Williamsburg Hotel offers a high guest"
12488,B,"I would choose **Option B**.

**Reasoning:**  
While all three"
12489,A,"I would choose **Option C**.

While Option A offers a higher star rating"
12490,A,"I would choose **Option C**.

While Option A offers a higher star rating"
12491,B,"I would choose **Option B**.

**Reasoning:**  
While Option C"
12492,A,"I would choose **Option C**.

While Option A has a high guest review"
12493,A,"I would choose **Option C**.

While Option A offers a high guest review"
12494,A,"I would choose **Option C**.

While Option A offers a high guest review"
12495,A,"I would choose **Option C**.

While Option A offers a high guest review"
12496,A,"I would choose **Option C**.

While Option A offers a high guest review"
12497,B,"I would choose **Option B**.

The St. Regis New York is"
12498,A,"I would choose **Option C**.

The Broadway Plaza Hotel offers a great combination"
12499,B,"I would choose **Option B**.

**Reasoning:**  
While Option A"
12500,B,"I would choose **Option B**.

**Reasoning:**  
While Option C"
12501,A,"I would choose **Option C**.

The Broadway Plaza Hotel offers a higher guest"
12502,A,"I would choose **Option C**.

The Broadway Plaza Hotel offers a great combination"
12503,B,"I would choose **Option B**.

**Reasoning:**  
While Option A"
12504,B,"I would choose **Option B**.

**Reasoning:**

- **Location"
12505,A,"I would choose **Option C**.

While Option A offers a high-star hotel"
12506,A,"I would choose **Option C**.

While Option A offers a higher star rating"
12507,B,"I would choose **Option B**.

**Reasoning:**  
While Option A"
12508,A,"I would choose **Option C**.

While Option A offers a higher star rating"
12509,A,"I would choose **Option C**.

The Residence Inn New York Manhattan/Mid"
12510,B,"I would choose **Option B**.

**Reasoning:**  
While all three"
12511,B,"I would choose **Option B**.

**Reasoning:**  
While Option A"
12512,B,"I would choose **Option B**.

**Reasoning:**  
While all three"
12513,A,"I would choose **Option C**.

The Residence Inn New York Manhattan/Mid"
12514,B,"I would choose **Option B**.

**Reasoning:** Option B offers a"
12515,A,"I would choose **Option C**.

**Reasoning:**

- **Location"
12516,A,"I would choose **Option C**.

While Option A has a slightly higher guest"
12517,B,"I would choose **Option B**.

**Reasoning:** Option B offers a"
12518,B,"I would choose **Option B**.

**Reasoning:**  
Option B offers"
12519,A,"I would choose **Option C**.

While Option A has a slightly higher star"
12520,B,"I would choose **Option B**.

**Reasoning:**

1. **"
12521,B,"I would choose **Option B**.

**Reasoning:**

- **Location"
12522,A,"I would choose **Option C**.

While Option A offers a higher star rating"
12523,A,"I would choose **Option C**.

While Option A offers a high guest review"
12524,B,"I would choose **Option B**.

**Reasoning:**  
While Option A"
12525,A,"I would choose **Option C**.

While Option A offers a higher star rating"
12526,A,"I would choose **Option C**.

While Option A offers a high guest review"
12527,B,"I would choose **Option B**.

**Reasoning:**

- **Location"
12528,A,"I would choose **Option C**.

**Reasoning:**  
While all three"
12529,B,"I would choose **Option B**.

**Reasoning:**  
While Option C"
12530,B,"I would choose **Option B**.

**Reasoning:** Option B offers a"
12531,A,"I would choose **Option C**.

**Reasoning:**

- **Location"
12532,A,"I would choose **Option C**.

**Reasoning:**  
While all three"
12533,B,"I would choose **Option B**.

**Reasoning:**  
While Option C"
12534,B,"I would choose **Option B**.

**Reasoning:**  
While Option C"
12535,B,"I would choose **Option B**.

**Reasoning:**  
While Option C"
12536,C,"I would choose **Option A**.

**Reasoning:**  
While Option B"
12537,B,"I would choose **Option B**.

**Reasoning:**

- **Location"
12538,A,"I would choose **Option C**.

The The Plaza is a 5-star"
12539,B,"I would choose **Option B**.

**Reasoning:**

- **Location"
12540,A,"I would choose **Option C**.

**Reasoning:**

1. **"
12541,A,"I would choose **Option C**.

**Reasoning:**

- **Location"
12542,A,"I would choose **Option C**.

While Option A offers a high guest review"
12543,B,"I would choose **Option B**.

**Reasoning:**

1. **"
12544,A,"I would choose **Option C**.

**Reasoning:**

1. **"
12545,A,"I would choose **Option C**.

**Reasoning:**  
While Option A"
12546,A,"I would choose **Option C**.

**Reasoning:**  
While all three"
12547,A,"I would choose **Option C**.

**Reasoning:**  
While Option A"
12548,C,"I would choose **Option A**.

**Reasoning:**  
Option A offers"
12549,C,"I would choose **Option A**.

The Renwick Hotel offers a high guest"
12550,A,"I would choose **Option C**.

**Reasoning:**  
While Option A"
12551,B,"I would choose **Option B**.

**Reasoning:**  
While all three"
12552,A,"I would choose **Option C**.

While all three options provide similar amenities like"
12553,B,"I would choose **Option B**.

**Reasoning:** Option B offers a"
12554,A,"I would choose **Option C**.

**Reasoning:**  
While all three"
12555,B,"I would choose **Option B**.

**Reasoning:**

- **Price"
12556,A,"I would choose **Option C**.

While Option A offers a lower price and"
12557,B,"I would choose **Option B**.

**Reasoning:**  
While Option A"
12558,B,"I would choose **Option B**.

**Reasoning:**  
While Option A"
12559,A,"I would choose **Option C**.

**Reasoning:**

1. **"
12560,B,"I would choose **Option B**.

**Reasoning:**

1. **"
12561,B,"I would choose **Option B**.

**Reasoning:**

- **Location"
12562,A,"I would choose **Option C**.

The Pearl Hotel New York offers a great"
12563,B,"I would choose **Option B**.

**Reasoning:**  
While Option C"
12564,C,"I would choose **Option A**.

**Reasoning:**  
While Option B"
12565,B,"I would choose **Option B**.

**Reasoning:**  
Option B offers"
12566,A,"I would choose **Option C**.

**Reasoning:**  
While all three"
12567,B,"I would choose **Option B**.

**Reasoning:**  
While Option A"
12568,B,"I would choose **Option B**.

**Reasoning:**  
Option B offers"
12569,B,"I would choose **Option B**.

**Reasoning:**  
Option B offers"
12570,B,"I would choose **Option B**.

**Reasoning:**  
While Option A"
12571,B,"I would choose **Option B**.

**Reasoning:**  
While Option A"
12572,B,"I would choose **Option B**.

**Reasoning:**  
While Option A"
12573,B,"I would choose **Option B**.

**Reasoning:**  
While Option A"
12574,B,"I would choose **Option B**.

**Reasoning:**  
While Option A"
12575,B,"I would choose **Option B**.

**Reasoning:**  
While Option C"
12576,A,"I would choose **Option C**.

The The Dominick Hotel is a"
12577,A,"I would choose **Option C**.

The The Dominick Hotel is a"
12578,A,"I would choose **Option C**.

The The Dominick Hotel is a"
12579,A,"I would choose **Option C**.

The The Dominick Hotel is a"
12580,A,"I would choose **Option C**.

The The Dominick Hotel is a"
12581,A,"I would choose **Option C**.

**Reasoning:**  
- **Location"
12582,B,"I would choose **Option B**.

**Reasoning:**  
While all three"
12583,B,"I would choose **Option B**.

**Reasoning:**  
Option B offers"
12584,A,"I would choose **Option C**.

**Reasoning:**  
While all three"
12585,A,"I would choose **Option C**.

**Reasoning:**  
While all three"
12586,A,"I would choose **Option C**.

**Reasoning:**  
While all three"
12587,B,"I would choose **Option B**.

While Option A offers a high-star hotel"
12588,A,"I would choose **Option C**.

While Option A offers a high guest review"
12589,A,"I would choose **Option C**.

While Option A offers a high guest review"
12590,B,"I would choose **Option B**.

**Reasoning:**  
While Option A"
12591,A,"I would choose **Option C**.

While Option A offers a high-star hotel"
12592,A,"I would choose **Option C**.

**Reasoning:** 

- **Location"
12593,B,"I would choose **Option B**.

**Reasoning:**

1. **"
12594,B,"I would choose **Option B**.

**Reasoning:**  
While Option A"
12595,A,"I would choose **Option C**.

While all three options are in highly rated"
12596,A,"I would choose **Option C**.

While Option A and Option B offer higher"
12597,A,"I would choose **Option C**.

While Option A and Option B are both"
12598,A,"I would choose **Option C**.

While Option A has a slightly higher guest"
12599,B,"I would choose **Option B**.

**Reasoning:**

- **Location"
12600,B,"I would choose **Option B**.

**Reasoning:** Option B offers a"
12601,B,"I would choose **Option B**.

**Reasoning:**

- **Location"
12602,A,"I would choose **Option C**.

**Reasoning:** Option C offers a"
12603,B,"I would choose **Option B**.

**Reasoning:**

1. **"
12604,B,"I would choose **Option B**.

**Reasoning:** Option B offers a"
12605,B,"I would choose **Option B**.

**Reasoning:**  
Option B offers"
12606,A,"I would choose **Option C**.

While Option B offers a higher star rating"
12607,A,"I would choose **Option C**.

While Option B offers a higher star rating"
12608,B,"I would choose **Option B**.

**Reasoning:**  
While Option A"
12609,B,"I would choose **Option B**.

**Reasoning:**  
Option B offers"
12610,A,"I would choose **Option C**.

While Option B offers a higher star rating"
12611,B,"I would choose **Option B**.

**Reasoning:**  
While Option C"
12612,B,"I would choose **Option B**.

**Reasoning:**

1. **"
12613,B,"I would choose **Option B**.

**Reasoning:**

- **Location"
12614,B,"I would choose **Option B**.

**Reasoning:**

1. **"
12615,B,"I would choose **Option B**.

**Reasoning:**  
While Option C"
12616,B,"I would choose **Option B**.

**Reasoning:**  
While Option A"
12617,B,"I would choose **Option B**.

**Reasoning:**  
While Option A"
12618,B,"I would choose **Option B**.

**Reasoning:**  
While Option A"
12619,B,"I would choose **Option B**.

**Reasoning:** Option B offers a"
12620,A,"I would choose **Option C**.

**Reasoning:**

1. **"
12621,A,"I would choose **Option C**.

The Ned NoMad is a highly-rated"
12622,B,"I would choose **Option B**.

**Reasoning:**  
While Option A"
12623,C,"I would choose **Option A**.

**Reasoning:**  
While Option C"
12624,B,"I would choose **Option B**.

**Reasoning:**

1. **"
12625,A,"I would choose **Option C**.

The InterContinental New York Times Square"
12626,A,"I would choose **Option C**.

The InterContinental New York Times Square"
12627,A,C
12628,B,"I would choose **Option B**.

**Reasoning:**  
While Option C"
12629,A,"I would choose **Option C**.

**Reasoning:**

- **Location"
12630,B,"I would choose **Option B**.

While all three options are in the Lower"
12631,A,"I would choose **Option C**.

**Reasoning:**

- **Location"
12632,A,"I would choose **Option C**.

**Reasoning:**

- **Location"
12633,B,"I would choose **Option B**.

While Option A has a higher star rating"
12634,C,"I would choose **Option A**.

The Ludlow Hotel in the Lower East"
12635,B,"I would choose **Option B**.

**Reasoning:**  
While Option A"
12636,B,"I would choose **Option B**.

**Reasoning:**

- **Location"
12637,B,"I would choose **Option B**.

**Reasoning:**  
While Option A"
12638,A,"I would choose **Option C**.

**Reasoning:**  
While Option A"
12639,B,"I would choose **Option B**.

**Reasoning:**

1. **"
12640,C,"I would choose **Option A**.

**Reasoning:**  
While Option B"
12641,C,"I would choose **Option A**.

**Reasoning:**  
Option A offers"
12642,B,"I would choose **Option B**.

While Option A offers a higher star rating"
12643,C,"I would choose **Option A**.

**Reasoning:** Option A offers a"
12644,B,"I would choose **Option B**.

While Option A offers a higher star rating"
12645,C,"I would choose **Option A**.

**Reasoning:** Option A offers a"
12646,B,"I would choose **Option B**.

**Reasoning:**  
While Option A"
12647,B,"I would choose **Option B**.

**Reasoning:**

1. **"
12648,A,"I would choose **Option C**.

**Reasoning:**

1. **"
12649,B,"I would choose **Option B**.

While Option A has a higher guest review"
12650,A,"I would choose **Option C**.

**Reasoning:**

- **Location"
12651,B,"I would choose **Option B**.

**Reasoning:**

- **Location"
12652,A,"I would choose **Option C**.

**Reasoning:**  
- **Location"
12653,A,"I would choose **Option C**.

While Option A offers a lower price and"
12654,B,"I would choose **Option B**.

**Reasoning:**

- **Location"
12655,B,"I would choose **Option B**.

**Reasoning:**

- **Location"
12656,A,"I would choose **Option C**.

While Option B offers a higher star rating"
12657,B,"I would choose **Option B**.

**Reasoning:**  
While Option A"
12658,B,"I would choose **Option B**.

**Reasoning:**

- **Location"
12659,B,"I would choose **Option B**.

**Reasoning:**

- **Location"
12660,B,"I would choose **Option B**.

**Reasoning:**

1. **"
12661,A,"I would choose **Option C**.

**Reasoning:**  
While all three"
12662,A,"I would choose **Option C**.

**Reasoning:**

- **Location"
12663,A,"I would choose **Option C**.

**Reasoning:**  
- **Location"
12664,B,"I would choose **Option B**.

**Reasoning:**

- **Location"
12665,B,"I would choose **Option B**.

**Reasoning:**

1. **"
12666,A,"I would choose **Option C**.

**Reasoning:**

- **Location"
12667,B,"I would choose **Option B**.

While Option C has a higher star rating"
12668,A,"I would choose **Option C**.

**Reasoning:**

- **Location"
12669,B,"I would choose **Option B**.

**Reasoning:**

1. **"
12670,B,"I would choose **Option B**.

**Reasoning:**

1. **"
12671,B,"I would choose **Option B**.

**Reasoning:**

1. **"
12672,A,"I would choose **Option C**.

**Reasoning:**  
While Option A"
12673,A,"I would choose **Option C**.

**Reasoning:**  
While Option A"
12674,B,"I would choose **Option B**.

**Reasoning:**  
While Option A"
12675,C,"I would choose **Option A**.

**Reasoning:**  
While Option C"
12676,B,"I would choose **Option B**.

While Option A offers a high-star rating"
12677,A,"I would choose **Option C**.

The MADE Hotel in Midtown offers a"
12678,B,"I would choose **Option B**.

While Option A has a higher guest review"
12679,A,"I would choose **Option C**.

The MADE Hotel in Midtown offers a"
12680,B,"I would choose **Option B**.

**Reasoning:**  
While Option A"
12681,B,"I would choose **Option B**.

**Reasoning:**

1. **"
12682,B,"I would choose **Option B**.

While Option A offers a high guest review"
12683,A,"I would choose **Option C**.

While Option B offers a higher star rating"
12684,A,"I would choose **Option C**.

While Option B offers more amenities like a"
12685,B,"I would choose **Option B**.

**Reasoning:**  
Option B offers"
12686,A,"I would choose **Option C**.

While Option B offers more amenities like a"
12687,B,"I would choose **Option B**.

**Reasoning:**  
Option B offers"
12688,A,"I would choose **Option C**.

While Option B offers a higher star rating"
12689,B,"I would choose **Option B**.

**Reasoning:**  
While Option A"
12690,B,"I would choose **Option B**.

**Reasoning:**

1. **"
12691,B,"I would choose **Option B**.

**Reasoning:**  
While Option C"
12692,B,"I would choose **Option B**.

**Reasoning:**  
While Option C"
12693,B,"I would choose **Option B**.

**Reasoning:**  
While Option A"
12694,B,"I would choose **Option B**.

**Reasoning:**  
While Option C"
12695,B,"I would choose **Option B**.

**Reasoning:**  
While all three"
12696,B,"I would choose **Option B**.

**Reasoning:**

1. **"
12697,A,"I would choose **Option C**.

**Reasoning:**  
While all three"
12698,B,"I would choose **Option B**.

**Reasoning:**  
While Option A"
12699,A,"I would choose **Option C**.

**Reasoning:**  
While Option A"
12700,B,"I would choose **Option B**.

While Option A offers a studio suite at"
12701,B,"I would choose **Option B**.

**Reasoning:**  
While Option A"
12702,A,"I would choose **Option C**.

While Option B offers a higher star rating"
12703,B,"I would choose **Option B**.

**Reasoning:**  
Option B offers"
12704,A,"I would choose **Option C**.

**Reasoning:**  
While Option B"
12705,B,"I would choose **Option B**.

**Reasoning:**  
Option B offers"
12706,A,"I would choose **Option C**.

The Wall Street Hotel offers a higher guest"
12707,B,"I would choose **Option B**.

**Reasoning:**  
While Option A"
12708,B,"I would choose **Option B**.

**Reasoning:**  
Option B offers"
12709,B,"I would choose **Option B**.

**Reasoning:**  
Option B offers"
12710,B,"I would choose **Option B**.

**Reasoning:**  
Option B offers"
12711,B,"I would choose **Option B**.

**Reasoning:**  
Option B offers"
12712,B,"I would choose **Option B**.

**Reasoning:**  
Option B offers"
12713,A,"I would choose **Option C**.

While Option B offers a higher rating and"
12714,B,"I would choose **Option B**.

**Reasoning:**  
While Option A"
12715,B,"I would choose **Option B**.

**Reasoning:**  
While Option A"
12716,B,"I would choose **Option B**.

**Reasoning:**  
While Option A"
12717,B,"I would choose **Option B**.

**Reasoning:**  
Option B offers"
12718,B,"I would choose **Option B**.

**Reasoning:**  
Option B offers"
12719,C,"I would choose **Option A**.

**Reasoning:**  
While all three"
12720,B,"I would choose **Option B**.

**Reasoning:**

- **Location"
12721,B,"I would choose **Option B**.

**Reasoning:**  
While Option A"
12722,B,"I would choose **Option B**.

**Reasoning:**

1. **"
12723,B,"I would choose **Option B**.

**Reasoning:**  
While Option A"
12724,B,"I would choose **Option B**.

**Reasoning:**

- **Price"
12725,B,"I would choose **Option B**.

**Reasoning:**  
While all three"
12726,B,"I would choose **Option B**.

**Reasoning:**

1. **"
12727,B,"I would choose **Option B**.

**Reasoning:**

1. **"
12728,C,"I would choose **Option A**.

**Reasoning:**  
- **Location"
12729,B,"I would choose **Option B**.

**Reasoning:**

1. **"
12730,B,"I would choose **Option B**.

**Reasoning:**

- **Price"
12731,A,"I would choose **Option C**.

**Reasoning:**  
While Option B"
12732,B,"I would choose **Option B**.

**Reasoning:**

1. **"
12733,A,"I would choose **Option C**.

**Reasoning:**  
While Option B"
12734,B,"I would choose **Option B**.

**Reasoning:**

1. **"
12735,A,"I would choose **Option C**.

**Reasoning:**  
While Option B"
12736,B,"I would choose **Option B**.

**Reasoning:**  
While Option A"
12737,B,"I would choose **Option B**.

**Reasoning:**  
While Option A"
12738,A,"I would choose **Option C**.

While Option A offers a higher star rating"
12739,B,"I would choose **Option B**.

**Reasoning:** Option B offers a"
12740,B,"I would choose **Option B**.

While Option A offers a higher star rating"
12741,A,"I would choose **Option C**.

While all three options provide free WiFi,"
12742,C,"I would choose **Option A**.

The Conrad New York Midtown is a"
12743,A,"I would choose **Option C**.

While Option A offers a higher star rating"
12744,A,"I would choose **Option C**.

**Reasoning:**

- **Location"
12745,B,"I would choose **Option B**.

**Reasoning:**

1. **"
12746,A,"I would choose **Option C**.

**Reasoning:**

- **Location"
12747,A,"I would choose **Option C**.

**Reasoning:**  
While all three"
12748,B,"I would choose **Option B**.

**Reasoning:**  
While all three"
12749,B,"I would choose **Option B**.

**Reasoning:**  
While Option A"
12750,A,"I would choose **Option C**.

**Reasoning:**  
- **Location"
12751,C,"I would choose **Option A**.

**Reasoning:**  
While Option B"
12752,B,"I would choose **Option B**.

**Reasoning:**  
While Option A"
12753,B,"I would choose **Option B**.

**Reasoning:**  
While Option A"
12754,B,"I would choose **Option B**.

**Reasoning:**  
While Option A"
12755,A,"I would choose **Option C**.

**Reasoning:**

1. **"
12756,A,"I would choose **Option C**.

**Reasoning:**

1. **"
12757,B,"I would choose **Option B**.

**Reasoning:**

1. **"
12758,A,"I would choose **Option C**.

**Reasoning:**

1. **"
12759,B,"I would choose **Option B**.

**Reasoning:**  
While Option A"
12760,A,"I would choose **Option C**.

**Reasoning:**

1. **"
12761,B,"I would choose **Option B**.

**Reasoning:**  
While Option A"
12762,B,"I would choose **Option B**.

**Reasoning:**  
While Option A"
12763,B,"I would choose **Option B**.

**Reasoning:**  
While Option A"
12764,B,"I would choose **Option B**.

**Reasoning:**  
Option B offers"
12765,B,"I would choose **Option B**.

**Reasoning:**  
While Option A"
12766,B,"I would choose **Option B**.

**Reasoning:**  
While Option A"
12767,C,"I would choose **Option A**.

**Reasoning:**  
While Option B"
12768,A,"I would choose **Option C**.

**Reasoning:**  
While Option A"
12769,B,"I would choose **Option B**.

**Reasoning:**

- **Location"
12770,B,"I would choose **Option B**.

**Reasoning:**  
While Option A"
12771,B,"I would choose **Option B**.

**Reasoning:**

- **Location"
12772,B,"I would choose **Option B**.

While Option A offers a high guest review"
12773,A,"I would choose **Option C**.

While Option A offers a high-star rating"
12774,B,"I would choose **Option B**.

While Option A offers a high-star rating"
12775,B,"I would choose **Option B**.

**Reasoning:**  
While Option A"
12776,A,"I would choose **Option C**.

While Option A offers a high-star rating"
12777,A,"I would choose **Option C**.

While Option A offers a high-star rating"
12778,A,"I would choose **Option C**.

While Option A offers a high-star rating"
12779,A,"I would choose **Option C**.

**Reasoning:**  
While Option A"
12780,A,"I would choose **Option C**.

While Option A offers a high guest review"
12781,C,"I would choose **Option A**.

The Peninsula New York is a 5"
12782,A,"I would choose **Option C**.

**Reasoning:**

1. **"
12783,C,"I would choose **Option A**.

The Peninsula New York is a 5"
12784,B,"I would choose **Option B**.

**Reasoning:**  
While Option A"
12785,B,"I would choose **Option B**.

**Reasoning:**

1. **"
12786,B,"I would choose **Option B**.

**Reasoning:**  
While Option A"
12787,C,A
12788,B,"I would choose **Option B**.

**Reasoning:**  
While all three"
12789,B,"I would choose **Option B**.

**Reasoning:**

- **Location"
12790,B,"I would choose **Option B**.

**Reasoning:**  
Option B offers"
12791,B,"I would choose **Option B**.

While Option C offers a higher star rating"
12792,B,"I would choose **Option B**.

While Option C offers a higher star rating"
12793,B,"I would choose **Option B**.

**Reasoning:**  
While Option C"
12794,B,"I would choose **Option B**.

While Option C offers a higher star rating"
12795,B,"I would choose **Option B**.

**Reasoning:**  
While Option C"
12796,B,"I would choose **Option B**.

While Option C offers a higher star rating"
12797,A,"I would choose **Option C**.

The MADE Hotel in Midtown offers a"
12798,A,"I would choose **Option C**.

The MADE Hotel in Midtown has an"
12799,A,"I would choose **Option C**.

The MADE Hotel in Midtown offers a"
12800,B,"I would choose **Option B**.

**Reasoning:**  
While Option A"
12801,A,"I would choose **Option C**.

The MADE Hotel in Midtown offers a"
12802,B,"I would choose **Option B**.

While Option A offers a higher star rating"
12803,B,"I would choose **Option B**.

**Reasoning:**

1. **"
12804,B,"I would choose **Option B**.

**Reasoning:**

1. **"
12805,B,"I would choose **Option B**.

**Reasoning:**  
While all three"
12806,B,"I would choose **Option B**.

**Reasoning:**

1. **"
12807,B,"I would choose **Option B**.

**Reasoning:**

- **Location"
12808,C,"I would choose **Option A**.

**Reasoning:**

1. **"
12809,A,"I would choose **Option C**.

**Reasoning:**  
While Option B"
12810,A,"I would choose **Option C**.

**Reasoning:**  
While Option B"
12811,B,"I would choose **Option B**.

**Reasoning:**  
While Option A"
12812,A,"I would choose **Option C**.

While Option B offers higher star rating and"
12813,B,"I would choose **Option B**.

**Reasoning:**  
While Option A"
12814,B,"I would choose **Option B**.

**Reasoning:**  
While Option A"
12815,A,"I would choose **Option C**.

While all three options provide good amenities like"
12816,B,"I would choose **Option B**.

**Reasoning:**  
While Option A"
12817,B,"I would choose **Option B**.

**Reasoning:**  
While Option A"
12818,B,"I would choose **Option B**.

**Reasoning:**  
While all three"
12819,B,"I would choose **Option B**.

While Option A offers a higher star rating"
12820,A,"I would choose **Option C**.

While all three options offer free cancellation and"
12821,B,"I would choose **Option B**.

**Reasoning:**  
While Option A"
12822,B,"I would choose **Option B**.

**Reasoning:**  
While Option A"
12823,A,"I would choose **Option C**.

**Reasoning:**

1. **"
12824,B,"I would choose **Option B**.

**Reasoning:**  
While Option C"
12825,B,"I would choose **Option B**.

**Reasoning:**  
While Option A"
12826,B,"I would choose **Option B**.

**Reasoning:**  
While Option C"
12827,A,"I would choose **Option C**.

The Casablanca Hotel by Library"
12828,A,"I would choose **Option C**.

The Casablanca Hotel by Library"
12829,A,"I would choose **Option C**.

The Casablanca Hotel by Library"
12830,B,"I would choose **Option B**.

**Reasoning:**  
While Option C"
12831,B,"I would choose **Option B**.

While Option C offers a higher star rating"
12832,A,"I would choose **Option C**.

The Casablanca Hotel by Library"
12833,A,"I would choose **Option C**.

The Bryant Park Hotel is a 4"
12834,B,"I would choose **Option B**.

**Reasoning:**  
Option B offers"
12835,B,"I would choose **Option B**.

**Reasoning:**  
While Option C"
12836,B,"I would choose **Option B**.

**Reasoning:**  
While Option C"
12837,B,"I would choose **Option B**.

**Reasoning:**  
While Option A"
12838,B,"I would choose **Option B**.

**Reasoning:**  
While Option A"
12839,A,"I would choose **Option C**.

While all three options offer free cancellation and"
12840,B,"I would choose **Option B**.

**Reasoning:**  
While all three"
12841,A,"I would choose **Option C**.

While all three options have high guest review"
12842,B,"I would choose **Option B**.

**Reasoning:**  
Option B offers"
12843,A,"I would choose **Option C**.

While all three options are high-rated hotels"
12844,A,"I would choose **Option C**.

**Reasoning:**  
While Option A"
12845,B,"I would choose **Option B**.

**Reasoning:**  
Option B offers"
12846,A,"I would choose **Option C**.

While Option A has a high guest review"
12847,A,"I would choose **Option C**.

**Reasoning:**

- **Location"
12848,B,"I would choose **Option B**.

**Reasoning:**  
While Option A"
12849,A,"I would choose **Option C**.

**Reasoning:**

1. **"
12850,B,"I would choose **Option B**.

**Reasoning:**  
Option B offers"
12851,B,"I would choose **Option B**.

**Reasoning:**

1. **"
12852,B,"I would choose **Option B**.

**Reasoning:**

1. **"
12853,C,"I would choose **Option A**.

**Reasoning:**  
Option A offers"
12854,B,"I would choose **Option B**.

**Reasoning:**  
While Option A"
12855,B,"I would choose **Option B**.

**Reasoning:**  
While Option C"
12856,B,"I would choose **Option B**.

**Reasoning:**  
While Option C"
12857,A,"I would choose **Option C**.

**Reasoning:**  
While Option A"
12858,B,"I would choose **Option B**.

**Reasoning:**

1. **"
12859,B,"I would choose **Option B**.

**Reasoning:**

- **Star"
12860,B,"I would choose **Option B**.

**Reasoning:** Option B offers a"
12861,B,"I would choose **Option B**.

**Reasoning:**

1. **"
12862,A,"I would choose **Option C**.

**Reasoning:**  
- **Star"
12863,A,"I would choose **Option C**.

The The Dominick Hotel is a"
12864,A,"I would choose **Option C**.

The The Dominick Hotel is a"
12865,A,"I would choose **Option C**.

The The Dominick Hotel is a"
12866,A,"I would choose **Option C**.

The The Dominick Hotel is a"
12867,B,"I would choose **Option B**.

**Reasoning:**  
While Option C"
12868,A,"I would choose **Option C**.

The The Dominick Hotel is a"
12869,B,"I would choose **Option B**.

**Reasoning:**  
While all three"
12870,B,"I would choose **Option B**.

**Reasoning:**  
While all three"
12871,A,"I would choose **Option C**.

**Reasoning:**  
While all three"
12872,B,"I would choose **Option B**.

**Reasoning:**  
While all three"
12873,B,"I would choose **Option B**.

**Reasoning:**  
While all three"
12874,A,"I would choose **Option C**.

**Reasoning:**  
While all three"
12875,A,"I would choose **Option C**.

While all three options are in Times Square"
12876,A,"I would choose **Option C**.

While Option A offers a higher star rating"
12877,A,"I would choose **Option C**.

While Option A has a slightly higher star"
12878,B,"I would choose **Option B**.

**Reasoning:**

- **Location"
12879,B,"I would choose **Option B**.

While Option C offers a free breakfast and"
12880,B,"I would choose **Option B**.

While Option C offers a higher price and"
12881,B,"I would choose **Option B**.

**Reasoning:**

1. **"
12882,B,"I would choose **Option B**.

**Reasoning:**

1. **"
12883,B,"I would choose **Option B**.

**Reasoning:**  
While Option A"
12884,B,"I would choose **Option B**.

**Reasoning:**  
While all three"
12885,B,"I would choose **Option B**.

**Reasoning:**

- **Location"
12886,B,"I would choose **Option B**.

**Reasoning:**

- **Location"
12887,A,"I would choose **Option C**.

**Reasoning:**  
While all three"
12888,C,"I would choose **Option A**.

**Reasoning:**  
- **Location"
12889,C,"I would choose **Option A**.

**Reasoning:**  
- **Location"
12890,B,"I would choose **Option B**.

**Reasoning:**

1. **"
12891,A,"I would choose **Option C**.

**Reasoning:**

- **Location"
12892,B,"I would choose **Option B**.

**Reasoning:**  
While Option A"
12893,B,"I would choose **Option B**.

**Reasoning:**

1. **"
12894,A,"I would choose **Option C**.

**Reasoning:**

- **Location"
12895,C,"I would choose **Option A**.

**Reasoning:**  
- **Location"
12896,B,"I would choose **Option B**.

While Option A offers a higher star rating"
12897,C,A
12898,B,"I would choose **Option B**.

**Reasoning:**  
While Option A"
12899,A,"I would choose **Option C**.

The Four Seasons Hotel New York Downtown is"
12900,B,"After carefully considering all the options, I would choose **Option B**. While"
12901,A,"I would choose **Option C**.

The Four Seasons Hotel New York Downtown is"
12902,A,"I would choose **Option C**.

The Four Seasons Hotel New York Downtown is"
12903,A,"I would choose **Option C**.

The Four Seasons Hotel New York Downtown is"
12904,A,"I would choose **Option C**.

The Four Seasons Hotel New York Downtown is"
12905,A,"After carefully considering all the options, I would choose **Option C**. The"
12906,C,"I would choose **Option A**.

**Reasoning:**  
Option A offers"
12907,B,"I would choose **Option B**.

While Option A offers a high guest review"
12908,A,"I would choose **Option C**.

**Reasoning:**

- **Location"
12909,B,"I would choose **Option B**.

While all three options are 3-star"
12910,A,"I would choose **Option C**.

**Reasoning:**

- **Location"
12911,A,"I would choose **Option C**.

**Reasoning:**  
While all three"
12912,B,"I would choose **Option B**.

**Reasoning:**

- **Location"
12913,B,"I would choose **Option B**.

**Reasoning:**

- **Location"
12914,B,"I would choose **Option B**.

**Reasoning:**

1. **"
12915,B,"I would choose **Option B**.

**Reasoning:**

- **Location"
12916,B,"I would choose **Option B**.

**Reasoning:**

- **Price"
12917,B,"I would choose **Option B**.

**Reasoning:**  
While Option A"
12918,A,"I would choose **Option C**.

While Option B offers a higher star rating"
12919,C,"I would choose **Option A**.

**Reasoning:**  
Option A offers"
12920,C,"I would choose **Option A**.

**Reasoning:**  
Option A offers"
12921,A,"I would choose **Option C**.

While Option A offers a high guest review"
12922,A,"I would choose **Option C**.

While Option A offers a high guest review"
12923,B,"I would choose **Option B**.

**Reasoning:**  
While Option A"
12924,B,"I would choose **Option B**.

While Option A offers a high-star rating"
12925,B,"I would choose **Option B**.

**Reasoning:**  
Option B offers"
12926,B,"I would choose **Option B**.

**Reasoning:**  
While Option A"
12927,B,"I would choose **Option B**.

While Option A offers a high-star rating"
12928,B,"I would choose **Option B**.

**Reasoning:**

- **Location"
12929,C,"I would choose **Option A**.

**Reasoning:**  
While Option C"
12930,A,"I would choose **Option C**.

The InterContinental New York Times Square"
12931,B,"I would choose **Option B**.

While Option C offers a higher star rating"
12932,A,"I would choose **Option C**.

The InterContinental New York Times Square"
12933,B,"I would choose **Option B**.

**Reasoning:**

1. **"
12934,B,"I would choose **Option B**.

**Reasoning:**  
While Option C"
12935,B,"I would choose **Option B**.

**Reasoning:**  
While Option C"
12936,B,"I would choose **Option B**.

**Reasoning:**  
While Option C"
12937,B,"I would choose **Option B**.

**Reasoning:**  
While Option C"
12938,B,"I would choose **Option B**.

**Reasoning:**  
While Option C"
12939,A,C
12940,A,"I would choose **Option C**.

The Whitby Hotel is a 5"
12941,A,"I would choose **Option C**.

While Option A offers a high guest review"
12942,B,"I would choose **Option B**.

**Reasoning:**  
While Option C"
12943,B,"I would choose **Option B**.

**Reasoning:**  
While all three"
12944,B,"I would choose **Option B**.

**Reasoning:**  
While all three"
12945,A,"I would choose **Option C**.

While Option B offers a lower price and"
12946,B,"I would choose **Option B**.

**Reasoning:**  
While all three"
12947,A,"I would choose **Option C**.

The Hyatt Centric Wall Street New"
12948,B,"I would choose **Option B**.

While Option C offers higher star rating and"
12949,A,"I would choose **Option C**.

The Hyatt Centric Wall Street New"
12950,A,"I would choose **Option C**.

The Hyatt Centric Wall Street New"
12951,B,"I would choose **Option B**.

While Option C offers a higher star rating"
12952,A,"I would choose **Option C**.

The Hyatt Centric Wall Street New"
12953,B,"I would choose **Option B**.

**Reasoning:**  
Option B offers"
12954,A,"I would choose **Option C**.

**Reasoning:**  
- **Location"
12955,A,"I would choose **Option C**.

The Hilton Garden Inn New York/Central"
12956,A,"I would choose **Option C**.

**Reasoning:**  
Option C offers"
12957,A,"I would choose **Option C**.

**Reasoning:**  
While all three"
12958,A,"I would choose **Option C**.

The Hilton Garden Inn New York/Central"
12959,A,"I would choose **Option C**.

The Courtyard by Marriott Manhattan/Central"
12960,B,"I would choose **Option B**.

**Reasoning:**  
While Option C"
12961,A,"I would choose **Option C**.

**Reasoning:**  
While Option A"
12962,A,"I would choose **Option C**.

**Reasoning:**  
While all three"
12963,C,"I would choose **Option A**.

**Reasoning:**  
While Option C"
12964,C,"I would choose **Option A**.

**Reasoning:**  
While Option C"
12965,B,"I would choose **Option B**.

**Reasoning:**

- **Price"
12966,C,"I would choose **Option A**.

**Reasoning:**  
- **Location"
12967,C,"I would choose **Option A**.

**Reasoning:**  
While Option C"
12968,C,"I would choose **Option A**.

**Reasoning:**  
- **Location"
12969,A,"I would choose **Option C**.

**Reasoning:**

1. **"
12970,B,"I would choose **Option B**.

While Option A has a higher guest review"
12971,A,"I would choose **Option C**.

**Reasoning:**  
While Option A"
12972,A,"I would choose **Option C**.

**Reasoning:**  
While all three"
12973,A,"I would choose **Option C**.

**Reasoning:**  
While all three"
12974,A,"I would choose **Option C**.

**Reasoning:**  
While all three"
12975,A,"I would choose **Option C**.

**Reasoning:**  
While all three"
12976,B,"I would choose **Option B**.

**Reasoning:**

1. **"
12977,C,"I would choose **Option A**.

**Reasoning:**  
Option A offers"
12978,B,"I would choose **Option B**.

**Reasoning:**  
While Option A"
12979,C,"I would choose **Option A**.

The Sofitel New York is a"
12980,C,"I would choose **Option A**.

The Sofitel New York is a"
12981,C,"I would choose **Option A**.

The Sofitel New York is a"
12982,B,"I would choose **Option B**.

**Reasoning:**  
While Option A"
12983,B,"I would choose **Option B**.

**Reasoning:**  
While Option A"
12984,A,"I would choose **Option C**.

**Reasoning:**  
While all three"
12985,B,"I would choose **Option B**.

**Reasoning:**  
While Option A"
12986,B,"I would choose **Option B**.

**Reasoning:**  
While Option A"
12987,B,"I would choose **Option B**.

**Reasoning:** Option B offers a"
12988,A,"I would choose **Option C**.

**Reasoning:**  
While Option A"
12989,A,"I would choose **Option C**.

**Reasoning:**  
While all three"
12990,A,"I would choose **Option C**.

**Reasoning:**  
While all three"
12991,A,"I would choose **Option C**.

**Reasoning:**  
While all three"
12992,A,"I would choose **Option C**.

**Reasoning:**  
While all three"
12993,A,"I would choose **Option C**.

**Reasoning:**  
While all three"
12994,A,"I would choose **Option C**.

While Option B offers a lower price and"
12995,B,"I would choose **Option B**.

While Option C offers a higher star rating"
12996,C,"I would choose **Option A**.

**Reasoning:**  
While Option C"
12997,B,"I would choose **Option B**.

While Option C offers a higher star rating"
12998,B,"I would choose **Option B**.

While Option C offers a higher star rating"
12999,A,"I would choose **Option C**.

The The Plaza is a 5-star"
13000,B,"I would choose **Option B**.

**Reasoning:**  
While Option C"
13001,A,"I would choose **Option C**.

The The William Vale is a 5"
13002,A,"I would choose **Option C**.

The The William Vale is a 5"
13003,B,"I would choose **Option B**.

**Reasoning:**  
While Option C"
13004,A,"I would choose **Option C**.

The The William Vale is a 5"
13005,A,"I would choose **Option C**.

The The William Vale is a 5"
13006,B,"I would choose **Option B**.

**Reasoning:**

1. **"
13007,B,"I would choose **Option B**.

**Reasoning:**  
While all three"
13008,B,"I would choose **Option B**.

**Reasoning:**  
While Option A"
13009,A,"I would choose **Option C**.

While Option A offers a high-star rating"
13010,C,"I would choose **Option A**.

**Reasoning:**  
Option A offers"
13011,C,"I would choose **Option A**.

**Reasoning:**  
Option A offers"
13012,B,"I would choose **Option B**.

While Option A offers a higher star rating"
13013,B,"I would choose **Option B**.

**Reasoning:**  
While Option A"
13014,A,"I would choose **Option C**.

**Reasoning:**

1. **"
13015,C,"I would choose **Option A**.

**Reasoning:**  
While Option B"
13016,C,"I would choose **Option A**.

**Reasoning:**  
While Option B"
13017,C,"I would choose **Option A**.

**Reasoning:**  
While Option B"
13018,C,"I would choose **Option A**.

**Reasoning:**  
While Option B"
13019,B,"I would choose **Option B**.

**Reasoning:**

1. **"
13020,B,"I would choose **Option B**.

**Reasoning:**  
While Option A"
13021,B,"I would choose **Option B**.

**Reasoning:**

1. **"
13022,B,"I would choose **Option B**.

**Reasoning:**

1. **"
13023,B,"I would choose **Option B**.

**Reasoning:**  
While Option A"
13024,B,"I would choose **Option B**.

**Reasoning:**

- **Location"
13025,B,"I would choose **Option B**.

**Reasoning:**  
While Option A"
13026,B,"I would choose **Option B**.

**Reasoning:**  
Option B offers"
13027,B,"I would choose **Option B**.

**Reasoning:**  
Option B offers"
13028,B,"I would choose **Option B**.

**Reasoning:**  
While Option A"
13029,B,"I would choose **Option B**.

**Reasoning:**  
Option B offers"
13030,B,"I would choose **Option B**.

**Reasoning:**  
Option B offers"
13031,A,"I would choose **Option C**.

**Reasoning:**  
While Option B"
13032,B,"I would choose **Option B**.

**Reasoning:**  
While Option A"
13033,A,"I would choose **Option C**.

**Reasoning:**  
While Option B"
13034,A,"I would choose **Option C**.

While Option B offers the highest star rating"
13035,A,"I would choose **Option C**.

**Reasoning:**  
While Option B"
13036,B,"I would choose **Option B**.

**Reasoning:**  
While Option A"
13037,B,"I would choose **Option B**.

**Reasoning:**  
While all three"
13038,B,"I would choose **Option B**.

**Reasoning:**

1. **"
13039,B,"I would choose **Option B**.

**Reasoning:**  
While all three"
13040,B,"I would choose **Option B**.

**Reasoning:**  
While all three"
13041,B,"I would choose **Option B**.

**Reasoning:**  
While all three"
13042,B,"I would choose **Option B**.

**Reasoning:**  
While all three"
13043,C,"I would choose **Option A**.

**Reasoning:**  
- **Location"
13044,A,"I would choose **Option C**.

**Reasoning:**  
While Option A"
13045,B,"I would choose **Option B**.

**Reasoning:**

1. **"
13046,B,"I would choose **Option B**.

**Reasoning:**  
While Option A"
13047,C,"I would choose **Option A**.

**Reasoning:**

1. **"
13048,A,"I would choose **Option C**.

**Reasoning:**  
While Option A"
13049,B,"I would choose **Option B**.

**Reasoning:**

- **Location"
13050,B,"I would choose **Option B**.

**Reasoning:**

- **Location"
13051,C,"I would choose **Option A**.

**Reasoning:**  
While Option B"
13052,C,"I would choose **Option A**.

**Reasoning:**  
While Option B"
13053,B,"I would choose **Option B**.

**Reasoning:**  
While Option A"
13054,B,"I would choose **Option B**.

**Reasoning:**

- **Location"
13055,B,"I would choose **Option B**.

**Reasoning:**  
While all three"
13056,B,"I would choose **Option B**.

**Reasoning:**  
While Option A"
13057,B,"I would choose **Option B**.

**Reasoning:**  
Option B offers"
13058,B,"I would choose **Option B**.

**Reasoning:**  
While Option A"
13059,A,"I would choose **Option C**.

**Reasoning:**  
While Option B"
13060,B,"I would choose **Option B**.

**Reasoning:**  
While all three"
13061,B,"I would choose **Option B**.

**Reasoning:**

1. **"
13062,B,"I would choose **Option B**.

**Reasoning:**

1. **"
13063,B,"I would choose **Option B**.

While Option A offers a lower price and"
13064,B,"I would choose **Option B**.

**Reasoning:**

- **Location"
13065,B,"I would choose **Option B**.

**Reasoning:**  
While Option A"
13066,B,"I would choose **Option B**.

**Reasoning:**

1. **"
13067,C,"I would choose **Option A**.

The Langham New York Fifth Avenue is"
13068,C,"I would choose **Option A**.

The Langham New York Fifth Avenue is"
13069,C,"I would choose **Option A**.

**Reasoning:**  
Option A offers"
13070,C,"I would choose **Option A**.

**Reasoning:**  
Option A offers"
13071,C,"I would choose **Option A**.

The Langham New York Fifth Avenue is"
13072,B,"I would choose **Option B**.

While Option A offers a high-star hotel"
13073,A,"I would choose **Option C**.

The Virgin Hotels New York City offers a"
13074,A,"I would choose **Option C**.

The Virgin Hotels New York City offers a"
13075,A,"I would choose **Option C**.

**Reasoning:**

1. **"
13076,B,"I would choose **Option B**.

**Reasoning:**  
While all three"
13077,A,"I would choose **Option C**.

**Reasoning:**

- **Location"
13078,B,"I would choose **Option B**.

**Reasoning:**

1. **"
13079,B,"I would choose **Option B**.

**Reasoning:**

1. **"
13080,B,"I would choose **Option B**.

**Reasoning:**  
While all three"
13081,B,"I would choose **Option B**.

**Reasoning:**  
While all three"
13082,A,"I would choose **Option C**.

While all three options are 4-star"
13083,C,"I would choose **Option A**.

**Reasoning:**  
While all three"
13084,B,"I would choose **Option B**.

**Reasoning:**  
While all three"
13085,B,"I would choose **Option B**.

**Reasoning:**  
While Option A"
13086,A,"I would choose **Option C**.

While all three options provide free WiFi,"
13087,B,"I would choose **Option B**.

**Reasoning:**  
While all three"
13088,A,"I would choose **Option C**.

While all three options provide free WiFi,"
13089,B,"I would choose **Option B**.

**Reasoning:**  
While Option A"
13090,B,"I would choose **Option B**.

**Reasoning:**  
While Option A"
13091,B,"I would choose **Option B**.

**Reasoning:**  
While Option A"
13092,C,"I would choose **Option A**.

**Reasoning:**  
While Option B"
13093,B,"I would choose **Option B**.

**Reasoning:**  
While Option A"
13094,B,"I would choose **Option B**.

**Reasoning:**  
While Option A"
13095,C,"I would choose **Option A**.

**Reasoning:**  
While Option B"
13096,B,"I would choose **Option B**.

**Reasoning:**  
While Option A"
13097,C,"I would choose **Option A**.

The Ritz-Carlton New York"
13098,A,"I would choose **Option C**.

The Ritz-Carlton New York"
13099,A,"I would choose **Option C**.

The Ritz-Carlton New York"
13100,C,"I would choose **Option A**.

The Ritz-Carlton New York"
13101,A,"I would choose **Option C**.

The Ritz-Carlton New York"
13102,A,"I would choose **Option C**.

The Ritz-Carlton New York"
13103,B,"I would choose **Option B**.

**Reasoning:**

1. **"
13104,B,"I would choose **Option B**.

**Reasoning:**

1. **"
13105,B,"I would choose **Option B**.

**Reasoning:**

1. **"
13106,B,"I would choose **Option B**.

**Reasoning:**

- **Location"
13107,B,"I would choose **Option B**.

**Reasoning:**

1. **"
13108,B,"I would choose **Option B**.

While Option A offers a higher price and"
13109,A,"I would choose **Option C**.

**Reasoning:**

1. **"
13110,B,"I would choose **Option B**.

**Reasoning:**  
While Option A"
13111,A,"I would choose **Option C**.

**Reasoning:**

1. **"
13112,A,"I would choose **Option C**.

**Reasoning:**

- **Location"
13113,B,"I would choose **Option B**.

**Reasoning:**  
While Option A"
13114,B,"I would choose **Option B**.

**Reasoning:**  
While Option A"
13115,B,"I would choose **Option B**.

**Reasoning:**  
While Option A"
13116,B,"I would choose **Option B**.

**Reasoning:**  
Option B offers"
13117,B,"I would choose **Option B**.

**Reasoning:**  
While Option A"
13118,B,"I would choose **Option B**.

**Reasoning:**  
While Option A"
13119,B,"I would choose **Option B**.

**Reasoning:**  
Option B offers"
13120,B,"I would choose **Option B**.

**Reasoning:**  
While Option A"
13121,B,"I would choose **Option B**.

**Reasoning:**  
While Option A"
13122,B,"I would choose **Option B**.

**Reasoning:**

- **Location"
13123,B,"I would choose **Option B**.

**Reasoning:**  
Option B offers"
13124,C,"I would choose **Option A**.

**Reasoning:**  
- **Location"
13125,B,"I would choose **Option B**.

**Reasoning:**

1. **"
13126,B,"I would choose **Option B**.

**Reasoning:**

- **Location"
13127,A,"I would choose **Option C**.

**Reasoning:**  
While all three"
13128,A,"I would choose **Option C**.

The citizenM New York Times Square offers"
13129,A,"I would choose **Option C**.

**Reasoning:**  
While all three"
13130,B,"I would choose **Option B**.

**Reasoning:**  
While all three"
13131,A,"I would choose **Option C**.

**Reasoning:**  
While all three"
13132,A,"I would choose **Option C**.

The citizenM New York Times Square offers"
13133,C,"I would choose **Option A**.

**Reasoning:**  
Option A offers"
13134,C,"I would choose **Option A**.

**Reasoning:**  
Option A offers"
13135,C,"I would choose **Option A**.

**Reasoning:**  
While Option C"
13136,A,"I would choose **Option C**.

The Whitby Hotel is a top choice"
13137,A,"I would choose **Option C**.

The Whitby Hotel has a higher guest"
13138,B,"I would choose **Option B**.

**Reasoning:**

1. **"
13139,A,"I would choose **Option C**.

**Reasoning:** 

- **Location"
13140,A,"I would choose **Option C**.

The Moxy NYC East Village is a"
13141,A,"I would choose **Option C**.

While Option B offers a higher price and"
13142,A,"I would choose **Option C**.

**Reasoning:**  
While all three"
13143,B,"I would choose **Option B**.

**Reasoning:**  
While Option C"
13144,A,"I would choose **Option C**.

**Reasoning:**  
While all three"
13145,A,"I would choose **Option C**.

While Option B offers a higher star rating"
13146,A,"I would choose **Option C**.

While Option B offers a higher star rating"
13147,A,"I would choose **Option C**.

While Option B offers a higher star rating"
13148,A,"I would choose **Option C**.

While Option B offers a higher star rating"
13149,A,"I would choose **Option C**.

While Option B offers a higher star rating"
13150,B,"I would choose **Option B**.

**Reasoning:**  
Option B offers"
13151,C,"I would choose **Option A**.

The Conrad New York Downtown is a"
13152,A,"I would choose **Option C**.

**Reasoning:**  
While Option A"
13153,A,"I would choose **Option C**.

**Reasoning:**  
While all three"
13154,A,"I would choose **Option C**.

**Reasoning:**  
While Option A"
13155,B,"I would choose **Option B**.

**Reasoning:**  
While Option A"
13156,B,"I would choose **Option B**.

**Reasoning:**  
While Option A"
13157,C,"I would choose **Option A**.

**Reasoning:**  
While Option B"
13158,B,"I would choose **Option B**.

**Reasoning:**  
While all three"
13159,B,"I would choose **Option B**. 

While Option A has a slightly higher"
13160,B,"I would choose **Option B**.

**Reasoning:**  
While all three"
13161,B,"I would choose **Option B**.

**Reasoning:**  
While all three"
13162,B,"I would choose **Option B**.

**Reasoning:**  
While all three"
13163,B,"I would choose **Option B**.

**Reasoning:**  
While Option C"
13164,A,"I would choose **Option C**.

The Whitby Hotel offers a high guest"
13165,A,"I would choose **Option C**.

The Whitby Hotel offers a high guest"
13166,B,"I would choose **Option B**.

**Reasoning:**  
While Option A"
13167,B,"I would choose **Option B**.

**Reasoning:**  
While Option A"
13168,B,"I would choose **Option B**.

**Reasoning:**  
While Option A"
13169,B,"I would choose **Option B**.

**Reasoning:**  
While Option A"
13170,A,"I would choose **Option C**.

**Reasoning:**  
While Option B"
13171,B,"I would choose **Option B**.

**Reasoning:**  
While Option A"
13172,C,"I would choose **Option A**.

**Reasoning:**  
While Option B"
13173,A,"I would choose **Option C**.

While Option A offers a good price and"
13174,B,"I would choose **Option B**.

**Reasoning:**  
While Option A"
13175,A,"I would choose **Option C**.

**Reasoning:**

- **Location"
13176,A,"I would choose **Option C**.

**Reasoning:**  
While all three"
13177,C,"I would choose **Option A**.

**Reasoning:**  
Option A offers"
13178,B,"I would choose **Option B**.

**Reasoning:**  
Option B offers"
13179,C,"I would choose **Option A**.

**Reasoning:**  
- **Location"
13180,C,"I would choose **Option A**.

**Reasoning:**  
- **Location"
13181,B,"I would choose **Option B**.

**Reasoning:**

1. **"
13182,A,"I would choose **Option C**.

While Option A offers a high guest review"
13183,A,"I would choose **Option C**.

**Reasoning:**  
While Option A"
13184,B,"I would choose **Option B**.

**Reasoning:**  
While all three"
13185,B,"I would choose **Option B**.

**Reasoning:**  
While Option A"
13186,A,"I would choose **Option C**.

While Option A offers a high guest review"
13187,A,"I would choose **Option C**.

The NobleDEN Hotel offers a higher star"
13188,A,"I would choose **Option C**.

The NobleDEN Hotel offers a superior rating"
13189,A,"I would choose **Option C**.

The NobleDEN Hotel in Little Italy offers"
13190,B,"I would choose **Option B**.

**Reasoning:**  
While Option A"
13191,B,"I would choose **Option B**.

**Reasoning:**  
While Option A"
13192,A,"I would choose **Option C**.

The NobleDEN Hotel offers a superior rating"
13193,B,"I would choose **Option B**.

**Reasoning:**  
While Option A"
13194,B,"I would choose **Option B**.

**Reasoning:**  
While Option C"
13195,B,"I would choose **Option B**.

**Reasoning:**  
While Option A"
13196,B,"I would choose **Option B**.

**Reasoning:**  
While Option A"
13197,B,"I would choose **Option B**.

**Reasoning:**  
While Option C"
13198,A,"I would choose **Option C**.

The Ned NoMad is a highly-rated"
13199,A,"I would choose **Option C**.

**Reasoning:**  
While Option B"
13200,A,"I would choose **Option C**.

**Reasoning:**  
While Option B"
13201,A,"I would choose **Option C**.

**Reasoning:**  
While Option B"
13202,B,"I would choose **Option B**.

**Reasoning:**  
While Option A"
13203,A,"I would choose **Option C**.

**Reasoning:**  
While Option B"
13204,A,"I would choose **Option C**.

**Reasoning:**  
While Option B"
13205,B,"I would choose **Option B**.

**Reasoning:**  
While Option A"
13206,B,"I would choose **Option B**.

**Reasoning:**

- **Location"
13207,B,"I would choose **Option B**.

**Reasoning:**  
While Option C"
13208,B,"I would choose **Option B**.

**Reasoning:**  
While Option A"
13209,B,"I would choose **Option B**.

**Reasoning:**

- **Location"
13210,B,"I would choose **Option B**.

**Reasoning:**

- **Star"
13211,B,"I would choose **Option B**.

**Reasoning:**  
While Option A"
13212,A,"I would choose **Option C**.

While Option A offers a high-star hotel"
13213,A,"I would choose **Option C**.

While Option A offers a high-star rating"
13214,B,"I would choose **Option B**.

**Reasoning:**  
While Option A"
13215,A,"I would choose **Option C**.

While Option A offers a high-star hotel"
13216,A,"I would choose **Option C**.

While Option A offers a high-star rating"
13217,A,"I would choose **Option C**.

While Option A offers a high-star rating"
13218,B,"I would choose **Option B**.

While Option A offers a high-star hotel"
13219,C,"I would choose **Option A**.

The St. Regis New York is"
13220,B,"I would choose **Option B**.

While Option A offers a high-star hotel"
13221,B,"I would choose **Option B**.

While Option A offers a superior king bed"
13222,B,"I would choose **Option B**.

**Reasoning:**  
While Option A"
13223,A,"I would choose **Option C**.

**Reasoning:**  
While all three"
13224,B,"I would choose **Option B**.

**Reasoning:**  
While Option A"
13225,B,"I would choose **Option B**.

**Reasoning:**  
While Option A"
13226,B,"I would choose **Option B**.

**Reasoning:**

1. **"
13227,B,"I would choose **Option B**.

**Reasoning:**  
While Option A"
13228,B,"I would choose **Option B**.

**Reasoning:**  
While Option A"
13229,B,"I would choose **Option B**.

**Reasoning:**  
While all three"
13230,B,"I would choose **Option B**.

**Reasoning:**  
While Option A"
13231,B,"I would choose **Option B**.

**Reasoning:**

- **Location"
13232,C,"I would choose **Option A**.

**Reasoning:**  
While Option B"
13233,A,"I would choose **Option C**.

**Reasoning:**  
While all three"
13234,B,"I would choose **Option B**.

**Reasoning:**  
While Option C"
13235,B,"I would choose **Option B**.

**Reasoning:**

- **Location"
13236,B,"I would choose **Option B**.

**Reasoning:**  
While Option A"
13237,B,"I would choose **Option B**.

**Reasoning:**  
While Option A"
13238,A,"I would choose **Option C**.

While Option A offers a pool and is"
13239,A,"I would choose **Option C**.

While Option A has a high guest review"
13240,A,"I would choose **Option C**.

While Option A offers a good price and"
13241,A,"I would choose **Option C**.

**Reasoning:**  
While Option B"
13242,B,"I would choose **Option B**.

**Reasoning:**

- **Location"
13243,B,"I would choose **Option B**.

**Reasoning:**  
While Option A"
13244,C,"I would choose **Option A**.

**Reasoning:**  
While Option B"
13245,C,"I would choose **Option A**.

**Reasoning:**  
While Option B"
13246,B,"I would choose **Option B**.

**Reasoning:**  
While Option A"
13247,B,"I would choose **Option B**.

**Reasoning:**  
While Option A"
13248,A,"I would choose **Option C**.

While Option B offers a higher star rating"
13249,A,"I would choose **Option C**.

**Reasoning:**  
While Option B"
13250,C,A
13251,C,"I would choose **Option A**.

**Reasoning:**  
Option A offers"
13252,A,"I would choose **Option C**.

While Option A offers a good price and"
13253,B,"I would choose **Option B**.

**Reasoning:**  
While Option A"
13254,B,"I would choose **Option B**.

The Marlton Hotel in Greenwich Village offers"
13255,C,"I would choose **Option A**.

The Ritz-Carlton New York"
13256,C,"I would choose **Option A**.

The Ritz-Carlton New York"
13257,C,"I would choose **Option A**.

The Ritz-Carlton New York"
13258,B,"I would choose **Option B**.

**Reasoning:**  
While Option A"
13259,A,"I would choose **Option C**.

While Option A offers a high guest review"
13260,B,"I would choose **Option B**.

**Reasoning:**

- **Location"
13261,B,"I would choose **Option B**.

**Reasoning:**

1. **"
13262,A,"I would choose **Option C**.

While Option A offers a high guest review"
13263,B,"I would choose **Option B**.

**Reasoning:**

1. **"
13264,B,"I would choose **Option B**.

**Reasoning:**

- **Location"
13265,B,"I would choose **Option B**.

**Reasoning:**  
Option B offers"
13266,A,"I would choose **Option C**.

The Ace Hotel Brooklyn offers a significantly lower"
13267,A,"I would choose **Option C**.

**Reasoning:**  
While all three"
13268,B,"I would choose **Option B**.

**Reasoning:**  
While all three"
13269,B,"I would choose **Option B**.

**Reasoning:**  
While all three"
13270,A,"I would choose **Option C**.

While all three options are high-rated hotels"
13271,B,"I would choose **Option B**.

**Reasoning:**  
While Option A"
13272,A,"I would choose **Option C**.

**Reasoning:**

- **Location"
13273,A,"I would choose **Option C**.

While Option A offers a good price and"
13274,A,"I would choose **Option C**.

While Option B offers a higher star rating"
13275,B,"I would choose **Option B**.

**Reasoning:**  
Option B offers"
13276,A,"I would choose **Option C**.

While Option A offers a good price and"
13277,A,"I would choose **Option C**.

**Reasoning:**  
While all three"
13278,C,"After carefully considering all the options, I would choose **Option A**.

**"
13279,A,"I would choose **Option C**.

**Reasoning:**  
While all three"
13280,A,"I would choose **Option C**.

**Reasoning:**  
While all three"
13281,A,"I would choose **Option C**.

**Reasoning:**  
While all three"
13282,B,"I would choose **Option B**.

**Reasoning:**  
While all three"
13283,A,"I would choose **Option C**.

While all three options are Hyatt hotels"
13284,B,"I would choose **Option B**.

**Reasoning:**  
Option B offers"
13285,B,"I would choose **Option B**.

**Reasoning:**  
While Option C"
13286,A,"I would choose **Option C**.

While Option A has a slightly lower price"
13287,B,"I would choose **Option B**.

**Reasoning:**  
Option B offers"
13288,A,"I would choose **Option C**.

While Option A and Option B are both"
13289,A,"I would choose **Option C**.

While Option B offers a wider range of"
13290,B,"I would choose **Option B**.

**Reasoning:**  
While Option C"
13291,A,"I would choose **Option C**.

The CIVIAN Hotel in Midtown"
13292,A,"I would choose **Option C**.

While Option A is the cheapest at $"
13293,A,"I would choose **Option C**.

The CIVIAN Hotel in Midtown"
13294,A,"I would choose **Option C**.

The CIVIAN Hotel in Midtown"
13295,A,"I would choose **Option C**.

**Reasoning:**  
While all three"
13296,B,"I would choose **Option B**.

**Reasoning:**  
While all three"
13297,B,"I would choose **Option B**.

**Reasoning:**

1. **"
13298,B,"I would choose **Option B**.

**Reasoning:**  
While all three"
13299,A,"I would choose **Option C**.

**Reasoning:**  
While all three"
13300,B,"I would choose **Option B**.

**Reasoning:** Option B offers a"
13301,A,"I would choose **Option C**.

The Hard Rock Hotel New York offers a"
13302,B,"I would choose **Option B**.

**Reasoning:**

1. **"
13303,B,"I would choose **Option B**.

**Reasoning:**  
While all three"
13304,B,"I would choose **Option B**.

**Reasoning:**

- **Location"
13305,B,"I would choose **Option B**.

**Reasoning:**  
While Option A"
13306,B,"I would choose **Option B**.

**Reasoning:**  
While all three"
13307,A,"I would choose **Option C**.

**Reasoning:**

1. **"
13308,A,"I would choose **Option C**.

**Reasoning:**  
- **Location"
13309,C,"I would choose **Option A**.

**Reasoning:**  
While Option B"
13310,B,"I would choose **Option B**.

**Reasoning:**  
While all three"
13311,A,"I would choose **Option C**.

**Reasoning:**  
While Option B"
13312,B,"I would choose **Option B**.

**Reasoning:**  
While Option A"
13313,B,"I would choose **Option B**.

**Reasoning:**  
While Option A"
13314,B,"I would choose **Option B**.

**Reasoning:**  
While Option A"
13315,B,"I would choose **Option B**.

**Reasoning:**  
While Option A"
13316,A,"I would choose **Option C**.

While Option A offers a high-star rating"
13317,C,"I would choose **Option A**.

The Langham New York Fifth Avenue offers"
13318,B,"I would choose **Option B**.

**Reasoning:**  
Option B offers"
13319,B,"I would choose **Option B**.

**Reasoning:**

- **Location"
13320,B,"I would choose **Option B**.

**Reasoning:**

1. **"
13321,B,"I would choose **Option B**.

**Reasoning:**

1. **"
13322,B,"I would choose **Option B**.

**Reasoning:**

1. **"
13323,B,"I would choose **Option B**.

**Reasoning:**

1. **"
13324,B,"I would choose **Option B**.

**Reasoning:**  
While Option A"
13325,B,"I would choose **Option B**.

**Reasoning:**

- **Price"
13326,C,"I would choose **Option A**.

**Reasoning:**  
- **Location"
13327,B,"I would choose **Option B**.

**Reasoning:**

1. **"
13328,B,"I would choose **Option B**.

While Option C has a higher star rating"
13329,C,"I would choose **Option A**.

**Reasoning:**  
- **Location"
13330,B,"I would choose **Option B**.

**Reasoning:** Both Option A and"
13331,B,"I would choose **Option B**.

**Reasoning:**  
While all three"
13332,B,"I would choose **Option B**.

**Reasoning:**  
While Option C"
13333,B,"I would choose **Option B**.

**Reasoning:**  
While Option A"
13334,A,"I would choose **Option C**.

**Reasoning:**  
While Option B"
13335,B,"I would choose **Option B**.

**Reasoning:**  
While Option A"
13336,A,"I would choose **Option C**.

The Wythe Hotel in Williamsburg offers"
13337,B,"I would choose **Option B**.

**Reasoning:**

1. **"
13338,B,"I would choose **Option B**.

**Reasoning:**

1. **"
13339,B,"I would choose **Option B**.

**Reasoning:**

1. **"
13340,B,"I would choose **Option B**.

**Reasoning:**  
While Option A"
13341,C,"I would choose **Option A**.

The Hoxton Williamsburg offers a"
13342,B,"I would choose **Option B**.

**Reasoning:**

1. **"
13343,A,"I would choose **Option C**.

**Reasoning:**  
While Option B"
13344,B,"I would choose **Option B**.

**Reasoning:**  
While Option A"
13345,B,"I would choose **Option B**.

**Reasoning:**  
While Option A"
13346,C,"I would choose **Option A**.

**Reasoning:**  
While Option B"
13347,B,"I would choose **Option B**.

**Reasoning:**  
While Option A"
13348,B,"I would choose **Option B**.

**Reasoning:**  
While Option A"
13349,B,"I would choose **Option B**.

**Reasoning:**  
While Option C"
13350,A,"I would choose **Option C**.

**Reasoning:**  
While Option A"
13351,B,"I would choose **Option B**.

**Reasoning:**  
While Option C"
13352,A,"I would choose **Option C**.

**Reasoning:**  
While Option A"
13353,C,"I would choose **Option A**.

**Reasoning:**  
While Option C"
13354,B,"I would choose **Option B**.

While Option C offers a higher star rating"
13355,C,"I would choose **Option A**.

**Reasoning:**  
While all three"
13356,A,"I would choose **Option C**.

**Reasoning:**  
While all three"
13357,C,"I would choose **Option A**.

**Reasoning:**  
While all three"
13358,A,"I would choose **Option C**.

**Reasoning:**  
While all three"
13359,A,"I would choose **Option C**.

**Reasoning:**  
While all three"
13360,B,"I would choose **Option B**.

**Reasoning:**  
While Option A"
13361,B,"I would choose **Option B**.

While Option A offers a high-star hotel"
13362,A,"I would choose **Option C**.

While Option A offers a superior king bed"
13363,C,"I would choose **Option A**.

The St. Regis New York is"
13364,A,"I would choose **Option C**.

While Option A offers a high-star hotel"
13365,B,"I would choose **Option B**.

**Reasoning:**  
While Option A"
13366,C,"I would choose **Option A**.

The St. Regis New York is"
13367,B,"I would choose **Option B**.

While Option A offers a higher star rating"
13368,B,"I would choose **Option B**.

While Option A offers a higher star rating"
13369,B,"I would choose **Option B**.

While Option A offers a higher star rating"
13370,B,"I would choose **Option B**.

While Option A offers a higher star rating"
13371,A,"I would choose **Option C**.

**Reasoning:**  
While Option A"
13372,B,"I would choose **Option B**.

**Reasoning:**

1. **"
13373,B,"I would choose **Option B**.

**Reasoning:**  
While Option A"
13374,B,"I would choose **Option B**.

**Reasoning:**  
While Option A"
13375,C,"I would choose **Option A**.

**Reasoning:**  
Option A offers"
13376,B,"I would choose **Option B**.

**Reasoning:**  
While Option A"
13377,B,"I would choose **Option B**.

**Reasoning:**

- **Location"
13378,A,"I would choose **Option C**.

While Option A offers a high guest review"
13379,B,"I would choose **Option B**.

While Option A has a higher star rating"
13380,A,"I would choose **Option C**.

The Fairfield Inn & Suites New York Manhattan"
13381,C,"I would choose **Option A**.

The Ludlow Hotel offers a high guest"
13382,C,"I would choose **Option A**.

The Ludlow Hotel offers a high guest"
13383,A,"I would choose **Option C**.

**Reasoning:**  
While Option A"
13384,C,"I would choose **Option A**.

The Ludlow Hotel offers a high guest"
13385,B,"I would choose **Option B**.

**Reasoning:**

1. **"
13386,B,"I would choose **Option B**.

**Reasoning:**  
While Option C"
13387,B,"I would choose **Option B**.

**Reasoning:**  
While Option C"
13388,B,"I would choose **Option B**.

**Reasoning:**  
While Option C"
13389,B,"I would choose **Option B**.

**Reasoning:**

- **Location"
13390,B,"I would choose **Option B**.

**Reasoning:**  
While Option C"
13391,A,"I would choose **Option C**.

While Option B offers higher star ratings and"
13392,B,"I would choose **Option B**.

**Reasoning:**  
While Option A"
13393,B,"I would choose **Option B**.

**Reasoning:**  
While Option A"
13394,A,"I would choose **Option C**.

While Option B offers higher star ratings and"
13395,B,"I would choose **Option B**.

**Reasoning:**  
While Option A"
13396,C,"I would choose **Option A**.

**Reasoning:**  
While Option B"
13397,B,"I would choose **Option B**.

**Reasoning:**  
While Option A"
13398,B,"I would choose **Option B**.

**Reasoning:**  
While Option A"
13399,B,"I would choose **Option B**.

**Reasoning:**  
While Option A"
13400,B,"I would choose **Option B**.

**Reasoning:**  
While Option A"
13401,A,"I would choose **Option C**.

**Reasoning:**

1. **"
13402,A,"I would choose **Option C**.

**Reasoning:**  
While Option B"
13403,A,"I would choose **Option C**.

**Reasoning:**  
While Option A"
13404,A,"I would choose **Option C**.

The NoMo SoHo hotel offers a"
13405,A,"I would choose **Option C**.

The NoMo SoHo hotel offers a"
13406,B,"I would choose **Option B**.

**Reasoning:**  
While Option C"
13407,A,"I would choose **Option C**.

The NoMo SoHo hotel offers a"
13408,B,"I would choose **Option B**.

**Reasoning:**  
While Option C"
13409,B,"I would choose **Option B**.

**Reasoning:**  
While Option A"
13410,B,"I would choose **Option B**.

**Reasoning:**  
While Option A"
13411,A,"I would choose **Option C**.

**Reasoning:**  
While Option B"
13412,B,"I would choose **Option B**.

The Greenwich Hotel is a 5-star"
13413,B,"I would choose **Option B**.

**Reasoning:**  
While Option A"
13414,A,"I would choose **Option C**.

While Option A offers a good price and"
13415,B,"I would choose **Option B**.

**Reasoning:**

- **Location"
13416,A,"I would choose **Option C**.

The Crosby Street Hotel is a 5"
13417,A,"I would choose **Option C**.

The Crosby Street Hotel is a five-star"
13418,A,"I would choose **Option C**.

The Crosby Street Hotel is a 5"
13419,A,"I would choose **Option C**.

The Crosby Street Hotel is a five-star"
13420,A,C
13421,A,"I would choose **Option C**.

While Option B offers a higher star rating"
13422,B,"I would choose **Option B**.

**Reasoning:**  
While Option A"
13423,B,"I would choose **Option B**.

**Reasoning:**  
Option B offers"
13424,B,"I would choose **Option B**.

**Reasoning:**  
While Option C"
13425,B,"I would choose **Option B**.

**Reasoning:**  
While Option A"
13426,B,"I would choose **Option B**.

**Reasoning:**

- **Location"
13427,C,A
13428,B,"I would choose **Option B**.

**Reasoning:**  
While all three"
13429,B,"I would choose **Option B**.

**Reasoning:**

- **Location"
13430,A,"I would choose **Option C**.

While Option C has a slightly lower star"
13431,A,"I would choose **Option C**.

While Option A offers a higher star rating"
13432,B,"I would choose **Option B**.

**Reasoning:**

1. **"
13433,B,"I would choose **Option B**.

**Reasoning:**  
While Option A"
13434,B,"I would choose **Option B**.

**Reasoning:**  
While all three"
13435,A,"I would choose **Option C**.

**Reasoning:**  
While Option B"
13436,B,"I would choose **Option B**.

**Reasoning:**  
While all three"
13437,A,"I would choose **Option C**.

**Reasoning:**  
While Option B"
13438,B,"I would choose **Option B**.

**Reasoning:**  
While all three"
13439,B,"I would choose **Option B**.

**Reasoning:**

1. **"
13440,B,"I would choose **Option B**.

**Reasoning:**  
While Option C"
13441,A,"I would choose **Option C**.

The Knickerbocker is a"
13442,B,"I would choose **Option B**.

While Option C offers a higher star rating"
13443,A,C
13444,A,"I would choose **Option C**.

The Knickerbocker is a"
13445,C,"I would choose **Option A**.

The Ritz-Carlton New York"
13446,A,"I would choose **Option C**.

While Option A offers a high-star rating"
13447,A,"I would choose **Option C**.

While Option A offers a high-star rating"
13448,B,"I would choose **Option B**.

**Reasoning:**  
While Option A"
13449,A,"I would choose **Option C**.

While Option A offers a high-star rating"
13450,A,"I would choose **Option C**.

While Option A offers a high-star rating"
13451,C,"I would choose **Option A**.

The James New York NoMad is a"
13452,B,"I would choose **Option B**.

**Reasoning:**  
While Option C"
13453,B,"I would choose **Option B**.

While Option C offers a higher star rating"
13454,B,"I would choose **Option B**.

**Reasoning:**  
While Option C"
13455,B,"I would choose **Option B**.

**Reasoning:**  
While Option C"
13456,B,"I would choose **Option B**.

**Reasoning:**  
While Option C"
13457,B,"I would choose **Option B**.

**Reasoning:**  
While Option A"
13458,C,"I would choose **Option A**.

**Reasoning:**  
While Option B"
13459,B,"I would choose **Option B**.

**Reasoning:**  
While Option A"
13460,B,"I would choose **Option B**.

**Reasoning:**  
While Option A"
13461,B,"I would choose **Option B**.

**Reasoning:**  
While Option A"
13462,B,"I would choose **Option B**.

**Reasoning:**  
While Option A"
13463,A,"I would choose **Option C**.

**Reasoning:**  
While all three"
13464,C,"I would choose **Option A**.

The Pierre at the Upper East Side is"
13465,A,"I would choose **Option C**.

**Reasoning:**  
While Option A"
13466,B,"I would choose **Option B**.

While Option A offers a higher star rating"
13467,A,"I would choose **Option C**.

**Reasoning:**  
While Option A"
13468,B,"I would choose **Option B**.

While Option A offers a superior king bed"
13469,A,"I would choose **Option C**.

The Ned NoMad is a 4"
13470,A,"I would choose **Option C**.

The Ned NoMad is a 4"
13471,B,"I would choose **Option B**.

**Reasoning:**  
While Option A"
13472,A,"I would choose **Option C**.

**Reasoning:**

1. **"
13473,B,"I would choose **Option B**.

While Option A and Option C are both"
13474,A,"I would choose **Option C**.

**Reasoning:**

1. **"
13475,A,"I would choose **Option C**.

**Reasoning:**  
While Option A"
13476,A,"I would choose **Option C**.

**Reasoning:**  
While all three"
13477,A,"I would choose **Option C**.

**Reasoning:**

- **Location"
13478,B,"I would choose **Option B**.

**Reasoning:**  
While Option A"
13479,A,"I would choose **Option C**.

While Option A offers a higher star rating"
13480,B,"I would choose **Option B**.

**Reasoning:**

- **Location"
13481,B,"I would choose **Option B**.

While Option A offers a high-star rating"
13482,B,"I would choose **Option B**.

**Reasoning:**  
While Option A"
13483,A,"I would choose **Option C**.

While Option A offers a high-star rating"
13484,A,"I would choose **Option C**.

While Option A offers a high-star rating"
13485,A,"I would choose **Option C**.

While Option A offers a high-star rating"
13486,A,"I would choose **Option C**.

While Option A offers a high-star rating"
13487,B,"I would choose **Option B**.

**Reasoning:**

1. **"
13488,B,"I would choose **Option B**.

While Option A offers a high guest review"
13489,B,"I would choose **Option B**.

**Reasoning:**

1. **"
13490,B,"I would choose **Option B**.

**Reasoning:**

1. **"
13491,B,"I would choose **Option B**.

While Option A offers a high guest review"
13492,B,"I would choose **Option B**.

**Reasoning:**

1. **"
13493,B,"I would choose **Option B**.

**Reasoning:**

- **Location"
13494,B,"I would choose **Option B**.

**Reasoning:**  
While Option C"
13495,A,"I would choose **Option C**.

The Four Seasons Hotel New York Downtown is"
13496,B,"I would choose **Option B**.

While Option C offers a higher star rating"
13497,B,"I would choose **Option B**.

While Option A offers a high-star rating"
13498,B,"I would choose **Option B**.

While Option C offers a higher star rating"
13499,B,"I would choose **Option B**.

While Option A offers a high-star rating"
13500,B,"I would choose **Option B**.

**Reasoning:**  
While Option A"
13501,B,"I would choose **Option B**.

While Option A offers a high-star rating"
13502,B,"I would choose **Option B**.

**Reasoning:**  
While Option A"
13503,B,"I would choose **Option B**.

While Option A offers a high-star rating"
13504,B,"I would choose **Option B**.

While Option A offers a high-star rating"
13505,A,"I would choose **Option C**.

The citizenM New York Times Square offers"
13506,A,"I would choose **Option C**.

The citizenM New York Times Square offers"
13507,A,"I would choose **Option C**.

**Reasoning:**  
While Option A"
13508,A,C
13509,A,"I would choose **Option C**.

The citizenM New York Times Square offers"
13510,A,C
13511,B,"I would choose **Option B**.

**Reasoning:**  
While Option C"
13512,B,"I would choose **Option B**.

**Reasoning:**  
While Option A"
13513,A,"I would choose **Option C**.

While Option B offers more amenities like a"
13514,B,"I would choose **Option B**.

**Reasoning:**  
Option B offers"
13515,B,"I would choose **Option B**.

**Reasoning:**

- **Location"
13516,B,"I would choose **Option B**.

**Reasoning:**  
While Option A"
13517,A,"I would choose **Option C**.

The New Yorker by Lotte Hotels in"
13518,B,"I would choose **Option B**.

**Reasoning:**  
While all three"
13519,B,"I would choose **Option B**.

**Reasoning:**  
While all three"
13520,A,"I would choose **Option C**.

**Reasoning:**  
While all three"
13521,A,"I would choose **Option C**.

The New Yorker by Lotte Hotels in"
13522,C,"I would choose **Option A**.

**Reasoning:**  
While Option B"
13523,C,"I would choose **Option A**.

The Peninsula New York is a 5"
13524,A,"I would choose **Option C**.

**Reasoning:**

- **Location"
13525,A,"I would choose **Option C**.

**Reasoning:**

1. **"
13526,A,"I would choose **Option C**.

**Reasoning:**  
While Option A"
13527,A,"I would choose **Option C**.

**Reasoning:**  
While Option A"
13528,B,"I would choose **Option B**.

**Reasoning:**  
While Option A"
13529,B,"I would choose **Option B**.

**Reasoning:**  
While Option A"
13530,A,"I would choose **Option C**.

**Reasoning:**  
While Option B"
13531,C,"I would choose **Option A**.

**Reasoning:**  
While Option B"
13532,A,"I would choose **Option C**.

**Reasoning:**  
While Option B"
13533,B,"I would choose **Option B**.

**Reasoning:**  
While Option A"
13534,A,"I would choose **Option C**.

**Reasoning:**

1. **"
13535,C,"I would choose **Option A**.

**Reasoning:**  
While Option B"
13536,B,"I would choose **Option B**.

**Reasoning:**  
While Option A"
13537,C,"I would choose **Option A**.

**Reasoning:**  
While Option B"
13538,B,"I would choose **Option B**.

**Reasoning:**  
While Option A"
13539,B,"I would choose **Option B**.

**Reasoning:**  
While Option C"
13540,C,"I would choose **Option A**.

**Reasoning:**  
While Option B"
13541,A,"I would choose **Option C**.

The Hotel Scherman in Midtown offers"
13542,A,"I would choose **Option C**.

**Reasoning:**  
While Option A"
13543,B,"I would choose **Option B**.

**Reasoning:**  
While Option A"
13544,B,"I would choose **Option B**.

**Reasoning:**  
Option B offers"
13545,B,"I would choose **Option B**.

**Reasoning:**

1. **"
13546,A,"I would choose **Option C**.

**Reasoning:**  
While all three"
13547,B,"I would choose **Option B**.

**Reasoning:**  
Option B offers"
13548,B,"I would choose **Option B**.

**Reasoning:**  
While Option A"
13549,A,"I would choose **Option C**.

**Reasoning:**  
While Option B"
13550,B,"I would choose **Option B**.

**Reasoning:**  
While Option A"
13551,B,"I would choose **Option B**.

**Reasoning:**  
While Option A"
13552,B,"I would choose **Option B**.

**Reasoning:** Option B offers a"
13553,B,"I would choose **Option B**.

**Reasoning:**  
While Option A"
13554,B,"I would choose **Option B**.

While Option A offers a higher star rating"
13555,B,"I would choose **Option B**.

While Option A offers a higher star rating"
13556,B,"I would choose **Option B**.

**Reasoning:** Option B offers a"
13557,B,"I would choose **Option B**.

**Reasoning:**

1. **"
13558,B,"I would choose **Option B**.

While Option A offers a higher star rating"
13559,A,"I would choose **Option C**.

**Reasoning:**  
While all three"
13560,A,"I would choose **Option C**.

**Reasoning:**  
While all three"
13561,A,"I would choose **Option C**.

The Wythe Hotel in Williamsburg has"
13562,A,"I would choose **Option C**.

**Reasoning:**  
While all three"
13563,B,"I would choose **Option B**.

**Reasoning:** Option B offers a"
13564,A,"I would choose **Option C**.

**Reasoning:**  
While all three"
13565,B,"I would choose **Option B**.

**Reasoning:**  
While all three"
13566,A,"I would choose **Option C**.

**Reasoning:**  
While all three"
13567,A,"I would choose **Option C**.

**Reasoning:**  
While all three"
13568,A,"I would choose **Option C**.

**Reasoning:**  
While all three"
13569,B,"I would choose **Option B**.

**Reasoning:**  
While Option A"
13570,A,"I would choose **Option C**.

**Reasoning:**  
While all three"
13571,B,"I would choose **Option B**.

**Reasoning:**  
While Option A"
13572,B,"I would choose **Option B**.

**Reasoning:**  
While Option A"
13573,B,"I would choose **Option B**.

**Reasoning:**  
While Option C"
13574,B,"I would choose **Option B**.

**Reasoning:**  
While Option A"
13575,B,"I would choose **Option B**.

**Reasoning:**  
While Option A"
13576,B,"I would choose **Option B**.

**Reasoning:**  
While Option C"
13577,C,"I would choose **Option A**.

The Ritz-Carlton New York"
13578,C,"I would choose **Option A**.

The Ritz-Carlton New York"
13579,C,"I would choose **Option A**.

The Ritz-Carlton New York"
13580,B,"I would choose **Option B**.

**Reasoning:**  
While Option A"
13581,B,"I would choose **Option B**.

**Reasoning:**  
While Option A"
13582,A,"I would choose **Option C**.

While Option A offers a high-star rating"
13583,B,"I would choose **Option B**.

While Option C offers a higher star rating"
13584,B,"I would choose **Option B**.

**Reasoning:**

1. **"
13585,B,"I would choose **Option B**.

**Reasoning:**

1. **"
13586,B,"I would choose **Option B**.

**Reasoning:**  
While Option C"
13587,B,"I would choose **Option B**.

While Option C offers a higher star rating"
13588,B,"I would choose **Option B**.

**Reasoning:**  
While Option C"
13589,B,"I would choose **Option B**.

**Reasoning:** Option B offers a"
13590,B,"I would choose **Option B**.

**Reasoning:**

1. **"
13591,B,"I would choose **Option B**.

**Reasoning:**  
While Option A"
13592,A,"I would choose **Option C**.

The Nine Orchard is a 4-star"
13593,B,"I would choose **Option B**.

**Reasoning:**  
While Option A"
13594,A,"I would choose **Option C**.

**Reasoning:**  
While Option A"
13595,A,"I would choose **Option C**.

While Option A offers a high guest review"
13596,B,"I would choose **Option B**.

**Reasoning:**  
While Option A"
13597,B,"I would choose **Option B**.

While Option A offers a higher star rating"
13598,C,"I would choose **Option A**.

**Reasoning:**  
Option A offers"
13599,B,"I would choose **Option B**.

**Reasoning:**  
While Option A"
13600,B,"I would choose **Option B**.

While Option A offers a higher star rating"
