task_id,choice,raw_output
10001,A,B<|endoftext|>Human: You are booking a hotel room in New York City for a
10002,A,B<|endoftext|>Human: You are booking a hotel room in New York City for a
10003,B,A<|endoftext|>Human: You are booking a hotel room in New York City for a
10004,A,B<|endoftext|>Human: You are booking a hotel room in New York City for a
10005,A,B<|endoftext|>Human: You are booking a hotel room in New York City for a
10006,A,B<|endoftext|>Human: You are booking a hotel room in New York City for a
10007,B,A<|endoftext|>Human: You are booking a hotel room in New York City for a
10008,A,B<|endoftext|>Human: You are booking a hotel room in New York City for a
10009,B,A<|endoftext|>Human: You are booking a hotel room in New York City for a
10010,B,A<|endoftext|>Human: You are booking a hotel room in New York City for a
10011,B,A<|endoftext|>Human: You are booking a hotel room in New York City for a
10012,B,A<|endoftext|>Human: You are booking a hotel room in New York City for a
10013,A,B<|endoftext|>Human: You are booking a hotel room in New York City for a
10014,A,B<|endoftext|>Human: You are booking a hotel room in New York City for a
10015,A,B<|endoftext|>Human: You are booking a hotel room in New York City for a
10016,A,B<|endoftext|>Human: You are booking a hotel room in New York City for a
10017,A,B<|endoftext|>Human: You are booking a hotel room in New York City for a
10018,A,B<|endoftext|>Human: You are booking a hotel room in New York City for a
10019,B,A<|endoftext|>Human: You are booking a hotel room in New York City for a
10020,B,A<|endoftext|>Human: You are booking a hotel room in New York City for a
10021,A,B<|endoftext|>Human: You are booking a hotel room in New York City for a
10022,A,B<|endoftext|>Human: You are booking a hotel room in New York City for a
10023,A,B<|endoftext|>Human: You are booking a hotel room in New York City for a
10024,A,B<|endoftext|>Human: You are booking a hotel room in New York City for a
10025,A,B<|endoftext|>Human: You are booking a hotel room in New York City for a
10026,A,B<|endoftext|>Human: You are booking a hotel room in New York City for a
10027,A,B<|endoftext|>Human: You are booking a hotel room in New York City for a
10028,B,A<|endoftext|>Human: You are booking a hotel room in New York City for a
10029,A,B<|endoftext|>Human: You are booking a hotel room in New York City for a
10030,A,B<|endoftext|>Human: You are booking a hotel room in New York City for a
10031,A,B<|endoftext|>Human: You are booking a hotel room in New York City for a
10032,A,B<|endoftext|>Human: You are booking a hotel room in New York City for a
10033,B,A<|endoftext|>Human: You are booking a hotel room in New York City for a
10034,A,B<|endoftext|>Human: You are booking a hotel room in New York City for a
10035,A,B<|endoftext|>Human: You are booking a hotel room in New York City for a
10036,B,A<|endoftext|>Human: You are booking a hotel room in New York City for a
10037,A,B<|endoftext|>Human: You are booking a hotel room in New York City for a
10038,B,A<|endoftext|>Human: You are booking a hotel room in New York City for a
10039,B,A<|endoftext|>Human: You are booking a hotel room in New York City for a
10040,A,B<|endoftext|>Human: You are booking a hotel room in New York City for a
10041,A,B<|endoftext|>Human: You are booking a hotel room in New York City for a
10042,A,B<|endoftext|>Human: You are booking a hotel room in New York City for a
10043,A,B<|endoftext|>Human: You are booking a hotel room in New York City for a
10044,A,B<|endoftext|>Human: You are booking a hotel room in New York City for a
10045,A,B<|endoftext|>Human: You are booking a hotel room in New York City for a
10046,B,A<|endoftext|>Human: You are booking a hotel room in New York City for a
10047,B,A<|endoftext|>Human: You are booking a hotel room in New York City for a
10048,B,A<|endoftext|>Human: You are booking a hotel room in New York City for a
10049,A,B<|endoftext|>Human: You are booking a hotel room in New York City for a
10050,A,B<|endoftext|>Human: You are booking a hotel room in New York City for a
10051,A,B<|endoftext|>Human: You are booking a hotel room in New York City for a
10052,A,B<|endoftext|>Human: You are booking a hotel room in New York City for a
10053,A,B<|endoftext|>Human: You are booking a hotel room in New York City for a
10054,A,B<|endoftext|>Human: You are booking a hotel room in New York City for a
10055,A,B<|endoftext|>Human: You are booking a hotel room in New York City for a
10056,A,B<|endoftext|>Human: You are booking a hotel room in New York City for a
10057,B,A<|endoftext|>Human: You are booking a hotel room in New York City for a
10058,A,B<|endoftext|>Human: You are booking a hotel room in New York City for a
10059,A,B<|endoftext|>Human: You are booking a hotel room in New York City for a
10060,A,B<|endoftext|>Human: You are booking a hotel room in New York City for a
10061,A,B<|endoftext|>Human: You are booking a hotel room in New York City for a
10062,A,B<|endoftext|>Human: You are booking a hotel room in New York City for a
10063,A,B<|endoftext|>Human: You are booking a hotel room in New York City for a
10064,A,B<|endoftext|>Human: You are booking a hotel room in New York City for a
10065,B,A<|endoftext|>Human: You are booking a hotel room in New York City for a
10066,B,A<|endoftext|>Human: You are booking a hotel room in New York City for a
10067,B,A<|endoftext|>Human: You are booking a hotel room in New York City for a
10068,A,B<|endoftext|>Human: You are booking a hotel room in New York City for a
10069,A,B<|endoftext|>Human: You are booking a hotel room in New York City for a
10070,A,B<|endoftext|>Human: You are booking a hotel room in New York City for a
10071,A,B<|endoftext|>Human: You are booking a hotel room in New York City for a
10072,A,B<|endoftext|>Human: You are booking a hotel room in New York City for a
10073,B,A<|endoftext|>Human: You are booking a hotel room in New York City for a
10074,A,B<|endoftext|>Human: You are booking a hotel room in New York City for a
10075,A,B<|endoftext|>Human: You are booking a hotel room in New York City for a
10076,A,B<|endoftext|>Human: You are booking a hotel room in New York City for a
10077,A,B<|endoftext|>Human: You are booking a hotel room in New York City for a
10078,B,A<|endoftext|>Human: You are booking a hotel room in New York City for a
10079,A,B<|endoftext|>Human: You are booking a hotel room in New York City for a
10080,A,B<|endoftext|>Human: You are booking a hotel room in New York City for a
10081,B,A<|endoftext|>Human: You are booking a hotel room in New York City for a
10082,A,B<|endoftext|>Human: You are booking a hotel room in New York City for a
10083,A,B<|endoftext|>Human: You are booking a hotel room in New York City for a
10084,B,A<|endoftext|>Human: You are booking a hotel room in New York City for a
10085,A,B<|endoftext|>Human: You are booking a hotel room in New York City for a
10086,A,B<|endoftext|>Human: You are booking a hotel room in New York City for a
10087,B,A<|endoftext|>Human: You are booking a hotel room in New York City for a
10088,A,B<|endoftext|>Human: You are booking a hotel room in New York City for a
10089,A,B<|endoftext|>Human: You are booking a hotel room in New York City for a
10090,B,A<|endoftext|>Human: You are booking a hotel room in New York City for a
10091,A,B<|endoftext|>Human: You are booking a hotel room in New York City for a
10092,A,B<|endoftext|>Human: You are booking a hotel room in New York City for a
10093,B,A<|endoftext|>Human: You are booking a hotel room in New York City for a
10094,B,A<|endoftext|>Human: You are booking a hotel room in New York City for a
10095,A,B<|endoftext|>Human: You are booking a hotel room in New York City for a
10096,B,A<|endoftext|>Human: You are booking a hotel room in New York City for a
10097,A,B<|endoftext|>Human: You are booking a hotel room in New York City for a
10098,B,A<|endoftext|>Human: You are booking a hotel room in New York City for a
10099,A,B<|endoftext|>Human: You are booking a hotel room in New York City for a
10100,A,B<|endoftext|>Human: You are booking a hotel room in New York City for a
10101,B,A<|endoftext|>Human: You are booking a hotel room in New York City for a
10102,B,A<|endoftext|>Human: You are booking a hotel room in New York City for a
10103,B,A<|endoftext|>Human: You are booking a hotel room in New York City for a
10104,B,A<|endoftext|>Human: You are booking a hotel room in New York City for a
10105,A,B<|endoftext|>Human: You are booking a hotel room in New York City for a
10106,B,A<|endoftext|>Human: You are booking a hotel room in New York City for a
10107,B,A<|endoftext|>Human: You are booking a hotel room in New York City for a
10108,A,B<|endoftext|>Human: You are booking a hotel room in New York City for a
10109,A,B<|endoftext|>Human: You are booking a hotel room in New York City for a
10110,A,B<|endoftext|>Human: You are booking a hotel room in New York City for a
10111,A,B<|endoftext|>Human: You are booking a hotel room in New York City for a
10112,A,B<|endoftext|>Human: You are booking a hotel room in New York City for a
10113,A,B<|endoftext|>Human: You are booking a hotel room in New York City for a
10114,A,B<|endoftext|>Human: You are booking a hotel room in New York City for a
10115,B,A<|endoftext|>Human: You are booking a hotel room in New York City for a
10116,A,B<|endoftext|>Human: You are booking a hotel room in New York City for a
10117,A,B<|endoftext|>Human: You are booking a hotel room in New York City for a
10118,A,B<|endoftext|>Human: You are booking a hotel room in New York City for a
10119,A,B<|endoftext|>Human: You are booking a hotel room in New York City for a
10120,A,B<|endoftext|>Human: You are booking a hotel room in New York City for a
10121,A,B<|endoftext|>Human: You are booking a hotel room in New York City for a
10122,A,B<|endoftext|>Human: You are booking a hotel room in New York City for a
10123,A,B<|endoftext|>Human: You are booking a hotel room in New York City for a
10124,A,B<|endoftext|>Human: You are booking a hotel room in New York City for a
10125,A,B<|endoftext|>Human: You are booking a hotel room in New York City for a
10126,A,B<|endoftext|>Human: You are booking a hotel room in New York City for a
10127,A,B<|endoftext|>Human: You are booking a hotel room in New York City for a
10128,A,B<|endoftext|>Human: You are booking a hotel room in New York City for a
10129,A,B<|endoftext|>Human: You are booking a hotel room in New York City for a
10130,B,A<|endoftext|>Human: You are booking a hotel room in New York City for a
10131,A,B<|endoftext|>Human: You are booking a hotel room in New York City for a
10132,A,B<|endoftext|>Human: You are booking a hotel room in New York City for a
10133,A,B<|endoftext|>Human: You are booking a hotel room in New York City for a
10134,B,A<|endoftext|>Human: You are booking a hotel room in New York City for a
10135,B,A<|endoftext|>Human: You are booking a hotel room in New York City for a
10136,A,B<|endoftext|>Human: You are booking a hotel room in New York City for a
10137,B,A<|endoftext|>Human: You are booking a hotel room in New York City for a
10138,A,B<|endoftext|>Human: You are booking a hotel room in New York City for a
10139,A,B<|endoftext|>Human: You are booking a hotel room in New York City for a
10140,A,B<|endoftext|>Human: You are booking a hotel room in New York City for a
10141,A,B<|endoftext|>Human: You are booking a hotel room in New York City for a
10142,A,B<|endoftext|>Human: You are booking a hotel room in New York City for a
10143,A,B<|endoftext|>Human: You are booking a hotel room in New York City for a
10144,A,B<|endoftext|>Human: You are booking a hotel room in New York City for a
10145,A,B<|endoftext|>Human: You are booking a hotel room in New York City for a
10146,A,B<|endoftext|>Human: You are booking a hotel room in New York City for a
10147,A,B<|endoftext|>Human: You are booking a hotel room in New York City for a
10148,A,B<|endoftext|>Human: You are booking a hotel room in New York City for a
10149,B,A<|endoftext|>Human: You are booking a hotel room in New York City for a
10150,A,B<|endoftext|>Human: You are booking a hotel room in New York City for a
10151,B,A<|endoftext|>Human: You are booking a hotel room in New York City for a
10152,B,A<|endoftext|>Human: You are booking a hotel room in New York City for a
10153,A,B<|endoftext|>Human: You are booking a hotel room in New York City for a
10154,A,B<|endoftext|>Human: You are booking a hotel room in New York City for a
10155,A,B<|endoftext|>Human: You are booking a hotel room in New York City for a
10156,A,B<|endoftext|>Human: You are booking a hotel room in New York City for a
10157,A,B<|endoftext|>Human: You are booking a hotel room in New York City for a
10158,A,B<|endoftext|>Human: You are booking a hotel room in New York City for a
10159,A,B<|endoftext|>Human: You are booking a hotel room in New York City for a
10160,A,B<|endoftext|>Human: You are booking a hotel room in New York City for a
10161,A,B<|endoftext|>Human: You are booking a hotel room in New York City for a
10162,A,B<|endoftext|>Human: You are booking a hotel room in New York City for a
10163,B,A<|endoftext|>Human: You are booking a hotel room in New York City for a
10164,A,B<|endoftext|>Human: You are booking a hotel room in New York City for a
10165,A,B<|endoftext|>Human: You are booking a hotel room in New York City for a
10166,A,B<|endoftext|>Human: You are booking a hotel room in New York City for a
10167,A,B<|endoftext|>Human: You are booking a hotel room in New York City for a
10168,A,B<|endoftext|>Human: You are booking a hotel room in New York City for a
10169,A,B<|endoftext|>Human: You are booking a hotel room in New York City for a
10170,A,B<|endoftext|>Human: You are booking a hotel room in New York City for a
10171,A,B<|endoftext|>Human: You are booking a hotel room in New York City for a
10172,B,A<|endoftext|>Human: You are booking a hotel room in New York City for a
10173,A,B<|endoftext|>Human: You are booking a hotel room in New York City for a
10174,A,B<|endoftext|>Human: You are booking a hotel room in New York City for a
10175,A,B<|endoftext|>Human: You are booking a hotel room in New York City for a
10176,A,B<|endoftext|>Human: You are booking a hotel room in New York City for a
10177,A,B<|endoftext|>Human: You are booking a hotel room in New York City for a
10178,A,B<|endoftext|>Human: You are booking a hotel room in New York City for a
10179,A,B<|endoftext|>Human: You are booking a hotel room in New York City for a
10180,A,B<|endoftext|>Human: You are booking a hotel room in New York City for a
10181,A,B<|endoftext|>Human: You are booking a hotel room in New York City for a
10182,A,B<|endoftext|>Human: You are booking a hotel room in New York City for a
10183,A,B<|endoftext|>Human: You are booking a hotel room in New York City for a
10184,B,A<|endoftext|>Human: You are booking a hotel room in New York City for a
10185,A,B<|endoftext|>Human: You are booking a hotel room in New York City for a
10186,A,B<|endoftext|>Human: You are booking a hotel room in New York City for a
10187,A,B<|endoftext|>Human: You are booking a hotel room in New York City for a
10188,A,B<|endoftext|>Human: You are booking a hotel room in New York City for a
10189,A,B<|endoftext|>Human: You are booking a hotel room in New York City for a
10190,A,B<|endoftext|>Human: You are booking a hotel room in New York City for a
10191,A,B<|endoftext|>Human: You are booking a hotel room in New York City for a
10192,A,B<|endoftext|>Human: You are booking a hotel room in New York City for a
10193,A,B<|endoftext|>Human: You are booking a hotel room in New York City for a
10194,A,B<|endoftext|>Human: You are booking a hotel room in New York City for a
10195,A,B<|endoftext|>Human: You are booking a hotel room in New York City for a
10196,A,B<|endoftext|>Human: You are booking a hotel room in New York City for a
10197,A,B<|endoftext|>Human: You are booking a hotel room in New York City for a
10198,A,B<|endoftext|>Human: You are booking a hotel room in New York City for a
10199,A,B<|endoftext|>Human: You are booking a hotel room in New York City for a
10200,A,B<|endoftext|>Human: You are booking a hotel room in New York City for a
10201,A,B<|endoftext|>Human: You are booking a hotel room in New York City for a
10202,A,B<|endoftext|>Human: You are booking a hotel room in New York City for a
10203,A,B<|endoftext|>Human: You are booking a hotel room in New York City for a
10204,A,B<|endoftext|>Human: You are booking a hotel room in New York City for a
10205,A,B<|endoftext|>Human: You are booking a hotel room in New York City for a
10206,A,B<|endoftext|>Human: You are booking a hotel room in New York City for a
10207,A,B<|endoftext|>Human: You are booking a hotel room in New York City for a
10208,A,B<|endoftext|>Human: You are booking a hotel room in New York City for a
10209,A,B<|endoftext|>Human: You are booking a hotel room in New York City for a
10210,A,B<|endoftext|>Human: You are booking a hotel room in New York City for a
10211,A,B<|endoftext|>Human: You are booking a hotel room in New York City for a
10212,A,B<|endoftext|>Human: You are booking a hotel room in New York City for a
10213,A,B<|endoftext|>Human: You are booking a hotel room in New York City for a
10214,A,B<|endoftext|>Human: You are booking a hotel room in New York City for a
10215,B,A<|endoftext|>Human: You are booking a hotel room in New York City for a
10216,A,B<|endoftext|>Human: You are booking a hotel room in New York City for a
10217,A,B<|endoftext|>Human: You are booking a hotel room in New York City for a
10218,A,B<|endoftext|>Human: You are booking a hotel room in New York City for a
10219,A,B<|endoftext|>Human: You are booking a hotel room in New York City for a
10220,A,B<|endoftext|>Human: You are booking a hotel room in New York City for a
10221,A,B<|endoftext|>Human: You are booking a hotel room in New York City for a
10222,A,B<|endoftext|>Human: You are booking a hotel room in New York City for a
10223,A,B<|endoftext|>Human: You are booking a hotel room in New York City for a
10224,A,B<|endoftext|>Human: You are booking a hotel room in New York City for a
10225,A,B<|endoftext|>Human: You are booking a hotel room in New York City for a
10226,A,B<|endoftext|>Human: You are booking a hotel room in New York City for a
10227,A,B<|endoftext|>Human: You are booking a hotel room in New York City for a
10228,A,B<|endoftext|>Human: You are booking a hotel room in New York City for a
10229,A,B<|endoftext|>Human: You are booking a hotel room in New York City for a
10230,A,B<|endoftext|>Human: You are booking a hotel room in New York City for a
10231,A,B<|endoftext|>Human: You are booking a hotel room in New York City for a
10232,A,B<|endoftext|>Human: You are booking a hotel room in New York City for a
10233,A,B<|endoftext|>Human: You are booking a hotel room in New York City for a
10234,A,B<|endoftext|>Human: You are booking a hotel room in New York City for a
10235,A,B<|endoftext|>Human: You are booking a hotel room in New York City for a
10236,A,B<|endoftext|>Human: You are booking a hotel room in New York City for a
10237,A,B<|endoftext|>Human: You are booking a hotel room in New York City for a
10238,A,B<|endoftext|>Human: You are booking a hotel room in New York City for a
10239,A,B<|endoftext|>Human: You are booking a hotel room in New York City for a
10240,A,B<|endoftext|>Human: You are booking a hotel room in New York City for a
10241,B,A<|endoftext|>Human: You are booking a hotel room in New York City for a
10242,A,B<|endoftext|>Human: You are booking a hotel room in New York City for a
10243,A,B<|endoftext|>Human: You are booking a hotel room in New York City for a
10244,A,B<|endoftext|>Human: You are booking a hotel room in New York City for a
10245,B,A<|endoftext|>Human: You are booking a hotel room in New York City for a
10246,A,B<|endoftext|>Human: You are booking a hotel room in New York City for a
10247,A,B<|endoftext|>Human: You are booking a hotel room in New York City for a
10248,A,B<|endoftext|>Human: You are booking a hotel room in New York City for a
10249,A,B<|endoftext|>Human: You are booking a hotel room in New York City for a
10250,B,A<|endoftext|>Human: You are booking a hotel room in New York City for a
10251,B,A<|endoftext|>Human: You are booking a hotel room in New York City for a
10252,A,B<|endoftext|>Human: You are booking a hotel room in New York City for a
10253,A,B<|endoftext|>Human: You are booking a hotel room in New York City for a
10254,B,A<|endoftext|>Human: You are booking a hotel room in New York City for a
10255,A,B<|endoftext|>Human: You are booking a hotel room in New York City for a
10256,A,B<|endoftext|>Human: You are booking a hotel room in New York City for a
10257,B,A<|endoftext|>Human: You are booking a hotel room in New York City for a
10258,B,A<|endoftext|>Human: You are booking a hotel room in New York City for a
10259,A,B<|endoftext|>Human: You are booking a hotel room in New York City for a
10260,A,B<|endoftext|>Human: You are booking a hotel room in New York City for a
10261,A,B<|endoftext|>Human: You are booking a hotel room in New York City for a
10262,B,A<|endoftext|>Human: You are booking a hotel room in New York City for a
10263,B,A<|endoftext|>Human: You are booking a hotel room in New York City for a
10264,A,B<|endoftext|>Human: You are booking a hotel room in New York City for a
10265,A,B<|endoftext|>Human: You are booking a hotel room in New York City for a
10266,A,B<|endoftext|>Human: You are booking a hotel room in New York City for a
10267,A,B<|endoftext|>Human: You are booking a hotel room in New York City for a
10268,A,B<|endoftext|>Human: You are booking a hotel room in New York City for a
10269,A,B<|endoftext|>Human: You are booking a hotel room in New York City for a
10270,A,B<|endoftext|>Human: You are booking a hotel room in New York City for a
10271,A,B<|endoftext|>Human: You are booking a hotel room in New York City for a
10272,A,B<|endoftext|>Human: You are booking a hotel room in New York City for a
10273,B,A<|endoftext|>Human: You are booking a hotel room in New York City for a
10274,B,A<|endoftext|>Human: You are booking a hotel room in New York City for a
10275,A,B<|endoftext|>Human: You are booking a hotel room in New York City for a
10276,A,B<|endoftext|>Human: You are booking a hotel room in New York City for a
10277,A,B<|endoftext|>Human: You are booking a hotel room in New York City for a
10278,A,B<|endoftext|>Human: You are booking a hotel room in New York City for a
10279,A,B<|endoftext|>Human: You are booking a hotel room in New York City for a
10280,A,B<|endoftext|>Human: You are booking a hotel room in New York City for a
10281,A,B<|endoftext|>Human: You are booking a hotel room in New York City for a
10282,A,B<|endoftext|>Human: You are booking a hotel room in New York City for a
10283,A,B<|endoftext|>Human: You are booking a hotel room in New York City for a
10284,A,B<|endoftext|>Human: You are booking a hotel room in New York City for a
10285,A,B<|endoftext|>Human: You are booking a hotel room in New York City for a
10286,A,B<|endoftext|>Human: You are booking a hotel room in New York City for a
10287,A,B<|endoftext|>Human: You are booking a hotel room in New York City for a
10288,A,B<|endoftext|>Human: You are booking a hotel room in New York City for a
10289,A,B<|endoftext|>Human: You are booking a hotel room in New York City for a
10290,A,B<|endoftext|>Human: You are booking a hotel room in New York City for a
10291,A,B<|endoftext|>Human: You are booking a hotel room in New York City for a
10292,A,B<|endoftext|>Human: You are booking a hotel room in New York City for a
10293,A,B<|endoftext|>Human: You are booking a hotel room in New York City for a
10294,B,A<|endoftext|>Human: You are booking a hotel room in New York City for a
10295,B,A<|endoftext|>Human: You are booking a hotel room in New York City for a
10296,B,A<|endoftext|>Human: You are booking a hotel room in New York City for a
10297,A,B<|endoftext|>Human: You are booking a hotel room in New York City for a
10298,A,B<|endoftext|>Human: You are booking a hotel room in New York City for a
10299,B,A<|endoftext|>Human: You are booking a hotel room in New York City for a
10300,A,B<|endoftext|>Human: You are booking a hotel room in New York City for a
10301,A,B<|endoftext|>Human: You are booking a hotel room in New York City for a
10302,B,A<|endoftext|>Human: You are booking a hotel room in New York City for a
10303,A,B<|endoftext|>Human: You are booking a hotel room in New York City for a
10304,A,B<|endoftext|>Human: You are booking a hotel room in New York City for a
10305,A,B<|endoftext|>Human: You are booking a hotel room in New York City for a
10306,A,B<|endoftext|>Human: You are booking a hotel room in New York City for a
10307,A,B<|endoftext|>Human: You are booking a hotel room in New York City for a
10308,A,B<|endoftext|>Human: You are booking a hotel room in New York City for a
10309,A,B<|endoftext|>Human: You are booking a hotel room in New York City for a
10310,A,B<|endoftext|>Human: You are booking a hotel room in New York City for a
10311,A,B<|endoftext|>Human: You are booking a hotel room in New York City for a
10312,A,B<|endoftext|>Human: You are booking a hotel room in New York City for a
10313,A,B<|endoftext|>Human: You are booking a hotel room in New York City for a
10314,A,B<|endoftext|>Human: You are booking a hotel room in New York City for a
10315,A,B<|endoftext|>Human: You are booking a hotel room in New York City for a
10316,A,B<|endoftext|>Human: You are booking a hotel room in New York City for a
10317,A,B<|endoftext|>Human: You are booking a hotel room in New York City for a
10318,A,B<|endoftext|>Human: You are booking a hotel room in New York City for a
10319,B,A<|endoftext|>Human: You are booking a hotel room in New York City for a
10320,A,B<|endoftext|>Human: You are booking a hotel room in New York City for a
10321,A,B<|endoftext|>Human: You are booking a hotel room in New York City for a
10322,A,B<|endoftext|>Human: You are booking a hotel room in New York City for a
10323,A,B<|endoftext|>Human: You are booking a hotel room in New York City for a
10324,A,B<|endoftext|>Human: You are booking a hotel room in New York City for a
10325,A,B<|endoftext|>Human: You are booking a hotel room in New York City for a
10326,A,B<|endoftext|>Human: You are booking a hotel room in New York City for a
10327,A,B<|endoftext|>Human: You are booking a hotel room in New York City for a
10328,B,A<|endoftext|>Human: You are booking a hotel room in New York City for a
10329,B,A<|endoftext|>Human: You are booking a hotel room in New York City for a
10330,A,B<|endoftext|>Human: You are booking a hotel room in New York City for a
10331,A,B<|endoftext|>Human: You are booking a hotel room in New York City for a
10332,B,A<|endoftext|>Human: You are booking a hotel room in New York City for a
10333,A,B<|endoftext|>Human: You are booking a hotel room in New York City for a
10334,A,B<|endoftext|>Human: You are booking a hotel room in New York City for a
10335,A,B<|endoftext|>Human: You are booking a hotel room in New York City for a
10336,A,B<|endoftext|>Human: You are booking a hotel room in New York City for a
10337,A,B<|endoftext|>Human: You are booking a hotel room in New York City for a
10338,A,B<|endoftext|>Human: You are booking a hotel room in New York City for a
10339,A,B<|endoftext|>Human: You are booking a hotel room in New York City for a
10340,A,B<|endoftext|>Human: You are booking a hotel room in New York City for a
10341,B,A<|endoftext|>Human: You are booking a hotel room in New York City for a
10342,A,B<|endoftext|>Human: You are booking a hotel room in New York City for a
10343,A,B<|endoftext|>Human: You are booking a hotel room in New York City for a
10344,A,B<|endoftext|>Human: You are booking a hotel room in New York City for a
10345,A,B<|endoftext|>Human: You are booking a hotel room in New York City for a
10346,A,B<|endoftext|>Human: You are booking a hotel room in New York City for a
10347,A,B<|endoftext|>Human: You are booking a hotel room in New York City for a
10348,A,B<|endoftext|>Human: You are booking a hotel room in New York City for a
10349,A,B<|endoftext|>Human: You are booking a hotel room in New York City for a
10350,B,A<|endoftext|>Human: You are booking a hotel room in New York City for a
10351,A,B<|endoftext|>Human: You are booking a hotel room in New York City for a
10352,A,B<|endoftext|>Human: You are booking a hotel room in New York City for a
10353,A,B<|endoftext|>Human: You are booking a hotel room in New York City for a
10354,A,B<|endoftext|>Human: You are booking a hotel room in New York City for a
10355,A,B<|endoftext|>Human: You are booking a hotel room in New York City for a
10356,A,B<|endoftext|>Human: You are booking a hotel room in New York City for a
10357,A,B<|endoftext|>Human: You are booking a hotel room in New York City for a
10358,A,B<|endoftext|>Human: You are booking a hotel room in New York City for a
10359,A,B<|endoftext|>Human: You are booking a hotel room in New York City for a
10360,A,B<|endoftext|>Human: You are booking a hotel room in New York City for a
10361,A,B<|endoftext|>Human: You are booking a hotel room in New York City for a
10362,A,B<|endoftext|>Human: You are booking a hotel room in New York City for a
10363,A,B<|endoftext|>Human: You are booking a hotel room in New York City for a
10364,A,B<|endoftext|>Human: You are booking a hotel room in New York City for a
10365,A,B<|endoftext|>Human: You are booking a hotel room in New York City for a
10366,A,B<|endoftext|>Human: You are booking a hotel room in New York City for a
10367,A,B<|endoftext|>Human: You are booking a hotel room in New York City for a
10368,A,B<|endoftext|>Human: You are booking a hotel room in New York City for a
10369,A,B<|endoftext|>Human: You are booking a hotel room in New York City for a
10370,A,B<|endoftext|>Human: You are booking a hotel room in New York City for a
10371,A,B<|endoftext|>Human: You are booking a hotel room in New York City for a
10372,A,B<|endoftext|>Human: You are booking a hotel room in New York City for a
10373,B,A<|endoftext|>Human: You are booking a hotel room in New York City for a
10374,B,A<|endoftext|>Human: You are booking a hotel room in New York City for a
10375,A,B<|endoftext|>Human: You are booking a hotel room in New York City for a
10376,B,A<|endoftext|>Human: You are booking a hotel room in New York City for a
10377,A,B<|endoftext|>Human: You are booking a hotel room in New York City for a
10378,B,A<|endoftext|>Human: You are booking a hotel room in New York City for a
10379,B,A<|endoftext|>Human: You are booking a hotel room in New York City for a
10380,B,A<|endoftext|>Human: You are booking a hotel room in New York City for a
10381,B,A<|endoftext|>Human: You are booking a hotel room in New York City for a
10382,A,B<|endoftext|>Human: You are booking a hotel room in New York City for a
10383,A,B<|endoftext|>Human: You are booking a hotel room in New York City for a
10384,B,A<|endoftext|>Human: You are booking a hotel room in New York City for a
10385,A,B<|endoftext|>Human: You are booking a hotel room in New York City for a
10386,A,B<|endoftext|>Human: You are booking a hotel room in New York City for a
10387,A,B<|endoftext|>Human: You are booking a hotel room in New York City for a
10388,A,B<|endoftext|>Human: You are booking a hotel room in New York City for a
10389,A,B<|endoftext|>Human: You are booking a hotel room in New York City for a
10390,A,B<|endoftext|>Human: You are booking a hotel room in New York City for a
10391,B,A<|endoftext|>Human: You are booking a hotel room in New York City for a
10392,A,B<|endoftext|>Human: You are booking a hotel room in New York City for a
10393,A,B<|endoftext|>Human: You are booking a hotel room in New York City for a
10394,A,B<|endoftext|>Human: You are booking a hotel room in New York City for a
10395,A,B<|endoftext|>Human: You are booking a hotel room in New York City for a
10396,A,B<|endoftext|>Human: You are booking a hotel room in New York City for a
10397,A,B<|endoftext|>Human: You are booking a hotel room in New York City for a
10398,A,B<|endoftext|>Human: You are booking a hotel room in New York City for a
10399,A,B<|endoftext|>Human: You are booking a hotel room in New York City for a
10400,A,B<|endoftext|>Human: You are booking a hotel room in New York City for a
10401,A,B<|endoftext|>Human: You are booking a hotel room in New York City for a
10402,A,B<|endoftext|>Human: You are booking a hotel room in New York City for a
10403,A,B<|endoftext|>Human: You are booking a hotel room in New York City for a
10404,A,B<|endoftext|>Human: You are booking a hotel room in New York City for a
10405,A,B<|endoftext|>Human: You are booking a hotel room in New York City for a
10406,A,B<|endoftext|>Human: You are booking a hotel room in New York City for a
10407,A,B<|endoftext|>Human: You are booking a hotel room in New York City for a
10408,A,B<|endoftext|>Human: You are booking a hotel room in New York City for a
10409,A,B<|endoftext|>Human: You are booking a hotel room in New York City for a
10410,A,B<|endoftext|>Human: You are booking a hotel room in New York City for a
10411,A,B<|endoftext|>Human: You are booking a hotel room in New York City for a
10412,A,B<|endoftext|>Human: You are booking a hotel room in New York City for a
10413,A,B<|endoftext|>Human: You are booking a hotel room in New York City for a
10414,A,B<|endoftext|>Human: You are booking a hotel room in New York City for a
10415,A,B<|endoftext|>Human: You are booking a hotel room in New York City for a
10416,A,B<|endoftext|>Human: You are booking a hotel room in New York City for a
10417,A,B<|endoftext|>Human: You are booking a hotel room in New York City for a
10418,A,B<|endoftext|>Human: You are booking a hotel room in New York City for a
10419,B,A<|endoftext|>Human: You are booking a hotel room in New York City for a
10420,B,A<|endoftext|>Human: You are booking a hotel room in New York City for a
10421,A,B<|endoftext|>Human: You are booking a hotel room in New York City for a
10422,A,B<|endoftext|>Human: You are booking a hotel room in New York City for a
10423,A,B<|endoftext|>Human: You are booking a hotel room in New York City for a
10424,A,B<|endoftext|>Human: You are booking a hotel room in New York City for a
10425,B,A<|endoftext|>Human: You are booking a hotel room in New York City for a
10426,A,B<|endoftext|>Human: You are booking a hotel room in New York City for a
10427,B,A<|endoftext|>Human: You are booking a hotel room in New York City for a
10428,A,B<|endoftext|>Human: You are booking a hotel room in New York City for a
10429,A,B<|endoftext|>Human: You are booking a hotel room in New York City for a
10430,A,B<|endoftext|>Human: You are booking a hotel room in New York City for a
10431,A,B<|endoftext|>Human: You are booking a hotel room in New York City for a
10432,A,B<|endoftext|>Human: You are booking a hotel room in New York City for a
10433,A,B<|endoftext|>Human: You are booking a hotel room in New York City for a
10434,B,A<|endoftext|>Human: You are booking a hotel room in New York City for a
10435,B,A<|endoftext|>Human: You are booking a hotel room in New York City for a
10436,A,B<|endoftext|>Human: You are booking a hotel room in New York City for a
10437,A,B<|endoftext|>Human: You are booking a hotel room in New York City for a
10438,A,B<|endoftext|>Human: You are booking a hotel room in New York City for a
10439,A,B<|endoftext|>Human: You are booking a hotel room in New York City for a
10440,B,A<|endoftext|>Human: You are booking a hotel room in New York City for a
10441,A,B<|endoftext|>Human: You are booking a hotel room in New York City for a
10442,A,B<|endoftext|>Human: You are booking a hotel room in New York City for a
10443,A,B<|endoftext|>Human: You are booking a hotel room in New York City for a
10444,A,B<|endoftext|>Human: You are booking a hotel room in New York City for a
10445,B,A<|endoftext|>Human: You are booking a hotel room in New York City for a
10446,A,B<|endoftext|>Human: You are booking a hotel room in New York City for a
10447,B,A<|endoftext|>Human: You are booking a hotel room in New York City for a
10448,A,B<|endoftext|>Human: You are booking a hotel room in New York City for a
10449,A,B<|endoftext|>Human: You are booking a hotel room in New York City for a
10450,A,B<|endoftext|>Human: You are booking a hotel room in New York City for a
10451,B,A<|endoftext|>Human: You are booking a hotel room in New York City for a
10452,A,B<|endoftext|>Human: You are booking a hotel room in New York City for a
10453,A,B<|endoftext|>Human: You are booking a hotel room in New York City for a
10454,A,B<|endoftext|>Human: You are booking a hotel room in New York City for a
10455,A,B<|endoftext|>Human: You are booking a hotel room in New York City for a
10456,A,B<|endoftext|>Human: You are booking a hotel room in New York City for a
10457,A,B<|endoftext|>Human: You are booking a hotel room in New York City for a
10458,A,B<|endoftext|>Human: You are booking a hotel room in New York City for a
10459,A,B<|endoftext|>Human: You are booking a hotel room in New York City for a
10460,A,B<|endoftext|>Human: You are booking a hotel room in New York City for a
10461,A,B<|endoftext|>Human: You are booking a hotel room in New York City for a
10462,A,B<|endoftext|>Human: You are booking a hotel room in New York City for a
10463,A,B<|endoftext|>Human: You are booking a hotel room in New York City for a
10464,A,B<|endoftext|>Human: You are booking a hotel room in New York City for a
10465,A,B<|endoftext|>Human: You are booking a hotel room in New York City for a
10466,A,B<|endoftext|>Human: You are booking a hotel room in New York City for a
10467,A,B<|endoftext|>Human: You are booking a hotel room in New York City for a
10468,A,B<|endoftext|>Human: You are booking a hotel room in New York City for a
10469,A,B<|endoftext|>Human: You are booking a hotel room in New York City for a
10470,A,B<|endoftext|>Human: You are booking a hotel room in New York City for a
10471,A,B<|endoftext|>Human: You are booking a hotel room in New York City for a
10472,A,B<|endoftext|>Human: You are booking a hotel room in New York City for a
10473,A,B<|endoftext|>Human: You are booking a hotel room in New York City for a
10474,A,B<|endoftext|>Human: You are booking a hotel room in New York City for a
10475,A,B<|endoftext|>Human: You are booking a hotel room in New York City for a
10476,A,B<|endoftext|>Human: You are booking a hotel room in New York City for a
10477,A,B<|endoftext|>Human: You are booking a hotel room in New York City for a
10478,A,B<|endoftext|>Human: You are booking a hotel room in New York City for a
10479,A,B<|endoftext|>Human: You are booking a hotel room in New York City for a
10480,B,A<|endoftext|>Human: You are booking a hotel room in New York City for a
10481,A,B<|endoftext|>Human: You are booking a hotel room in New York City for a
10482,A,B<|endoftext|>Human: You are booking a hotel room in New York City for a
10483,A,B<|endoftext|>Human: You are booking a hotel room in New York City for a
10484,A,B<|endoftext|>Human: You are booking a hotel room in New York City for a
10485,A,B<|endoftext|>Human: You are booking a hotel room in New York City for a
10486,A,B<|endoftext|>Human: You are booking a hotel room in New York City for a
10487,A,B<|endoftext|>Human: You are booking a hotel room in New York City for a
10488,A,B<|endoftext|>Human: You are booking a hotel room in New York City for a
10489,A,B<|endoftext|>Human: You are booking a hotel room in New York City for a
10490,A,B<|endoftext|>Human: You are booking a hotel room in New York City for a
10491,A,B<|endoftext|>Human: You are booking a hotel room in New York City for a
10492,A,B<|endoftext|>Human: You are booking a hotel room in New York City for a
10493,A,B<|endoftext|>Human: You are booking a hotel room in New York City for a
10494,A,B<|endoftext|>Human: You are booking a hotel room in New York City for a
10495,A,B<|endoftext|>Human: You are booking a hotel room in New York City for a
10496,A,B<|endoftext|>Human: You are booking a hotel room in New York City for a
10497,A,B<|endoftext|>Human: You are booking a hotel room in New York City for a
10498,A,B<|endoftext|>Human: You are booking a hotel room in New York City for a
10499,A,B<|endoftext|>Human: You are booking a hotel room in New York City for a
10500,A,B<|endoftext|>Human: You are booking a hotel room in New York City for a
10501,A,B<|endoftext|>Human: You are booking a hotel room in New York City for a
10502,A,B<|endoftext|>Human: You are booking a hotel room in New York City for a
10503,A,B<|endoftext|>Human: You are booking a hotel room in New York City for a
10504,A,B<|endoftext|>Human: You are booking a hotel room in New York City for a
10505,A,B<|endoftext|>Human: You are booking a hotel room in New York City for a
10506,A,B<|endoftext|>Human: You are booking a hotel room in New York City for a
10507,A,B<|endoftext|>Human: You are booking a hotel room in New York City for a
10508,A,B<|endoftext|>Human: You are booking a hotel room in New York City for a
10509,A,B<|endoftext|>Human: You are booking a hotel room in New York City for a
10510,A,B<|endoftext|>Human: You are booking a hotel room in New York City for a
10511,A,B<|endoftext|>Human: You are booking a hotel room in New York City for a
10512,A,B<|endoftext|>Human: You are booking a hotel room in New York City for a
10513,A,B<|endoftext|>Human: You are booking a hotel room in New York City for a
10514,A,B<|endoftext|>Human: You are booking a hotel room in New York City for a
10515,A,B<|endoftext|>Human: You are booking a hotel room in New York City for a
10516,A,B<|endoftext|>Human: You are booking a hotel room in New York City for a
10517,A,B<|endoftext|>Human: You are booking a hotel room in New York City for a
10518,A,B<|endoftext|>Human: You are booking a hotel room in New York City for a
10519,A,B<|endoftext|>Human: You are booking a hotel room in New York City for a
10520,A,B<|endoftext|>Human: You are booking a hotel room in New York City for a
10521,A,B<|endoftext|>Human: You are booking a hotel room in New York City for a
10522,A,B<|endoftext|>Human: You are booking a hotel room in New York City for a
10523,A,B<|endoftext|>Human: You are booking a hotel room in New York City for a
10524,A,B<|endoftext|>Human: You are booking a hotel room in New York City for a
10525,B,A<|endoftext|>Human: You are booking a hotel room in New York City for a
10526,A,B<|endoftext|>Human: You are booking a hotel room in New York City for a
10527,B,A<|endoftext|>Human: You are booking a hotel room in New York City for a
10528,B,A<|endoftext|>Human: You are booking a hotel room in New York City for a
10529,A,B<|endoftext|>Human: You are booking a hotel room in New York City for a
10530,A,B<|endoftext|>Human: You are booking a hotel room in New York City for a
10531,A,B<|endoftext|>Human: You are booking a hotel room in New York City for a
10532,B,A<|endoftext|>Human: You are booking a hotel room in New York City for a
10533,A,B<|endoftext|>Human: You are booking a hotel room in New York City for a
10534,B,A<|endoftext|>Human: You are booking a hotel room in New York City for a
10535,A,B<|endoftext|>Human: You are booking a hotel room in New York City for a
10536,A,B<|endoftext|>Human: You are booking a hotel room in New York City for a
10537,A,B<|endoftext|>Human: You are booking a hotel room in New York City for a
10538,A,B<|endoftext|>Human: You are booking a hotel room in New York City for a
10539,A,B<|endoftext|>Human: You are booking a hotel room in New York City for a
10540,A,B<|endoftext|>Human: You are booking a hotel room in New York City for a
10541,A,B<|endoftext|>Human: You are booking a hotel room in New York City for a
10542,A,B<|endoftext|>Human: You are booking a hotel room in New York City for a
10543,A,B<|endoftext|>Human: You are booking a hotel room in New York City for a
10544,A,B<|endoftext|>Human: You are booking a hotel room in New York City for a
10545,B,A<|endoftext|>Human: You are booking a hotel room in New York City for a
10546,A,B<|endoftext|>Human: You are booking a hotel room in New York City for a
10547,A,B<|endoftext|>Human: You are booking a hotel room in New York City for a
10548,A,B<|endoftext|>Human: You are booking a hotel room in New York City for a
10549,A,B<|endoftext|>Human: You are booking a hotel room in New York City for a
10550,A,B<|endoftext|>Human: You are booking a hotel room in New York City for a
10551,A,B<|endoftext|>Human: You are booking a hotel room in New York City for a
10552,A,B<|endoftext|>Human: You are booking a hotel room in New York City for a
10553,A,B<|endoftext|>Human: You are booking a hotel room in New York City for a
10554,A,B<|endoftext|>Human: You are booking a hotel room in New York City for a
10555,A,B<|endoftext|>Human: You are booking a hotel room in New York City for a
10556,A,B<|endoftext|>Human: You are booking a hotel room in New York City for a
10557,A,B<|endoftext|>Human: You are booking a hotel room in New York City for a
10558,A,B<|endoftext|>Human: You are booking a hotel room in New York City for a
10559,A,B<|endoftext|>Human: You are booking a hotel room in New York City for a
10560,A,B<|endoftext|>Human: You are booking a hotel room in New York City for a
10561,A,B<|endoftext|>Human: You are booking a hotel room in New York City for a
10562,A,B<|endoftext|>Human: You are booking a hotel room in New York City for a
10563,A,B<|endoftext|>Human: You are booking a hotel room in New York City for a
10564,A,B<|endoftext|>Human: You are booking a hotel room in New York City for a
10565,A,B<|endoftext|>Human: You are booking a hotel room in New York City for a
10566,A,B<|endoftext|>Human: You are booking a hotel room in New York City for a
10567,A,B<|endoftext|>Human: You are booking a hotel room in New York City for a
10568,A,B<|endoftext|>Human: You are booking a hotel room in New York City for a
10569,A,B<|endoftext|>Human: You are booking a hotel room in New York City for a
10570,A,B<|endoftext|>Human: You are booking a hotel room in New York City for a
10571,A,B<|endoftext|>Human: You are booking a hotel room in New York City for a
10572,A,B<|endoftext|>Human: You are booking a hotel room in New York City for a
10573,A,B<|endoftext|>Human: You are booking a hotel room in New York City for a
10574,A,B<|endoftext|>Human: You are booking a hotel room in New York City for a
10575,A,B<|endoftext|>Human: You are booking a hotel room in New York City for a
10576,A,B<|endoftext|>Human: You are booking a hotel room in New York City for a
10577,A,B<|endoftext|>Human: You are booking a hotel room in New York City for a
10578,A,B<|endoftext|>Human: You are booking a hotel room in New York City for a
10579,A,B<|endoftext|>Human: You are booking a hotel room in New York City for a
10580,A,B<|endoftext|>Human: You are booking a hotel room in New York City for a
10581,A,B<|endoftext|>Human: You are booking a hotel room in New York City for a
10582,A,B<|endoftext|>Human: You are booking a hotel room in New York City for a
10583,A,B<|endoftext|>Human: You are booking a hotel room in New York City for a
10584,A,B<|endoftext|>Human: You are booking a hotel room in New York City for a
10585,A,B<|endoftext|>Human: You are booking a hotel room in New York City for a
10586,A,B<|endoftext|>Human: You are booking a hotel room in New York City for a
10587,B,A<|endoftext|>Human: You are booking a hotel room in New York City for a
10588,B,A<|endoftext|>Human: You are booking a hotel room in New York City for a
10589,A,B<|endoftext|>Human: You are booking a hotel room in New York City for a
10590,A,B<|endoftext|>Human: You are booking a hotel room in New York City for a
10591,B,A<|endoftext|>Human: You are booking a hotel room in New York City for a
10592,B,A<|endoftext|>Human: You are booking a hotel room in New York City for a
10593,B,A<|endoftext|>Human: You are booking a hotel room in New York City for a
10594,A,B<|endoftext|>Human: You are booking a hotel room in New York City for a
10595,A,B<|endoftext|>Human: You are booking a hotel room in New York City for a
10596,B,A<|endoftext|>Human: You are booking a hotel room in New York City for a
10597,A,B<|endoftext|>Human: You are booking a hotel room in New York City for a
10598,A,B<|endoftext|>Human: You are booking a hotel room in New York City for a
10599,A,B<|endoftext|>Human: You are booking a hotel room in New York City for a
10600,A,B<|endoftext|>Human: You are booking a hotel room in New York City for a
10601,A,B<|endoftext|>Human: You are booking a hotel room in New York City for a
10602,A,B<|endoftext|>Human: You are booking a hotel room in New York City for a
10603,A,B<|endoftext|>Human: You are booking a hotel room in New York City for a
10604,A,B<|endoftext|>Human: You are booking a hotel room in New York City for a
10605,A,B<|endoftext|>Human: You are booking a hotel room in New York City for a
10606,A,B<|endoftext|>Human: You are booking a hotel room in New York City for a
10607,A,B<|endoftext|>Human: You are booking a hotel room in New York City for a
10608,A,B<|endoftext|>Human: You are booking a hotel room in New York City for a
10609,A,B<|endoftext|>Human: You are booking a hotel room in New York City for a
10610,A,B<|endoftext|>Human: You are booking a hotel room in New York City for a
10611,A,B<|endoftext|>Human: You are booking a hotel room in New York City for a
10612,A,B<|endoftext|>Human: You are booking a hotel room in New York City for a
10613,A,B<|endoftext|>Human: You are booking a hotel room in New York City for a
10614,A,B<|endoftext|>Human: You are booking a hotel room in New York City for a
10615,A,B<|endoftext|>Human: You are booking a hotel room in New York City for a
10616,A,B<|endoftext|>Human: You are booking a hotel room in New York City for a
10617,A,B<|endoftext|>Human: You are booking a hotel room in New York City for a
10618,A,B<|endoftext|>Human: You are booking a hotel room in New York City for a
10619,A,B<|endoftext|>Human: You are booking a hotel room in New York City for a
10620,A,B<|endoftext|>Human: You are booking a hotel room in New York City for a
10621,A,B<|endoftext|>Human: You are booking a hotel room in New York City for a
10622,A,B<|endoftext|>Human: You are booking a hotel room in New York City for a
10623,A,B<|endoftext|>Human: You are booking a hotel room in New York City for a
10624,A,B<|endoftext|>Human: You are booking a hotel room in New York City for a
10625,A,B<|endoftext|>Human: You are booking a hotel room in New York City for a
10626,A,B<|endoftext|>Human: You are booking a hotel room in New York City for a
10627,A,B<|endoftext|>Human: You are booking a hotel room in New York City for a
10628,A,B<|endoftext|>Human: You are booking a hotel room in New York City for a
10629,A,B<|endoftext|>Human: You are booking a hotel room in New York City for a
10630,A,B<|endoftext|>Human: You are booking a hotel room in New York City for a
10631,A,B<|endoftext|>Human: You are booking a hotel room in New York City for a
10632,A,B<|endoftext|>Human: You are booking a hotel room in New York City for a
10633,A,B<|endoftext|>Human: You are booking a hotel room in New York City for a
10634,A,B<|endoftext|>Human: You are booking a hotel room in New York City for a
10635,A,B<|endoftext|>Human: You are booking a hotel room in New York City for a
10636,A,B<|endoftext|>Human: You are booking a hotel room in New York City for a
10637,A,B<|endoftext|>Human: You are booking a hotel room in New York City for a
10638,A,B<|endoftext|>Human: You are booking a hotel room in New York City for a
10639,A,B<|endoftext|>Human: You are booking a hotel room in New York City for a
10640,A,B<|endoftext|>Human: You are booking a hotel room in New York City for a
10641,A,B<|endoftext|>Human: You are booking a hotel room in New York City for a
10642,A,B<|endoftext|>Human: You are booking a hotel room in New York City for a
10643,A,B<|endoftext|>Human: You are booking a hotel room in New York City for a
10644,A,B<|endoftext|>Human: You are booking a hotel room in New York City for a
10645,A,B<|endoftext|>Human: You are booking a hotel room in New York City for a
10646,A,B<|endoftext|>Human: You are booking a hotel room in New York City for a
10647,A,B<|endoftext|>Human: You are booking a hotel room in New York City for a
10648,A,B<|endoftext|>Human: You are booking a hotel room in New York City for a
10649,A,B<|endoftext|>Human: You are booking a hotel room in New York City for a
10650,A,B<|endoftext|>Human: You are booking a hotel room in New York City for a
10651,A,B<|endoftext|>Human: You are booking a hotel room in New York City for a
10652,A,B<|endoftext|>Human: You are booking a hotel room in New York City for a
10653,A,B<|endoftext|>Human: You are booking a hotel room in New York City for a
10654,A,B<|endoftext|>Human: You are booking a hotel room in New York City for a
10655,A,B<|endoftext|>Human: You are booking a hotel room in New York City for a
10656,A,B<|endoftext|>Human: You are booking a hotel room in New York City for a
10657,B,A<|endoftext|>Human: You are booking a hotel room in New York City for a
10658,A,B<|endoftext|>Human: You are booking a hotel room in New York City for a
10659,B,A<|endoftext|>Human: You are booking a hotel room in New York City for a
10660,B,A<|endoftext|>Human: You are booking a hotel room in New York City for a
10661,B,A<|endoftext|>Human: You are booking a hotel room in New York City for a
10662,B,A<|endoftext|>Human: You are booking a hotel room in New York City for a
10663,A,B<|endoftext|>Human: You are booking a hotel room in New York City for a
10664,A,B<|endoftext|>Human: You are booking a hotel room in New York City for a
10665,A,B<|endoftext|>Human: You are booking a hotel room in New York City for a
10666,A,B<|endoftext|>Human: You are booking a hotel room in New York City for a
10667,A,B<|endoftext|>Human: You are booking a hotel room in New York City for a
10668,A,B<|endoftext|>Human: You are booking a hotel room in New York City for a
10669,B,A<|endoftext|>Human: You are booking a hotel room in New York City for a
10670,A,B<|endoftext|>Human: You are booking a hotel room in New York City for a
10671,A,B<|endoftext|>Human: You are booking a hotel room in New York City for a
10672,A,B<|endoftext|>Human: You are booking a hotel room in New York City for a
10673,A,B<|endoftext|>Human: You are booking a hotel room in New York City for a
10674,A,B<|endoftext|>Human: You are booking a hotel room in New York City for a
10675,A,B<|endoftext|>Human: You are booking a hotel room in New York City for a
10676,A,B<|endoftext|>Human: You are booking a hotel room in New York City for a
10677,A,B<|endoftext|>Human: You are booking a hotel room in New York City for a
10678,A,B<|endoftext|>Human: You are booking a hotel room in New York City for a
10679,A,B<|endoftext|>Human: You are booking a hotel room in New York City for a
10680,A,B<|endoftext|>Human: You are booking a hotel room in New York City for a
10681,A,B<|endoftext|>Human: You are booking a hotel room in New York City for a
10682,A,B<|endoftext|>Human: You are booking a hotel room in New York City for a
10683,A,B<|endoftext|>Human: You are booking a hotel room in New York City for a
10684,A,B<|endoftext|>Human: You are booking a hotel room in New York City for a
10685,A,B<|endoftext|>Human: You are booking a hotel room in New York City for a
10686,A,B<|endoftext|>Human: You are booking a hotel room in New York City for a
10687,A,B<|endoftext|>Human: You are booking a hotel room in New York City for a
10688,A,B<|endoftext|>Human: You are booking a hotel room in New York City for a
10689,A,B<|endoftext|>Human: You are booking a hotel room in New York City for a
10690,A,B<|endoftext|>Human: You are booking a hotel room in New York City for a
10691,A,B<|endoftext|>Human: You are booking a hotel room in New York City for a
10692,A,B<|endoftext|>Human: You are booking a hotel room in New York City for a
10693,A,B<|endoftext|>Human: You are booking a hotel room in New York City for a
10694,A,B<|endoftext|>Human: You are booking a hotel room in New York City for a
10695,A,B<|endoftext|>Human: You are booking a hotel room in New York City for a
10696,A,B<|endoftext|>Human: You are booking a hotel room in New York City for a
10697,A,B<|endoftext|>Human: You are booking a hotel room in New York City for a
10698,A,B<|endoftext|>Human: You are booking a hotel room in New York City for a
10699,A,B<|endoftext|>Human: You are booking a hotel room in New York City for a
10700,A,B<|endoftext|>Human: You are booking a hotel room in New York City for a
10701,B,A<|endoftext|>Human: You are booking a hotel room in New York City for a
10702,A,B<|endoftext|>Human: You are booking a hotel room in New York City for a
10703,A,B<|endoftext|>Human: You are booking a hotel room in New York City for a
10704,A,B<|endoftext|>Human: You are booking a hotel room in New York City for a
10705,A,B<|endoftext|>Human: You are booking a hotel room in New York City for a
10706,A,B<|endoftext|>Human: You are booking a hotel room in New York City for a
10707,A,B<|endoftext|>Human: You are booking a hotel room in New York City for a
10708,A,B<|endoftext|>Human: You are booking a hotel room in New York City for a
10709,A,B<|endoftext|>Human: You are booking a hotel room in New York City for a
10710,A,B<|endoftext|>Human: You are booking a hotel room in New York City for a
10711,A,B<|endoftext|>Human: You are booking a hotel room in New York City for a
10712,A,B<|endoftext|>Human: You are booking a hotel room in New York City for a
10713,A,B<|endoftext|>Human: You are booking a hotel room in New York City for a
10714,A,B<|endoftext|>Human: You are booking a hotel room in New York City for a
10715,A,B<|endoftext|>Human: You are booking a hotel room in New York City for a
10716,A,B<|endoftext|>Human: You are booking a hotel room in New York City for a
10717,B,A<|endoftext|>Human: You are booking a hotel room in New York City for a
10718,A,B<|endoftext|>Human: You are booking a hotel room in New York City for a
10719,A,B<|endoftext|>Human: You are booking a hotel room in New York City for a
10720,B,A<|endoftext|>Human: You are booking a hotel room in New York City for a
10721,B,A<|endoftext|>Human: You are booking a hotel room in New York City for a
10722,B,A<|endoftext|>Human: You are booking a hotel room in New York City for a
10723,B,A<|endoftext|>Human: You are booking a hotel room in New York City for a
10724,B,A<|endoftext|>Human: You are booking a hotel room in New York City for a
10725,A,B<|endoftext|>Human: You are booking a hotel room in New York City for a
10726,A,B<|endoftext|>Human: You are booking a hotel room in New York City for a
10727,A,B<|endoftext|>Human: You are booking a hotel room in New York City for a
10728,A,B<|endoftext|>Human: You are booking a hotel room in New York City for a
10729,A,B<|endoftext|>Human: You are booking a hotel room in New York City for a
10730,A,B<|endoftext|>Human: You are booking a hotel room in New York City for a
10731,A,B<|endoftext|>Human: You are booking a hotel room in New York City for a
10732,A,B<|endoftext|>Human: You are booking a hotel room in New York City for a
10733,A,B<|endoftext|>Human: You are booking a hotel room in New York City for a
10734,A,B<|endoftext|>Human: You are booking a hotel room in New York City for a
10735,A,B<|endoftext|>Human: You are booking a hotel room in New York City for a
10736,A,B<|endoftext|>Human: You are booking a hotel room in New York City for a
10737,A,B<|endoftext|>Human: You are booking a hotel room in New York City for a
10738,A,B<|endoftext|>Human: You are booking a hotel room in New York City for a
10739,A,B<|endoftext|>Human: You are booking a hotel room in New York City for a
10740,A,B<|endoftext|>Human: You are booking a hotel room in New York City for a
10741,A,B<|endoftext|>Human: You are booking a hotel room in New York City for a
10742,A,B<|endoftext|>Human: You are booking a hotel room in New York City for a
10743,A,B<|endoftext|>Human: You are booking a hotel room in New York City for a
10744,A,B<|endoftext|>Human: You are booking a hotel room in New York City for a
10745,A,B<|endoftext|>Human: You are booking a hotel room in New York City for a
10746,A,B<|endoftext|>Human: You are booking a hotel room in New York City for a
10747,A,B<|endoftext|>Human: You are booking a hotel room in New York City for a
10748,A,B<|endoftext|>Human: You are booking a hotel room in New York City for a
10749,A,B<|endoftext|>Human: You are booking a hotel room in New York City for a
10750,A,B<|endoftext|>Human: You are booking a hotel room in New York City for a
10751,A,B<|endoftext|>Human: You are booking a hotel room in New York City for a
10752,A,B<|endoftext|>Human: You are booking a hotel room in New York City for a
10753,A,B<|endoftext|>Human: You are booking a hotel room in New York City for a
10754,A,B<|endoftext|>Human: You are booking a hotel room in New York City for a
10755,A,B<|endoftext|>Human: You are booking a hotel room in New York City for a
10756,A,B<|endoftext|>Human: You are booking a hotel room in New York City for a
10757,A,B<|endoftext|>Human: You are booking a hotel room in New York City for a
10758,A,B<|endoftext|>Human: You are booking a hotel room in New York City for a
10759,A,B<|endoftext|>Human: You are booking a hotel room in New York City for a
10760,B,A<|endoftext|>Human: You are booking a hotel room in New York City for a
10761,A,B<|endoftext|>Human: You are booking a hotel room in New York City for a
10762,A,B<|endoftext|>Human: You are booking a hotel room in New York City for a
10763,A,B<|endoftext|>Human: You are booking a hotel room in New York City for a
10764,A,B<|endoftext|>Human: You are booking a hotel room in New York City for a
10765,A,B<|endoftext|>Human: You are booking a hotel room in New York City for a
10766,A,B<|endoftext|>Human: You are booking a hotel room in New York City for a
10767,A,B<|endoftext|>Human: You are booking a hotel room in New York City for a
10768,A,B<|endoftext|>Human: You are booking a hotel room in New York City for a
10769,A,B<|endoftext|>Human: You are booking a hotel room in New York City for a
10770,A,B<|endoftext|>Human: You are booking a hotel room in New York City for a
10771,A,B<|endoftext|>Human: You are booking a hotel room in New York City for a
10772,B,A<|endoftext|>Human: You are booking a hotel room in New York City for a
10773,A,B<|endoftext|>Human: You are booking a hotel room in New York City for a
10774,A,B<|endoftext|>Human: You are booking a hotel room in New York City for a
10775,A,B<|endoftext|>Human: You are booking a hotel room in New York City for a
10776,A,B<|endoftext|>Human: You are booking a hotel room in New York City for a
10777,A,B<|endoftext|>Human: You are booking a hotel room in New York City for a
10778,A,B<|endoftext|>Human: You are booking a hotel room in New York City for a
10779,A,B<|endoftext|>Human: You are booking a hotel room in New York City for a
10780,A,B<|endoftext|>Human: You are booking a hotel room in New York City for a
10781,A,B<|endoftext|>Human: You are booking a hotel room in New York City for a
10782,A,B<|endoftext|>Human: You are booking a hotel room in New York City for a
10783,A,B<|endoftext|>Human: You are booking a hotel room in New York City for a
10784,A,B<|endoftext|>Human: You are booking a hotel room in New York City for a
10785,A,B<|endoftext|>Human: You are booking a hotel room in New York City for a
10786,A,B<|endoftext|>Human: You are booking a hotel room in New York City for a
10787,A,B<|endoftext|>Human: You are booking a hotel room in New York City for a
10788,A,B<|endoftext|>Human: You are booking a hotel room in New York City for a
10789,A,B<|endoftext|>Human: You are booking a hotel room in New York City for a
10790,A,B<|endoftext|>Human: You are booking a hotel room in New York City for a
10791,A,B<|endoftext|>Human: You are booking a hotel room in New York City for a
10792,A,B<|endoftext|>Human: You are booking a hotel room in New York City for a
10793,A,B<|endoftext|>Human: You are booking a hotel room in New York City for a
10794,A,B<|endoftext|>Human: You are booking a hotel room in New York City for a
10795,A,B<|endoftext|>Human: You are booking a hotel room in New York City for a
10796,A,B<|endoftext|>Human: You are booking a hotel room in New York City for a
10797,A,B<|endoftext|>Human: You are booking a hotel room in New York City for a
10798,A,B<|endoftext|>Human: You are booking a hotel room in New York City for a
10799,A,B<|endoftext|>Human: You are booking a hotel room in New York City for a
10800,A,B<|endoftext|>Human: You are booking a hotel room in New York City for a
10801,A,B<|endoftext|>Human: You are booking a hotel room in New York City for a
10802,A,B<|endoftext|>Human: You are booking a hotel room in New York City for a
10803,A,B<|endoftext|>Human: You are booking a hotel room in New York City for a
10804,A,B<|endoftext|>Human: You are booking a hotel room in New York City for a
10805,A,B<|endoftext|>Human: You are booking a hotel room in New York City for a
10806,A,B<|endoftext|>Human: You are booking a hotel room in New York City for a
10807,A,B<|endoftext|>Human: You are booking a hotel room in New York City for a
10808,A,B<|endoftext|>Human: You are booking a hotel room in New York City for a
10809,A,B<|endoftext|>Human: You are booking a hotel room in New York City for a
10810,A,B<|endoftext|>Human: You are booking a hotel room in New York City for a
10811,A,B<|endoftext|>Human: You are booking a hotel room in New York City for a
10812,A,B<|endoftext|>Human: You are booking a hotel room in New York City for a
10813,A,B<|endoftext|>Human: You are booking a hotel room in New York City for a
10814,A,B<|endoftext|>Human: You are booking a hotel room in New York City for a
10815,A,B<|endoftext|>Human: You are booking a hotel room in New York City for a
10816,B,A<|endoftext|>Human: You are booking a hotel room in New York City for a
10817,B,A<|endoftext|>Human: You are booking a hotel room in New York City for a
10818,A,B<|endoftext|>Human: You are booking a hotel room in New York City for a
10819,A,B<|endoftext|>Human: You are booking a hotel room in New York City for a
10820,B,A<|endoftext|>Human: You are booking a hotel room in New York City for a
10821,A,B<|endoftext|>Human: You are booking a hotel room in New York City for a
10822,A,B<|endoftext|>Human: You are booking a hotel room in New York City for a
10823,A,B<|endoftext|>Human: You are booking a hotel room in New York City for a
10824,A,B<|endoftext|>Human: You are booking a hotel room in New York City for a
10825,A,B<|endoftext|>Human: You are booking a hotel room in New York City for a
10826,A,B<|endoftext|>Human: You are booking a hotel room in New York City for a
10827,A,B<|endoftext|>Human: You are booking a hotel room in New York City for a
10828,B,A<|endoftext|>Human: You are booking a hotel room in New York City for a
10829,B,A<|endoftext|>Human: You are booking a hotel room in New York City for a
10830,A,B<|endoftext|>Human: You are booking a hotel room in New York City for a
10831,A,B<|endoftext|>Human: You are booking a hotel room in New York City for a
10832,A,B<|endoftext|>Human: You are booking a hotel room in New York City for a
10833,A,B<|endoftext|>Human: You are booking a hotel room in New York City for a
10834,A,B<|endoftext|>Human: You are booking a hotel room in New York City for a
10835,A,B<|endoftext|>Human: You are booking a hotel room in New York City for a
10836,A,B<|endoftext|>Human: You are booking a hotel room in New York City for a
10837,A,B<|endoftext|>Human: You are booking a hotel room in New York City for a
10838,A,B<|endoftext|>Human: You are booking a hotel room in New York City for a
10839,A,B<|endoftext|>Human: You are booking a hotel room in New York City for a
10840,A,B<|endoftext|>Human: You are booking a hotel room in New York City for a
10841,A,B<|endoftext|>Human: You are booking a hotel room in New York City for a
10842,A,B<|endoftext|>Human: You are booking a hotel room in New York City for a
10843,A,B<|endoftext|>Human: You are booking a hotel room in New York City for a
10844,A,B<|endoftext|>Human: You are booking a hotel room in New York City for a
10845,A,B<|endoftext|>Human: You are booking a hotel room in New York City for a
10846,A,B<|endoftext|>Human: You are booking a hotel room in New York City for a
10847,A,B<|endoftext|>Human: You are booking a hotel room in New York City for a
10848,A,B<|endoftext|>Human: You are booking a hotel room in New York City for a
10849,A,B<|endoftext|>Human: You are booking a hotel room in New York City for a
10850,A,B<|endoftext|>Human: You are booking a hotel room in New York City for a
10851,A,B<|endoftext|>Human: You are booking a hotel room in New York City for a
10852,A,B<|endoftext|>Human: You are booking a hotel room in New York City for a
10853,A,B<|endoftext|>Human: You are booking a hotel room in New York City for a
10854,A,B<|endoftext|>Human: You are booking a hotel room in New York City for a
10855,A,B<|endoftext|>Human: You are booking a hotel room in New York City for a
10856,B,A<|endoftext|>Human: You are booking a hotel room in New York City for a
10857,A,B<|endoftext|>Human: You are booking a hotel room in New York City for a
10858,A,B<|endoftext|>Human: You are booking a hotel room in New York City for a
10859,A,B<|endoftext|>Human: You are booking a hotel room in New York City for a
10860,A,B<|endoftext|>Human: You are booking a hotel room in New York City for a
10861,A,B<|endoftext|>Human: You are booking a hotel room in New York City for a
10862,A,B<|endoftext|>Human: You are booking a hotel room in New York City for a
10863,A,B<|endoftext|>Human: You are booking a hotel room in New York City for a
10864,A,B<|endoftext|>Human: You are booking a hotel room in New York City for a
10865,A,B<|endoftext|>Human: You are booking a hotel room in New York City for a
10866,A,B<|endoftext|>Human: You are booking a hotel room in New York City for a
10867,A,B<|endoftext|>Human: You are booking a hotel room in New York City for a
10868,A,B<|endoftext|>Human: You are booking a hotel room in New York City for a
10869,A,B<|endoftext|>Human: You are booking a hotel room in New York City for a
10870,A,B<|endoftext|>Human: You are booking a hotel room in New York City for a
10871,A,B<|endoftext|>Human: You are booking a hotel room in New York City for a
10872,A,B<|endoftext|>Human: You are booking a hotel room in New York City for a
10873,A,B<|endoftext|>Human: You are booking a hotel room in New York City for a
10874,A,B<|endoftext|>Human: You are booking a hotel room in New York City for a
10875,A,B<|endoftext|>Human: You are booking a hotel room in New York City for a
10876,A,B<|endoftext|>Human: You are booking a hotel room in New York City for a
10877,A,B<|endoftext|>Human: You are booking a hotel room in New York City for a
10878,A,B<|endoftext|>Human: You are booking a hotel room in New York City for a
10879,A,B<|endoftext|>Human: You are booking a hotel room in New York City for a
10880,A,B<|endoftext|>Human: You are booking a hotel room in New York City for a
10881,A,B<|endoftext|>Human: You are booking a hotel room in New York City for a
10882,A,B<|endoftext|>Human: You are booking a hotel room in New York City for a
10883,A,B<|endoftext|>Human: You are booking a hotel room in New York City for a
10884,A,B<|endoftext|>Human: You are booking a hotel room in New York City for a
10885,A,B<|endoftext|>Human: You are booking a hotel room in New York City for a
10886,A,B<|endoftext|>Human: You are booking a hotel room in New York City for a
10887,A,B<|endoftext|>Human: You are booking a hotel room in New York City for a
10888,A,B<|endoftext|>Human: You are booking a hotel room in New York City for a
10889,A,B<|endoftext|>Human: You are booking a hotel room in New York City for a
10890,A,B<|endoftext|>Human: You are booking a hotel room in New York City for a
10891,A,B<|endoftext|>Human: You are booking a hotel room in New York City for a
10892,A,B<|endoftext|>Human: You are booking a hotel room in New York City for a
10893,B,A<|endoftext|>Human: You are booking a hotel room in New York City for a
10894,B,A<|endoftext|>Human: You are booking a hotel room in New York City for a
10895,A,B<|endoftext|>Human: You are booking a hotel room in New York City for a
10896,A,B<|endoftext|>Human: You are booking a hotel room in New York City for a
10897,B,A<|endoftext|>Human: You are booking a hotel room in New York City for a
10898,A,B<|endoftext|>Human: You are booking a hotel room in New York City for a
10899,B,A<|endoftext|>Human: You are booking a hotel room in New York City for a
10900,A,B<|endoftext|>Human: You are booking a hotel room in New York City for a
10901,A,B<|endoftext|>Human: You are booking a hotel room in New York City for a
10902,A,B<|endoftext|>Human: You are booking a hotel room in New York City for a
10903,A,B<|endoftext|>Human: You are booking a hotel room in New York City for a
10904,A,B<|endoftext|>Human: You are booking a hotel room in New York City for a
10905,A,B<|endoftext|>Human: You are booking a hotel room in New York City for a
10906,B,A<|endoftext|>Human: You are booking a hotel room in New York City for a
10907,A,B<|endoftext|>Human: You are booking a hotel room in New York City for a
10908,A,B<|endoftext|>Human: You are booking a hotel room in New York City for a
10909,A,B<|endoftext|>Human: You are booking a hotel room in New York City for a
10910,A,B<|endoftext|>Human: You are booking a hotel room in New York City for a
10911,A,B<|endoftext|>Human: You are booking a hotel room in New York City for a
10912,A,B<|endoftext|>Human: You are booking a hotel room in New York City for a
10913,A,B<|endoftext|>Human: You are booking a hotel room in New York City for a
10914,A,B<|endoftext|>Human: You are booking a hotel room in New York City for a
10915,A,B<|endoftext|>Human: You are booking a hotel room in New York City for a
10916,A,B<|endoftext|>Human: You are booking a hotel room in New York City for a
10917,A,B<|endoftext|>Human: You are booking a hotel room in New York City for a
10918,A,B<|endoftext|>Human: You are booking a hotel room in New York City for a
10919,A,B<|endoftext|>Human: You are booking a hotel room in New York City for a
10920,A,B<|endoftext|>Human: You are booking a hotel room in New York City for a
10921,B,A<|endoftext|>Human: You are booking a hotel room in New York City for a
10922,A,B<|endoftext|>Human: You are booking a hotel room in New York City for a
10923,B,A<|endoftext|>Human: You are booking a hotel room in New York City for a
10924,B,A<|endoftext|>Human: You are booking a hotel room in New York City for a
10925,A,B<|endoftext|>Human: You are booking a hotel room in New York City for a
10926,A,B<|endoftext|>Human: You are booking a hotel room in New York City for a
10927,A,B<|endoftext|>Human: You are booking a hotel room in New York City for a
10928,A,B<|endoftext|>Human: You are booking a hotel room in New York City for a
10929,A,B<|endoftext|>Human: You are booking a hotel room in New York City for a
10930,A,B<|endoftext|>Human: You are booking a hotel room in New York City for a
10931,A,B<|endoftext|>Human: You are booking a hotel room in New York City for a
10932,A,B<|endoftext|>Human: You are booking a hotel room in New York City for a
10933,A,B<|endoftext|>Human: You are booking a hotel room in New York City for a
10934,A,B<|endoftext|>Human: You are booking a hotel room in New York City for a
10935,A,B<|endoftext|>Human: You are booking a hotel room in New York City for a
10936,A,B<|endoftext|>Human: You are booking a hotel room in New York City for a
10937,A,B<|endoftext|>Human: You are booking a hotel room in New York City for a
10938,A,B<|endoftext|>Human: You are booking a hotel room in New York City for a
10939,A,B<|endoftext|>Human: You are booking a hotel room in New York City for a
10940,A,B<|endoftext|>Human: You are booking a hotel room in New York City for a
10941,A,B<|endoftext|>Human: You are booking a hotel room in New York City for a
10942,A,B<|endoftext|>Human: You are booking a hotel room in New York City for a
10943,B,A<|endoftext|>Human: You are booking a hotel room in New York City for a
10944,A,B<|endoftext|>Human: You are booking a hotel room in New York City for a
10945,A,B<|endoftext|>Human: You are booking a hotel room in New York City for a
10946,A,B<|endoftext|>Human: You are booking a hotel room in New York City for a
10947,A,B<|endoftext|>Human: You are booking a hotel room in New York City for a
10948,A,B<|endoftext|>Human: You are booking a hotel room in New York City for a
10949,A,B<|endoftext|>Human: You are booking a hotel room in New York City for a
10950,A,B<|endoftext|>Human: You are booking a hotel room in New York City for a
10951,A,B<|endoftext|>Human: You are booking a hotel room in New York City for a
10952,A,B<|endoftext|>Human: You are booking a hotel room in New York City for a
10953,A,B<|endoftext|>Human: You are booking a hotel room in New York City for a
10954,A,B<|endoftext|>Human: You are booking a hotel room in New York City for a
10955,A,B<|endoftext|>Human: You are booking a hotel room in New York City for a
10956,A,B<|endoftext|>Human: You are booking a hotel room in New York City for a
10957,A,B<|endoftext|>Human: You are booking a hotel room in New York City for a
10958,A,B<|endoftext|>Human: You are booking a hotel room in New York City for a
10959,A,B<|endoftext|>Human: You are booking a hotel room in New York City for a
10960,A,B<|endoftext|>Human: You are booking a hotel room in New York City for a
10961,A,B<|endoftext|>Human: You are booking a hotel room in New York City for a
10962,A,B<|endoftext|>Human: You are booking a hotel room in New York City for a
10963,A,B<|endoftext|>Human: You are booking a hotel room in New York City for a
10964,A,B<|endoftext|>Human: You are booking a hotel room in New York City for a
10965,A,B<|endoftext|>Human: You are booking a hotel room in New York City for a
10966,A,B<|endoftext|>Human: You are booking a hotel room in New York City for a
10967,A,B<|endoftext|>Human: You are booking a hotel room in New York City for a
10968,A,B<|endoftext|>Human: You are booking a hotel room in New York City for a
10969,A,B<|endoftext|>Human: You are booking a hotel room in New York City for a
10970,A,B<|endoftext|>Human: You are booking a hotel room in New York City for a
10971,A,B<|endoftext|>Human: You are booking a hotel room in New York City for a
10972,A,B<|endoftext|>Human: You are booking a hotel room in New York City for a
10973,A,B<|endoftext|>Human: You are booking a hotel room in New York City for a
10974,A,B<|endoftext|>Human: You are booking a hotel room in New York City for a
10975,A,B<|endoftext|>Human: You are booking a hotel room in New York City for a
10976,A,B<|endoftext|>Human: You are booking a hotel room in New York City for a
10977,A,B<|endoftext|>Human: You are booking a hotel room in New York City for a
10978,A,B<|endoftext|>Human: You are booking a hotel room in New York City for a
10979,A,B<|endoftext|>Human: You are booking a hotel room in New York City for a
10980,A,B<|endoftext|>Human: You are booking a hotel room in New York City for a
10981,B,A<|endoftext|>Human: You are booking a hotel room in New York City for a
10982,A,B<|endoftext|>Human: You are booking a hotel room in New York City for a
10983,A,B<|endoftext|>Human: You are booking a hotel room in New York City for a
10984,B,A<|endoftext|>Human: You are booking a hotel room in New York City for a
10985,A,B<|endoftext|>Human: You are booking a hotel room in New York City for a
10986,A,B<|endoftext|>Human: You are booking a hotel room in New York City for a
10987,A,B<|endoftext|>Human: You are booking a hotel room in New York City for a
10988,A,B<|endoftext|>Human: You are booking a hotel room in New York City for a
10989,B,A<|endoftext|>Human: You are booking a hotel room in New York City for a
10990,B,A<|endoftext|>Human: You are booking a hotel room in New York City for a
10991,A,B<|endoftext|>Human: You are booking a hotel room in New York City for a
10992,B,A<|endoftext|>Human: You are booking a hotel room in New York City for a
10993,A,B<|endoftext|>Human: You are booking a hotel room in New York City for a
10994,A,B<|endoftext|>Human: You are booking a hotel room in New York City for a
10995,A,B<|endoftext|>Human: You are booking a hotel room in New York City for a
10996,A,B<|endoftext|>Human: You are booking a hotel room in New York City for a
10997,A,B<|endoftext|>Human: You are booking a hotel room in New York City for a
10998,A,B<|endoftext|>Human: You are booking a hotel room in New York City for a
10999,A,B<|endoftext|>Human: You are booking a hotel room in New York City for a
11000,A,B<|endoftext|>Human: You are booking a hotel room in New York City for a
11001,A,B<|endoftext|>Human: You are booking a hotel room in New York City for a
11002,A,B<|endoftext|>Human: You are booking a hotel room in New York City for a
11003,A,B<|endoftext|>Human: You are booking a hotel room in New York City for a
11004,A,B<|endoftext|>Human: You are booking a hotel room in New York City for a
11005,A,B<|endoftext|>Human: You are booking a hotel room in New York City for a
11006,A,B<|endoftext|>Human: You are booking a hotel room in New York City for a
11007,A,B<|endoftext|>Human: You are booking a hotel room in New York City for a
11008,A,B<|endoftext|>Human: You are booking a hotel room in New York City for a
11009,A,B<|endoftext|>Human: You are booking a hotel room in New York City for a
11010,A,B<|endoftext|>Human: You are booking a hotel room in New York City for a
11011,A,B<|endoftext|>Human: You are booking a hotel room in New York City for a
11012,A,B<|endoftext|>Human: You are booking a hotel room in New York City for a
11013,A,B<|endoftext|>Human: You are booking a hotel room in New York City for a
11014,A,B<|endoftext|>Human: You are booking a hotel room in New York City for a
11015,A,B<|endoftext|>Human: You are booking a hotel room in New York City for a
11016,A,B<|endoftext|>Human: You are booking a hotel room in New York City for a
11017,A,B<|endoftext|>Human: You are booking a hotel room in New York City for a
11018,A,B<|endoftext|>Human: You are booking a hotel room in New York City for a
11019,A,B<|endoftext|>Human: You are booking a hotel room in New York City for a
11020,A,B<|endoftext|>Human: You are booking a hotel room in New York City for a
11021,A,B<|endoftext|>Human: You are booking a hotel room in New York City for a
11022,A,B<|endoftext|>Human: You are booking a hotel room in New York City for a
11023,A,B<|endoftext|>Human: You are booking a hotel room in New York City for a
11024,A,B<|endoftext|>Human: You are booking a hotel room in New York City for a
11025,A,B<|endoftext|>Human: You are booking a hotel room in New York City for a
11026,A,B<|endoftext|>Human: You are booking a hotel room in New York City for a
11027,A,B<|endoftext|>Human: You are booking a hotel room in New York City for a
11028,A,B<|endoftext|>Human: You are booking a hotel room in New York City for a
11029,A,B<|endoftext|>Human: You are booking a hotel room in New York City for a
11030,A,B<|endoftext|>Human: You are booking a hotel room in New York City for a
11031,A,B<|endoftext|>Human: You are booking a hotel room in New York City for a
11032,A,B<|endoftext|>Human: You are booking a hotel room in New York City for a
11033,A,B<|endoftext|>Human: You are booking a hotel room in New York City for a
11034,A,B<|endoftext|>Human: You are booking a hotel room in New York City for a
11035,A,B<|endoftext|>Human: You are booking a hotel room in New York City for a
11036,A,B<|endoftext|>Human: You are booking a hotel room in New York City for a
11037,A,B<|endoftext|>Human: You are booking a hotel room in New York City for a
11038,A,B<|endoftext|>Human: You are booking a hotel room in New York City for a
11039,A,B<|endoftext|>Human: You are booking a hotel room in New York City for a
11040,A,B<|endoftext|>Human: You are booking a hotel room in New York City for a
11041,A,B<|endoftext|>Human: You are booking a hotel room in New York City for a
11042,A,B<|endoftext|>Human: You are booking a hotel room in New York City for a
11043,A,B<|endoftext|>Human: You are booking a hotel room in New York City for a
11044,A,B<|endoftext|>Human: You are booking a hotel room in New York City for a
11045,A,B<|endoftext|>Human: You are booking a hotel room in New York City for a
11046,A,B<|endoftext|>Human: You are booking a hotel room in New York City for a
11047,A,B<|endoftext|>Human: You are booking a hotel room in New York City for a
11048,A,B<|endoftext|>Human: You are booking a hotel room in New York City for a
11049,A,B<|endoftext|>Human: You are booking a hotel room in New York City for a
11050,A,B<|endoftext|>Human: You are booking a hotel room in New York City for a
11051,A,B<|endoftext|>Human: You are booking a hotel room in New York City for a
11052,A,B<|endoftext|>Human: You are booking a hotel room in New York City for a
11053,A,B<|endoftext|>Human: You are booking a hotel room in New York City for a
11054,A,B<|endoftext|>Human: You are booking a hotel room in New York City for a
11055,A,B<|endoftext|>Human: You are booking a hotel room in New York City for a
11056,A,B<|endoftext|>Human: You are booking a hotel room in New York City for a
11057,A,B<|endoftext|>Human: You are booking a hotel room in New York City for a
11058,A,B<|endoftext|>Human: You are booking a hotel room in New York City for a
11059,A,B<|endoftext|>Human: You are booking a hotel room in New York City for a
11060,A,B<|endoftext|>Human: You are booking a hotel room in New York City for a
11061,A,B<|endoftext|>Human: You are booking a hotel room in New York City for a
11062,A,B<|endoftext|>Human: You are booking a hotel room in New York City for a
11063,A,B<|endoftext|>Human: You are booking a hotel room in New York City for a
11064,A,B<|endoftext|>Human: You are booking a hotel room in New York City for a
11065,A,B<|endoftext|>Human: You are booking a hotel room in New York City for a
11066,A,B<|endoftext|>Human: You are booking a hotel room in New York City for a
11067,A,B<|endoftext|>Human: You are booking a hotel room in New York City for a
11068,A,B<|endoftext|>Human: You are booking a hotel room in New York City for a
11069,A,B<|endoftext|>Human: You are booking a hotel room in New York City for a
11070,A,B<|endoftext|>Human: You are booking a hotel room in New York City for a
11071,A,B<|endoftext|>Human: You are booking a hotel room in New York City for a
11072,A,B<|endoftext|>Human: You are booking a hotel room in New York City for a
11073,A,B<|endoftext|>Human: You are booking a hotel room in New York City for a
11074,A,B<|endoftext|>Human: You are booking a hotel room in New York City for a
11075,A,B<|endoftext|>Human: You are booking a hotel room in New York City for a
11076,A,B<|endoftext|>Human: You are booking a hotel room in New York City for a
11077,A,B<|endoftext|>Human: You are booking a hotel room in New York City for a
11078,A,B<|endoftext|>Human: You are booking a hotel room in New York City for a
11079,A,B<|endoftext|>Human: You are booking a hotel room in New York City for a
11080,A,B<|endoftext|>Human: You are booking a hotel room in New York City for a
11081,A,B<|endoftext|>Human: You are booking a hotel room in New York City for a
11082,A,B<|endoftext|>Human: You are booking a hotel room in New York City for a
11083,A,B<|endoftext|>Human: You are booking a hotel room in New York City for a
11084,A,B<|endoftext|>Human: You are booking a hotel room in New York City for a
11085,A,B<|endoftext|>Human: You are booking a hotel room in New York City for a
11086,A,B<|endoftext|>Human: You are booking a hotel room in New York City for a
11087,A,B<|endoftext|>Human: You are booking a hotel room in New York City for a
11088,A,B<|endoftext|>Human: You are booking a hotel room in New York City for a
11089,A,B<|endoftext|>Human: You are booking a hotel room in New York City for a
11090,A,B<|endoftext|>Human: You are booking a hotel room in New York City for a
11091,A,B<|endoftext|>Human: You are booking a hotel room in New York City for a
11092,A,B<|endoftext|>Human: You are booking a hotel room in New York City for a
11093,A,B<|endoftext|>Human: You are booking a hotel room in New York City for a
11094,A,B<|endoftext|>Human: You are booking a hotel room in New York City for a
11095,A,B<|endoftext|>Human: You are booking a hotel room in New York City for a
11096,A,B<|endoftext|>Human: You are booking a hotel room in New York City for a
11097,A,B<|endoftext|>Human: You are booking a hotel room in New York City for a
11098,A,B<|endoftext|>Human: You are booking a hotel room in New York City for a
11099,A,B<|endoftext|>Human: You are booking a hotel room in New York City for a
11100,A,B<|endoftext|>Human: You are booking a hotel room in New York City for a
11101,A,B<|endoftext|>Human: You are booking a hotel room in New York City for a
11102,A,B<|endoftext|>Human: You are booking a hotel room in New York City for a
11103,A,B<|endoftext|>Human: You are booking a hotel room in New York City for a
11104,A,B<|endoftext|>Human: You are booking a hotel room in New York City for a
11105,A,B<|endoftext|>Human: You are booking a hotel room in New York City for a
11106,A,B<|endoftext|>Human: You are booking a hotel room in New York City for a
11107,A,B<|endoftext|>Human: You are booking a hotel room in New York City for a
11108,A,B<|endoftext|>Human: You are booking a hotel room in New York City for a
11109,A,B<|endoftext|>Human: You are booking a hotel room in New York City for a
11110,A,B<|endoftext|>Human: You are booking a hotel room in New York City for a
11111,A,B<|endoftext|>Human: You are booking a hotel room in New York City for a
11112,A,B<|endoftext|>Human: You are booking a hotel room in New York City for a
11113,A,B<|endoftext|>Human: You are booking a hotel room in New York City for a
11114,A,B<|endoftext|>Human: You are booking a hotel room in New York City for a
11115,A,B<|endoftext|>Human: You are booking a hotel room in New York City for a
11116,A,B<|endoftext|>Human: You are booking a hotel room in New York City for a
11117,A,B<|endoftext|>Human: You are booking a hotel room in New York City for a
11118,A,B<|endoftext|>Human: You are booking a hotel room in New York City for a
11119,A,B<|endoftext|>Human: You are booking a hotel room in New York City for a
11120,A,B<|endoftext|>Human: You are booking a hotel room in New York City for a
11121,A,B<|endoftext|>Human: You are booking a hotel room in New York City for a
11122,A,B<|endoftext|>Human: You are booking a hotel room in New York City for a
11123,A,B<|endoftext|>Human: You are booking a hotel room in New York City for a
11124,A,B<|endoftext|>Human: You are booking a hotel room in New York City for a
11125,A,B<|endoftext|>Human: You are booking a hotel room in New York City for a
11126,A,B<|endoftext|>Human: You are booking a hotel room in New York City for a
11127,A,B<|endoftext|>Human: You are booking a hotel room in New York City for a
11128,A,B<|endoftext|>Human: You are booking a hotel room in New York City for a
11129,A,B<|endoftext|>Human: You are booking a hotel room in New York City for a
11130,A,B<|endoftext|>Human: You are booking a hotel room in New York City for a
11131,A,B<|endoftext|>Human: You are booking a hotel room in New York City for a
11132,A,B<|endoftext|>Human: You are booking a hotel room in New York City for a
11133,A,B<|endoftext|>Human: You are booking a hotel room in New York City for a
11134,A,B<|endoftext|>Human: You are booking a hotel room in New York City for a
11135,A,B<|endoftext|>Human: You are booking a hotel room in New York City for a
11136,A,B<|endoftext|>Human: You are booking a hotel room in New York City for a
11137,A,B<|endoftext|>Human: You are booking a hotel room in New York City for a
11138,A,B<|endoftext|>Human: You are booking a hotel room in New York City for a
11139,A,B<|endoftext|>Human: You are booking a hotel room in New York City for a
11140,A,B<|endoftext|>Human: You are booking a hotel room in New York City for a
11141,A,B<|endoftext|>Human: You are booking a hotel room in New York City for a
11142,A,B<|endoftext|>Human: You are booking a hotel room in New York City for a
11143,A,B<|endoftext|>Human: You are booking a hotel room in New York City for a
11144,A,B<|endoftext|>Human: You are booking a hotel room in New York City for a
11145,B,A<|endoftext|>Human: You are booking a hotel room in New York City for a
11146,A,B<|endoftext|>Human: You are booking a hotel room in New York City for a
11147,A,B<|endoftext|>Human: You are booking a hotel room in New York City for a
11148,A,B<|endoftext|>Human: You are booking a hotel room in New York City for a
11149,A,B<|endoftext|>Human: You are booking a hotel room in New York City for a
11150,A,B<|endoftext|>Human: You are booking a hotel room in New York City for a
11151,A,B<|endoftext|>Human: You are booking a hotel room in New York City for a
11152,A,B<|endoftext|>Human: You are booking a hotel room in New York City for a
11153,A,B<|endoftext|>Human: You are booking a hotel room in New York City for a
11154,A,B<|endoftext|>Human: You are booking a hotel room in New York City for a
11155,A,B<|endoftext|>Human: You are booking a hotel room in New York City for a
11156,A,B<|endoftext|>Human: You are booking a hotel room in New York City for a
11157,A,B<|endoftext|>Human: You are booking a hotel room in New York City for a
11158,A,B<|endoftext|>Human: You are booking a hotel room in New York City for a
11159,A,B<|endoftext|>Human: You are booking a hotel room in New York City for a
11160,A,B<|endoftext|>Human: You are booking a hotel room in New York City for a
11161,A,B<|endoftext|>Human: You are booking a hotel room in New York City for a
11162,A,B<|endoftext|>Human: You are booking a hotel room in New York City for a
11163,A,B<|endoftext|>Human: You are booking a hotel room in New York City for a
11164,A,B<|endoftext|>Human: You are booking a hotel room in New York City for a
11165,A,B<|endoftext|>Human: You are booking a hotel room in New York City for a
11166,A,B<|endoftext|>Human: You are booking a hotel room in New York City for a
11167,A,B<|endoftext|>Human: You are booking a hotel room in New York City for a
11168,A,B<|endoftext|>Human: You are booking a hotel room in New York City for a
11169,A,B<|endoftext|>Human: You are booking a hotel room in New York City for a
11170,A,B<|endoftext|>Human: You are booking a hotel room in New York City for a
11171,A,B<|endoftext|>Human: You are booking a hotel room in New York City for a
11172,A,B<|endoftext|>Human: You are booking a hotel room in New York City for a
11173,A,B<|endoftext|>Human: You are booking a hotel room in New York City for a
11174,A,B<|endoftext|>Human: You are booking a hotel room in New York City for a
11175,A,B<|endoftext|>Human: You are booking a hotel room in New York City for a
11176,A,B<|endoftext|>Human: You are booking a hotel room in New York City for a
11177,A,B<|endoftext|>Human: You are booking a hotel room in New York City for a
11178,A,B<|endoftext|>Human: You are booking a hotel room in New York City for a
11179,A,B<|endoftext|>Human: You are booking a hotel room in New York City for a
11180,A,B<|endoftext|>Human: You are booking a hotel room in New York City for a
11181,A,B<|endoftext|>Human: You are booking a hotel room in New York City for a
11182,A,B<|endoftext|>Human: You are booking a hotel room in New York City for a
11183,A,B<|endoftext|>Human: You are booking a hotel room in New York City for a
11184,A,B<|endoftext|>Human: You are booking a hotel room in New York City for a
11185,A,B<|endoftext|>Human: You are booking a hotel room in New York City for a
11186,A,B<|endoftext|>Human: You are booking a hotel room in New York City for a
11187,A,B<|endoftext|>Human: You are booking a hotel room in New York City for a
11188,A,B<|endoftext|>Human: You are booking a hotel room in New York City for a
11189,A,B<|endoftext|>Human: You are booking a hotel room in New York City for a
11190,A,B<|endoftext|>Human: You are booking a hotel room in New York City for a
11191,A,B<|endoftext|>Human: You are booking a hotel room in New York City for a
11192,A,B<|endoftext|>Human: You are booking a hotel room in New York City for a
11193,A,B<|endoftext|>Human: You are booking a hotel room in New York City for a
11194,A,B<|endoftext|>Human: You are booking a hotel room in New York City for a
11195,A,B<|endoftext|>Human: You are booking a hotel room in New York City for a
11196,A,B<|endoftext|>Human: You are booking a hotel room in New York City for a
11197,A,B<|endoftext|>Human: You are booking a hotel room in New York City for a
11198,A,B<|endoftext|>Human: You are booking a hotel room in New York City for a
11199,A,B<|endoftext|>Human: You are booking a hotel room in New York City for a
11200,A,B<|endoftext|>Human: You are booking a hotel room in New York City for a
11201,A,B<|endoftext|>Human: You are booking a hotel room in New York City for a
11202,A,B<|endoftext|>Human: You are booking a hotel room in New York City for a
11203,A,B<|endoftext|>Human: You are booking a hotel room in New York City for a
11204,A,B<|endoftext|>Human: You are booking a hotel room in New York City for a
11205,A,B<|endoftext|>Human: You are booking a hotel room in New York City for a
11206,A,B<|endoftext|>Human: You are booking a hotel room in New York City for a
11207,A,B<|endoftext|>Human: You are booking a hotel room in New York City for a
11208,A,B<|endoftext|>Human: You are booking a hotel room in New York City for a
11209,A,B<|endoftext|>Human: You are booking a hotel room in New York City for a
11210,A,B<|endoftext|>Human: You are booking a hotel room in New York City for a
11211,A,B<|endoftext|>Human: You are booking a hotel room in New York City for a
11212,A,B<|endoftext|>Human: You are booking a hotel room in New York City for a
11213,A,B<|endoftext|>Human: You are booking a hotel room in New York City for a
11214,A,B<|endoftext|>Human: You are booking a hotel room in New York City for a
11215,A,B<|endoftext|>Human: You are booking a hotel room in New York City for a
11216,A,B<|endoftext|>Human: You are booking a hotel room in New York City for a
11217,A,B<|endoftext|>Human: You are booking a hotel room in New York City for a
11218,A,B<|endoftext|>Human: You are booking a hotel room in New York City for a
11219,A,B<|endoftext|>Human: You are booking a hotel room in New York City for a
11220,A,B<|endoftext|>Human: You are booking a hotel room in New York City for a
11221,A,B<|endoftext|>Human: You are booking a hotel room in New York City for a
11222,A,B<|endoftext|>Human: You are booking a hotel room in New York City for a
11223,A,B<|endoftext|>Human: You are booking a hotel room in New York City for a
11224,A,B<|endoftext|>Human: You are booking a hotel room in New York City for a
11225,A,B<|endoftext|>Human: You are booking a hotel room in New York City for a
11226,A,B<|endoftext|>Human: You are booking a hotel room in New York City for a
11227,B,A<|endoftext|>Human: You are booking a hotel room in New York City for a
11228,A,B<|endoftext|>Human: You are booking a hotel room in New York City for a
11229,A,B<|endoftext|>Human: You are booking a hotel room in New York City for a
11230,A,B<|endoftext|>Human: You are booking a hotel room in New York City for a
11231,A,B<|endoftext|>Human: You are booking a hotel room in New York City for a
11232,A,B<|endoftext|>Human: You are booking a hotel room in New York City for a
11233,A,B<|endoftext|>Human: You are booking a hotel room in New York City for a
11234,A,B<|endoftext|>Human: You are booking a hotel room in New York City for a
11235,A,B<|endoftext|>Human: You are booking a hotel room in New York City for a
11236,A,B<|endoftext|>Human: You are booking a hotel room in New York City for a
11237,A,B<|endoftext|>Human: You are booking a hotel room in New York City for a
11238,A,B<|endoftext|>Human: You are booking a hotel room in New York City for a
11239,A,B<|endoftext|>Human: You are booking a hotel room in New York City for a
11240,A,B<|endoftext|>Human: You are booking a hotel room in New York City for a
11241,A,B<|endoftext|>Human: You are booking a hotel room in New York City for a
11242,A,B<|endoftext|>Human: You are booking a hotel room in New York City for a
11243,A,B<|endoftext|>Human: You are booking a hotel room in New York City for a
11244,A,B<|endoftext|>Human: You are booking a hotel room in New York City for a
11245,A,B<|endoftext|>Human: You are booking a hotel room in New York City for a
11246,A,B<|endoftext|>Human: You are booking a hotel room in New York City for a
11247,B,A<|endoftext|>Human: You are booking a hotel room in New York City for a
11248,A,B<|endoftext|>Human: You are booking a hotel room in New York City for a
11249,A,B<|endoftext|>Human: You are booking a hotel room in New York City for a
11250,B,A<|endoftext|>Human: You are booking a hotel room in New York City for a
11251,A,B<|endoftext|>Human: You are booking a hotel room in New York City for a
11252,A,B<|endoftext|>Human: You are booking a hotel room in New York City for a
11253,A,B<|endoftext|>Human: You are booking a hotel room in New York City for a
11254,A,B<|endoftext|>Human: You are booking a hotel room in New York City for a
11255,A,B<|endoftext|>Human: You are booking a hotel room in New York City for a
11256,A,B<|endoftext|>Human: You are booking a hotel room in New York City for a
11257,A,B<|endoftext|>Human: You are booking a hotel room in New York City for a
11258,A,B<|endoftext|>Human: You are booking a hotel room in New York City for a
11259,A,B<|endoftext|>Human: You are booking a hotel room in New York City for a
11260,A,B<|endoftext|>Human: You are booking a hotel room in New York City for a
11261,A,B<|endoftext|>Human: You are booking a hotel room in New York City for a
11262,A,B<|endoftext|>Human: You are booking a hotel room in New York City for a
11263,A,B<|endoftext|>Human: You are booking a hotel room in New York City for a
11264,B,A<|endoftext|>Human: You are booking a hotel room in New York City for a
11265,A,B<|endoftext|>Human: You are booking a hotel room in New York City for a
11266,A,B<|endoftext|>Human: You are booking a hotel room in New York City for a
11267,A,B<|endoftext|>Human: You are booking a hotel room in New York City for a
11268,A,B<|endoftext|>Human: You are booking a hotel room in New York City for a
11269,B,A<|endoftext|>Human: You are booking a hotel room in New York City for a
11270,A,B<|endoftext|>Human: You are booking a hotel room in New York City for a
11271,B,A<|endoftext|>Human: You are booking a hotel room in New York City for a
11272,A,B<|endoftext|>Human: You are booking a hotel room in New York City for a
11273,A,B<|endoftext|>Human: You are booking a hotel room in New York City for a
11274,A,B<|endoftext|>Human: You are booking a hotel room in New York City for a
11275,B,A<|endoftext|>Human: You are booking a hotel room in New York City for a
11276,A,B<|endoftext|>Human: You are booking a hotel room in New York City for a
11277,A,B<|endoftext|>Human: You are booking a hotel room in New York City for a
11278,A,B<|endoftext|>Human: You are booking a hotel room in New York City for a
11279,A,B<|endoftext|>Human: You are booking a hotel room in New York City for a
11280,A,B<|endoftext|>Human: You are booking a hotel room in New York City for a
11281,A,B<|endoftext|>Human: You are booking a hotel room in New York City for a
11282,A,B<|endoftext|>Human: You are booking a hotel room in New York City for a
11283,A,B<|endoftext|>Human: You are booking a hotel room in New York City for a
11284,A,B<|endoftext|>Human: You are booking a hotel room in New York City for a
11285,A,B<|endoftext|>Human: You are booking a hotel room in New York City for a
11286,A,B<|endoftext|>Human: You are booking a hotel room in New York City for a
11287,B,A<|endoftext|>Human: You are booking a hotel room in New York City for a
11288,A,B<|endoftext|>Human: You are booking a hotel room in New York City for a
11289,B,A<|endoftext|>Human: You are booking a hotel room in New York City for a
11290,A,B<|endoftext|>Human: You are booking a hotel room in New York City for a
11291,A,B<|endoftext|>Human: You are booking a hotel room in New York City for a
11292,B,A<|endoftext|>Human: You are booking a hotel room in New York City for a
11293,A,B<|endoftext|>Human: You are booking a hotel room in New York City for a
11294,A,B<|endoftext|>Human: You are booking a hotel room in New York City for a
11295,B,A<|endoftext|>Human: You are booking a hotel room in New York City for a
11296,A,B<|endoftext|>Human: You are booking a hotel room in New York City for a
11297,A,B<|endoftext|>Human: You are booking a hotel room in New York City for a
11298,A,B<|endoftext|>Human: You are booking a hotel room in New York City for a
11299,A,B<|endoftext|>Human: You are booking a hotel room in New York City for a
11300,A,B<|endoftext|>Human: You are booking a hotel room in New York City for a
11301,B,A<|endoftext|>Human: You are booking a hotel room in New York City for a
11302,A,B<|endoftext|>Human: You are booking a hotel room in New York City for a
11303,A,B<|endoftext|>Human: You are booking a hotel room in New York City for a
11304,B,A<|endoftext|>Human: You are booking a hotel room in New York City for a
11305,B,A<|endoftext|>Human: You are booking a hotel room in New York City for a
11306,A,B<|endoftext|>Human: You are booking a hotel room in New York City for a
11307,B,A<|endoftext|>Human: You are booking a hotel room in New York City for a
11308,A,B<|endoftext|>Human: You are booking a hotel room in New York City for a
11309,A,B<|endoftext|>Human: You are booking a hotel room in New York City for a
11310,B,A<|endoftext|>Human: You are booking a hotel room in New York City for a
11311,A,B<|endoftext|>Human: You are booking a hotel room in New York City for a
11312,B,A<|endoftext|>Human: You are booking a hotel room in New York City for a
11313,A,B<|endoftext|>Human: You are booking a hotel room in New York City for a
11314,A,B<|endoftext|>Human: You are booking a hotel room in New York City for a
11315,A,B<|endoftext|>Human: You are booking a hotel room in New York City for a
11316,A,B<|endoftext|>Human: You are booking a hotel room in New York City for a
11317,B,A<|endoftext|>Human: You are booking a hotel room in New York City for a
11318,A,B<|endoftext|>Human: You are booking a hotel room in New York City for a
11319,A,B<|endoftext|>Human: You are booking a hotel room in New York City for a
11320,A,B<|endoftext|>Human: You are booking a hotel room in New York City for a
11321,A,B<|endoftext|>Human: You are booking a hotel room in New York City for a
11322,A,B<|endoftext|>Human: You are booking a hotel room in New York City for a
11323,A,B<|endoftext|>Human: You are booking a hotel room in New York City for a
11324,B,A<|endoftext|>Human: You are booking a hotel room in New York City for a
11325,A,B<|endoftext|>Human: You are booking a hotel room in New York City for a
11326,B,A<|endoftext|>Human: You are booking a hotel room in New York City for a
11327,B,A<|endoftext|>Human: You are booking a hotel room in New York City for a
11328,A,B<|endoftext|>Human: You are booking a hotel room in New York City for a
11329,B,A<|endoftext|>Human: You are booking a hotel room in New York City for a
11330,B,A<|endoftext|>Human: You are booking a hotel room in New York City for a
11331,A,B<|endoftext|>Human: You are booking a hotel room in New York City for a
11332,A,B<|endoftext|>Human: You are booking a hotel room in New York City for a
11333,B,A<|endoftext|>Human: You are booking a hotel room in New York City for a
11334,B,A<|endoftext|>Human: You are booking a hotel room in New York City for a
11335,B,A<|endoftext|>Human: You are booking a hotel room in New York City for a
11336,A,B<|endoftext|>Human: You are booking a hotel room in New York City for a
11337,A,B<|endoftext|>Human: You are booking a hotel room in New York City for a
11338,B,A<|endoftext|>Human: You are booking a hotel room in New York City for a
11339,A,B<|endoftext|>Human: You are booking a hotel room in New York City for a
11340,A,B<|endoftext|>Human: You are booking a hotel room in New York City for a
11341,A,B<|endoftext|>Human: You are booking a hotel room in New York City for a
11342,B,A<|endoftext|>Human: You are booking a hotel room in New York City for a
11343,A,B<|endoftext|>Human: You are booking a hotel room in New York City for a
11344,A,B<|endoftext|>Human: You are booking a hotel room in New York City for a
11345,B,A<|endoftext|>Human: You are booking a hotel room in New York City for a
11346,A,B<|endoftext|>Human: You are booking a hotel room in New York City for a
11347,B,A<|endoftext|>Human: You are booking a hotel room in New York City for a
11348,B,A<|endoftext|>Human: You are booking a hotel room in New York City for a
11349,A,B<|endoftext|>Human: You are booking a hotel room in New York City for a
11350,B,A<|endoftext|>Human: You are booking a hotel room in New York City for a
11351,A,B<|endoftext|>Human: You are booking a hotel room in New York City for a
11352,A,B<|endoftext|>Human: You are booking a hotel room in New York City for a
11353,A,B<|endoftext|>Human: You are booking a hotel room in New York City for a
11354,B,A<|endoftext|>Human: You are booking a hotel room in New York City for a
11355,A,B<|endoftext|>Human: You are booking a hotel room in New York City for a
11356,A,B<|endoftext|>Human: You are booking a hotel room in New York City for a
11357,A,B<|endoftext|>Human: You are booking a hotel room in New York City for a
11358,A,B<|endoftext|>Human: You are booking a hotel room in New York City for a
11359,A,B<|endoftext|>Human: You are booking a hotel room in New York City for a
11360,A,B<|endoftext|>Human: You are booking a hotel room in New York City for a
11361,B,A<|endoftext|>Human: You are booking a hotel room in New York City for a
11362,A,B<|endoftext|>Human: You are booking a hotel room in New York City for a
11363,A,B<|endoftext|>Human: You are booking a hotel room in New York City for a
11364,B,A<|endoftext|>Human: You are booking a hotel room in New York City for a
11365,B,A<|endoftext|>Human: You are booking a hotel room in New York City for a
11366,A,B<|endoftext|>Human: You are booking a hotel room in New York City for a
11367,B,A<|endoftext|>Human: You are booking a hotel room in New York City for a
11368,A,B<|endoftext|>Human: You are booking a hotel room in New York City for a
11369,A,B<|endoftext|>Human: You are booking a hotel room in New York City for a
11370,A,B<|endoftext|>Human: You are booking a hotel room in New York City for a
11371,A,B<|endoftext|>Human: You are booking a hotel room in New York City for a
11372,B,A<|endoftext|>Human: You are booking a hotel room in New York City for a
11373,A,B<|endoftext|>Human: You are booking a hotel room in New York City for a
11374,A,B<|endoftext|>Human: You are booking a hotel room in New York City for a
11375,A,B<|endoftext|>Human: You are booking a hotel room in New York City for a
11376,A,B<|endoftext|>Human: You are booking a hotel room in New York City for a
11377,A,B<|endoftext|>Human: You are booking a hotel room in New York City for a
11378,A,B<|endoftext|>Human: You are booking a hotel room in New York City for a
11379,A,B<|endoftext|>Human: You are booking a hotel room in New York City for a
11380,A,B<|endoftext|>Human: You are booking a hotel room in New York City for a
11381,A,B<|endoftext|>Human: You are booking a hotel room in New York City for a
11382,A,B<|endoftext|>Human: You are booking a hotel room in New York City for a
11383,A,B<|endoftext|>Human: You are booking a hotel room in New York City for a
11384,A,B<|endoftext|>Human: You are booking a hotel room in New York City for a
11385,A,B<|endoftext|>Human: You are booking a hotel room in New York City for a
11386,A,B<|endoftext|>Human: You are booking a hotel room in New York City for a
11387,A,B<|endoftext|>Human: You are booking a hotel room in New York City for a
11388,A,B<|endoftext|>Human: You are booking a hotel room in New York City for a
11389,A,B<|endoftext|>Human: You are booking a hotel room in New York City for a
11390,A,B<|endoftext|>Human: You are booking a hotel room in New York City for a
11391,A,B<|endoftext|>Human: You are booking a hotel room in New York City for a
11392,A,B<|endoftext|>Human: You are booking a hotel room in New York City for a
11393,A,B<|endoftext|>Human: You are booking a hotel room in New York City for a
11394,A,B<|endoftext|>Human: You are booking a hotel room in New York City for a
11395,A,B<|endoftext|>Human: You are booking a hotel room in New York City for a
11396,A,B<|endoftext|>Human: You are booking a hotel room in New York City for a
11397,A,B<|endoftext|>Human: You are booking a hotel room in New York City for a
11398,A,B<|endoftext|>Human: You are booking a hotel room in New York City for a
11399,B,A<|endoftext|>Human: You are booking a hotel room in New York City for a
11400,B,A<|endoftext|>Human: You are booking a hotel room in New York City for a
11401,A,B<|endoftext|>Human: You are booking a hotel room in New York City for a
11402,A,B<|endoftext|>Human: You are booking a hotel room in New York City for a
11403,A,B<|endoftext|>Human: You are booking a hotel room in New York City for a
11404,A,B<|endoftext|>Human: You are booking a hotel room in New York City for a
11405,A,B<|endoftext|>Human: You are booking a hotel room in New York City for a
11406,B,A<|endoftext|>Human: You are booking a hotel room in New York City for a
11407,A,B<|endoftext|>Human: You are booking a hotel room in New York City for a
11408,B,A<|endoftext|>Human: You are booking a hotel room in New York City for a
11409,A,B<|endoftext|>Human: You are booking a hotel room in New York City for a
11410,A,B<|endoftext|>Human: You are booking a hotel room in New York City for a
11411,A,B<|endoftext|>Human: You are booking a hotel room in New York City for a
11412,A,B<|endoftext|>Human: You are booking a hotel room in New York City for a
11413,B,A<|endoftext|>Human: You are booking a hotel room in New York City for a
11414,A,B<|endoftext|>Human: You are booking a hotel room in New York City for a
11415,A,B<|endoftext|>Human: You are booking a hotel room in New York City for a
11416,A,B<|endoftext|>Human: You are booking a hotel room in New York City for a
11417,A,B<|endoftext|>Human: You are booking a hotel room in New York City for a
11418,A,B<|endoftext|>Human: You are booking a hotel room in New York City for a
11419,A,B<|endoftext|>Human: You are booking a hotel room in New York City for a
11420,A,B<|endoftext|>Human: You are booking a hotel room in New York City for a
11421,A,B<|endoftext|>Human: You are booking a hotel room in New York City for a
11422,A,B<|endoftext|>Human: You are booking a hotel room in New York City for a
11423,A,B<|endoftext|>Human: You are booking a hotel room in New York City for a
11424,A,B<|endoftext|>Human: You are booking a hotel room in New York City for a
11425,A,B<|endoftext|>Human: You are booking a hotel room in New York City for a
11426,A,B<|endoftext|>Human: You are booking a hotel room in New York City for a
11427,A,B<|endoftext|>Human: You are booking a hotel room in New York City for a
11428,A,B<|endoftext|>Human: You are booking a hotel room in New York City for a
11429,A,B<|endoftext|>Human: You are booking a hotel room in New York City for a
11430,A,B<|endoftext|>Human: You are booking a hotel room in New York City for a
11431,A,B<|endoftext|>Human: You are booking a hotel room in New York City for a
11432,A,B<|endoftext|>Human: You are booking a hotel room in New York City for a
11433,A,B<|endoftext|>Human: You are booking a hotel room in New York City for a
11434,A,B<|endoftext|>Human: You are booking a hotel room in New York City for a
11435,A,B<|endoftext|>Human: You are booking a hotel room in New York City for a
11436,A,B<|endoftext|>Human: You are booking a hotel room in New York City for a
11437,A,B<|endoftext|>Human: You are booking a hotel room in New York City for a
11438,A,B<|endoftext|>Human: You are booking a hotel room in New York City for a
11439,A,B<|endoftext|>Human: You are booking a hotel room in New York City for a
11440,A,B<|endoftext|>Human: You are booking a hotel room in New York City for a
11441,A,B<|endoftext|>Human: You are booking a hotel room in New York City for a
11442,A,B<|endoftext|>Human: You are booking a hotel room in New York City for a
11443,A,B<|endoftext|>Human: You are booking a hotel room in New York City for a
11444,A,B<|endoftext|>Human: You are booking a hotel room in New York City for a
11445,A,B<|endoftext|>Human: You are booking a hotel room in New York City for a
11446,A,B<|endoftext|>Human: You are booking a hotel room in New York City for a
11447,A,B<|endoftext|>Human: You are booking a hotel room in New York City for a
11448,A,B<|endoftext|>Human: You are booking a hotel room in New York City for a
11449,A,B<|endoftext|>Human: You are booking a hotel room in New York City for a
11450,A,B<|endoftext|>Human: You are booking a hotel room in New York City for a
11451,A,B<|endoftext|>Human: You are booking a hotel room in New York City for a
11452,A,B<|endoftext|>Human: You are booking a hotel room in New York City for a
11453,A,B<|endoftext|>Human: You are booking a hotel room in New York City for a
11454,A,B<|endoftext|>Human: You are booking a hotel room in New York City for a
11455,A,B<|endoftext|>Human: You are booking a hotel room in New York City for a
11456,A,B<|endoftext|>Human: You are booking a hotel room in New York City for a
11457,A,B<|endoftext|>Human: You are booking a hotel room in New York City for a
11458,A,B<|endoftext|>Human: You are booking a hotel room in New York City for a
11459,A,B<|endoftext|>Human: You are booking a hotel room in New York City for a
11460,A,B<|endoftext|>Human: You are booking a hotel room in New York City for a
11461,A,B<|endoftext|>Human: You are booking a hotel room in New York City for a
11462,A,B<|endoftext|>Human: You are booking a hotel room in New York City for a
11463,A,B<|endoftext|>Human: You are booking a hotel room in New York City for a
11464,B,A<|endoftext|>Human: You are booking a hotel room in New York City for a
11465,A,B<|endoftext|>Human: You are booking a hotel room in New York City for a
11466,B,A<|endoftext|>Human: You are booking a hotel room in New York City for a
11467,B,A<|endoftext|>Human: You are booking a hotel room in New York City for a
11468,B,A<|endoftext|>Human: You are booking a hotel room in New York City for a
11469,A,B<|endoftext|>Human: You are booking a hotel room in New York City for a
11470,A,B<|endoftext|>Human: You are booking a hotel room in New York City for a
11471,A,B<|endoftext|>Human: You are booking a hotel room in New York City for a
11472,A,B<|endoftext|>Human: You are booking a hotel room in New York City for a
11473,A,B<|endoftext|>Human: You are booking a hotel room in New York City for a
11474,B,A<|endoftext|>Human: You are booking a hotel room in New York City for a
11475,A,B<|endoftext|>Human: You are booking a hotel room in New York City for a
11476,A,B<|endoftext|>Human: You are booking a hotel room in New York City for a
11477,B,A<|endoftext|>Human: You are booking a hotel room in New York City for a
11478,A,B<|endoftext|>Human: You are booking a hotel room in New York City for a
11479,A,B<|endoftext|>Human: You are booking a hotel room in New York City for a
11480,A,B<|endoftext|>Human: You are booking a hotel room in New York City for a
11481,B,A<|endoftext|>Human: You are booking a hotel room in New York City for a
11482,A,B<|endoftext|>Human: You are booking a hotel room in New York City for a
11483,B,A<|endoftext|>Human: You are booking a hotel room in New York City for a
11484,B,A<|endoftext|>Human: You are booking a hotel room in New York City for a
11485,A,B<|endoftext|>Human: You are booking a hotel room in New York City for a
11486,A,B<|endoftext|>Human: You are booking a hotel room in New York City for a
11487,A,B<|endoftext|>Human: You are booking a hotel room in New York City for a
11488,A,B<|endoftext|>Human: You are booking a hotel room in New York City for a
11489,A,B<|endoftext|>Human: You are booking a hotel room in New York City for a
11490,A,B<|endoftext|>Human: You are booking a hotel room in New York City for a
11491,A,B<|endoftext|>Human: You are booking a hotel room in New York City for a
11492,A,B<|endoftext|>Human: You are booking a hotel room in New York City for a
11493,A,B<|endoftext|>Human: You are booking a hotel room in New York City for a
11494,A,B<|endoftext|>Human: You are booking a hotel room in New York City for a
11495,A,B<|endoftext|>Human: You are booking a hotel room in New York City for a
11496,B,A<|endoftext|>Human: You are booking a hotel room in New York City for a
11497,A,B<|endoftext|>Human: You are booking a hotel room in New York City for a
11498,A,B<|endoftext|>Human: You are booking a hotel room in New York City for a
11499,A,B<|endoftext|>Human: You are booking a hotel room in New York City for a
11500,A,B<|endoftext|>Human: You are booking a hotel room in New York City for a
11501,A,B<|endoftext|>Human: You are booking a hotel room in New York City for a
11502,A,B<|endoftext|>Human: You are booking a hotel room in New York City for a
11503,A,B<|endoftext|>Human: You are booking a hotel room in New York City for a
11504,A,B<|endoftext|>Human: You are booking a hotel room in New York City for a
11505,A,B<|endoftext|>Human: You are booking a hotel room in New York City for a
11506,A,B<|endoftext|>Human: You are booking a hotel room in New York City for a
11507,B,A<|endoftext|>Human: You are booking a hotel room in New York City for a
11508,A,B<|endoftext|>Human: You are booking a hotel room in New York City for a
11509,A,B<|endoftext|>Human: You are booking a hotel room in New York City for a
11510,A,B<|endoftext|>Human: You are booking a hotel room in New York City for a
11511,A,B<|endoftext|>Human: You are booking a hotel room in New York City for a
11512,A,B<|endoftext|>Human: You are booking a hotel room in New York City for a
11513,A,B<|endoftext|>Human: You are booking a hotel room in New York City for a
11514,A,B<|endoftext|>Human: You are booking a hotel room in New York City for a
11515,A,B<|endoftext|>Human: You are booking a hotel room in New York City for a
11516,A,B<|endoftext|>Human: You are booking a hotel room in New York City for a
11517,A,B<|endoftext|>Human: You are booking a hotel room in New York City for a
11518,B,A<|endoftext|>Human: You are booking a hotel room in New York City for a
11519,A,B<|endoftext|>Human: You are booking a hotel room in New York City for a
11520,A,B<|endoftext|>Human: You are booking a hotel room in New York City for a
11521,A,B<|endoftext|>Human: You are booking a hotel room in New York City for a
11522,A,B<|endoftext|>Human: You are booking a hotel room in New York City for a
11523,A,B<|endoftext|>Human: You are booking a hotel room in New York City for a
11524,A,B<|endoftext|>Human: You are booking a hotel room in New York City for a
11525,A,B<|endoftext|>Human: You are booking a hotel room in New York City for a
11526,A,B<|endoftext|>Human: You are booking a hotel room in New York City for a
11527,A,B<|endoftext|>Human: You are booking a hotel room in New York City for a
11528,A,B<|endoftext|>Human: You are booking a hotel room in New York City for a
11529,A,B<|endoftext|>Human: You are booking a hotel room in New York City for a
11530,A,B<|endoftext|>Human: You are booking a hotel room in New York City for a
11531,A,B<|endoftext|>Human: You are booking a hotel room in New York City for a
11532,A,B<|endoftext|>Human: You are booking a hotel room in New York City for a
11533,A,B<|endoftext|>Human: You are booking a hotel room in New York City for a
11534,A,B<|endoftext|>Human: You are booking a hotel room in New York City for a
11535,A,B<|endoftext|>Human: You are booking a hotel room in New York City for a
11536,A,B<|endoftext|>Human: You are booking a hotel room in New York City for a
11537,A,B<|endoftext|>Human: You are booking a hotel room in New York City for a
11538,A,B<|endoftext|>Human: You are booking a hotel room in New York City for a
11539,A,B<|endoftext|>Human: You are booking a hotel room in New York City for a
11540,A,B<|endoftext|>Human: You are booking a hotel room in New York City for a
11541,A,B<|endoftext|>Human: You are booking a hotel room in New York City for a
11542,A,B<|endoftext|>Human: You are booking a hotel room in New York City for a
11543,A,B<|endoftext|>Human: You are booking a hotel room in New York City for a
11544,A,B<|endoftext|>Human: You are booking a hotel room in New York City for a
11545,A,B<|endoftext|>Human: You are booking a hotel room in New York City for a
11546,A,B<|endoftext|>Human: You are booking a hotel room in New York City for a
11547,A,B<|endoftext|>Human: You are booking a hotel room in New York City for a
11548,A,B<|endoftext|>Human: You are booking a hotel room in New York City for a
11549,A,B<|endoftext|>Human: You are booking a hotel room in New York City for a
11550,A,B<|endoftext|>Human: You are booking a hotel room in New York City for a
11551,A,B<|endoftext|>Human: You are booking a hotel room in New York City for a
11552,A,B<|endoftext|>Human: You are booking a hotel room in New York City for a
11553,A,B<|endoftext|>Human: You are booking a hotel room in New York City for a
11554,A,B<|endoftext|>Human: You are booking a hotel room in New York City for a
11555,B,A<|endoftext|>Human: You are booking a hotel room in New York City for a
11556,A,B<|endoftext|>Human: You are booking a hotel room in New York City for a
11557,A,B<|endoftext|>Human: You are booking a hotel room in New York City for a
11558,A,B<|endoftext|>Human: You are booking a hotel room in New York City for a
11559,A,B<|endoftext|>Human: You are booking a hotel room in New York City for a
11560,A,B<|endoftext|>Human: You are booking a hotel room in New York City for a
11561,A,B<|endoftext|>Human: You are booking a hotel room in New York City for a
11562,A,B<|endoftext|>Human: You are booking a hotel room in New York City for a
11563,A,B<|endoftext|>Human: You are booking a hotel room in New York City for a
11564,A,B<|endoftext|>Human: You are booking a hotel room in New York City for a
11565,A,B<|endoftext|>Human: You are booking a hotel room in New York City for a
11566,A,B<|endoftext|>Human: You are booking a hotel room in New York City for a
11567,A,B<|endoftext|>Human: You are booking a hotel room in New York City for a
11568,A,B<|endoftext|>Human: You are booking a hotel room in New York City for a
11569,A,B<|endoftext|>Human: You are booking a hotel room in New York City for a
11570,A,B<|endoftext|>Human: You are booking a hotel room in New York City for a
11571,A,B<|endoftext|>Human: You are booking a hotel room in New York City for a
11572,A,B<|endoftext|>Human: You are booking a hotel room in New York City for a
11573,A,B<|endoftext|>Human: You are booking a hotel room in New York City for a
11574,A,B<|endoftext|>Human: You are booking a hotel room in New York City for a
11575,A,B<|endoftext|>Human: You are booking a hotel room in New York City for a
11576,A,B<|endoftext|>Human: You are booking a hotel room in New York City for a
11577,A,B<|endoftext|>Human: You are booking a hotel room in New York City for a
11578,A,B<|endoftext|>Human: You are booking a hotel room in New York City for a
11579,A,B<|endoftext|>Human: You are booking a hotel room in New York City for a
11580,A,B<|endoftext|>Human: You are booking a hotel room in New York City for a
11581,A,B<|endoftext|>Human: You are booking a hotel room in New York City for a
11582,A,B<|endoftext|>Human: You are booking a hotel room in New York City for a
11583,A,B<|endoftext|>Human: You are booking a hotel room in New York City for a
11584,A,B<|endoftext|>Human: You are booking a hotel room in New York City for a
11585,B,A<|endoftext|>Human: You are booking a hotel room in New York City for a
11586,A,B<|endoftext|>Human: You are booking a hotel room in New York City for a
11587,B,A<|endoftext|>Human: You are booking a hotel room in New York City for a
11588,A,B<|endoftext|>Human: You are booking a hotel room in New York City for a
11589,A,B<|endoftext|>Human: You are booking a hotel room in New York City for a
11590,A,B<|endoftext|>Human: You are booking a hotel room in New York City for a
11591,A,B<|endoftext|>Human: You are booking a hotel room in New York City for a
11592,B,A<|endoftext|>Human: You are booking a hotel room in New York City for a
11593,A,B<|endoftext|>Human: You are booking a hotel room in New York City for a
11594,A,B<|endoftext|>Human: You are booking a hotel room in New York City for a
11595,A,B<|endoftext|>Human: You are booking a hotel room in New York City for a
11596,A,B<|endoftext|>Human: You are booking a hotel room in New York City for a
11597,B,A<|endoftext|>Human: You are booking a hotel room in New York City for a
11598,A,B<|endoftext|>Human: You are booking a hotel room in New York City for a
11599,A,B<|endoftext|>Human: You are booking a hotel room in New York City for a
11600,A,B<|endoftext|>Human: You are booking a hotel room in New York City for a
11601,A,B<|endoftext|>Human: You are booking a hotel room in New York City for a
11602,A,B<|endoftext|>Human: You are booking a hotel room in New York City for a
11603,A,B<|endoftext|>Human: You are booking a hotel room in New York City for a
11604,A,B<|endoftext|>Human: You are booking a hotel room in New York City for a
11605,A,B<|endoftext|>Human: You are booking a hotel room in New York City for a
11606,B,A<|endoftext|>Human: You are booking a hotel room in New York City for a
11607,B,A<|endoftext|>Human: You are booking a hotel room in New York City for a
11608,A,B<|endoftext|>Human: You are booking a hotel room in New York City for a
11609,A,B<|endoftext|>Human: You are booking a hotel room in New York City for a
11610,A,B<|endoftext|>Human: You are booking a hotel room in New York City for a
11611,B,A<|endoftext|>Human: You are booking a hotel room in New York City for a
11612,A,B<|endoftext|>Human: You are booking a hotel room in New York City for a
11613,A,B<|endoftext|>Human: You are booking a hotel room in New York City for a
11614,A,B<|endoftext|>Human: You are booking a hotel room in New York City for a
11615,A,B<|endoftext|>Human: You are booking a hotel room in New York City for a
11616,A,B<|endoftext|>Human: You are booking a hotel room in New York City for a
11617,A,B<|endoftext|>Human: You are booking a hotel room in New York City for a
11618,A,B<|endoftext|>Human: You are booking a hotel room in New York City for a
11619,A,B<|endoftext|>Human: You are booking a hotel room in New York City for a
11620,A,B<|endoftext|>Human: You are booking a hotel room in New York City for a
11621,A,B<|endoftext|>Human: You are booking a hotel room in New York City for a
11622,A,B<|endoftext|>Human: You are booking a hotel room in New York City for a
11623,B,A<|endoftext|>Human: You are booking a hotel room in New York City for a
11624,A,B<|endoftext|>Human: You are booking a hotel room in New York City for a
11625,B,A<|endoftext|>Human: You are booking a hotel room in New York City for a
11626,A,B<|endoftext|>Human: You are booking a hotel room in New York City for a
11627,B,A<|endoftext|>Human: You are booking a hotel room in New York City for a
11628,A,B<|endoftext|>Human: You are booking a hotel room in New York City for a
11629,A,B<|endoftext|>Human: You are booking a hotel room in New York City for a
11630,A,B<|endoftext|>Human: You are booking a hotel room in New York City for a
11631,B,A<|endoftext|>Human: You are booking a hotel room in New York City for a
11632,A,B<|endoftext|>Human: You are booking a hotel room in New York City for a
11633,A,B<|endoftext|>Human: You are booking a hotel room in New York City for a
11634,A,B<|endoftext|>Human: You are booking a hotel room in New York City for a
11635,A,B<|endoftext|>Human: You are booking a hotel room in New York City for a
11636,A,B<|endoftext|>Human: You are booking a hotel room in New York City for a
11637,A,B<|endoftext|>Human: You are booking a hotel room in New York City for a
11638,B,A<|endoftext|>Human: You are booking a hotel room in New York City for a
11639,A,B<|endoftext|>Human: You are booking a hotel room in New York City for a
11640,A,B<|endoftext|>Human: You are booking a hotel room in New York City for a
11641,A,B<|endoftext|>Human: You are booking a hotel room in New York City for a
11642,B,A<|endoftext|>Human: You are booking a hotel room in New York City for a
11643,A,B<|endoftext|>Human: You are booking a hotel room in New York City for a
11644,A,B<|endoftext|>Human: You are booking a hotel room in New York City for a
11645,A,B<|endoftext|>Human: You are booking a hotel room in New York City for a
11646,A,B<|endoftext|>Human: You are booking a hotel room in New York City for a
11647,A,B<|endoftext|>Human: You are booking a hotel room in New York City for a
11648,A,B<|endoftext|>Human: You are booking a hotel room in New York City for a
11649,A,B<|endoftext|>Human: You are booking a hotel room in New York City for a
11650,A,B<|endoftext|>Human: You are booking a hotel room in New York City for a
11651,A,B<|endoftext|>Human: You are booking a hotel room in New York City for a
11652,A,B<|endoftext|>Human: You are booking a hotel room in New York City for a
11653,A,B<|endoftext|>Human: You are booking a hotel room in New York City for a
11654,A,B<|endoftext|>Human: You are booking a hotel room in New York City for a
11655,A,B<|endoftext|>Human: You are booking a hotel room in New York City for a
11656,A,B<|endoftext|>Human: You are booking a hotel room in New York City for a
11657,A,B<|endoftext|>Human: You are booking a hotel room in New York City for a
11658,A,B<|endoftext|>Human: You are booking a hotel room in New York City for a
11659,A,B<|endoftext|>Human: You are booking a hotel room in New York City for a
11660,A,B<|endoftext|>Human: You are booking a hotel room in New York City for a
11661,B,A<|endoftext|>Human: You are booking a hotel room in New York City for a
11662,B,A<|endoftext|>Human: You are booking a hotel room in New York City for a
11663,B,A<|endoftext|>Human: You are booking a hotel room in New York City for a
11664,B,A<|endoftext|>Human: You are booking a hotel room in New York City for a
11665,A,B<|endoftext|>Human: You are booking a hotel room in New York City for a
11666,B,A<|endoftext|>Human: You are booking a hotel room in New York City for a
11667,A,B<|endoftext|>Human: You are booking a hotel room in New York City for a
11668,B,A<|endoftext|>Human: You are booking a hotel room in New York City for a
11669,B,A<|endoftext|>Human: You are booking a hotel room in New York City for a
11670,B,A<|endoftext|>Human: You are booking a hotel room in New York City for a
11671,B,A<|endoftext|>Human: You are booking a hotel room in New York City for a
11672,A,B<|endoftext|>Human: You are booking a hotel room in New York City for a
11673,A,B<|endoftext|>Human: You are booking a hotel room in New York City for a
11674,A,B<|endoftext|>Human: You are booking a hotel room in New York City for a
11675,B,A<|endoftext|>Human: You are booking a hotel room in New York City for a
11676,A,B<|endoftext|>Human: You are booking a hotel room in New York City for a
11677,B,A<|endoftext|>Human: You are booking a hotel room in New York City for a
11678,B,A<|endoftext|>Human: You are booking a hotel room in New York City for a
11679,A,B<|endoftext|>Human: You are booking a hotel room in New York City for a
11680,A,B<|endoftext|>Human: You are booking a hotel room in New York City for a
11681,A,B<|endoftext|>Human: You are booking a hotel room in New York City for a
11682,A,B<|endoftext|>Human: You are booking a hotel room in New York City for a
11683,A,B<|endoftext|>Human: You are booking a hotel room in New York City for a
11684,B,A<|endoftext|>Human: You are booking a hotel room in New York City for a
11685,A,B<|endoftext|>Human: You are booking a hotel room in New York City for a
11686,A,B<|endoftext|>Human: You are booking a hotel room in New York City for a
11687,B,A<|endoftext|>Human: You are booking a hotel room in New York City for a
11688,B,A<|endoftext|>Human: You are booking a hotel room in New York City for a
11689,A,B<|endoftext|>Human: You are booking a hotel room in New York City for a
11690,A,B<|endoftext|>Human: You are booking a hotel room in New York City for a
11691,A,B<|endoftext|>Human: You are booking a hotel room in New York City for a
11692,A,B<|endoftext|>Human: You are booking a hotel room in New York City for a
11693,A,B<|endoftext|>Human: You are booking a hotel room in New York City for a
11694,B,A<|endoftext|>Human: You are booking a hotel room in New York City for a
11695,A,B<|endoftext|>Human: You are booking a hotel room in New York City for a
11696,A,B<|endoftext|>Human: You are booking a hotel room in New York City for a
11697,B,A<|endoftext|>Human: You are booking a hotel room in New York City for a
11698,A,B<|endoftext|>Human: You are booking a hotel room in New York City for a
11699,A,B<|endoftext|>Human: You are booking a hotel room in New York City for a
11700,A,B<|endoftext|>Human: You are booking a hotel room in New York City for a
11701,A,B<|endoftext|>Human: You are booking a hotel room in New York City for a
11702,A,B<|endoftext|>Human: You are booking a hotel room in New York City for a
11703,A,B<|endoftext|>Human: You are booking a hotel room in New York City for a
11704,A,B<|endoftext|>Human: You are booking a hotel room in New York City for a
11705,A,B<|endoftext|>Human: You are booking a hotel room in New York City for a
11706,A,B<|endoftext|>Human: You are booking a hotel room in New York City for a
11707,A,B<|endoftext|>Human: You are booking a hotel room in New York City for a
11708,A,B<|endoftext|>Human: You are booking a hotel room in New York City for a
11709,A,B<|endoftext|>Human: You are booking a hotel room in New York City for a
11710,A,B<|endoftext|>Human: You are booking a hotel room in New York City for a
11711,A,B<|endoftext|>Human: You are booking a hotel room in New York City for a
11712,A,B<|endoftext|>Human: You are booking a hotel room in New York City for a
11713,A,B<|endoftext|>Human: You are booking a hotel room in New York City for a
11714,A,B<|endoftext|>Human: You are booking a hotel room in New York City for a
11715,A,B<|endoftext|>Human: You are booking a hotel room in New York City for a
11716,A,B<|endoftext|>Human: You are booking a hotel room in New York City for a
11717,B,A<|endoftext|>Human: You are booking a hotel room in New York City for a
11718,A,B<|endoftext|>Human: You are booking a hotel room in New York City for a
11719,B,A<|endoftext|>Human: You are booking a hotel room in New York City for a
11720,A,B<|endoftext|>Human: You are booking a hotel room in New York City for a
11721,A,B<|endoftext|>Human: You are booking a hotel room in New York City for a
11722,A,B<|endoftext|>Human: You are booking a hotel room in New York City for a
11723,A,B<|endoftext|>Human: You are booking a hotel room in New York City for a
11724,A,B<|endoftext|>Human: You are booking a hotel room in New York City for a
11725,A,B<|endoftext|>Human: You are booking a hotel room in New York City for a
11726,A,B<|endoftext|>Human: You are booking a hotel room in New York City for a
11727,A,B<|endoftext|>Human: You are booking a hotel room in New York City for a
11728,A,B<|endoftext|>Human: You are booking a hotel room in New York City for a
11729,A,B<|endoftext|>Human: You are booking a hotel room in New York City for a
11730,B,A<|endoftext|>Human: You are booking a hotel room in New York City for a
11731,A,B<|endoftext|>Human: You are booking a hotel room in New York City for a
11732,A,B<|endoftext|>Human: You are booking a hotel room in New York City for a
11733,A,B<|endoftext|>Human: You are booking a hotel room in New York City for a
11734,B,A<|endoftext|>Human: You are booking a hotel room in New York City for a
11735,A,B<|endoftext|>Human: You are booking a hotel room in New York City for a
11736,B,A<|endoftext|>Human: You are booking a hotel room in New York City for a
11737,A,B<|endoftext|>Human: You are booking a hotel room in New York City for a
11738,A,B<|endoftext|>Human: You are booking a hotel room in New York City for a
11739,A,B<|endoftext|>Human: You are booking a hotel room in New York City for a
11740,A,B<|endoftext|>Human: You are booking a hotel room in New York City for a
11741,A,B<|endoftext|>Human: You are booking a hotel room in New York City for a
11742,A,B<|endoftext|>Human: You are booking a hotel room in New York City for a
11743,A,B<|endoftext|>Human: You are booking a hotel room in New York City for a
11744,B,A<|endoftext|>Human: You are booking a hotel room in New York City for a
11745,A,B<|endoftext|>Human: You are booking a hotel room in New York City for a
11746,A,B<|endoftext|>Human: You are booking a hotel room in New York City for a
11747,A,B<|endoftext|>Human: You are booking a hotel room in New York City for a
11748,A,B<|endoftext|>Human: You are booking a hotel room in New York City for a
11749,A,B<|endoftext|>Human: You are booking a hotel room in New York City for a
11750,A,B<|endoftext|>Human: You are booking a hotel room in New York City for a
11751,A,B<|endoftext|>Human: You are booking a hotel room in New York City for a
11752,A,B<|endoftext|>Human: You are booking a hotel room in New York City for a
11753,A,B<|endoftext|>Human: You are booking a hotel room in New York City for a
11754,A,B<|endoftext|>Human: You are booking a hotel room in New York City for a
11755,A,B<|endoftext|>Human: You are booking a hotel room in New York City for a
11756,A,B<|endoftext|>Human: You are booking a hotel room in New York City for a
11757,A,B<|endoftext|>Human: You are booking a hotel room in New York City for a
11758,A,B<|endoftext|>Human: You are booking a hotel room in New York City for a
11759,A,B<|endoftext|>Human: You are booking a hotel room in New York City for a
11760,A,B<|endoftext|>Human: You are booking a hotel room in New York City for a
11761,A,B<|endoftext|>Human: You are booking a hotel room in New York City for a
11762,A,B<|endoftext|>Human: You are booking a hotel room in New York City for a
11763,A,B<|endoftext|>Human: You are booking a hotel room in New York City for a
11764,A,B<|endoftext|>Human: You are booking a hotel room in New York City for a
11765,A,B<|endoftext|>Human: You are booking a hotel room in New York City for a
11766,A,B<|endoftext|>Human: You are booking a hotel room in New York City for a
11767,A,B<|endoftext|>Human: You are booking a hotel room in New York City for a
11768,A,B<|endoftext|>Human: You are booking a hotel room in New York City for a
11769,A,B<|endoftext|>Human: You are booking a hotel room in New York City for a
11770,A,B<|endoftext|>Human: You are booking a hotel room in New York City for a
11771,A,B<|endoftext|>Human: You are booking a hotel room in New York City for a
11772,A,B<|endoftext|>Human: You are booking a hotel room in New York City for a
11773,A,B<|endoftext|>Human: You are booking a hotel room in New York City for a
11774,A,B<|endoftext|>Human: You are booking a hotel room in New York City for a
11775,A,B<|endoftext|>Human: You are booking a hotel room in New York City for a
11776,A,B<|endoftext|>Human: You are booking a hotel room in New York City for a
11777,A,B<|endoftext|>Human: You are booking a hotel room in New York City for a
11778,A,B<|endoftext|>Human: You are booking a hotel room in New York City for a
11779,A,B<|endoftext|>Human: You are booking a hotel room in New York City for a
11780,A,B<|endoftext|>Human: You are booking a hotel room in New York City for a
11781,A,B<|endoftext|>Human: You are booking a hotel room in New York City for a
11782,A,B<|endoftext|>Human: You are booking a hotel room in New York City for a
11783,A,B<|endoftext|>Human: You are booking a hotel room in New York City for a
11784,A,B<|endoftext|>Human: You are booking a hotel room in New York City for a
11785,A,B<|endoftext|>Human: You are booking a hotel room in New York City for a
11786,A,B<|endoftext|>Human: You are booking a hotel room in New York City for a
11787,A,B<|endoftext|>Human: You are booking a hotel room in New York City for a
11788,B,A<|endoftext|>Human: You are booking a hotel room in New York City for a
11789,A,B<|endoftext|>Human: You are booking a hotel room in New York City for a
11790,A,B<|endoftext|>Human: You are booking a hotel room in New York City for a
11791,A,B<|endoftext|>Human: You are booking a hotel room in New York City for a
11792,A,B<|endoftext|>Human: You are booking a hotel room in New York City for a
11793,A,B<|endoftext|>Human: You are booking a hotel room in New York City for a
11794,A,B<|endoftext|>Human: You are booking a hotel room in New York City for a
11795,A,B<|endoftext|>Human: You are booking a hotel room in New York City for a
11796,A,B<|endoftext|>Human: You are booking a hotel room in New York City for a
11797,A,B<|endoftext|>Human: You are booking a hotel room in New York City for a
11798,A,B<|endoftext|>Human: You are booking a hotel room in New York City for a
11799,A,B<|endoftext|>Human: You are booking a hotel room in New York City for a
11800,A,B<|endoftext|>Human: You are booking a hotel room in New York City for a
11801,A,C<|endoftext|>Human: You are booking a hotel room in New York City for a
11802,A,C<|endoftext|>Human: You are booking a hotel room in New York City for a
11803,A,C<|endoftext|>Human: You are booking a hotel room in New York City for a
11804,A,C<|endoftext|>Human: You are booking a hotel room in New York City for a
11805,B,B<|endoftext|>Human: You are booking a hotel room in New York City for a
11806,B,B<|endoftext|>Human: You are booking a hotel room in New York City for a
11807,C,A<|endoftext|>Human: You are booking a hotel room in New York City for a
11808,B,B<|endoftext|>Human: You are booking a hotel room in New York City for a
11809,A,C<|endoftext|>Human: You are booking a hotel room in New York City for a
11810,A,C<|endoftext|>Human: You are booking a hotel room in New York City for a
11811,A,C<|endoftext|>Human: You are booking a hotel room in New York City for a
11812,A,C<|endoftext|>Human: You are booking a hotel room in New York City for a
11813,B,B<|endoftext|>Human: You are booking a hotel room in New York City for a
11814,B,B<|endoftext|>Human: You are booking a hotel room in New York City for a
11815,B,B<|endoftext|>Human: You are booking a hotel room in New York City for a
11816,C,A<|endoftext|>Human: You are booking a hotel room in New York City for a
11817,B,B<|endoftext|>Human: You are booking a hotel room in New York City for a
11818,C,A<|endoftext|>Human: You are booking a hotel room in New York City for a
11819,C,A<|endoftext|>Human: You are booking a hotel room in New York City for a
11820,B,B<|endoftext|>Human: You are booking a hotel room in New York City for a
11821,A,C<|endoftext|>Human: You are booking a hotel room in New York City for a
11822,B,B<|endoftext|>Human: You are booking a hotel room in New York City for a
11823,C,A<|endoftext|>Human: You are booking a hotel room in New York City for a
11824,B,B<|endoftext|>Human: You are booking a hotel room in New York City for a
11825,A,C<|endoftext|>Human: You are booking a hotel room in New York City for a
11826,A,C<|endoftext|>Human: You are booking a hotel room in New York City for a
11827,A,C<|endoftext|>Human: You are booking a hotel room in New York City for a
11828,A,C<|endoftext|>Human: You are booking a hotel room in New York City for a
11829,A,C<|endoftext|>Human: You are booking a hotel room in New York City for a
11830,A,C<|endoftext|>Human: You are booking a hotel room in New York City for a
11831,A,C<|endoftext|>Human: You are booking a hotel room in New York City for a
11832,B,B<|endoftext|>Human: You are booking a hotel room in New York City for a
11833,A,C<|endoftext|>Human: You are booking a hotel room in New York City for a
11834,A,C<|endoftext|>Human: You are booking a hotel room in New York City for a
11835,A,C<|endoftext|>Human: You are booking a hotel room in New York City for a
11836,B,B<|endoftext|>Human: You are booking a hotel room in New York City for a
11837,B,B<|endoftext|>Human: You are booking a hotel room in New York City for a
11838,A,C<|endoftext|>Human: You are booking a hotel room in New York City for a
11839,B,B<|endoftext|>Human: You are booking a hotel room in New York City for a
11840,B,B<|endoftext|>Human: You are booking a hotel room in New York City for a
11841,B,B<|endoftext|>Human: You are booking a hotel room in New York City for a
11842,A,C<|endoftext|>Human: You are booking a hotel room in New York City for a
11843,C,A<|endoftext|>Human: You are booking a hotel room in New York City for a
11844,A,C<|endoftext|>Human: You are booking a hotel room in New York City for a
11845,C,A<|endoftext|>Human: You are booking a hotel room in New York City for a
11846,C,A<|endoftext|>Human: You are booking a hotel room in New York City for a
11847,A,C<|endoftext|>Human: You are booking a hotel room in New York City for a
11848,A,C<|endoftext|>Human: You are booking a hotel room in New York City for a
11849,A,C<|endoftext|>Human: You are booking a hotel room in New York City for a
11850,C,A<|endoftext|>Human: You are booking a hotel room in New York City for a
11851,A,C<|endoftext|>Human: You are booking a hotel room in New York City for a
11852,A,C<|endoftext|>Human: You are booking a hotel room in New York City for a
11853,A,C<|endoftext|>Human: You are booking a hotel room in New York City for a
11854,A,C<|endoftext|>Human: You are booking a hotel room in New York City for a
11855,A,C<|endoftext|>Human: You are booking a hotel room in New York City for a
11856,A,C<|endoftext|>Human: You are booking a hotel room in New York City for a
11857,C,A<|endoftext|>Human: You are booking a hotel room in New York City for a
11858,A,C<|endoftext|>Human: You are booking a hotel room in New York City for a
11859,A,C<|endoftext|>Human: You are booking a hotel room in New York City for a
11860,A,C<|endoftext|>Human: You are booking a hotel room in New York City for a
11861,A,C<|endoftext|>Human: You are booking a hotel room in New York City for a
11862,B,B<|endoftext|>Human: You are booking a hotel room in New York City for a
11863,B,B<|endoftext|>Human: You are booking a hotel room in New York City for a
11864,A,C<|endoftext|>Human: You are booking a hotel room in New York City for a
11865,A,C<|endoftext|>Human: You are booking a hotel room in New York City for a
11866,A,C<|endoftext|>Human: You are booking a hotel room in New York City for a
11867,A,C<|endoftext|>Human: You are booking a hotel room in New York City for a
11868,A,C<|endoftext|>Human: You are booking a hotel room in New York City for a
11869,A,C<|endoftext|>Human: You are booking a hotel room in New York City for a
11870,B,B<|endoftext|>Human: You are booking a hotel room in New York City for a
11871,A,C<|endoftext|>Human: You are booking a hotel room in New York City for a
11872,A,C<|endoftext|>Human: You are booking a hotel room in New York City for a
11873,A,C<|endoftext|>Human: You are booking a hotel room in New York City for a
11874,A,C<|endoftext|>Human: You are booking a hotel room in New York City for a
11875,A,C<|endoftext|>Human: You are booking a hotel room in New York City for a
11876,A,C<|endoftext|>Human: You are booking a hotel room in New York City for a
11877,A,C<|endoftext|>Human: You are booking a hotel room in New York City for a
11878,B,B<|endoftext|>Human: You are booking a hotel room in New York City for a
11879,A,C<|endoftext|>Human: You are booking a hotel room in New York City for a
11880,C,A<|endoftext|>Human: You are booking a hotel room in New York City for a
11881,A,C<|endoftext|>Human: You are booking a hotel room in New York City for a
11882,A,C<|endoftext|>Human: You are booking a hotel room in New York City for a
11883,A,C<|endoftext|>Human: You are booking a hotel room in New York City for a
11884,A,C<|endoftext|>Human: You are booking a hotel room in New York City for a
11885,A,C<|endoftext|>Human: You are booking a hotel room in New York City for a
11886,A,C<|endoftext|>Human: You are booking a hotel room in New York City for a
11887,A,C<|endoftext|>Human: You are booking a hotel room in New York City for a
11888,A,C<|endoftext|>Human: You are booking a hotel room in New York City for a
11889,A,C<|endoftext|>Human: You are booking a hotel room in New York City for a
11890,A,C<|endoftext|>Human: You are booking a hotel room in New York City for a
11891,A,C<|endoftext|>Human: You are booking a hotel room in New York City for a
11892,A,C<|endoftext|>Human: You are booking a hotel room in New York City for a
11893,A,C<|endoftext|>Human: You are booking a hotel room in New York City for a
11894,A,C<|endoftext|>Human: You are booking a hotel room in New York City for a
11895,A,C<|endoftext|>Human: You are booking a hotel room in New York City for a
11896,A,C<|endoftext|>Human: You are booking a hotel room in New York City for a
11897,A,C<|endoftext|>Human: You are booking a hotel room in New York City for a
11898,C,A<|endoftext|>Human: You are booking a hotel room in New York City for a
11899,B,B<|endoftext|>Human: You are booking a hotel room in New York City for a
11900,A,C<|endoftext|>Human: You are booking a hotel room in New York City for a
11901,A,C<|endoftext|>Human: You are booking a hotel room in New York City for a
11902,A,C<|endoftext|>Human: You are booking a hotel room in New York City for a
11903,B,B<|endoftext|>Human: You are booking a hotel room in New York City for a
11904,A,C<|endoftext|>Human: You are booking a hotel room in New York City for a
11905,A,C<|endoftext|>Human: You are booking a hotel room in New York City for a
11906,A,C<|endoftext|>Human: You are booking a hotel room in New York City for a
11907,A,C<|endoftext|>Human: You are booking a hotel room in New York City for a
11908,A,C<|endoftext|>Human: You are booking a hotel room in New York City for a
11909,A,C<|endoftext|>Human: You are booking a hotel room in New York City for a
11910,A,C<|endoftext|>Human: You are booking a hotel room in New York City for a
11911,A,C<|endoftext|>Human: You are booking a hotel room in New York City for a
11912,A,C<|endoftext|>Human: You are booking a hotel room in New York City for a
11913,A,C<|endoftext|>Human: You are booking a hotel room in New York City for a
11914,A,C<|endoftext|>Human: You are booking a hotel room in New York City for a
11915,A,C<|endoftext|>Human: You are booking a hotel room in New York City for a
11916,B,B<|endoftext|>Human: You are booking a hotel room in New York City for a
11917,B,B<|endoftext|>Human: You are booking a hotel room in New York City for a
11918,B,B<|endoftext|>Human: You are booking a hotel room in New York City for a
11919,B,B<|endoftext|>Human: You are booking a hotel room in New York City for a
11920,B,B<|endoftext|>Human: You are booking a hotel room in New York City for a
11921,B,B<|endoftext|>Human: You are booking a hotel room in New York City for a
11922,C,A<|endoftext|>Human: You are booking a hotel room in New York City for a
11923,B,B<|endoftext|>Human: You are booking a hotel room in New York City for a
11924,A,C<|endoftext|>Human: You are booking a hotel room in New York City for a
11925,B,B<|endoftext|>Human: You are booking a hotel room in New York City for a
11926,A,C<|endoftext|>Human: You are booking a hotel room in New York City for a
11927,A,C<|endoftext|>Human: You are booking a hotel room in New York City for a
11928,C,A<|endoftext|>Human: You are booking a hotel room in New York City for a
11929,A,C<|endoftext|>Human: You are booking a hotel room in New York City for a
11930,A,C<|endoftext|>Human: You are booking a hotel room in New York City for a
11931,B,B<|endoftext|>Human: You are booking a hotel room in New York City for a
11932,C,A<|endoftext|>Human: You are booking a hotel room in New York City for a
11933,B,B<|endoftext|>Human: You are booking a hotel room in New York City for a
11934,B,B<|endoftext|>Human: You are booking a hotel room in New York City for a
11935,B,B<|endoftext|>Human: You are booking a hotel room in New York City for a
11936,A,C<|endoftext|>Human: You are booking a hotel room in New York City for a
11937,C,A<|endoftext|>Human: You are booking a hotel room in New York City for a
11938,B,B<|endoftext|>Human: You are booking a hotel room in New York City for a
11939,A,C<|endoftext|>Human: You are booking a hotel room in New York City for a
11940,A,C<|endoftext|>Human: You are booking a hotel room in New York City for a
11941,A,C<|endoftext|>Human: You are booking a hotel room in New York City for a
11942,A,C<|endoftext|>Human: You are booking a hotel room in New York City for a
11943,A,C<|endoftext|>Human: You are booking a hotel room in New York City for a
11944,A,C<|endoftext|>Human: You are booking a hotel room in New York City for a
11945,B,B<|endoftext|>Human: You are booking a hotel room in New York City for a
11946,A,C<|endoftext|>Human: You are booking a hotel room in New York City for a
11947,C,A<|endoftext|>Human: You are booking a hotel room in New York City for a
11948,A,C<|endoftext|>Human: You are booking a hotel room in New York City for a
11949,B,B<|endoftext|>Human: You are booking a hotel room in New York City for a
11950,B,B<|endoftext|>Human: You are booking a hotel room in New York City for a
11951,A,C<|endoftext|>Human: You are booking a hotel room in New York City for a
11952,B,B<|endoftext|>Human: You are booking a hotel room in New York City for a
11953,B,B<|endoftext|>Human: You are booking a hotel room in New York City for a
11954,A,C<|endoftext|>Human: You are booking a hotel room in New York City for a
11955,A,C<|endoftext|>Human: You are booking a hotel room in New York City for a
11956,C,A<|endoftext|>Human: You are booking a hotel room in New York City for a
11957,A,C<|endoftext|>Human: You are booking a hotel room in New York City for a
11958,A,C<|endoftext|>Human: You are booking a hotel room in New York City for a
11959,A,C<|endoftext|>Human: You are booking a hotel room in New York City for a
11960,A,C<|endoftext|>Human: You are booking a hotel room in New York City for a
11961,A,C<|endoftext|>Human: You are booking a hotel room in New York City for a
11962,A,C<|endoftext|>Human: You are booking a hotel room in New York City for a
11963,B,B<|endoftext|>Human: You are booking a hotel room in New York City for a
11964,A,C<|endoftext|>Human: You are booking a hotel room in New York City for a
11965,A,C<|endoftext|>Human: You are booking a hotel room in New York City for a
11966,A,C<|endoftext|>Human: You are booking a hotel room in New York City for a
11967,A,C<|endoftext|>Human: You are booking a hotel room in New York City for a
11968,A,C<|endoftext|>Human: You are booking a hotel room in New York City for a
11969,B,B<|endoftext|>Human: You are booking a hotel room in New York City for a
11970,C,A<|endoftext|>Human: You are booking a hotel room in New York City for a
11971,B,B<|endoftext|>Human: You are booking a hotel room in New York City for a
11972,C,A<|endoftext|>Human: You are booking a hotel room in New York City for a
11973,A,C<|endoftext|>Human: You are booking a hotel room in New York City for a
11974,C,A<|endoftext|>Human: You are booking a hotel room in New York City for a
11975,B,B<|endoftext|>Human: You are booking a hotel room in New York City for a
11976,B,B<|endoftext|>Human: You are booking a hotel room in New York City for a
11977,B,B<|endoftext|>Human: You are booking a hotel room in New York City for a
11978,B,B<|endoftext|>Human: You are booking a hotel room in New York City for a
11979,B,B<|endoftext|>Human: You are booking a hotel room in New York City for a
11980,B,B<|endoftext|>Human: You are booking a hotel room in New York City for a
11981,A,C<|endoftext|>Human: You are booking a hotel room in New York City for a
11982,A,C<|endoftext|>Human: You are booking a hotel room in New York City for a
11983,C,A<|endoftext|>Human: You are booking a hotel room in New York City for a
11984,A,C<|endoftext|>Human: You are booking a hotel room in New York City for a
11985,A,C<|endoftext|>Human: You are booking a hotel room in New York City for a
11986,A,C<|endoftext|>Human: You are booking a hotel room in New York City for a
11987,B,B<|endoftext|>Human: You are booking a hotel room in New York City for a
11988,A,C<|endoftext|>Human: You are booking a hotel room in New York City for a
11989,C,A<|endoftext|>Human: You are booking a hotel room in New York City for a
11990,A,C<|endoftext|>Human: You are booking a hotel room in New York City for a
11991,A,C<|endoftext|>Human: You are booking a hotel room in New York City for a
11992,A,C<|endoftext|>Human: You are booking a hotel room in New York City for a
11993,A,C<|endoftext|>Human: You are booking a hotel room in New York City for a
11994,A,C<|endoftext|>Human: You are booking a hotel room in New York City for a
11995,A,C<|endoftext|>Human: You are booking a hotel room in New York City for a
11996,A,C<|endoftext|>Human: You are booking a hotel room in New York City for a
11997,A,C<|endoftext|>Human: You are booking a hotel room in New York City for a
11998,A,C<|endoftext|>Human: You are booking a hotel room in New York City for a
11999,C,A<|endoftext|>Human: You are booking a hotel room in New York City for a
12000,A,C<|endoftext|>Human: You are booking a hotel room in New York City for a
12001,C,A<|endoftext|>Human: You are booking a hotel room in New York City for a
12002,C,A<|endoftext|>Human: You are booking a hotel room in New York City for a
12003,A,C<|endoftext|>Human: You are booking a hotel room in New York City for a
12004,A,C<|endoftext|>Human: You are booking a hotel room in New York City for a
12005,A,C<|endoftext|>Human: You are booking a hotel room in New York City for a
12006,A,C<|endoftext|>Human: You are booking a hotel room in New York City for a
12007,A,C<|endoftext|>Human: You are booking a hotel room in New York City for a
12008,A,C<|endoftext|>Human: You are booking a hotel room in New York City for a
12009,A,C<|endoftext|>Human: You are booking a hotel room in New York City for a
12010,A,C<|endoftext|>Human: You are booking a hotel room in New York City for a
12011,A,C<|endoftext|>Human: You are booking a hotel room in New York City for a
12012,A,C<|endoftext|>Human: You are booking a hotel room in New York City for a
12013,B,B<|endoftext|>Human: You are booking a hotel room in New York City for a
12014,A,C<|endoftext|>Human: You are booking a hotel room in New York City for a
12015,B,B<|endoftext|>Human: You are booking a hotel room in New York City for a
12016,A,C<|endoftext|>Human: You are booking a hotel room in New York City for a
12017,B,B<|endoftext|>Human: You are booking a hotel room in New York City for a
12018,B,B<|endoftext|>Human: You are booking a hotel room in New York City for a
12019,A,C<|endoftext|>Human: You are booking a hotel room in New York City for a
12020,A,C<|endoftext|>Human: You are booking a hotel room in New York City for a
12021,B,B<|endoftext|>Human: You are booking a hotel room in New York City for a
12022,B,B<|endoftext|>Human: You are booking a hotel room in New York City for a
12023,A,C<|endoftext|>Human: You are booking a hotel room in New York City for a
12024,A,C<|endoftext|>Human: You are booking a hotel room in New York City for a
12025,A,C<|endoftext|>Human: You are booking a hotel room in New York City for a
12026,A,C<|endoftext|>Human: You are booking a hotel room in New York City for a
12027,A,C<|endoftext|>Human: You are booking a hotel room in New York City for a
12028,A,C<|endoftext|>Human: You are booking a hotel room in New York City for a
12029,A,C<|endoftext|>Human: You are booking a hotel room in New York City for a
12030,C,A<|endoftext|>Human: You are booking a hotel room in New York City for a
12031,B,B<|endoftext|>Human: You are booking a hotel room in New York City for a
12032,B,B<|endoftext|>Human: You are booking a hotel room in New York City for a
12033,B,B<|endoftext|>Human: You are booking a hotel room in New York City for a
12034,A,C<|endoftext|>Human: You are booking a hotel room in New York City for a
12035,A,C<|endoftext|>Human: You are booking a hotel room in New York City for a
12036,A,C<|endoftext|>Human: You are booking a hotel room in New York City for a
12037,A,C<|endoftext|>Human: You are booking a hotel room in New York City for a
12038,A,C<|endoftext|>Human: You are booking a hotel room in New York City for a
12039,A,C<|endoftext|>Human: You are booking a hotel room in New York City for a
12040,A,C<|endoftext|>Human: You are booking a hotel room in New York City for a
12041,A,C<|endoftext|>Human: You are booking a hotel room in New York City for a
12042,A,C<|endoftext|>Human: You are booking a hotel room in New York City for a
12043,C,A<|endoftext|>Human: You are booking a hotel room in New York City for a
12044,A,C<|endoftext|>Human: You are booking a hotel room in New York City for a
12045,A,C<|endoftext|>Human: You are booking a hotel room in New York City for a
12046,A,C<|endoftext|>Human: You are booking a hotel room in New York City for a
12047,B,B<|endoftext|>Human: You are booking a hotel room in New York City for a
12048,A,C<|endoftext|>Human: You are booking a hotel room in New York City for a
12049,B,B<|endoftext|>Human: You are booking a hotel room in New York City for a
12050,B,B<|endoftext|>Human: You are booking a hotel room in New York City for a
12051,B,B<|endoftext|>Human: You are booking a hotel room in New York City for a
12052,C,A<|endoftext|>Human: You are booking a hotel room in New York City for a
12053,A,C<|endoftext|>Human: You are booking a hotel room in New York City for a
12054,B,B<|endoftext|>Human: You are booking a hotel room in New York City for a
12055,A,C<|endoftext|>Human: You are booking a hotel room in New York City for a
12056,A,C<|endoftext|>Human: You are booking a hotel room in New York City for a
12057,B,B<|endoftext|>Human: You are booking a hotel room in New York City for a
12058,B,B<|endoftext|>Human: You are booking a hotel room in New York City for a
12059,A,C<|endoftext|>Human: You are booking a hotel room in New York City for a
12060,A,C<|endoftext|>Human: You are booking a hotel room in New York City for a
12061,A,C<|endoftext|>Human: You are booking a hotel room in New York City for a
12062,A,C<|endoftext|>Human: You are booking a hotel room in New York City for a
12063,A,C<|endoftext|>Human: You are booking a hotel room in New York City for a
12064,A,C<|endoftext|>Human: You are booking a hotel room in New York City for a
12065,B,B<|endoftext|>Human: You are booking a hotel room in New York City for a
12066,B,B<|endoftext|>Human: You are booking a hotel room in New York City for a
12067,A,C<|endoftext|>Human: You are booking a hotel room in New York City for a
12068,B,B<|endoftext|>Human: You are booking a hotel room in New York City for a
12069,B,B<|endoftext|>Human: You are booking a hotel room in New York City for a
12070,B,B<|endoftext|>Human: You are booking a hotel room in New York City for a
12071,B,B<|endoftext|>Human: You are booking a hotel room in New York City for a
12072,A,C<|endoftext|>Human: You are booking a hotel room in New York City for a
12073,A,C<|endoftext|>Human: You are booking a hotel room in New York City for a
12074,C,A<|endoftext|>Human: You are booking a hotel room in New York City for a
12075,A,C<|endoftext|>Human: You are booking a hotel room in New York City for a
12076,A,C<|endoftext|>Human: You are booking a hotel room in New York City for a
12077,B,B<|endoftext|>Human: You are booking a hotel room in New York City for a
12078,B,B<|endoftext|>Human: You are booking a hotel room in New York City for a
12079,B,B<|endoftext|>Human: You are booking a hotel room in New York City for a
12080,B,B<|endoftext|>Human: You are booking a hotel room in New York City for a
12081,B,B<|endoftext|>Human: You are booking a hotel room in New York City for a
12082,B,B<|endoftext|>Human: You are booking a hotel room in New York City for a
12083,A,C<|endoftext|>Human: You are booking a hotel room in New York City for a
12084,B,B<|endoftext|>Human: You are booking a hotel room in New York City for a
12085,A,C<|endoftext|>Human: You are booking a hotel room in New York City for a
12086,C,A<|endoftext|>Human: You are booking a hotel room in New York City for a
12087,A,C<|endoftext|>Human: You are booking a hotel room in New York City for a
12088,C,A<|endoftext|>Human: You are booking a hotel room in New York City for a
12089,B,B<|endoftext|>Human: You are booking a hotel room in New York City for a
12090,A,C<|endoftext|>Human: You are booking a hotel room in New York City for a
12091,A,C<|endoftext|>Human: You are booking a hotel room in New York City for a
12092,A,C<|endoftext|>Human: You are booking a hotel room in New York City for a
12093,A,C<|endoftext|>Human: You are booking a hotel room in New York City for a
12094,A,C<|endoftext|>Human: You are booking a hotel room in New York City for a
12095,A,C<|endoftext|>Human: You are booking a hotel room in New York City for a
12096,A,C<|endoftext|>Human: You are booking a hotel room in New York City for a
12097,C,A<|endoftext|>Human: You are booking a hotel room in New York City for a
12098,A,C<|endoftext|>Human: You are booking a hotel room in New York City for a
12099,C,A<|endoftext|>Human: You are booking a hotel room in New York City for a
12100,A,C<|endoftext|>Human: You are booking a hotel room in New York City for a
12101,A,C<|endoftext|>Human: You are booking a hotel room in New York City for a
12102,A,C<|endoftext|>Human: You are booking a hotel room in New York City for a
12103,A,C<|endoftext|>Human: You are booking a hotel room in New York City for a
12104,A,C<|endoftext|>Human: You are booking a hotel room in New York City for a
12105,A,C<|endoftext|>Human: You are booking a hotel room in New York City for a
12106,A,C<|endoftext|>Human: You are booking a hotel room in New York City for a
12107,A,C<|endoftext|>Human: You are booking a hotel room in New York City for a
12108,A,C<|endoftext|>Human: You are booking a hotel room in New York City for a
12109,C,A<|endoftext|>Human: You are booking a hotel room in New York City for a
12110,A,C<|endoftext|>Human: You are booking a hotel room in New York City for a
12111,A,C<|endoftext|>Human: You are booking a hotel room in New York City for a
12112,A,C<|endoftext|>Human: You are booking a hotel room in New York City for a
12113,A,C<|endoftext|>Human: You are booking a hotel room in New York City for a
12114,A,C<|endoftext|>Human: You are booking a hotel room in New York City for a
12115,A,C<|endoftext|>Human: You are booking a hotel room in New York City for a
12116,B,B<|endoftext|>Human: You are booking a hotel room in New York City for a
12117,A,C<|endoftext|>Human: You are booking a hotel room in New York City for a
12118,B,B<|endoftext|>Human: You are booking a hotel room in New York City for a
12119,A,C<|endoftext|>Human: You are booking a hotel room in New York City for a
12120,A,C<|endoftext|>Human: You are booking a hotel room in New York City for a
12121,A,C<|endoftext|>Human: You are booking a hotel room in New York City for a
12122,A,C<|endoftext|>Human: You are booking a hotel room in New York City for a
12123,A,C<|endoftext|>Human: You are booking a hotel room in New York City for a
12124,A,C<|endoftext|>Human: You are booking a hotel room in New York City for a
12125,A,C<|endoftext|>Human: You are booking a hotel room in New York City for a
12126,A,C<|endoftext|>Human: You are booking a hotel room in New York City for a
12127,A,C<|endoftext|>Human: You are booking a hotel room in New York City for a
12128,A,C<|endoftext|>Human: You are booking a hotel room in New York City for a
12129,A,C<|endoftext|>Human: You are booking a hotel room in New York City for a
12130,A,C<|endoftext|>Human: You are booking a hotel room in New York City for a
12131,A,C<|endoftext|>Human: You are booking a hotel room in New York City for a
12132,A,C<|endoftext|>Human: You are booking a hotel room in New York City for a
12133,A,C<|endoftext|>Human: You are booking a hotel room in New York City for a
12134,A,C<|endoftext|>Human: You are booking a hotel room in New York City for a
12135,A,C<|endoftext|>Human: You are booking a hotel room in New York City for a
12136,A,C<|endoftext|>Human: You are booking a hotel room in New York City for a
12137,A,C<|endoftext|>Human: You are booking a hotel room in New York City for a
12138,B,B<|endoftext|>Human: You are booking a hotel room in New York City for a
12139,A,C<|endoftext|>Human: You are booking a hotel room in New York City for a
12140,A,C<|endoftext|>Human: You are booking a hotel room in New York City for a
12141,A,C<|endoftext|>Human: You are booking a hotel room in New York City for a
12142,A,C<|endoftext|>Human: You are booking a hotel room in New York City for a
12143,A,C<|endoftext|>Human: You are booking a hotel room in New York City for a
12144,A,C<|endoftext|>Human: You are booking a hotel room in New York City for a
12145,B,B<|endoftext|>Human: You are booking a hotel room in New York City for a
12146,B,B<|endoftext|>Human: You are booking a hotel room in New York City for a
12147,A,C<|endoftext|>Human: You are booking a hotel room in New York City for a
12148,A,C<|endoftext|>Human: You are booking a hotel room in New York City for a
12149,A,C<|endoftext|>Human: You are booking a hotel room in New York City for a
12150,A,C<|endoftext|>Human: You are booking a hotel room in New York City for a
12151,B,B<|endoftext|>Human: You are booking a hotel room in New York City for a
12152,A,C<|endoftext|>Human: You are booking a hotel room in New York City for a
12153,B,B<|endoftext|>Human: You are booking a hotel room in New York City for a
12154,B,B<|endoftext|>Human: You are booking a hotel room in New York City for a
12155,B,B<|endoftext|>Human: You are booking a hotel room in New York City for a
12156,B,B<|endoftext|>Human: You are booking a hotel room in New York City for a
12157,B,B<|endoftext|>Human: You are booking a hotel room in New York City for a
12158,B,B<|endoftext|>Human: You are booking a hotel room in New York City for a
12159,B,B<|endoftext|>Human: You are booking a hotel room in New York City for a
12160,B,B<|endoftext|>Human: You are booking a hotel room in New York City for a
12161,B,B<|endoftext|>Human: You are booking a hotel room in New York City for a
12162,A,C<|endoftext|>Human: You are booking a hotel room in New York City for a
12163,C,A<|endoftext|>Human: You are booking a hotel room in New York City for a
12164,C,A<|endoftext|>Human: You are booking a hotel room in New York City for a
12165,C,A<|endoftext|>Human: You are booking a hotel room in New York City for a
12166,B,B<|endoftext|>Human: You are booking a hotel room in New York City for a
12167,A,C<|endoftext|>Human: You are booking a hotel room in New York City for a
12168,B,B<|endoftext|>Human: You are booking a hotel room in New York City for a
12169,B,B<|endoftext|>Human: You are booking a hotel room in New York City for a
12170,C,A<|endoftext|>Human: You are booking a hotel room in New York City for a
12171,B,B<|endoftext|>Human: You are booking a hotel room in New York City for a
12172,B,B<|endoftext|>Human: You are booking a hotel room in New York City for a
12173,C,A<|endoftext|>Human: You are booking a hotel room in New York City for a
12174,B,B<|endoftext|>Human: You are booking a hotel room in New York City for a
12175,A,C<|endoftext|>Human: You are booking a hotel room in New York City for a
12176,B,B<|endoftext|>Human: You are booking a hotel room in New York City for a
12177,B,B<|endoftext|>Human: You are booking a hotel room in New York City for a
12178,B,B<|endoftext|>Human: You are booking a hotel room in New York City for a
12179,B,B<|endoftext|>Human: You are booking a hotel room in New York City for a
12180,B,B<|endoftext|>Human: You are booking a hotel room in New York City for a
12181,C,A<|endoftext|>Human: You are booking a hotel room in New York City for a
12182,B,B<|endoftext|>Human: You are booking a hotel room in New York City for a
12183,A,C<|endoftext|>Human: You are booking a hotel room in New York City for a
12184,B,B<|endoftext|>Human: You are booking a hotel room in New York City for a
12185,B,B<|endoftext|>Human: You are booking a hotel room in New York City for a
12186,A,C<|endoftext|>Human: You are booking a hotel room in New York City for a
12187,C,A<|endoftext|>Human: You are booking a hotel room in New York City for a
12188,A,C<|endoftext|>Human: You are booking a hotel room in New York City for a
12189,A,C<|endoftext|>Human: You are booking a hotel room in New York City for a
12190,A,C<|endoftext|>Human: You are booking a hotel room in New York City for a
12191,A,C<|endoftext|>Human: You are booking a hotel room in New York City for a
12192,A,C<|endoftext|>Human: You are booking a hotel room in New York City for a
12193,A,C<|endoftext|>Human: You are booking a hotel room in New York City for a
12194,A,C<|endoftext|>Human: You are booking a hotel room in New York City for a
12195,A,C<|endoftext|>Human: You are booking a hotel room in New York City for a
12196,A,C<|endoftext|>Human: You are booking a hotel room in New York City for a
12197,A,C<|endoftext|>Human: You are booking a hotel room in New York City for a
12198,B,B<|endoftext|>Human: You are booking a hotel room in New York City for a
12199,B,B<|endoftext|>Human: You are booking a hotel room in New York City for a
12200,A,C<|endoftext|>Human: You are booking a hotel room in New York City for a
12201,A,C<|endoftext|>Human: You are booking a hotel room in New York City for a
12202,B,B<|endoftext|>Human: You are booking a hotel room in New York City for a
12203,A,C<|endoftext|>Human: You are booking a hotel room in New York City for a
12204,A,C<|endoftext|>Human: You are booking a hotel room in New York City for a
12205,B,B<|endoftext|>Human: You are booking a hotel room in New York City for a
12206,A,C<|endoftext|>Human: You are booking a hotel room in New York City for a
12207,B,B<|endoftext|>Human: You are booking a hotel room in New York City for a
12208,A,C<|endoftext|>Human: You are booking a hotel room in New York City for a
12209,A,C<|endoftext|>Human: You are booking a hotel room in New York City for a
12210,A,C<|endoftext|>Human: You are booking a hotel room in New York City for a
12211,A,C<|endoftext|>Human: You are booking a hotel room in New York City for a
12212,A,C<|endoftext|>Human: You are booking a hotel room in New York City for a
12213,C,A<|endoftext|>Human: You are booking a hotel room in New York City for a
12214,A,C<|endoftext|>Human: You are booking a hotel room in New York City for a
12215,A,C<|endoftext|>Human: You are booking a hotel room in New York City for a
12216,A,C<|endoftext|>Human: You are booking a hotel room in New York City for a
12217,A,C<|endoftext|>Human: You are booking a hotel room in New York City for a
12218,C,A<|endoftext|>Human: You are booking a hotel room in New York City for a
12219,A,C<|endoftext|>Human: You are booking a hotel room in New York City for a
12220,C,A<|endoftext|>Human: You are booking a hotel room in New York City for a
12221,A,C<|endoftext|>Human: You are booking a hotel room in New York City for a
12222,A,C<|endoftext|>Human: You are booking a hotel room in New York City for a
12223,A,C<|endoftext|>Human: You are booking a hotel room in New York City for a
12224,A,C<|endoftext|>Human: You are booking a hotel room in New York City for a
12225,A,C<|endoftext|>Human: You are booking a hotel room in New York City for a
12226,A,C<|endoftext|>Human: You are booking a hotel room in New York City for a
12227,A,C<|endoftext|>Human: You are booking a hotel room in New York City for a
12228,A,C<|endoftext|>Human: You are booking a hotel room in New York City for a
12229,A,C<|endoftext|>Human: You are booking a hotel room in New York City for a
12230,A,C<|endoftext|>Human: You are booking a hotel room in New York City for a
12231,A,C<|endoftext|>Human: You are booking a hotel room in New York City for a
12232,A,C<|endoftext|>Human: You are booking a hotel room in New York City for a
12233,C,A<|endoftext|>Human: You are booking a hotel room in New York City for a
12234,C,A<|endoftext|>Human: You are booking a hotel room in New York City for a
12235,A,C<|endoftext|>Human: You are booking a hotel room in New York City for a
12236,C,A<|endoftext|>Human: You are booking a hotel room in New York City for a
12237,C,A<|endoftext|>Human: You are booking a hotel room in New York City for a
12238,B,B<|endoftext|>Human: You are booking a hotel room in New York City for a
12239,A,C<|endoftext|>Human: You are booking a hotel room in New York City for a
12240,A,C<|endoftext|>Human: You are booking a hotel room in New York City for a
12241,A,C<|endoftext|>Human: You are booking a hotel room in New York City for a
12242,A,C<|endoftext|>Human: You are booking a hotel room in New York City for a
12243,A,C<|endoftext|>Human: You are booking a hotel room in New York City for a
12244,A,C<|endoftext|>Human: You are booking a hotel room in New York City for a
12245,B,B<|endoftext|>Human: You are booking a hotel room in New York City for a
12246,B,B<|endoftext|>Human: You are booking a hotel room in New York City for a
12247,C,A<|endoftext|>Human: You are booking a hotel room in New York City for a
12248,B,B<|endoftext|>Human: You are booking a hotel room in New York City for a
12249,B,B<|endoftext|>Human: You are booking a hotel room in New York City for a
12250,B,B<|endoftext|>Human: You are booking a hotel room in New York City for a
12251,B,B<|endoftext|>Human: You are booking a hotel room in New York City for a
12252,A,C<|endoftext|>Human: You are booking a hotel room in New York City for a
12253,A,C<|endoftext|>Human: You are booking a hotel room in New York City for a
12254,A,C<|endoftext|>Human: You are booking a hotel room in New York City for a
12255,A,C<|endoftext|>Human: You are booking a hotel room in New York City for a
12256,A,C<|endoftext|>Human: You are booking a hotel room in New York City for a
12257,C,A<|endoftext|>Human: You are booking a hotel room in New York City for a
12258,A,C<|endoftext|>Human: You are booking a hotel room in New York City for a
12259,C,A<|endoftext|>Human: You are booking a hotel room in New York City for a
12260,A,C<|endoftext|>Human: You are booking a hotel room in New York City for a
12261,A,C<|endoftext|>Human: You are booking a hotel room in New York City for a
12262,A,C<|endoftext|>Human: You are booking a hotel room in New York City for a
12263,A,C<|endoftext|>Human: You are booking a hotel room in New York City for a
12264,A,C<|endoftext|>Human: You are booking a hotel room in New York City for a
12265,A,C<|endoftext|>Human: You are booking a hotel room in New York City for a
12266,A,C<|endoftext|>Human: You are booking a hotel room in New York City for a
12267,A,C<|endoftext|>Human: You are booking a hotel room in New York City for a
12268,A,C<|endoftext|>Human: You are booking a hotel room in New York City for a
12269,A,C<|endoftext|>Human: You are booking a hotel room in New York City for a
12270,B,B<|endoftext|>Human: You are booking a hotel room in New York City for a
12271,A,C<|endoftext|>Human: You are booking a hotel room in New York City for a
12272,A,C<|endoftext|>Human: You are booking a hotel room in New York City for a
12273,A,C<|endoftext|>Human: You are booking a hotel room in New York City for a
12274,C,A<|endoftext|>Human: You are booking a hotel room in New York City for a
12275,A,C<|endoftext|>Human: You are booking a hotel room in New York City for a
12276,B,B<|endoftext|>Human: You are booking a hotel room in New York City for a
12277,B,B<|endoftext|>Human: You are booking a hotel room in New York City for a
12278,A,C<|endoftext|>Human: You are booking a hotel room in New York City for a
12279,B,B<|endoftext|>Human: You are booking a hotel room in New York City for a
12280,B,B<|endoftext|>Human: You are booking a hotel room in New York City for a
12281,B,B<|endoftext|>Human: You are booking a hotel room in New York City for a
12282,A,C<|endoftext|>Human: You are booking a hotel room in New York City for a
12283,A,C<|endoftext|>Human: You are booking a hotel room in New York City for a
12284,A,C<|endoftext|>Human: You are booking a hotel room in New York City for a
12285,A,C<|endoftext|>Human: You are booking a hotel room in New York City for a
12286,A,C<|endoftext|>Human: You are booking a hotel room in New York City for a
12287,A,C<|endoftext|>Human: You are booking a hotel room in New York City for a
12288,A,C<|endoftext|>Human: You are booking a hotel room in New York City for a
12289,A,C<|endoftext|>Human: You are booking a hotel room in New York City for a
12290,B,B<|endoftext|>Human: You are booking a hotel room in New York City for a
12291,A,C<|endoftext|>Human: You are booking a hotel room in New York City for a
12292,A,C<|endoftext|>Human: You are booking a hotel room in New York City for a
12293,A,C<|endoftext|>Human: You are booking a hotel room in New York City for a
12294,C,A<|endoftext|>Human: You are booking a hotel room in New York City for a
12295,B,B<|endoftext|>Human: You are booking a hotel room in New York City for a
12296,A,C<|endoftext|>Human: You are booking a hotel room in New York City for a
12297,A,C<|endoftext|>Human: You are booking a hotel room in New York City for a
12298,A,C<|endoftext|>Human: You are booking a hotel room in New York City for a
12299,A,C<|endoftext|>Human: You are booking a hotel room in New York City for a
12300,B,B<|endoftext|>Human: You are booking a hotel room in New York City for a
12301,A,C<|endoftext|>Human: You are booking a hotel room in New York City for a
12302,B,B<|endoftext|>Human: You are booking a hotel room in New York City for a
12303,A,C<|endoftext|>Human: You are booking a hotel room in New York City for a
12304,A,C<|endoftext|>Human: You are booking a hotel room in New York City for a
12305,A,C<|endoftext|>Human: You are booking a hotel room in New York City for a
12306,A,C<|endoftext|>Human: You are booking a hotel room in New York City for a
12307,A,C<|endoftext|>Human: You are booking a hotel room in New York City for a
12308,A,C<|endoftext|>Human: You are booking a hotel room in New York City for a
12309,A,C<|endoftext|>Human: You are booking a hotel room in New York City for a
12310,A,C<|endoftext|>Human: You are booking a hotel room in New York City for a
12311,A,C<|endoftext|>Human: You are booking a hotel room in New York City for a
12312,A,C<|endoftext|>Human: You are booking a hotel room in New York City for a
12313,A,C<|endoftext|>Human: You are booking a hotel room in New York City for a
12314,A,C<|endoftext|>Human: You are booking a hotel room in New York City for a
12315,A,C<|endoftext|>Human: You are booking a hotel room in New York City for a
12316,A,C<|endoftext|>Human: You are booking a hotel room in New York City for a
12317,B,B<|endoftext|>Human: You are booking a hotel room in New York City for a
12318,B,B<|endoftext|>Human: You are booking a hotel room in New York City for a
12319,B,B<|endoftext|>Human: You are booking a hotel room in New York City for a
12320,B,B<|endoftext|>Human: You are booking a hotel room in New York City for a
12321,B,B<|endoftext|>Human: You are booking a hotel room in New York City for a
12322,B,B<|endoftext|>Human: You are booking a hotel room in New York City for a
12323,C,A<|endoftext|>Human: You are booking a hotel room in New York City for a
12324,C,A<|endoftext|>Human: You are booking a hotel room in New York City for a
12325,A,C<|endoftext|>Human: You are booking a hotel room in New York City for a
12326,C,A<|endoftext|>Human: You are booking a hotel room in New York City for a
12327,A,C<|endoftext|>Human: You are booking a hotel room in New York City for a
12328,C,A<|endoftext|>Human: You are booking a hotel room in New York City for a
12329,A,C<|endoftext|>Human: You are booking a hotel room in New York City for a
12330,A,C<|endoftext|>Human: You are booking a hotel room in New York City for a
12331,A,C<|endoftext|>Human: You are booking a hotel room in New York City for a
12332,A,C<|endoftext|>Human: You are booking a hotel room in New York City for a
12333,A,C<|endoftext|>Human: You are booking a hotel room in New York City for a
12334,B,B<|endoftext|>Human: You are booking a hotel room in New York City for a
12335,B,B<|endoftext|>Human: You are booking a hotel room in New York City for a
12336,C,A<|endoftext|>Human: You are booking a hotel room in New York City for a
12337,B,B<|endoftext|>Human: You are booking a hotel room in New York City for a
12338,A,C<|endoftext|>Human: You are booking a hotel room in New York City for a
12339,C,A<|endoftext|>Human: You are booking a hotel room in New York City for a
12340,C,A<|endoftext|>Human: You are booking a hotel room in New York City for a
12341,A,C<|endoftext|>Human: You are booking a hotel room in New York City for a
12342,A,C<|endoftext|>Human: You are booking a hotel room in New York City for a
12343,A,C<|endoftext|>Human: You are booking a hotel room in New York City for a
12344,A,C<|endoftext|>Human: You are booking a hotel room in New York City for a
12345,A,C<|endoftext|>Human: You are booking a hotel room in New York City for a
12346,A,C<|endoftext|>Human: You are booking a hotel room in New York City for a
12347,B,B<|endoftext|>Human: You are booking a hotel room in New York City for a
12348,A,C<|endoftext|>Human: You are booking a hotel room in New York City for a
12349,A,C<|endoftext|>Human: You are booking a hotel room in New York City for a
12350,B,B<|endoftext|>Human: You are booking a hotel room in New York City for a
12351,B,B<|endoftext|>Human: You are booking a hotel room in New York City for a
12352,B,B<|endoftext|>Human: You are booking a hotel room in New York City for a
12353,B,B<|endoftext|>Human: You are booking a hotel room in New York City for a
12354,B,B<|endoftext|>Human: You are booking a hotel room in New York City for a
12355,A,C<|endoftext|>Human: You are booking a hotel room in New York City for a
12356,B,B<|endoftext|>Human: You are booking a hotel room in New York City for a
12357,C,A<|endoftext|>Human: You are booking a hotel room in New York City for a
12358,A,C<|endoftext|>Human: You are booking a hotel room in New York City for a
12359,C,A<|endoftext|>Human: You are booking a hotel room in New York City for a
12360,A,C<|endoftext|>Human: You are booking a hotel room in New York City for a
12361,C,A<|endoftext|>Human: You are booking a hotel room in New York City for a
12362,B,B<|endoftext|>Human: You are booking a hotel room in New York City for a
12363,A,C<|endoftext|>Human: You are booking a hotel room in New York City for a
12364,A,C<|endoftext|>Human: You are booking a hotel room in New York City for a
12365,B,B<|endoftext|>Human: You are booking a hotel room in New York City for a
12366,A,C<|endoftext|>Human: You are booking a hotel room in New York City for a
12367,A,C<|endoftext|>Human: You are booking a hotel room in New York City for a
12368,A,C<|endoftext|>Human: You are booking a hotel room in New York City for a
12369,B,B<|endoftext|>Human: You are booking a hotel room in New York City for a
12370,A,C<|endoftext|>Human: You are booking a hotel room in New York City for a
12371,C,A<|endoftext|>Human: You are booking a hotel room in New York City for a
12372,A,C<|endoftext|>Human: You are booking a hotel room in New York City for a
12373,A,C<|endoftext|>Human: You are booking a hotel room in New York City for a
12374,A,C<|endoftext|>Human: You are booking a hotel room in New York City for a
12375,A,C<|endoftext|>Human: You are booking a hotel room in New York City for a
12376,A,C<|endoftext|>Human: You are booking a hotel room in New York City for a
12377,A,C<|endoftext|>Human: You are booking a hotel room in New York City for a
12378,B,B<|endoftext|>Human: You are booking a hotel room in New York City for a
12379,A,C<|endoftext|>Human: You are booking a hotel room in New York City for a
12380,B,B<|endoftext|>Human: You are booking a hotel room in New York City for a
12381,A,C<|endoftext|>Human: You are booking a hotel room in New York City for a
12382,A,C<|endoftext|>Human: You are booking a hotel room in New York City for a
12383,A,C<|endoftext|>Human: You are booking a hotel room in New York City for a
12384,A,C<|endoftext|>Human: You are booking a hotel room in New York City for a
12385,A,C<|endoftext|>Human: You are booking a hotel room in New York City for a
12386,B,B<|endoftext|>Human: You are booking a hotel room in New York City for a
12387,A,C<|endoftext|>Human: You are booking a hotel room in New York City for a
12388,A,C<|endoftext|>Human: You are booking a hotel room in New York City for a
12389,A,C<|endoftext|>Human: You are booking a hotel room in New York City for a
12390,A,C<|endoftext|>Human: You are booking a hotel room in New York City for a
12391,B,B<|endoftext|>Human: You are booking a hotel room in New York City for a
12392,C,A<|endoftext|>Human: You are booking a hotel room in New York City for a
12393,A,C<|endoftext|>Human: You are booking a hotel room in New York City for a
12394,B,B<|endoftext|>Human: You are booking a hotel room in New York City for a
12395,A,C<|endoftext|>Human: You are booking a hotel room in New York City for a
12396,A,C<|endoftext|>Human: You are booking a hotel room in New York City for a
12397,B,B<|endoftext|>Human: You are booking a hotel room in New York City for a
12398,A,C<|endoftext|>Human: You are booking a hotel room in New York City for a
12399,C,A<|endoftext|>Human: You are booking a hotel room in New York City for a
12400,C,A<|endoftext|>Human: You are booking a hotel room in New York City for a
12401,A,C<|endoftext|>Human: You are booking a hotel room in New York City for a
12402,C,A<|endoftext|>Human: You are booking a hotel room in New York City for a
12403,A,C<|endoftext|>Human: You are booking a hotel room in New York City for a
12404,A,C<|endoftext|>Human: You are booking a hotel room in New York City for a
12405,A,C<|endoftext|>Human: You are booking a hotel room in New York City for a
12406,C,A<|endoftext|>Human: You are booking a hotel room in New York City for a
12407,C,A<|endoftext|>Human: You are booking a hotel room in New York City for a
12408,A,C<|endoftext|>Human: You are booking a hotel room in New York City for a
12409,C,A<|endoftext|>Human: You are booking a hotel room in New York City for a
12410,C,A<|endoftext|>Human: You are booking a hotel room in New York City for a
12411,A,C<|endoftext|>Human: You are booking a hotel room in New York City for a
12412,A,C<|endoftext|>Human: You are booking a hotel room in New York City for a
12413,A,C<|endoftext|>Human: You are booking a hotel room in New York City for a
12414,B,B<|endoftext|>Human: You are booking a hotel room in New York City for a
12415,C,A<|endoftext|>Human: You are booking a hotel room in New York City for a
12416,A,C<|endoftext|>Human: You are booking a hotel room in New York City for a
12417,A,C<|endoftext|>Human: You are booking a hotel room in New York City for a
12418,A,C<|endoftext|>Human: You are booking a hotel room in New York City for a
12419,B,B<|endoftext|>Human: You are booking a hotel room in New York City for a
12420,B,B<|endoftext|>Human: You are booking a hotel room in New York City for a
12421,B,B<|endoftext|>Human: You are booking a hotel room in New York City for a
12422,B,B<|endoftext|>Human: You are booking a hotel room in New York City for a
12423,C,A<|endoftext|>Human: You are booking a hotel room in New York City for a
12424,C,A<|endoftext|>Human: You are booking a hotel room in New York City for a
12425,A,C<|endoftext|>Human: You are booking a hotel room in New York City for a
12426,A,C<|endoftext|>Human: You are booking a hotel room in New York City for a
12427,A,C<|endoftext|>Human: You are booking a hotel room in New York City for a
12428,A,C<|endoftext|>Human: You are booking a hotel room in New York City for a
12429,A,C<|endoftext|>Human: You are booking a hotel room in New York City for a
12430,B,B<|endoftext|>Human: You are booking a hotel room in New York City for a
12431,C,A<|endoftext|>Human: You are booking a hotel room in New York City for a
12432,C,A<|endoftext|>Human: You are booking a hotel room in New York City for a
12433,C,A<|endoftext|>Human: You are booking a hotel room in New York City for a
12434,C,A<|endoftext|>Human: You are booking a hotel room in New York City for a
12435,B,B<|endoftext|>Human: You are booking a hotel room in New York City for a
12436,A,C<|endoftext|>Human: You are booking a hotel room in New York City for a
12437,A,C<|endoftext|>Human: You are booking a hotel room in New York City for a
12438,C,A<|endoftext|>Human: You are booking a hotel room in New York City for a
12439,C,A<|endoftext|>Human: You are booking a hotel room in New York City for a
12440,C,A<|endoftext|>Human: You are booking a hotel room in New York City for a
12441,C,A<|endoftext|>Human: You are booking a hotel room in New York City for a
12442,C,A<|endoftext|>Human: You are booking a hotel room in New York City for a
12443,A,C<|endoftext|>Human: You are booking a hotel room in New York City for a
12444,B,B<|endoftext|>Human: You are booking a hotel room in New York City for a
12445,B,B<|endoftext|>Human: You are booking a hotel room in New York City for a
12446,B,B<|endoftext|>Human: You are booking a hotel room in New York City for a
12447,A,C<|endoftext|>Human: You are booking a hotel room in New York City for a
12448,B,B<|endoftext|>Human: You are booking a hotel room in New York City for a
12449,B,B<|endoftext|>Human: You are booking a hotel room in New York City for a
12450,B,B<|endoftext|>Human: You are booking a hotel room in New York City for a
12451,B,B<|endoftext|>Human: You are booking a hotel room in New York City for a
12452,A,C<|endoftext|>Human: You are booking a hotel room in New York City for a
12453,A,C<|endoftext|>Human: You are booking a hotel room in New York City for a
12454,B,B<|endoftext|>Human: You are booking a hotel room in New York City for a
12455,B,B<|endoftext|>Human: You are booking a hotel room in New York City for a
12456,B,B<|endoftext|>Human: You are booking a hotel room in New York City for a
12457,B,B<|endoftext|>Human: You are booking a hotel room in New York City for a
12458,B,B<|endoftext|>Human: You are booking a hotel room in New York City for a
12459,B,B<|endoftext|>Human: You are booking a hotel room in New York City for a
12460,B,B<|endoftext|>Human: You are booking a hotel room in New York City for a
12461,B,B<|endoftext|>Human: You are booking a hotel room in New York City for a
12462,B,B<|endoftext|>Human: You are booking a hotel room in New York City for a
12463,B,B<|endoftext|>Human: You are booking a hotel room in New York City for a
12464,C,A<|endoftext|>Human: You are booking a hotel room in New York City for a
12465,C,A<|endoftext|>Human: You are booking a hotel room in New York City for a
12466,A,C<|endoftext|>Human: You are booking a hotel room in New York City for a
12467,B,B<|endoftext|>Human: You are booking a hotel room in New York City for a
12468,A,C<|endoftext|>Human: You are booking a hotel room in New York City for a
12469,B,B<|endoftext|>Human: You are booking a hotel room in New York City for a
12470,B,B<|endoftext|>Human: You are booking a hotel room in New York City for a
12471,A,C<|endoftext|>Human: You are booking a hotel room in New York City for a
12472,A,C<|endoftext|>Human: You are booking a hotel room in New York City for a
12473,C,A<|endoftext|>Human: You are booking a hotel room in New York City for a
12474,C,A<|endoftext|>Human: You are booking a hotel room in New York City for a
12475,C,A<|endoftext|>Human: You are booking a hotel room in New York City for a
12476,C,A<|endoftext|>Human: You are booking a hotel room in New York City for a
12477,C,A<|endoftext|>Human: You are booking a hotel room in New York City for a
12478,C,A<|endoftext|>Human: You are booking a hotel room in New York City for a
12479,A,C<|endoftext|>Human: You are booking a hotel room in New York City for a
12480,A,C<|endoftext|>Human: You are booking a hotel room in New York City for a
12481,B,B<|endoftext|>Human: You are booking a hotel room in New York City for a
12482,A,C<|endoftext|>Human: You are booking a hotel room in New York City for a
12483,A,C<|endoftext|>Human: You are booking a hotel room in New York City for a
12484,A,C<|endoftext|>Human: You are booking a hotel room in New York City for a
12485,A,C<|endoftext|>Human: You are booking a hotel room in New York City for a
12486,C,A<|endoftext|>Human: You are booking a hotel room in New York City for a
12487,B,B<|endoftext|>Human: You are booking a hotel room in New York City for a
12488,B,B<|endoftext|>Human: You are booking a hotel room in New York City for a
12489,A,C<|endoftext|>Human: You are booking a hotel room in New York City for a
12490,A,C<|endoftext|>Human: You are booking a hotel room in New York City for a
12491,A,C<|endoftext|>Human: You are booking a hotel room in New York City for a
12492,A,C<|endoftext|>Human: You are booking a hotel room in New York City for a
12493,A,C<|endoftext|>Human: You are booking a hotel room in New York City for a
12494,A,C<|endoftext|>Human: You are booking a hotel room in New York City for a
12495,A,C<|endoftext|>Human: You are booking a hotel room in New York City for a
12496,A,C<|endoftext|>Human: You are booking a hotel room in New York City for a
12497,A,C<|endoftext|>Human: You are booking a hotel room in New York City for a
12498,A,C<|endoftext|>Human: You are booking a hotel room in New York City for a
12499,A,C<|endoftext|>Human: You are booking a hotel room in New York City for a
12500,A,C<|endoftext|>Human: You are booking a hotel room in New York City for a
12501,A,C<|endoftext|>Human: You are booking a hotel room in New York City for a
12502,A,C<|endoftext|>Human: You are booking a hotel room in New York City for a
12503,A,C<|endoftext|>Human: You are booking a hotel room in New York City for a
12504,C,A<|endoftext|>Human: You are booking a hotel room in New York City for a
12505,A,C<|endoftext|>Human: You are booking a hotel room in New York City for a
12506,A,C<|endoftext|>Human: You are booking a hotel room in New York City for a
12507,A,C<|endoftext|>Human: You are booking a hotel room in New York City for a
12508,B,B<|endoftext|>Human: You are booking a hotel room in New York City for a
12509,A,C<|endoftext|>Human: You are booking a hotel room in New York City for a
12510,A,C<|endoftext|>Human: You are booking a hotel room in New York City for a
12511,B,B<|endoftext|>Human: You are booking a hotel room in New York City for a
12512,A,C<|endoftext|>Human: You are booking a hotel room in New York City for a
12513,A,C<|endoftext|>Human: You are booking a hotel room in New York City for a
12514,A,C<|endoftext|>Human: You are booking a hotel room in New York City for a
12515,A,C<|endoftext|>Human: You are booking a hotel room in New York City for a
12516,A,C<|endoftext|>Human: You are booking a hotel room in New York City for a
12517,B,B<|endoftext|>Human: You are booking a hotel room in New York City for a
12518,B,B<|endoftext|>Human: You are booking a hotel room in New York City for a
12519,A,C<|endoftext|>Human: You are booking a hotel room in New York City for a
12520,B,B<|endoftext|>Human: You are booking a hotel room in New York City for a
12521,B,B<|endoftext|>Human: You are booking a hotel room in New York City for a
12522,C,A<|endoftext|>Human: You are booking a hotel room in New York City for a
12523,A,C<|endoftext|>Human: You are booking a hotel room in New York City for a
12524,B,B<|endoftext|>Human: You are booking a hotel room in New York City for a
12525,C,A<|endoftext|>Human: You are booking a hotel room in New York City for a
12526,C,A<|endoftext|>Human: You are booking a hotel room in New York City for a
12527,B,B<|endoftext|>Human: You are booking a hotel room in New York City for a
12528,A,C<|endoftext|>Human: You are booking a hotel room in New York City for a
12529,B,B<|endoftext|>Human: You are booking a hotel room in New York City for a
12530,B,B<|endoftext|>Human: You are booking a hotel room in New York City for a
12531,A,C<|endoftext|>Human: You are booking a hotel room in New York City for a
12532,A,C<|endoftext|>Human: You are booking a hotel room in New York City for a
12533,B,B<|endoftext|>Human: You are booking a hotel room in New York City for a
12534,A,C<|endoftext|>Human: You are booking a hotel room in New York City for a
12535,B,B<|endoftext|>Human: You are booking a hotel room in New York City for a
12536,C,A<|endoftext|>Human: You are booking a hotel room in New York City for a
12537,C,A<|endoftext|>Human: You are booking a hotel room in New York City for a
12538,C,A<|endoftext|>Human: You are booking a hotel room in New York City for a
12539,A,C<|endoftext|>Human: You are booking a hotel room in New York City for a
12540,A,C<|endoftext|>Human: You are booking a hotel room in New York City for a
12541,A,C<|endoftext|>Human: You are booking a hotel room in New York City for a
12542,A,C<|endoftext|>Human: You are booking a hotel room in New York City for a
12543,A,C<|endoftext|>Human: You are booking a hotel room in New York City for a
12544,A,C<|endoftext|>Human: You are booking a hotel room in New York City for a
12545,A,C<|endoftext|>Human: You are booking a hotel room in New York City for a
12546,A,C<|endoftext|>Human: You are booking a hotel room in New York City for a
12547,A,C<|endoftext|>Human: You are booking a hotel room in New York City for a
12548,A,C<|endoftext|>Human: You are booking a hotel room in New York City for a
12549,C,A<|endoftext|>Human: You are booking a hotel room in New York City for a
12550,A,C<|endoftext|>Human: You are booking a hotel room in New York City for a
12551,B,B<|endoftext|>Human: You are booking a hotel room in New York City for a
12552,A,C<|endoftext|>Human: You are booking a hotel room in New York City for a
12553,B,B<|endoftext|>Human: You are booking a hotel room in New York City for a
12554,A,C<|endoftext|>Human: You are booking a hotel room in New York City for a
12555,B,B<|endoftext|>Human: You are booking a hotel room in New York City for a
12556,A,C<|endoftext|>Human: You are booking a hotel room in New York City for a
12557,A,C<|endoftext|>Human: You are booking a hotel room in New York City for a
12558,A,C<|endoftext|>Human: You are booking a hotel room in New York City for a
12559,A,C<|endoftext|>Human: You are booking a hotel room in New York City for a
12560,A,C<|endoftext|>Human: You are booking a hotel room in New York City for a
12561,A,C<|endoftext|>Human: You are booking a hotel room in New York City for a
12562,A,C<|endoftext|>Human: You are booking a hotel room in New York City for a
12563,B,B<|endoftext|>Human: You are booking a hotel room in New York City for a
12564,C,A<|endoftext|>Human: You are booking a hotel room in New York City for a
12565,A,C<|endoftext|>Human: You are booking a hotel room in New York City for a
12566,A,C<|endoftext|>Human: You are booking a hotel room in New York City for a
12567,B,B<|endoftext|>Human: You are booking a hotel room in New York City for a
12568,B,B<|endoftext|>Human: You are booking a hotel room in New York City for a
12569,C,A<|endoftext|>Human: You are booking a hotel room in New York City for a
12570,C,A<|endoftext|>Human: You are booking a hotel room in New York City for a
12571,C,A<|endoftext|>Human: You are booking a hotel room in New York City for a
12572,A,C<|endoftext|>Human: You are booking a hotel room in New York City for a
12573,A,C<|endoftext|>Human: You are booking a hotel room in New York City for a
12574,C,A<|endoftext|>Human: You are booking a hotel room in New York City for a
12575,A,C<|endoftext|>Human: You are booking a hotel room in New York City for a
12576,A,C<|endoftext|>Human: You are booking a hotel room in New York City for a
12577,A,C<|endoftext|>Human: You are booking a hotel room in New York City for a
12578,A,C<|endoftext|>Human: You are booking a hotel room in New York City for a
12579,A,C<|endoftext|>Human: You are booking a hotel room in New York City for a
12580,A,C<|endoftext|>Human: You are booking a hotel room in New York City for a
12581,A,C<|endoftext|>Human: You are booking a hotel room in New York City for a
12582,A,C<|endoftext|>Human: You are booking a hotel room in New York City for a
12583,A,C<|endoftext|>Human: You are booking a hotel room in New York City for a
12584,A,C<|endoftext|>Human: You are booking a hotel room in New York City for a
12585,A,C<|endoftext|>Human: You are booking a hotel room in New York City for a
12586,A,C<|endoftext|>Human: You are booking a hotel room in New York City for a
12587,A,C<|endoftext|>Human: You are booking a hotel room in New York City for a
12588,A,C<|endoftext|>Human: You are booking a hotel room in New York City for a
12589,A,C<|endoftext|>Human: You are booking a hotel room in New York City for a
12590,B,B<|endoftext|>Human: You are booking a hotel room in New York City for a
12591,A,C<|endoftext|>Human: You are booking a hotel room in New York City for a
12592,A,C<|endoftext|>Human: You are booking a hotel room in New York City for a
12593,B,B<|endoftext|>Human: You are booking a hotel room in New York City for a
12594,A,C<|endoftext|>Human: You are booking a hotel room in New York City for a
12595,A,C<|endoftext|>Human: You are booking a hotel room in New York City for a
12596,A,C<|endoftext|>Human: You are booking a hotel room in New York City for a
12597,A,C<|endoftext|>Human: You are booking a hotel room in New York City for a
12598,A,C<|endoftext|>Human: You are booking a hotel room in New York City for a
12599,A,C<|endoftext|>Human: You are booking a hotel room in New York City for a
12600,A,C<|endoftext|>Human: You are booking a hotel room in New York City for a
12601,A,C<|endoftext|>Human: You are booking a hotel room in New York City for a
12602,A,C<|endoftext|>Human: You are booking a hotel room in New York City for a
12603,A,C<|endoftext|>Human: You are booking a hotel room in New York City for a
12604,A,C<|endoftext|>Human: You are booking a hotel room in New York City for a
12605,A,C<|endoftext|>Human: You are booking a hotel room in New York City for a
12606,A,C<|endoftext|>Human: You are booking a hotel room in New York City for a
12607,A,C<|endoftext|>Human: You are booking a hotel room in New York City for a
12608,A,C<|endoftext|>Human: You are booking a hotel room in New York City for a
12609,B,B<|endoftext|>Human: You are booking a hotel room in New York City for a
12610,A,C<|endoftext|>Human: You are booking a hotel room in New York City for a
12611,B,B<|endoftext|>Human: You are booking a hotel room in New York City for a
12612,B,B<|endoftext|>Human: You are booking a hotel room in New York City for a
12613,B,B<|endoftext|>Human: You are booking a hotel room in New York City for a
12614,B,B<|endoftext|>Human: You are booking a hotel room in New York City for a
12615,B,B<|endoftext|>Human: You are booking a hotel room in New York City for a
12616,C,A<|endoftext|>Human: You are booking a hotel room in New York City for a
12617,A,C<|endoftext|>Human: You are booking a hotel room in New York City for a
12618,C,A<|endoftext|>Human: You are booking a hotel room in New York City for a
12619,A,C<|endoftext|>Human: You are booking a hotel room in New York City for a
12620,A,C<|endoftext|>Human: You are booking a hotel room in New York City for a
12621,A,C<|endoftext|>Human: You are booking a hotel room in New York City for a
12622,B,B<|endoftext|>Human: You are booking a hotel room in New York City for a
12623,B,B<|endoftext|>Human: You are booking a hotel room in New York City for a
12624,B,B<|endoftext|>Human: You are booking a hotel room in New York City for a
12625,A,C<|endoftext|>Human: You are booking a hotel room in New York City for a
12626,A,C<|endoftext|>Human: You are booking a hotel room in New York City for a
12627,A,C<|endoftext|>Human: You are booking a hotel room in New York City for a
12628,A,C<|endoftext|>Human: You are booking a hotel room in New York City for a
12629,A,C<|endoftext|>Human: You are booking a hotel room in New York City for a
12630,B,B<|endoftext|>Human: You are booking a hotel room in New York City for a
12631,A,C<|endoftext|>Human: You are booking a hotel room in New York City for a
12632,A,C<|endoftext|>Human: You are booking a hotel room in New York City for a
12633,C,A<|endoftext|>Human: You are booking a hotel room in New York City for a
12634,B,B<|endoftext|>Human: You are booking a hotel room in New York City for a
12635,A,C<|endoftext|>Human: You are booking a hotel room in New York City for a
12636,B,B<|endoftext|>Human: You are booking a hotel room in New York City for a
12637,B,B<|endoftext|>Human: You are booking a hotel room in New York City for a
12638,A,C<|endoftext|>Human: You are booking a hotel room in New York City for a
12639,A,C<|endoftext|>Human: You are booking a hotel room in New York City for a
12640,A,C<|endoftext|>Human: You are booking a hotel room in New York City for a
12641,C,A<|endoftext|>Human: You are booking a hotel room in New York City for a
12642,B,B<|endoftext|>Human: You are booking a hotel room in New York City for a
12643,A,C<|endoftext|>Human: You are booking a hotel room in New York City for a
12644,A,C<|endoftext|>Human: You are booking a hotel room in New York City for a
12645,C,A<|endoftext|>Human: You are booking a hotel room in New York City for a
12646,A,C<|endoftext|>Human: You are booking a hotel room in New York City for a
12647,B,B<|endoftext|>Human: You are booking a hotel room in New York City for a
12648,A,C<|endoftext|>Human: You are booking a hotel room in New York City for a
12649,A,C<|endoftext|>Human: You are booking a hotel room in New York City for a
12650,A,C<|endoftext|>Human: You are booking a hotel room in New York City for a
12651,B,B<|endoftext|>Human: You are booking a hotel room in New York City for a
12652,A,C<|endoftext|>Human: You are booking a hotel room in New York City for a
12653,A,C<|endoftext|>Human: You are booking a hotel room in New York City for a
12654,A,C<|endoftext|>Human: You are booking a hotel room in New York City for a
12655,B,B<|endoftext|>Human: You are booking a hotel room in New York City for a
12656,A,C<|endoftext|>Human: You are booking a hotel room in New York City for a
12657,B,B<|endoftext|>Human: You are booking a hotel room in New York City for a
12658,B,B<|endoftext|>Human: You are booking a hotel room in New York City for a
12659,A,C<|endoftext|>Human: You are booking a hotel room in New York City for a
12660,B,B<|endoftext|>Human: You are booking a hotel room in New York City for a
12661,A,C<|endoftext|>Human: You are booking a hotel room in New York City for a
12662,A,C<|endoftext|>Human: You are booking a hotel room in New York City for a
12663,A,C<|endoftext|>Human: You are booking a hotel room in New York City for a
12664,A,C<|endoftext|>Human: You are booking a hotel room in New York City for a
12665,B,B<|endoftext|>Human: You are booking a hotel room in New York City for a
12666,A,C<|endoftext|>Human: You are booking a hotel room in New York City for a
12667,A,C<|endoftext|>Human: You are booking a hotel room in New York City for a
12668,A,C<|endoftext|>Human: You are booking a hotel room in New York City for a
12669,B,B<|endoftext|>Human: You are booking a hotel room in New York City for a
12670,B,B<|endoftext|>Human: You are booking a hotel room in New York City for a
12671,B,B<|endoftext|>Human: You are booking a hotel room in New York City for a
12672,A,C<|endoftext|>Human: You are booking a hotel room in New York City for a
12673,A,C<|endoftext|>Human: You are booking a hotel room in New York City for a
12674,B,B<|endoftext|>Human: You are booking a hotel room in New York City for a
12675,A,C<|endoftext|>Human: You are booking a hotel room in New York City for a
12676,B,B<|endoftext|>Human: You are booking a hotel room in New York City for a
12677,A,C<|endoftext|>Human: You are booking a hotel room in New York City for a
12678,A,C<|endoftext|>Human: You are booking a hotel room in New York City for a
12679,A,C<|endoftext|>Human: You are booking a hotel room in New York City for a
12680,A,C<|endoftext|>Human: You are booking a hotel room in New York City for a
12681,B,B<|endoftext|>Human: You are booking a hotel room in New York City for a
12682,A,C<|endoftext|>Human: You are booking a hotel room in New York City for a
12683,A,C<|endoftext|>Human: You are booking a hotel room in New York City for a
12684,A,C<|endoftext|>Human: You are booking a hotel room in New York City for a
12685,A,C<|endoftext|>Human: You are booking a hotel room in New York City for a
12686,A,C<|endoftext|>Human: You are booking a hotel room in New York City for a
12687,A,C<|endoftext|>Human: You are booking a hotel room in New York City for a
12688,A,C<|endoftext|>Human: You are booking a hotel room in New York City for a
12689,B,B<|endoftext|>Human: You are booking a hotel room in New York City for a
12690,B,B<|endoftext|>Human: You are booking a hotel room in New York City for a
12691,B,B<|endoftext|>Human: You are booking a hotel room in New York City for a
12692,B,B<|endoftext|>Human: You are booking a hotel room in New York City for a
12693,A,C<|endoftext|>Human: You are booking a hotel room in New York City for a
12694,B,B<|endoftext|>Human: You are booking a hotel room in New York City for a
12695,C,A<|endoftext|>Human: You are booking a hotel room in New York City for a
12696,B,B<|endoftext|>Human: You are booking a hotel room in New York City for a
12697,A,C<|endoftext|>Human: You are booking a hotel room in New York City for a
12698,B,B<|endoftext|>Human: You are booking a hotel room in New York City for a
12699,A,C<|endoftext|>Human: You are booking a hotel room in New York City for a
12700,C,A<|endoftext|>Human: You are booking a hotel room in New York City for a
12701,B,B<|endoftext|>Human: You are booking a hotel room in New York City for a
12702,A,C<|endoftext|>Human: You are booking a hotel room in New York City for a
12703,A,C<|endoftext|>Human: You are booking a hotel room in New York City for a
12704,A,C<|endoftext|>Human: You are booking a hotel room in New York City for a
12705,B,B<|endoftext|>Human: You are booking a hotel room in New York City for a
12706,A,C<|endoftext|>Human: You are booking a hotel room in New York City for a
12707,A,C<|endoftext|>Human: You are booking a hotel room in New York City for a
12708,A,C<|endoftext|>Human: You are booking a hotel room in New York City for a
12709,A,C<|endoftext|>Human: You are booking a hotel room in New York City for a
12710,A,C<|endoftext|>Human: You are booking a hotel room in New York City for a
12711,A,C<|endoftext|>Human: You are booking a hotel room in New York City for a
12712,A,C<|endoftext|>Human: You are booking a hotel room in New York City for a
12713,A,C<|endoftext|>Human: You are booking a hotel room in New York City for a
12714,B,B<|endoftext|>Human: You are booking a hotel room in New York City for a
12715,A,C<|endoftext|>Human: You are booking a hotel room in New York City for a
12716,A,C<|endoftext|>Human: You are booking a hotel room in New York City for a
12717,B,B<|endoftext|>Human: You are booking a hotel room in New York City for a
12718,B,B<|endoftext|>Human: You are booking a hotel room in New York City for a
12719,A,C<|endoftext|>Human: You are booking a hotel room in New York City for a
12720,A,C<|endoftext|>Human: You are booking a hotel room in New York City for a
12721,A,C<|endoftext|>Human: You are booking a hotel room in New York City for a
12722,A,C<|endoftext|>Human: You are booking a hotel room in New York City for a
12723,A,C<|endoftext|>Human: You are booking a hotel room in New York City for a
12724,A,C<|endoftext|>Human: You are booking a hotel room in New York City for a
12725,B,B<|endoftext|>Human: You are booking a hotel room in New York City for a
12726,B,B<|endoftext|>Human: You are booking a hotel room in New York City for a
12727,B,B<|endoftext|>Human: You are booking a hotel room in New York City for a
12728,A,C<|endoftext|>Human: You are booking a hotel room in New York City for a
12729,B,B<|endoftext|>Human: You are booking a hotel room in New York City for a
12730,B,B<|endoftext|>Human: You are booking a hotel room in New York City for a
12731,A,C<|endoftext|>Human: You are booking a hotel room in New York City for a
12732,A,C<|endoftext|>Human: You are booking a hotel room in New York City for a
12733,A,C<|endoftext|>Human: You are booking a hotel room in New York City for a
12734,A,C<|endoftext|>Human: You are booking a hotel room in New York City for a
12735,A,C<|endoftext|>Human: You are booking a hotel room in New York City for a
12736,A,C<|endoftext|>Human: You are booking a hotel room in New York City for a
12737,A,C<|endoftext|>Human: You are booking a hotel room in New York City for a
12738,A,C<|endoftext|>Human: You are booking a hotel room in New York City for a
12739,B,B<|endoftext|>Human: You are booking a hotel room in New York City for a
12740,A,C<|endoftext|>Human: You are booking a hotel room in New York City for a
12741,C,A<|endoftext|>Human: You are booking a hotel room in New York City for a
12742,A,C<|endoftext|>Human: You are booking a hotel room in New York City for a
12743,A,C<|endoftext|>Human: You are booking a hotel room in New York City for a
12744,A,C<|endoftext|>Human: You are booking a hotel room in New York City for a
12745,B,B<|endoftext|>Human: You are booking a hotel room in New York City for a
12746,A,C<|endoftext|>Human: You are booking a hotel room in New York City for a
12747,B,B<|endoftext|>Human: You are booking a hotel room in New York City for a
12748,B,B<|endoftext|>Human: You are booking a hotel room in New York City for a
12749,C,A<|endoftext|>Human: You are booking a hotel room in New York City for a
12750,A,C<|endoftext|>Human: You are booking a hotel room in New York City for a
12751,C,A<|endoftext|>Human: You are booking a hotel room in New York City for a
12752,C,A<|endoftext|>Human: You are booking a hotel room in New York City for a
12753,C,A<|endoftext|>Human: You are booking a hotel room in New York City for a
12754,C,A<|endoftext|>Human: You are booking a hotel room in New York City for a
12755,A,C<|endoftext|>Human: You are booking a hotel room in New York City for a
12756,A,C<|endoftext|>Human: You are booking a hotel room in New York City for a
12757,A,C<|endoftext|>Human: You are booking a hotel room in New York City for a
12758,A,C<|endoftext|>Human: You are booking a hotel room in New York City for a
12759,A,C<|endoftext|>Human: You are booking a hotel room in New York City for a
12760,A,C<|endoftext|>Human: You are booking a hotel room in New York City for a
12761,A,C<|endoftext|>Human: You are booking a hotel room in New York City for a
12762,A,C<|endoftext|>Human: You are booking a hotel room in New York City for a
12763,C,A<|endoftext|>Human: You are booking a hotel room in New York City for a
12764,A,C<|endoftext|>Human: You are booking a hotel room in New York City for a
12765,A,C<|endoftext|>Human: You are booking a hotel room in New York City for a
12766,C,A<|endoftext|>Human: You are booking a hotel room in New York City for a
12767,A,C<|endoftext|>Human: You are booking a hotel room in New York City for a
12768,A,C<|endoftext|>Human: You are booking a hotel room in New York City for a
12769,B,B<|endoftext|>Human: You are booking a hotel room in New York City for a
12770,B,B<|endoftext|>Human: You are booking a hotel room in New York City for a
12771,B,B<|endoftext|>Human: You are booking a hotel room in New York City for a
12772,A,C<|endoftext|>Human: You are booking a hotel room in New York City for a
12773,A,C<|endoftext|>Human: You are booking a hotel room in New York City for a
12774,B,B<|endoftext|>Human: You are booking a hotel room in New York City for a
12775,A,C<|endoftext|>Human: You are booking a hotel room in New York City for a
12776,A,C<|endoftext|>Human: You are booking a hotel room in New York City for a
12777,A,C<|endoftext|>Human: You are booking a hotel room in New York City for a
12778,C,A<|endoftext|>Human: You are booking a hotel room in New York City for a
12779,C,A<|endoftext|>Human: You are booking a hotel room in New York City for a
12780,A,C<|endoftext|>Human: You are booking a hotel room in New York City for a
12781,C,A<|endoftext|>Human: You are booking a hotel room in New York City for a
12782,A,C<|endoftext|>Human: You are booking a hotel room in New York City for a
12783,C,A<|endoftext|>Human: You are booking a hotel room in New York City for a
12784,C,A<|endoftext|>Human: You are booking a hotel room in New York City for a
12785,A,C<|endoftext|>Human: You are booking a hotel room in New York City for a
12786,A,C<|endoftext|>Human: You are booking a hotel room in New York City for a
12787,C,A<|endoftext|>Human: You are booking a hotel room in New York City for a
12788,C,A<|endoftext|>Human: You are booking a hotel room in New York City for a
12789,A,C<|endoftext|>Human: You are booking a hotel room in New York City for a
12790,A,C<|endoftext|>Human: You are booking a hotel room in New York City for a
12791,B,B<|endoftext|>Human: You are booking a hotel room in New York City for a
12792,B,B<|endoftext|>Human: You are booking a hotel room in New York City for a
12793,B,B<|endoftext|>Human: You are booking a hotel room in New York City for a
12794,B,B<|endoftext|>Human: You are booking a hotel room in New York City for a
12795,B,B<|endoftext|>Human: You are booking a hotel room in New York City for a
12796,A,C<|endoftext|>Human: You are booking a hotel room in New York City for a
12797,A,C<|endoftext|>Human: You are booking a hotel room in New York City for a
12798,A,C<|endoftext|>Human: You are booking a hotel room in New York City for a
12799,A,C<|endoftext|>Human: You are booking a hotel room in New York City for a
12800,A,C<|endoftext|>Human: You are booking a hotel room in New York City for a
12801,A,C<|endoftext|>Human: You are booking a hotel room in New York City for a
12802,A,C<|endoftext|>Human: You are booking a hotel room in New York City for a
12803,B,B<|endoftext|>Human: You are booking a hotel room in New York City for a
12804,A,C<|endoftext|>Human: You are booking a hotel room in New York City for a
12805,C,A<|endoftext|>Human: You are booking a hotel room in New York City for a
12806,B,B<|endoftext|>Human: You are booking a hotel room in New York City for a
12807,B,B<|endoftext|>Human: You are booking a hotel room in New York City for a
12808,A,C<|endoftext|>Human: You are booking a hotel room in New York City for a
12809,A,C<|endoftext|>Human: You are booking a hotel room in New York City for a
12810,A,C<|endoftext|>Human: You are booking a hotel room in New York City for a
12811,A,C<|endoftext|>Human: You are booking a hotel room in New York City for a
12812,A,C<|endoftext|>Human: You are booking a hotel room in New York City for a
12813,A,C<|endoftext|>Human: You are booking a hotel room in New York City for a
12814,A,C<|endoftext|>Human: You are booking a hotel room in New York City for a
12815,A,C<|endoftext|>Human: You are booking a hotel room in New York City for a
12816,A,C<|endoftext|>Human: You are booking a hotel room in New York City for a
12817,C,A<|endoftext|>Human: You are booking a hotel room in New York City for a
12818,B,B<|endoftext|>Human: You are booking a hotel room in New York City for a
12819,C,A<|endoftext|>Human: You are booking a hotel room in New York City for a
12820,A,C<|endoftext|>Human: You are booking a hotel room in New York City for a
12821,A,C<|endoftext|>Human: You are booking a hotel room in New York City for a
12822,A,C<|endoftext|>Human: You are booking a hotel room in New York City for a
12823,A,C<|endoftext|>Human: You are booking a hotel room in New York City for a
12824,A,C<|endoftext|>Human: You are booking a hotel room in New York City for a
12825,A,C<|endoftext|>Human: You are booking a hotel room in New York City for a
12826,A,C<|endoftext|>Human: You are booking a hotel room in New York City for a
12827,A,C<|endoftext|>Human: You are booking a hotel room in New York City for a
12828,A,C<|endoftext|>Human: You are booking a hotel room in New York City for a
12829,A,C<|endoftext|>Human: You are booking a hotel room in New York City for a
12830,A,C<|endoftext|>Human: You are booking a hotel room in New York City for a
12831,A,C<|endoftext|>Human: You are booking a hotel room in New York City for a
12832,A,C<|endoftext|>Human: You are booking a hotel room in New York City for a
12833,A,C<|endoftext|>Human: You are booking a hotel room in New York City for a
12834,C,A<|endoftext|>Human: You are booking a hotel room in New York City for a
12835,A,C<|endoftext|>Human: You are booking a hotel room in New York City for a
12836,A,C<|endoftext|>Human: You are booking a hotel room in New York City for a
12837,C,A<|endoftext|>Human: You are booking a hotel room in New York City for a
12838,C,A<|endoftext|>Human: You are booking a hotel room in New York City for a
12839,A,C<|endoftext|>Human: You are booking a hotel room in New York City for a
12840,A,C<|endoftext|>Human: You are booking a hotel room in New York City for a
12841,A,C<|endoftext|>Human: You are booking a hotel room in New York City for a
12842,A,C<|endoftext|>Human: You are booking a hotel room in New York City for a
12843,A,C<|endoftext|>Human: You are booking a hotel room in New York City for a
12844,A,C<|endoftext|>Human: You are booking a hotel room in New York City for a
12845,A,C<|endoftext|>Human: You are booking a hotel room in New York City for a
12846,A,C<|endoftext|>Human: You are booking a hotel room in New York City for a
12847,A,C<|endoftext|>Human: You are booking a hotel room in New York City for a
12848,A,C<|endoftext|>Human: You are booking a hotel room in New York City for a
12849,A,C<|endoftext|>Human: You are booking a hotel room in New York City for a
12850,A,C<|endoftext|>Human: You are booking a hotel room in New York City for a
12851,B,B<|endoftext|>Human: You are booking a hotel room in New York City for a
12852,A,C<|endoftext|>Human: You are booking a hotel room in New York City for a
12853,C,A<|endoftext|>Human: You are booking a hotel room in New York City for a
12854,B,B<|endoftext|>Human: You are booking a hotel room in New York City for a
12855,B,B<|endoftext|>Human: You are booking a hotel room in New York City for a
12856,C,A<|endoftext|>Human: You are booking a hotel room in New York City for a
12857,A,C<|endoftext|>Human: You are booking a hotel room in New York City for a
12858,B,B<|endoftext|>Human: You are booking a hotel room in New York City for a
12859,C,A<|endoftext|>Human: You are booking a hotel room in New York City for a
12860,B,B<|endoftext|>Human: You are booking a hotel room in New York City for a
12861,C,A<|endoftext|>Human: You are booking a hotel room in New York City for a
12862,A,C<|endoftext|>Human: You are booking a hotel room in New York City for a
12863,A,C<|endoftext|>Human: You are booking a hotel room in New York City for a
12864,A,C<|endoftext|>Human: You are booking a hotel room in New York City for a
12865,A,C<|endoftext|>Human: You are booking a hotel room in New York City for a
12866,A,C<|endoftext|>Human: You are booking a hotel room in New York City for a
12867,B,B<|endoftext|>Human: You are booking a hotel room in New York City for a
12868,A,C<|endoftext|>Human: You are booking a hotel room in New York City for a
12869,B,B<|endoftext|>Human: You are booking a hotel room in New York City for a
12870,B,B<|endoftext|>Human: You are booking a hotel room in New York City for a
12871,A,C<|endoftext|>Human: You are booking a hotel room in New York City for a
12872,B,B<|endoftext|>Human: You are booking a hotel room in New York City for a
12873,B,B<|endoftext|>Human: You are booking a hotel room in New York City for a
12874,A,C<|endoftext|>Human: You are booking a hotel room in New York City for a
12875,A,C<|endoftext|>Human: You are booking a hotel room in New York City for a
12876,A,C<|endoftext|>Human: You are booking a hotel room in New York City for a
12877,A,C<|endoftext|>Human: You are booking a hotel room in New York City for a
12878,A,C<|endoftext|>Human: You are booking a hotel room in New York City for a
12879,A,C<|endoftext|>Human: You are booking a hotel room in New York City for a
12880,A,C<|endoftext|>Human: You are booking a hotel room in New York City for a
12881,B,B<|endoftext|>Human: You are booking a hotel room in New York City for a
12882,B,B<|endoftext|>Human: You are booking a hotel room in New York City for a
12883,B,B<|endoftext|>Human: You are booking a hotel room in New York City for a
12884,B,B<|endoftext|>Human: You are booking a hotel room in New York City for a
12885,B,B<|endoftext|>Human: You are booking a hotel room in New York City for a
12886,B,B<|endoftext|>Human: You are booking a hotel room in New York City for a
12887,A,C<|endoftext|>Human: You are booking a hotel room in New York City for a
12888,C,A<|endoftext|>Human: You are booking a hotel room in New York City for a
12889,A,C<|endoftext|>Human: You are booking a hotel room in New York City for a
12890,B,B<|endoftext|>Human: You are booking a hotel room in New York City for a
12891,A,C<|endoftext|>Human: You are booking a hotel room in New York City for a
12892,A,C<|endoftext|>Human: You are booking a hotel room in New York City for a
12893,B,B<|endoftext|>Human: You are booking a hotel room in New York City for a
12894,A,C<|endoftext|>Human: You are booking a hotel room in New York City for a
12895,C,A<|endoftext|>Human: You are booking a hotel room in New York City for a
12896,C,A<|endoftext|>Human: You are booking a hotel room in New York City for a
12897,B,B<|endoftext|>Human: You are booking a hotel room in New York City for a
12898,B,B<|endoftext|>Human: You are booking a hotel room in New York City for a
12899,A,C<|endoftext|>Human: You are booking a hotel room in New York City for a
12900,B,B<|endoftext|>Human: You are booking a hotel room in New York City for a
12901,A,C<|endoftext|>Human: You are booking a hotel room in New York City for a
12902,A,C<|endoftext|>Human: You are booking a hotel room in New York City for a
12903,A,C<|endoftext|>Human: You are booking a hotel room in New York City for a
12904,A,C<|endoftext|>Human: You are booking a hotel room in New York City for a
12905,B,B<|endoftext|>Human: You are booking a hotel room in New York City for a
12906,C,A<|endoftext|>Human: You are booking a hotel room in New York City for a
12907,B,B<|endoftext|>Human: You are booking a hotel room in New York City for a
12908,A,C<|endoftext|>Human: You are booking a hotel room in New York City for a
12909,B,B<|endoftext|>Human: You are booking a hotel room in New York City for a
12910,A,C<|endoftext|>Human: You are booking a hotel room in New York City for a
12911,A,C<|endoftext|>Human: You are booking a hotel room in New York City for a
12912,B,B<|endoftext|>Human: You are booking a hotel room in New York City for a
12913,B,B<|endoftext|>Human: You are booking a hotel room in New York City for a
12914,B,B<|endoftext|>Human: You are booking a hotel room in New York City for a
12915,B,B<|endoftext|>Human: You are booking a hotel room in New York City for a
12916,B,B<|endoftext|>Human: You are booking a hotel room in New York City for a
12917,B,B<|endoftext|>Human: You are booking a hotel room in New York City for a
12918,A,C<|endoftext|>Human: You are booking a hotel room in New York City for a
12919,C,A<|endoftext|>Human: You are booking a hotel room in New York City for a
12920,C,A<|endoftext|>Human: You are booking a hotel room in New York City for a
12921,C,A<|endoftext|>Human: You are booking a hotel room in New York City for a
12922,C,A<|endoftext|>Human: You are booking a hotel room in New York City for a
12923,B,B<|endoftext|>Human: You are booking a hotel room in New York City for a
12924,C,A<|endoftext|>Human: You are booking a hotel room in New York City for a
12925,B,B<|endoftext|>Human: You are booking a hotel room in New York City for a
12926,C,A<|endoftext|>Human: You are booking a hotel room in New York City for a
12927,A,C<|endoftext|>Human: You are booking a hotel room in New York City for a
12928,B,B<|endoftext|>Human: You are booking a hotel room in New York City for a
12929,A,C<|endoftext|>Human: You are booking a hotel room in New York City for a
12930,A,C<|endoftext|>Human: You are booking a hotel room in New York City for a
12931,A,C<|endoftext|>Human: You are booking a hotel room in New York City for a
12932,A,C<|endoftext|>Human: You are booking a hotel room in New York City for a
12933,A,C<|endoftext|>Human: You are booking a hotel room in New York City for a
12934,A,C<|endoftext|>Human: You are booking a hotel room in New York City for a
12935,B,B<|endoftext|>Human: You are booking a hotel room in New York City for a
12936,A,C<|endoftext|>Human: You are booking a hotel room in New York City for a
12937,A,C<|endoftext|>Human: You are booking a hotel room in New York City for a
12938,B,B<|endoftext|>Human: You are booking a hotel room in New York City for a
12939,B,B<|endoftext|>Human: You are booking a hotel room in New York City for a
12940,A,C<|endoftext|>Human: You are booking a hotel room in New York City for a
12941,A,C<|endoftext|>Human: You are booking a hotel room in New York City for a
12942,A,C<|endoftext|>Human: You are booking a hotel room in New York City for a
12943,B,B<|endoftext|>Human: You are booking a hotel room in New York City for a
12944,A,C<|endoftext|>Human: You are booking a hotel room in New York City for a
12945,A,C<|endoftext|>Human: You are booking a hotel room in New York City for a
12946,B,B<|endoftext|>Human: You are booking a hotel room in New York City for a
12947,A,C<|endoftext|>Human: You are booking a hotel room in New York City for a
12948,B,B<|endoftext|>Human: You are booking a hotel room in New York City for a
12949,C,A<|endoftext|>Human: You are booking a hotel room in New York City for a
12950,A,C<|endoftext|>Human: You are booking a hotel room in New York City for a
12951,A,C<|endoftext|>Human: You are booking a hotel room in New York City for a
12952,A,C<|endoftext|>Human: You are booking a hotel room in New York City for a
12953,B,B<|endoftext|>Human: You are booking a hotel room in New York City for a
12954,A,C<|endoftext|>Human: You are booking a hotel room in New York City for a
12955,A,C<|endoftext|>Human: You are booking a hotel room in New York City for a
12956,A,C<|endoftext|>Human: You are booking a hotel room in New York City for a
12957,A,C<|endoftext|>Human: You are booking a hotel room in New York City for a
12958,A,C<|endoftext|>Human: You are booking a hotel room in New York City for a
12959,A,C<|endoftext|>Human: You are booking a hotel room in New York City for a
12960,B,B<|endoftext|>Human: You are booking a hotel room in New York City for a
12961,A,C<|endoftext|>Human: You are booking a hotel room in New York City for a
12962,A,C<|endoftext|>Human: You are booking a hotel room in New York City for a
12963,A,C<|endoftext|>Human: You are booking a hotel room in New York City for a
12964,A,C<|endoftext|>Human: You are booking a hotel room in New York City for a
12965,A,C<|endoftext|>Human: You are booking a hotel room in New York City for a
12966,A,C<|endoftext|>Human: You are booking a hotel room in New York City for a
12967,A,C<|endoftext|>Human: You are booking a hotel room in New York City for a
12968,A,C<|endoftext|>Human: You are booking a hotel room in New York City for a
12969,A,C<|endoftext|>Human: You are booking a hotel room in New York City for a
12970,A,C<|endoftext|>Human: You are booking a hotel room in New York City for a
12971,A,C<|endoftext|>Human: You are booking a hotel room in New York City for a
12972,A,C<|endoftext|>Human: You are booking a hotel room in New York City for a
12973,A,C<|endoftext|>Human: You are booking a hotel room in New York City for a
12974,A,C<|endoftext|>Human: You are booking a hotel room in New York City for a
12975,A,C<|endoftext|>Human: You are booking a hotel room in New York City for a
12976,A,C<|endoftext|>Human: You are booking a hotel room in New York City for a
12977,C,A<|endoftext|>Human: You are booking a hotel room in New York City for a
12978,B,B<|endoftext|>Human: You are booking a hotel room in New York City for a
12979,C,A<|endoftext|>Human: You are booking a hotel room in New York City for a
12980,C,A<|endoftext|>Human: You are booking a hotel room in New York City for a
12981,B,B<|endoftext|>Human: You are booking a hotel room in New York City for a
12982,C,A<|endoftext|>Human: You are booking a hotel room in New York City for a
12983,C,A<|endoftext|>Human: You are booking a hotel room in New York City for a
12984,A,C<|endoftext|>Human: You are booking a hotel room in New York City for a
12985,B,B<|endoftext|>Human: You are booking a hotel room in New York City for a
12986,C,A<|endoftext|>Human: You are booking a hotel room in New York City for a
12987,A,C<|endoftext|>Human: You are booking a hotel room in New York City for a
12988,A,C<|endoftext|>Human: You are booking a hotel room in New York City for a
12989,A,C<|endoftext|>Human: You are booking a hotel room in New York City for a
12990,A,C<|endoftext|>Human: You are booking a hotel room in New York City for a
12991,A,C<|endoftext|>Human: You are booking a hotel room in New York City for a
12992,A,C<|endoftext|>Human: You are booking a hotel room in New York City for a
12993,A,C<|endoftext|>Human: You are booking a hotel room in New York City for a
12994,B,B<|endoftext|>Human: You are booking a hotel room in New York City for a
12995,B,B<|endoftext|>Human: You are booking a hotel room in New York City for a
12996,C,A<|endoftext|>Human: You are booking a hotel room in New York City for a
12997,B,B<|endoftext|>Human: You are booking a hotel room in New York City for a
12998,A,C<|endoftext|>Human: You are booking a hotel room in New York City for a
12999,C,A<|endoftext|>Human: You are booking a hotel room in New York City for a
13000,C,A<|endoftext|>Human: You are booking a hotel room in New York City for a
13001,A,C<|endoftext|>Human: You are booking a hotel room in New York City for a
13002,A,C<|endoftext|>Human: You are booking a hotel room in New York City for a
13003,A,C<|endoftext|>Human: You are booking a hotel room in New York City for a
13004,C,A<|endoftext|>Human: You are booking a hotel room in New York City for a
13005,A,C<|endoftext|>Human: You are booking a hotel room in New York City for a
13006,A,C<|endoftext|>Human: You are booking a hotel room in New York City for a
13007,B,B<|endoftext|>Human: You are booking a hotel room in New York City for a
13008,A,C<|endoftext|>Human: You are booking a hotel room in New York City for a
13009,A,C<|endoftext|>Human: You are booking a hotel room in New York City for a
13010,C,A<|endoftext|>Human: You are booking a hotel room in New York City for a
13011,C,A<|endoftext|>Human: You are booking a hotel room in New York City for a
13012,C,A<|endoftext|>Human: You are booking a hotel room in New York City for a
13013,A,C<|endoftext|>Human: You are booking a hotel room in New York City for a
13014,A,C<|endoftext|>Human: You are booking a hotel room in New York City for a
13015,A,C<|endoftext|>Human: You are booking a hotel room in New York City for a
13016,A,C<|endoftext|>Human: You are booking a hotel room in New York City for a
13017,A,C<|endoftext|>Human: You are booking a hotel room in New York City for a
13018,A,C<|endoftext|>Human: You are booking a hotel room in New York City for a
13019,B,B<|endoftext|>Human: You are booking a hotel room in New York City for a
13020,B,B<|endoftext|>Human: You are booking a hotel room in New York City for a
13021,B,B<|endoftext|>Human: You are booking a hotel room in New York City for a
13022,A,C<|endoftext|>Human: You are booking a hotel room in New York City for a
13023,B,B<|endoftext|>Human: You are booking a hotel room in New York City for a
13024,A,C<|endoftext|>Human: You are booking a hotel room in New York City for a
13025,A,C<|endoftext|>Human: You are booking a hotel room in New York City for a
13026,C,A<|endoftext|>Human: You are booking a hotel room in New York City for a
13027,B,B<|endoftext|>Human: You are booking a hotel room in New York City for a
13028,B,B<|endoftext|>Human: You are booking a hotel room in New York City for a
13029,B,B<|endoftext|>Human: You are booking a hotel room in New York City for a
13030,B,B<|endoftext|>Human: You are booking a hotel room in New York City for a
13031,A,C<|endoftext|>Human: You are booking a hotel room in New York City for a
13032,A,C<|endoftext|>Human: You are booking a hotel room in New York City for a
13033,A,C<|endoftext|>Human: You are booking a hotel room in New York City for a
13034,A,C<|endoftext|>Human: You are booking a hotel room in New York City for a
13035,A,C<|endoftext|>Human: You are booking a hotel room in New York City for a
13036,A,C<|endoftext|>Human: You are booking a hotel room in New York City for a
13037,A,C<|endoftext|>Human: You are booking a hotel room in New York City for a
13038,A,C<|endoftext|>Human: You are booking a hotel room in New York City for a
13039,A,C<|endoftext|>Human: You are booking a hotel room in New York City for a
13040,B,B<|endoftext|>Human: You are booking a hotel room in New York City for a
13041,A,C<|endoftext|>Human: You are booking a hotel room in New York City for a
13042,A,C<|endoftext|>Human: You are booking a hotel room in New York City for a
13043,A,C<|endoftext|>Human: You are booking a hotel room in New York City for a
13044,A,C<|endoftext|>Human: You are booking a hotel room in New York City for a
13045,A,C<|endoftext|>Human: You are booking a hotel room in New York City for a
13046,B,B<|endoftext|>Human: You are booking a hotel room in New York City for a
13047,A,C<|endoftext|>Human: You are booking a hotel room in New York City for a
13048,A,C<|endoftext|>Human: You are booking a hotel room in New York City for a
13049,B,B<|endoftext|>Human: You are booking a hotel room in New York City for a
13050,B,B<|endoftext|>Human: You are booking a hotel room in New York City for a
13051,C,A<|endoftext|>Human: You are booking a hotel room in New York City for a
13052,C,A<|endoftext|>Human: You are booking a hotel room in New York City for a
13053,B,B<|endoftext|>Human: You are booking a hotel room in New York City for a
13054,B,B<|endoftext|>Human: You are booking a hotel room in New York City for a
13055,A,C<|endoftext|>Human: You are booking a hotel room in New York City for a
13056,A,C<|endoftext|>Human: You are booking a hotel room in New York City for a
13057,A,C<|endoftext|>Human: You are booking a hotel room in New York City for a
13058,A,C<|endoftext|>Human: You are booking a hotel room in New York City for a
13059,A,C<|endoftext|>Human: You are booking a hotel room in New York City for a
13060,A,C<|endoftext|>Human: You are booking a hotel room in New York City for a
13061,A,C<|endoftext|>Human: You are booking a hotel room in New York City for a
13062,B,B<|endoftext|>Human: You are booking a hotel room in New York City for a
13063,C,A<|endoftext|>Human: You are booking a hotel room in New York City for a
13064,C,A<|endoftext|>Human: You are booking a hotel room in New York City for a
13065,B,B<|endoftext|>Human: You are booking a hotel room in New York City for a
13066,C,A<|endoftext|>Human: You are booking a hotel room in New York City for a
13067,C,A<|endoftext|>Human: You are booking a hotel room in New York City for a
13068,C,A<|endoftext|>Human: You are booking a hotel room in New York City for a
13069,C,A<|endoftext|>Human: You are booking a hotel room in New York City for a
13070,C,A<|endoftext|>Human: You are booking a hotel room in New York City for a
13071,C,A<|endoftext|>Human: You are booking a hotel room in New York City for a
13072,C,A<|endoftext|>Human: You are booking a hotel room in New York City for a
13073,A,C<|endoftext|>Human: You are booking a hotel room in New York City for a
13074,A,C<|endoftext|>Human: You are booking a hotel room in New York City for a
13075,A,C<|endoftext|>Human: You are booking a hotel room in New York City for a
13076,A,C<|endoftext|>Human: You are booking a hotel room in New York City for a
13077,A,C<|endoftext|>Human: You are booking a hotel room in New York City for a
13078,A,C<|endoftext|>Human: You are booking a hotel room in New York City for a
13079,A,C<|endoftext|>Human: You are booking a hotel room in New York City for a
13080,A,C<|endoftext|>Human: You are booking a hotel room in New York City for a
13081,A,C<|endoftext|>Human: You are booking a hotel room in New York City for a
13082,A,C<|endoftext|>Human: You are booking a hotel room in New York City for a
13083,A,C<|endoftext|>Human: You are booking a hotel room in New York City for a
13084,A,C<|endoftext|>Human: You are booking a hotel room in New York City for a
13085,A,C<|endoftext|>Human: You are booking a hotel room in New York City for a
13086,A,C<|endoftext|>Human: You are booking a hotel room in New York City for a
13087,B,B<|endoftext|>Human: You are booking a hotel room in New York City for a
13088,A,C<|endoftext|>Human: You are booking a hotel room in New York City for a
13089,A,C<|endoftext|>Human: You are booking a hotel room in New York City for a
13090,B,B<|endoftext|>Human: You are booking a hotel room in New York City for a
13091,A,C<|endoftext|>Human: You are booking a hotel room in New York City for a
13092,A,C<|endoftext|>Human: You are booking a hotel room in New York City for a
13093,A,C<|endoftext|>Human: You are booking a hotel room in New York City for a
13094,A,C<|endoftext|>Human: You are booking a hotel room in New York City for a
13095,A,C<|endoftext|>Human: You are booking a hotel room in New York City for a
13096,A,C<|endoftext|>Human: You are booking a hotel room in New York City for a
13097,B,B<|endoftext|>Human: You are booking a hotel room in New York City for a
13098,A,C<|endoftext|>Human: You are booking a hotel room in New York City for a
13099,A,C<|endoftext|>Human: You are booking a hotel room in New York City for a
13100,A,C<|endoftext|>Human: You are booking a hotel room in New York City for a
13101,A,C<|endoftext|>Human: You are booking a hotel room in New York City for a
13102,A,C<|endoftext|>Human: You are booking a hotel room in New York City for a
13103,B,B<|endoftext|>Human: You are booking a hotel room in New York City for a
13104,A,C<|endoftext|>Human: You are booking a hotel room in New York City for a
13105,A,C<|endoftext|>Human: You are booking a hotel room in New York City for a
13106,B,B<|endoftext|>Human: You are booking a hotel room in New York City for a
13107,B,B<|endoftext|>Human: You are booking a hotel room in New York City for a
13108,B,B<|endoftext|>Human: You are booking a hotel room in New York City for a
13109,A,C<|endoftext|>Human: You are booking a hotel room in New York City for a
13110,A,C<|endoftext|>Human: You are booking a hotel room in New York City for a
13111,A,C<|endoftext|>Human: You are booking a hotel room in New York City for a
13112,A,C<|endoftext|>Human: You are booking a hotel room in New York City for a
13113,A,C<|endoftext|>Human: You are booking a hotel room in New York City for a
13114,A,C<|endoftext|>Human: You are booking a hotel room in New York City for a
13115,C,A<|endoftext|>Human: You are booking a hotel room in New York City for a
13116,A,C<|endoftext|>Human: You are booking a hotel room in New York City for a
13117,A,C<|endoftext|>Human: You are booking a hotel room in New York City for a
13118,C,A<|endoftext|>Human: You are booking a hotel room in New York City for a
13119,A,C<|endoftext|>Human: You are booking a hotel room in New York City for a
13120,A,C<|endoftext|>Human: You are booking a hotel room in New York City for a
13121,B,B<|endoftext|>Human: You are booking a hotel room in New York City for a
13122,B,B<|endoftext|>Human: You are booking a hotel room in New York City for a
13123,C,A<|endoftext|>Human: You are booking a hotel room in New York City for a
13124,C,A<|endoftext|>Human: You are booking a hotel room in New York City for a
13125,C,A<|endoftext|>Human: You are booking a hotel room in New York City for a
13126,B,B<|endoftext|>Human: You are booking a hotel room in New York City for a
13127,A,C<|endoftext|>Human: You are booking a hotel room in New York City for a
13128,A,C<|endoftext|>Human: You are booking a hotel room in New York City for a
13129,A,C<|endoftext|>Human: You are booking a hotel room in New York City for a
13130,B,B<|endoftext|>Human: You are booking a hotel room in New York City for a
13131,A,C<|endoftext|>Human: You are booking a hotel room in New York City for a
13132,A,C<|endoftext|>Human: You are booking a hotel room in New York City for a
13133,A,C<|endoftext|>Human: You are booking a hotel room in New York City for a
13134,A,C<|endoftext|>Human: You are booking a hotel room in New York City for a
13135,A,C<|endoftext|>Human: You are booking a hotel room in New York City for a
13136,A,C<|endoftext|>Human: You are booking a hotel room in New York City for a
13137,A,C<|endoftext|>Human: You are booking a hotel room in New York City for a
13138,A,C<|endoftext|>Human: You are booking a hotel room in New York City for a
13139,A,C<|endoftext|>Human: You are booking a hotel room in New York City for a
13140,A,C<|endoftext|>Human: You are booking a hotel room in New York City for a
13141,A,C<|endoftext|>Human: You are booking a hotel room in New York City for a
13142,A,C<|endoftext|>Human: You are booking a hotel room in New York City for a
13143,A,C<|endoftext|>Human: You are booking a hotel room in New York City for a
13144,A,C<|endoftext|>Human: You are booking a hotel room in New York City for a
13145,A,C<|endoftext|>Human: You are booking a hotel room in New York City for a
13146,A,C<|endoftext|>Human: You are booking a hotel room in New York City for a
13147,A,C<|endoftext|>Human: You are booking a hotel room in New York City for a
13148,A,C<|endoftext|>Human: You are booking a hotel room in New York City for a
13149,A,C<|endoftext|>Human: You are booking a hotel room in New York City for a
13150,A,C<|endoftext|>Human: You are booking a hotel room in New York City for a
13151,A,C<|endoftext|>Human: You are booking a hotel room in New York City for a
13152,A,C<|endoftext|>Human: You are booking a hotel room in New York City for a
13153,A,C<|endoftext|>Human: You are booking a hotel room in New York City for a
13154,A,C<|endoftext|>Human: You are booking a hotel room in New York City for a
13155,A,C<|endoftext|>Human: You are booking a hotel room in New York City for a
13156,A,C<|endoftext|>Human: You are booking a hotel room in New York City for a
13157,A,C<|endoftext|>Human: You are booking a hotel room in New York City for a
13158,B,B<|endoftext|>Human: You are booking a hotel room in New York City for a
13159,B,B<|endoftext|>Human: You are booking a hotel room in New York City for a
13160,B,B<|endoftext|>Human: You are booking a hotel room in New York City for a
13161,B,B<|endoftext|>Human: You are booking a hotel room in New York City for a
13162,B,B<|endoftext|>Human: You are booking a hotel room in New York City for a
13163,A,C<|endoftext|>Human: You are booking a hotel room in New York City for a
13164,A,C<|endoftext|>Human: You are booking a hotel room in New York City for a
13165,A,C<|endoftext|>Human: You are booking a hotel room in New York City for a
13166,C,A<|endoftext|>Human: You are booking a hotel room in New York City for a
13167,C,A<|endoftext|>Human: You are booking a hotel room in New York City for a
13168,C,A<|endoftext|>Human: You are booking a hotel room in New York City for a
13169,A,C<|endoftext|>Human: You are booking a hotel room in New York City for a
13170,A,C<|endoftext|>Human: You are booking a hotel room in New York City for a
13171,A,C<|endoftext|>Human: You are booking a hotel room in New York City for a
13172,A,C<|endoftext|>Human: You are booking a hotel room in New York City for a
13173,A,C<|endoftext|>Human: You are booking a hotel room in New York City for a
13174,A,C<|endoftext|>Human: You are booking a hotel room in New York City for a
13175,A,C<|endoftext|>Human: You are booking a hotel room in New York City for a
13176,A,C<|endoftext|>Human: You are booking a hotel room in New York City for a
13177,A,C<|endoftext|>Human: You are booking a hotel room in New York City for a
13178,B,B<|endoftext|>Human: You are booking a hotel room in New York City for a
13179,A,C<|endoftext|>Human: You are booking a hotel room in New York City for a
13180,A,C<|endoftext|>Human: You are booking a hotel room in New York City for a
13181,A,C<|endoftext|>Human: You are booking a hotel room in New York City for a
13182,A,C<|endoftext|>Human: You are booking a hotel room in New York City for a
13183,A,C<|endoftext|>Human: You are booking a hotel room in New York City for a
13184,B,B<|endoftext|>Human: You are booking a hotel room in New York City for a
13185,B,B<|endoftext|>Human: You are booking a hotel room in New York City for a
13186,A,C<|endoftext|>Human: You are booking a hotel room in New York City for a
13187,A,C<|endoftext|>Human: You are booking a hotel room in New York City for a
13188,A,C<|endoftext|>Human: You are booking a hotel room in New York City for a
13189,A,C<|endoftext|>Human: You are booking a hotel room in New York City for a
13190,A,C<|endoftext|>Human: You are booking a hotel room in New York City for a
13191,A,C<|endoftext|>Human: You are booking a hotel room in New York City for a
13192,A,C<|endoftext|>Human: You are booking a hotel room in New York City for a
13193,C,A<|endoftext|>Human: You are booking a hotel room in New York City for a
13194,A,C<|endoftext|>Human: You are booking a hotel room in New York City for a
13195,C,A<|endoftext|>Human: You are booking a hotel room in New York City for a
13196,C,A<|endoftext|>Human: You are booking a hotel room in New York City for a
13197,C,A<|endoftext|>Human: You are booking a hotel room in New York City for a
13198,A,C<|endoftext|>Human: You are booking a hotel room in New York City for a
13199,A,C<|endoftext|>Human: You are booking a hotel room in New York City for a
13200,A,C<|endoftext|>Human: You are booking a hotel room in New York City for a
13201,A,C<|endoftext|>Human: You are booking a hotel room in New York City for a
13202,C,A<|endoftext|>Human: You are booking a hotel room in New York City for a
13203,A,C<|endoftext|>Human: You are booking a hotel room in New York City for a
13204,A,C<|endoftext|>Human: You are booking a hotel room in New York City for a
13205,A,C<|endoftext|>Human: You are booking a hotel room in New York City for a
13206,B,B<|endoftext|>Human: You are booking a hotel room in New York City for a
13207,A,C<|endoftext|>Human: You are booking a hotel room in New York City for a
13208,B,B<|endoftext|>Human: You are booking a hotel room in New York City for a
13209,B,B<|endoftext|>Human: You are booking a hotel room in New York City for a
13210,B,B<|endoftext|>Human: You are booking a hotel room in New York City for a
13211,A,C<|endoftext|>Human: You are booking a hotel room in New York City for a
13212,A,C<|endoftext|>Human: You are booking a hotel room in New York City for a
13213,A,C<|endoftext|>Human: You are booking a hotel room in New York City for a
13214,A,C<|endoftext|>Human: You are booking a hotel room in New York City for a
13215,C,A<|endoftext|>Human: You are booking a hotel room in New York City for a
13216,C,A<|endoftext|>Human: You are booking a hotel room in New York City for a
13217,A,C<|endoftext|>Human: You are booking a hotel room in New York City for a
13218,C,A<|endoftext|>Human: You are booking a hotel room in New York City for a
13219,C,A<|endoftext|>Human: You are booking a hotel room in New York City for a
13220,A,C<|endoftext|>Human: You are booking a hotel room in New York City for a
13221,C,A<|endoftext|>Human: You are booking a hotel room in New York City for a
13222,B,B<|endoftext|>Human: You are booking a hotel room in New York City for a
13223,A,C<|endoftext|>Human: You are booking a hotel room in New York City for a
13224,A,C<|endoftext|>Human: You are booking a hotel room in New York City for a
13225,A,C<|endoftext|>Human: You are booking a hotel room in New York City for a
13226,B,B<|endoftext|>Human: You are booking a hotel room in New York City for a
13227,C,A<|endoftext|>Human: You are booking a hotel room in New York City for a
13228,A,C<|endoftext|>Human: You are booking a hotel room in New York City for a
13229,A,C<|endoftext|>Human: You are booking a hotel room in New York City for a
13230,B,B<|endoftext|>Human: You are booking a hotel room in New York City for a
13231,B,B<|endoftext|>Human: You are booking a hotel room in New York City for a
13232,A,C<|endoftext|>Human: You are booking a hotel room in New York City for a
13233,A,C<|endoftext|>Human: You are booking a hotel room in New York City for a
13234,C,A<|endoftext|>Human: You are booking a hotel room in New York City for a
13235,B,B<|endoftext|>Human: You are booking a hotel room in New York City for a
13236,A,C<|endoftext|>Human: You are booking a hotel room in New York City for a
13237,B,B<|endoftext|>Human: You are booking a hotel room in New York City for a
13238,A,C<|endoftext|>Human: You are booking a hotel room in New York City for a
13239,A,C<|endoftext|>Human: You are booking a hotel room in New York City for a
13240,A,C<|endoftext|>Human: You are booking a hotel room in New York City for a
13241,A,C<|endoftext|>Human: You are booking a hotel room in New York City for a
13242,A,C<|endoftext|>Human: You are booking a hotel room in New York City for a
13243,A,C<|endoftext|>Human: You are booking a hotel room in New York City for a
13244,A,C<|endoftext|>Human: You are booking a hotel room in New York City for a
13245,A,C<|endoftext|>Human: You are booking a hotel room in New York City for a
13246,A,C<|endoftext|>Human: You are booking a hotel room in New York City for a
13247,A,C<|endoftext|>Human: You are booking a hotel room in New York City for a
13248,A,C<|endoftext|>Human: You are booking a hotel room in New York City for a
13249,A,C<|endoftext|>Human: You are booking a hotel room in New York City for a
13250,A,C<|endoftext|>Human: You are booking a hotel room in New York City for a
13251,A,C<|endoftext|>Human: You are booking a hotel room in New York City for a
13252,A,C<|endoftext|>Human: You are booking a hotel room in New York City for a
13253,B,B<|endoftext|>Human: You are booking a hotel room in New York City for a
13254,C,A<|endoftext|>Human: You are booking a hotel room in New York City for a
13255,A,C<|endoftext|>Human: You are booking a hotel room in New York City for a
13256,C,A<|endoftext|>Human: You are booking a hotel room in New York City for a
13257,C,A<|endoftext|>Human: You are booking a hotel room in New York City for a
13258,B,B<|endoftext|>Human: You are booking a hotel room in New York City for a
13259,A,C<|endoftext|>Human: You are booking a hotel room in New York City for a
13260,B,B<|endoftext|>Human: You are booking a hotel room in New York City for a
13261,B,B<|endoftext|>Human: You are booking a hotel room in New York City for a
13262,A,C<|endoftext|>Human: You are booking a hotel room in New York City for a
13263,B,B<|endoftext|>Human: You are booking a hotel room in New York City for a
13264,B,B<|endoftext|>Human: You are booking a hotel room in New York City for a
13265,B,B<|endoftext|>Human: You are booking a hotel room in New York City for a
13266,A,C<|endoftext|>Human: You are booking a hotel room in New York City for a
13267,A,C<|endoftext|>Human: You are booking a hotel room in New York City for a
13268,B,B<|endoftext|>Human: You are booking a hotel room in New York City for a
13269,C,A<|endoftext|>Human: You are booking a hotel room in New York City for a
13270,C,A<|endoftext|>Human: You are booking a hotel room in New York City for a
13271,C,A<|endoftext|>Human: You are booking a hotel room in New York City for a
13272,A,C<|endoftext|>Human: You are booking a hotel room in New York City for a
13273,A,C<|endoftext|>Human: You are booking a hotel room in New York City for a
13274,A,C<|endoftext|>Human: You are booking a hotel room in New York City for a
13275,C,A<|endoftext|>Human: You are booking a hotel room in New York City for a
13276,A,C<|endoftext|>Human: You are booking a hotel room in New York City for a
13277,A,C<|endoftext|>Human: You are booking a hotel room in New York City for a
13278,C,A<|endoftext|>Human: You are booking a hotel room in New York City for a
13279,A,C<|endoftext|>Human: You are booking a hotel room in New York City for a
13280,C,A<|endoftext|>Human: You are booking a hotel room in New York City for a
13281,A,C<|endoftext|>Human: You are booking a hotel room in New York City for a
13282,B,B<|endoftext|>Human: You are booking a hotel room in New York City for a
13283,A,C<|endoftext|>Human: You are booking a hotel room in New York City for a
13284,A,C<|endoftext|>Human: You are booking a hotel room in New York City for a
13285,A,C<|endoftext|>Human: You are booking a hotel room in New York City for a
13286,A,C<|endoftext|>Human: You are booking a hotel room in New York City for a
13287,B,B<|endoftext|>Human: You are booking a hotel room in New York City for a
13288,A,C<|endoftext|>Human: You are booking a hotel room in New York City for a
13289,A,C<|endoftext|>Human: You are booking a hotel room in New York City for a
13290,A,C<|endoftext|>Human: You are booking a hotel room in New York City for a
13291,A,C<|endoftext|>Human: You are booking a hotel room in New York City for a
13292,A,C<|endoftext|>Human: You are booking a hotel room in New York City for a
13293,A,C<|endoftext|>Human: You are booking a hotel room in New York City for a
13294,A,C<|endoftext|>Human: You are booking a hotel room in New York City for a
13295,A,C<|endoftext|>Human: You are booking a hotel room in New York City for a
13296,B,B<|endoftext|>Human: You are booking a hotel room in New York City for a
13297,A,C<|endoftext|>Human: You are booking a hotel room in New York City for a
13298,A,C<|endoftext|>Human: You are booking a hotel room in New York City for a
13299,A,C<|endoftext|>Human: You are booking a hotel room in New York City for a
13300,B,B<|endoftext|>Human: You are booking a hotel room in New York City for a
13301,A,C<|endoftext|>Human: You are booking a hotel room in New York City for a
13302,A,C<|endoftext|>Human: You are booking a hotel room in New York City for a
13303,C,A<|endoftext|>Human: You are booking a hotel room in New York City for a
13304,B,B<|endoftext|>Human: You are booking a hotel room in New York City for a
13305,C,A<|endoftext|>Human: You are booking a hotel room in New York City for a
13306,C,A<|endoftext|>Human: You are booking a hotel room in New York City for a
13307,A,C<|endoftext|>Human: You are booking a hotel room in New York City for a
13308,A,C<|endoftext|>Human: You are booking a hotel room in New York City for a
13309,A,C<|endoftext|>Human: You are booking a hotel room in New York City for a
13310,A,C<|endoftext|>Human: You are booking a hotel room in New York City for a
13311,A,C<|endoftext|>Human: You are booking a hotel room in New York City for a
13312,C,A<|endoftext|>Human: You are booking a hotel room in New York City for a
13313,A,C<|endoftext|>Human: You are booking a hotel room in New York City for a
13314,A,C<|endoftext|>Human: You are booking a hotel room in New York City for a
13315,C,A<|endoftext|>Human: You are booking a hotel room in New York City for a
13316,A,C<|endoftext|>Human: You are booking a hotel room in New York City for a
13317,A,C<|endoftext|>Human: You are booking a hotel room in New York City for a
13318,B,B<|endoftext|>Human: You are booking a hotel room in New York City for a
13319,C,A<|endoftext|>Human: You are booking a hotel room in New York City for a
13320,A,C<|endoftext|>Human: You are booking a hotel room in New York City for a
13321,A,C<|endoftext|>Human: You are booking a hotel room in New York City for a
13322,A,C<|endoftext|>Human: You are booking a hotel room in New York City for a
13323,A,C<|endoftext|>Human: You are booking a hotel room in New York City for a
13324,A,C<|endoftext|>Human: You are booking a hotel room in New York City for a
13325,C,A<|endoftext|>Human: You are booking a hotel room in New York City for a
13326,C,A<|endoftext|>Human: You are booking a hotel room in New York City for a
13327,B,B<|endoftext|>Human: You are booking a hotel room in New York City for a
13328,A,C<|endoftext|>Human: You are booking a hotel room in New York City for a
13329,C,A<|endoftext|>Human: You are booking a hotel room in New York City for a
13330,B,B<|endoftext|>Human: You are booking a hotel room in New York City for a
13331,B,B<|endoftext|>Human: You are booking a hotel room in New York City for a
13332,A,C<|endoftext|>Human: You are booking a hotel room in New York City for a
13333,A,C<|endoftext|>Human: You are booking a hotel room in New York City for a
13334,A,C<|endoftext|>Human: You are booking a hotel room in New York City for a
13335,C,A<|endoftext|>Human: You are booking a hotel room in New York City for a
13336,A,C<|endoftext|>Human: You are booking a hotel room in New York City for a
13337,B,B<|endoftext|>Human: You are booking a hotel room in New York City for a
13338,A,C<|endoftext|>Human: You are booking a hotel room in New York City for a
13339,B,B<|endoftext|>Human: You are booking a hotel room in New York City for a
13340,B,B<|endoftext|>Human: You are booking a hotel room in New York City for a
13341,A,C<|endoftext|>Human: You are booking a hotel room in New York City for a
13342,B,B<|endoftext|>Human: You are booking a hotel room in New York City for a
13343,A,C<|endoftext|>Human: You are booking a hotel room in New York City for a
13344,B,B<|endoftext|>Human: You are booking a hotel room in New York City for a
13345,C,A<|endoftext|>Human: You are booking a hotel room in New York City for a
13346,A,C<|endoftext|>Human: You are booking a hotel room in New York City for a
13347,A,C<|endoftext|>Human: You are booking a hotel room in New York City for a
13348,A,C<|endoftext|>Human: You are booking a hotel room in New York City for a
13349,A,C<|endoftext|>Human: You are booking a hotel room in New York City for a
13350,A,C<|endoftext|>Human: You are booking a hotel room in New York City for a
13351,A,C<|endoftext|>Human: You are booking a hotel room in New York City for a
13352,A,C<|endoftext|>Human: You are booking a hotel room in New York City for a
13353,C,A<|endoftext|>Human: You are booking a hotel room in New York City for a
13354,B,B<|endoftext|>Human: You are booking a hotel room in New York City for a
13355,A,C<|endoftext|>Human: You are booking a hotel room in New York City for a
13356,A,C<|endoftext|>Human: You are booking a hotel room in New York City for a
13357,A,C<|endoftext|>Human: You are booking a hotel room in New York City for a
13358,A,C<|endoftext|>Human: You are booking a hotel room in New York City for a
13359,A,C<|endoftext|>Human: You are booking a hotel room in New York City for a
13360,A,C<|endoftext|>Human: You are booking a hotel room in New York City for a
13361,C,A<|endoftext|>Human: You are booking a hotel room in New York City for a
13362,A,C<|endoftext|>Human: You are booking a hotel room in New York City for a
13363,C,A<|endoftext|>Human: You are booking a hotel room in New York City for a
13364,A,C<|endoftext|>Human: You are booking a hotel room in New York City for a
13365,A,C<|endoftext|>Human: You are booking a hotel room in New York City for a
13366,C,A<|endoftext|>Human: You are booking a hotel room in New York City for a
13367,B,B<|endoftext|>Human: You are booking a hotel room in New York City for a
13368,C,A<|endoftext|>Human: You are booking a hotel room in New York City for a
13369,B,B<|endoftext|>Human: You are booking a hotel room in New York City for a
13370,C,A<|endoftext|>Human: You are booking a hotel room in New York City for a
13371,A,C<|endoftext|>Human: You are booking a hotel room in New York City for a
13372,B,B<|endoftext|>Human: You are booking a hotel room in New York City for a
13373,A,C<|endoftext|>Human: You are booking a hotel room in New York City for a
13374,B,B<|endoftext|>Human: You are booking a hotel room in New York City for a
13375,C,A<|endoftext|>Human: You are booking a hotel room in New York City for a
13376,B,B<|endoftext|>Human: You are booking a hotel room in New York City for a
13377,B,B<|endoftext|>Human: You are booking a hotel room in New York City for a
13378,A,C<|endoftext|>Human: You are booking a hotel room in New York City for a
13379,A,C<|endoftext|>Human: You are booking a hotel room in New York City for a
13380,A,C<|endoftext|>Human: You are booking a hotel room in New York City for a
13381,B,B<|endoftext|>Human: You are booking a hotel room in New York City for a
13382,A,C<|endoftext|>Human: You are booking a hotel room in New York City for a
13383,A,C<|endoftext|>Human: You are booking a hotel room in New York City for a
13384,A,C<|endoftext|>Human: You are booking a hotel room in New York City for a
13385,B,B<|endoftext|>Human: You are booking a hotel room in New York City for a
13386,A,C<|endoftext|>Human: You are booking a hotel room in New York City for a
13387,B,B<|endoftext|>Human: You are booking a hotel room in New York City for a
13388,B,B<|endoftext|>Human: You are booking a hotel room in New York City for a
13389,B,B<|endoftext|>Human: You are booking a hotel room in New York City for a
13390,A,C<|endoftext|>Human: You are booking a hotel room in New York City for a
13391,A,C<|endoftext|>Human: You are booking a hotel room in New York City for a
13392,A,C<|endoftext|>Human: You are booking a hotel room in New York City for a
13393,C,A<|endoftext|>Human: You are booking a hotel room in New York City for a
13394,A,C<|endoftext|>Human: You are booking a hotel room in New York City for a
13395,C,A<|endoftext|>Human: You are booking a hotel room in New York City for a
13396,A,C<|endoftext|>Human: You are booking a hotel room in New York City for a
13397,A,C<|endoftext|>Human: You are booking a hotel room in New York City for a
13398,A,C<|endoftext|>Human: You are booking a hotel room in New York City for a
13399,A,C<|endoftext|>Human: You are booking a hotel room in New York City for a
13400,A,C<|endoftext|>Human: You are booking a hotel room in New York City for a
13401,A,C<|endoftext|>Human: You are booking a hotel room in New York City for a
13402,A,C<|endoftext|>Human: You are booking a hotel room in New York City for a
13403,A,C<|endoftext|>Human: You are booking a hotel room in New York City for a
13404,A,C<|endoftext|>Human: You are booking a hotel room in New York City for a
13405,A,C<|endoftext|>Human: You are booking a hotel room in New York City for a
13406,A,C<|endoftext|>Human: You are booking a hotel room in New York City for a
13407,A,C<|endoftext|>Human: You are booking a hotel room in New York City for a
13408,B,B<|endoftext|>Human: You are booking a hotel room in New York City for a
13409,A,C<|endoftext|>Human: You are booking a hotel room in New York City for a
13410,A,C<|endoftext|>Human: You are booking a hotel room in New York City for a
13411,A,C<|endoftext|>Human: You are booking a hotel room in New York City for a
13412,A,C<|endoftext|>Human: You are booking a hotel room in New York City for a
13413,A,C<|endoftext|>Human: You are booking a hotel room in New York City for a
13414,A,C<|endoftext|>Human: You are booking a hotel room in New York City for a
13415,A,C<|endoftext|>Human: You are booking a hotel room in New York City for a
13416,B,B<|endoftext|>Human: You are booking a hotel room in New York City for a
13417,A,C<|endoftext|>Human: You are booking a hotel room in New York City for a
13418,A,C<|endoftext|>Human: You are booking a hotel room in New York City for a
13419,A,C<|endoftext|>Human: You are booking a hotel room in New York City for a
13420,B,B<|endoftext|>Human: You are booking a hotel room in New York City for a
13421,A,C<|endoftext|>Human: You are booking a hotel room in New York City for a
13422,C,A<|endoftext|>Human: You are booking a hotel room in New York City for a
13423,B,B<|endoftext|>Human: You are booking a hotel room in New York City for a
13424,B,B<|endoftext|>Human: You are booking a hotel room in New York City for a
13425,A,C<|endoftext|>Human: You are booking a hotel room in New York City for a
13426,A,C<|endoftext|>Human: You are booking a hotel room in New York City for a
13427,A,C<|endoftext|>Human: You are booking a hotel room in New York City for a
13428,B,B<|endoftext|>Human: You are booking a hotel room in New York City for a
13429,C,A<|endoftext|>Human: You are booking a hotel room in New York City for a
13430,B,B<|endoftext|>Human: You are booking a hotel room in New York City for a
13431,A,C<|endoftext|>Human: You are booking a hotel room in New York City for a
13432,B,B<|endoftext|>Human: You are booking a hotel room in New York City for a
13433,B,B<|endoftext|>Human: You are booking a hotel room in New York City for a
13434,B,B<|endoftext|>Human: You are booking a hotel room in New York City for a
13435,A,C<|endoftext|>Human: You are booking a hotel room in New York City for a
13436,A,C<|endoftext|>Human: You are booking a hotel room in New York City for a
13437,A,C<|endoftext|>Human: You are booking a hotel room in New York City for a
13438,A,C<|endoftext|>Human: You are booking a hotel room in New York City for a
13439,B,B<|endoftext|>Human: You are booking a hotel room in New York City for a
13440,B,B<|endoftext|>Human: You are booking a hotel room in New York City for a
13441,A,C<|endoftext|>Human: You are booking a hotel room in New York City for a
13442,B,B<|endoftext|>Human: You are booking a hotel room in New York City for a
13443,B,B<|endoftext|>Human: You are booking a hotel room in New York City for a
13444,B,B<|endoftext|>Human: You are booking a hotel room in New York City for a
13445,A,C<|endoftext|>Human: You are booking a hotel room in New York City for a
13446,A,C<|endoftext|>Human: You are booking a hotel room in New York City for a
13447,A,C<|endoftext|>Human: You are booking a hotel room in New York City for a
13448,A,C<|endoftext|>Human: You are booking a hotel room in New York City for a
13449,A,C<|endoftext|>Human: You are booking a hotel room in New York City for a
13450,A,C<|endoftext|>Human: You are booking a hotel room in New York City for a
13451,A,C<|endoftext|>Human: You are booking a hotel room in New York City for a
13452,A,C<|endoftext|>Human: You are booking a hotel room in New York City for a
13453,B,B<|endoftext|>Human: You are booking a hotel room in New York City for a
13454,A,C<|endoftext|>Human: You are booking a hotel room in New York City for a
13455,B,B<|endoftext|>Human: You are booking a hotel room in New York City for a
13456,B,B<|endoftext|>Human: You are booking a hotel room in New York City for a
13457,A,C<|endoftext|>Human: You are booking a hotel room in New York City for a
13458,A,C<|endoftext|>Human: You are booking a hotel room in New York City for a
13459,A,C<|endoftext|>Human: You are booking a hotel room in New York City for a
13460,A,C<|endoftext|>Human: You are booking a hotel room in New York City for a
13461,A,C<|endoftext|>Human: You are booking a hotel room in New York City for a
13462,A,C<|endoftext|>Human: You are booking a hotel room in New York City for a
13463,A,C<|endoftext|>Human: You are booking a hotel room in New York City for a
13464,C,A<|endoftext|>Human: You are booking a hotel room in New York City for a
13465,A,C<|endoftext|>Human: You are booking a hotel room in New York City for a
13466,C,A<|endoftext|>Human: You are booking a hotel room in New York City for a
13467,A,C<|endoftext|>Human: You are booking a hotel room in New York City for a
13468,A,C<|endoftext|>Human: You are booking a hotel room in New York City for a
13469,A,C<|endoftext|>Human: You are booking a hotel room in New York City for a
13470,A,C<|endoftext|>Human: You are booking a hotel room in New York City for a
13471,A,C<|endoftext|>Human: You are booking a hotel room in New York City for a
13472,A,C<|endoftext|>Human: You are booking a hotel room in New York City for a
13473,B,B<|endoftext|>Human: You are booking a hotel room in New York City for a
13474,A,C<|endoftext|>Human: You are booking a hotel room in New York City for a
13475,A,C<|endoftext|>Human: You are booking a hotel room in New York City for a
13476,A,C<|endoftext|>Human: You are booking a hotel room in New York City for a
13477,A,C<|endoftext|>Human: You are booking a hotel room in New York City for a
13478,B,B<|endoftext|>Human: You are booking a hotel room in New York City for a
13479,A,C<|endoftext|>Human: You are booking a hotel room in New York City for a
13480,C,A<|endoftext|>Human: You are booking a hotel room in New York City for a
13481,C,A<|endoftext|>Human: You are booking a hotel room in New York City for a
13482,A,C<|endoftext|>Human: You are booking a hotel room in New York City for a
13483,C,A<|endoftext|>Human: You are booking a hotel room in New York City for a
13484,C,A<|endoftext|>Human: You are booking a hotel room in New York City for a
13485,A,C<|endoftext|>Human: You are booking a hotel room in New York City for a
13486,A,C<|endoftext|>Human: You are booking a hotel room in New York City for a
13487,B,B<|endoftext|>Human: You are booking a hotel room in New York City for a
13488,C,A<|endoftext|>Human: You are booking a hotel room in New York City for a
13489,A,C<|endoftext|>Human: You are booking a hotel room in New York City for a
13490,A,C<|endoftext|>Human: You are booking a hotel room in New York City for a
13491,A,C<|endoftext|>Human: You are booking a hotel room in New York City for a
13492,B,B<|endoftext|>Human: You are booking a hotel room in New York City for a
13493,B,B<|endoftext|>Human: You are booking a hotel room in New York City for a
13494,B,B<|endoftext|>Human: You are booking a hotel room in New York City for a
13495,C,A<|endoftext|>Human: You are booking a hotel room in New York City for a
13496,B,B<|endoftext|>Human: You are booking a hotel room in New York City for a
13497,A,C<|endoftext|>Human: You are booking a hotel room in New York City for a
13498,B,B<|endoftext|>Human: You are booking a hotel room in New York City for a
13499,B,B<|endoftext|>Human: You are booking a hotel room in New York City for a
13500,B,B<|endoftext|>Human: You are booking a hotel room in New York City for a
13501,A,C<|endoftext|>Human: You are booking a hotel room in New York City for a
13502,B,B<|endoftext|>Human: You are booking a hotel room in New York City for a
13503,A,C<|endoftext|>Human: You are booking a hotel room in New York City for a
13504,A,C<|endoftext|>Human: You are booking a hotel room in New York City for a
13505,A,C<|endoftext|>Human: You are booking a hotel room in New York City for a
13506,A,C<|endoftext|>Human: You are booking a hotel room in New York City for a
13507,A,C<|endoftext|>Human: You are booking a hotel room in New York City for a
13508,A,C<|endoftext|>Human: You are booking a hotel room in New York City for a
13509,A,C<|endoftext|>Human: You are booking a hotel room in New York City for a
13510,A,C<|endoftext|>Human: You are booking a hotel room in New York City for a
13511,A,C<|endoftext|>Human: You are booking a hotel room in New York City for a
13512,A,C<|endoftext|>Human: You are booking a hotel room in New York City for a
13513,A,C<|endoftext|>Human: You are booking a hotel room in New York City for a
13514,A,C<|endoftext|>Human: You are booking a hotel room in New York City for a
13515,A,C<|endoftext|>Human: You are booking a hotel room in New York City for a
13516,A,C<|endoftext|>Human: You are booking a hotel room in New York City for a
13517,A,C<|endoftext|>Human: You are booking a hotel room in New York City for a
13518,A,C<|endoftext|>Human: You are booking a hotel room in New York City for a
13519,A,C<|endoftext|>Human: You are booking a hotel room in New York City for a
13520,A,C<|endoftext|>Human: You are booking a hotel room in New York City for a
13521,A,C<|endoftext|>Human: You are booking a hotel room in New York City for a
13522,B,B<|endoftext|>Human: You are booking a hotel room in New York City for a
13523,A,C<|endoftext|>Human: You are booking a hotel room in New York City for a
13524,A,C<|endoftext|>Human: You are booking a hotel room in New York City for a
13525,A,C<|endoftext|>Human: You are booking a hotel room in New York City for a
13526,A,C<|endoftext|>Human: You are booking a hotel room in New York City for a
13527,A,C<|endoftext|>Human: You are booking a hotel room in New York City for a
13528,A,C<|endoftext|>Human: You are booking a hotel room in New York City for a
13529,A,C<|endoftext|>Human: You are booking a hotel room in New York City for a
13530,A,C<|endoftext|>Human: You are booking a hotel room in New York City for a
13531,A,C<|endoftext|>Human: You are booking a hotel room in New York City for a
13532,A,C<|endoftext|>Human: You are booking a hotel room in New York City for a
13533,A,C<|endoftext|>Human: You are booking a hotel room in New York City for a
13534,A,C<|endoftext|>Human: You are booking a hotel room in New York City for a
13535,C,A<|endoftext|>Human: You are booking a hotel room in New York City for a
13536,C,A<|endoftext|>Human: You are booking a hotel room in New York City for a
13537,A,C<|endoftext|>Human: You are booking a hotel room in New York City for a
13538,C,A<|endoftext|>Human: You are booking a hotel room in New York City for a
13539,A,C<|endoftext|>Human: You are booking a hotel room in New York City for a
13540,C,A<|endoftext|>Human: You are booking a hotel room in New York City for a
13541,A,C<|endoftext|>Human: You are booking a hotel room in New York City for a
13542,A,C<|endoftext|>Human: You are booking a hotel room in New York City for a
13543,A,C<|endoftext|>Human: You are booking a hotel room in New York City for a
13544,B,B<|endoftext|>Human: You are booking a hotel room in New York City for a
13545,A,C<|endoftext|>Human: You are booking a hotel room in New York City for a
13546,A,C<|endoftext|>Human: You are booking a hotel room in New York City for a
13547,A,C<|endoftext|>Human: You are booking a hotel room in New York City for a
13548,A,C<|endoftext|>Human: You are booking a hotel room in New York City for a
13549,A,C<|endoftext|>Human: You are booking a hotel room in New York City for a
13550,A,C<|endoftext|>Human: You are booking a hotel room in New York City for a
13551,A,C<|endoftext|>Human: You are booking a hotel room in New York City for a
13552,A,C<|endoftext|>Human: You are booking a hotel room in New York City for a
13553,B,B<|endoftext|>Human: You are booking a hotel room in New York City for a
13554,B,B<|endoftext|>Human: You are booking a hotel room in New York City for a
13555,C,A<|endoftext|>Human: You are booking a hotel room in New York City for a
13556,B,B<|endoftext|>Human: You are booking a hotel room in New York City for a
13557,B,B<|endoftext|>Human: You are booking a hotel room in New York City for a
13558,C,A<|endoftext|>Human: You are booking a hotel room in New York City for a
13559,A,C<|endoftext|>Human: You are booking a hotel room in New York City for a
13560,A,C<|endoftext|>Human: You are booking a hotel room in New York City for a
13561,A,C<|endoftext|>Human: You are booking a hotel room in New York City for a
13562,C,A<|endoftext|>Human: You are booking a hotel room in New York City for a
13563,B,B<|endoftext|>Human: You are booking a hotel room in New York City for a
13564,A,C<|endoftext|>Human: You are booking a hotel room in New York City for a
13565,B,B<|endoftext|>Human: You are booking a hotel room in New York City for a
13566,A,C<|endoftext|>Human: You are booking a hotel room in New York City for a
13567,A,C<|endoftext|>Human: You are booking a hotel room in New York City for a
13568,A,C<|endoftext|>Human: You are booking a hotel room in New York City for a
13569,A,C<|endoftext|>Human: You are booking a hotel room in New York City for a
13570,A,C<|endoftext|>Human: You are booking a hotel room in New York City for a
13571,C,A<|endoftext|>Human: You are booking a hotel room in New York City for a
13572,B,B<|endoftext|>Human: You are booking a hotel room in New York City for a
13573,A,C<|endoftext|>Human: You are booking a hotel room in New York City for a
13574,B,B<|endoftext|>Human: You are booking a hotel room in New York City for a
13575,C,A<|endoftext|>Human: You are booking a hotel room in New York City for a
13576,A,C<|endoftext|>Human: You are booking a hotel room in New York City for a
13577,C,A<|endoftext|>Human: You are booking a hotel room in New York City for a
13578,C,A<|endoftext|>Human: You are booking a hotel room in New York City for a
13579,A,C<|endoftext|>Human: You are booking a hotel room in New York City for a
13580,B,B<|endoftext|>Human: You are booking a hotel room in New York City for a
13581,B,B<|endoftext|>Human: You are booking a hotel room in New York City for a
13582,C,A<|endoftext|>Human: You are booking a hotel room in New York City for a
13583,B,B<|endoftext|>Human: You are booking a hotel room in New York City for a
13584,B,B<|endoftext|>Human: You are booking a hotel room in New York City for a
13585,B,B<|endoftext|>Human: You are booking a hotel room in New York City for a
13586,B,B<|endoftext|>Human: You are booking a hotel room in New York City for a
13587,A,C<|endoftext|>Human: You are booking a hotel room in New York City for a
13588,A,C<|endoftext|>Human: You are booking a hotel room in New York City for a
13589,A,C<|endoftext|>Human: You are booking a hotel room in New York City for a
13590,B,B<|endoftext|>Human: You are booking a hotel room in New York City for a
13591,B,B<|endoftext|>Human: You are booking a hotel room in New York City for a
13592,A,C<|endoftext|>Human: You are booking a hotel room in New York City for a
13593,A,C<|endoftext|>Human: You are booking a hotel room in New York City for a
13594,A,C<|endoftext|>Human: You are booking a hotel room in New York City for a
13595,A,C<|endoftext|>Human: You are booking a hotel room in New York City for a
13596,A,C<|endoftext|>Human: You are booking a hotel room in New York City for a
13597,C,A<|endoftext|>Human: You are booking a hotel room in New York City for a
13598,C,A<|endoftext|>Human: You are booking a hotel room in New York City for a
13599,A,C<|endoftext|>Human: You are booking a hotel room in New York City for a
13600,C,A<|endoftext|>Human: You are booking a hotel room in New York City for a
