task_id,task_type,group_id,rep,a_hotel_id,a_name,a_stars,a_neighborhood,a_review_score,a_review_count,a_room_type,a_cancellation_free,a_breakfast_included,a_amenities,a_price,b_hotel_id,b_name,b_stars,b_neighborhood,b_review_score,b_review_count,b_room_type,b_cancellation_free,b_breakfast_included,b_amenities,b_price,c_hotel_id,c_name,c_stars,c_neighborhood,c_review_score,c_review_count,c_room_type,c_cancellation_free,c_breakfast_included,c_amenities,c_price
1,binary,1,1,1,Pod 51,2,Midtown East,7.8,5602,Full Pod (1 twin bed),0,0,Free WiFi; Air conditioning,89,30,Courtyard by Marriott Manhattan/Central Park,4,Midtown,8.2,2793,King Room (1 king bed),1,0,Free WiFi; Fitness center; Restaurant,303,,,,,,,,,,,
5,binary,2,1,1,Pod 51,2,Midtown East,8.0,5244,Full Pod (1 twin bed),0,0,Free WiFi; Air conditioning,114,42,Virgin Hotels New York City,4,NoMad,8.7,937,Chamber King (1 king bed),0,0,Free WiFi; Restaurant; Rooftop bar; Fitness center,214,,,,,,,,,,,
9,binary,3,1,1,Pod 51,2,Midtown East,7.8,4732,Full Pod (1 twin bed),0,0,Free WiFi; Air conditioning,82,67,Equinox Hotel New York,5,Hudson Yards,8.9,911,King Room (1 king bed),0,0,Free WiFi; Rooftop pool; Spa; Fitness center; Restaurant,783,,,,,,,,,,,
13,binary,4,1,1,Pod 51,2,Midtown East,7.7,5494,Queen Pod (1 queen bed),0,0,Free WiFi; Air conditioning,112,110,The Westin New York Grand Central,4,Midtown East,8.0,2895,King Room (1 king bed),0,1,Free WiFi; Restaurant; Fitness center; Heavenly Bed,371,,,,,,,,,,,
17,binary,5,1,2,Pod 39,3,Murray Hill,8.0,2699,Queen Pod (1 queen bed),1,0,Free WiFi; Rooftop bar; Restaurant,106,27,citizenM New York Bowery,4,Lower East Side,8.7,3186,citizenM King Room (1 king bed),1,0,Free WiFi; Rain shower; Rooftop bar; Smart TV,241,,,,,,,,,,,
21,binary,6,1,2,Pod 39,3,Murray Hill,7.9,2644,Full Bunk Pod (1 bunk bed),1,0,Free WiFi; Rooftop bar; Restaurant,95,28,citizenM New York Times Square,4,Times Square,8.5,2934,citizenM King Room (1 king bed),0,0,Free WiFi; Soundproof rooms; Rain shower; Smart TV,150,,,,,,,,,,,
25,binary,7,1,2,Pod 39,3,Murray Hill,7.9,2687,Full Bunk Pod (1 bunk bed),0,0,Free WiFi; Rooftop bar; Restaurant,107,149,Lotte New York Palace,5,Midtown East,8.4,2158,Deluxe King (1 king bed),0,1,Free WiFi; Fitness center; Restaurant; Bar; Spa,481,,,,,,,,,,,
29,binary,8,1,2,Pod 39,3,Murray Hill,7.8,2778,Queen Pod (1 queen bed),0,0,Free WiFi; Rooftop bar; Restaurant,127,173,"The Lexington Hotel, Autograph Collection",4,Midtown East,8.2,2752,King Room (1 king bed),1,0,Free WiFi; Fitness center; Restaurant; Bar,285,,,,,,,,,,,
33,binary,9,1,3,Now Now NoHo,2,NoHo,7.6,807,Double Pod (1 double bed),0,0,Free WiFi; Shared lounge,116,21,Courtyard by Marriott Times Square West,3,Midtown West,8.1,2368,King Room (1 king bed),1,0,Free WiFi; Restaurant; Fitness center,173,,,,,,,,,,,
37,binary,10,1,3,Now Now NoHo,2,NoHo,7.5,814,Pod Room (1 single bed),1,0,Free WiFi; Shared lounge,131,43,Arlo NoMad,4,NoMad,8.0,2574,Queen Room (1 queen bed),0,0,Free WiFi; Rooftop bar; Restaurant,290,,,,,,,,,,,
41,binary,11,1,3,Now Now NoHo,2,NoHo,7.6,834,Double Pod (1 double bed),0,0,Free WiFi; Shared lounge,144,69,Hampton Inn Manhattan/Times Square South,3,Times Square,8.2,3055,King Room (1 king bed),0,0,Free WiFi; Breakfast included; Fitness center,194,,,,,,,,,,,
45,binary,12,1,3,Now Now NoHo,2,NoHo,7.7,724,Double Pod (1 double bed),0,0,Free WiFi; Shared lounge,126,124,"The Beekman, A Thompson Hotel",5,Financial District,8.7,1540,King Room (1 king bed),0,0,Free WiFi; Restaurant; Bar; Fitness center; Historic atrium,520,,,,,,,,,,,
49,binary,13,1,3,Now Now NoHo,2,NoHo,7.4,760,Pod Room (1 single bed),0,0,Free WiFi; Shared lounge,161,125,Wyndham New Yorker Hotel,3,Midtown,7.4,3845,Queen Room (1 queen bed),0,0,Free WiFi; Fitness center,228,,,,,,,,,,,
53,binary,14,1,3,Now Now NoHo,2,NoHo,7.5,803,Pod Room (1 single bed),0,0,Free WiFi; Shared lounge,115,154,Walker Hotel Greenwich Village,4,Greenwich Village,8.5,727,Queen Room (1 queen bed),1,0,Free WiFi; Restaurant,262,,,,,,,,,,,
57,binary,15,1,3,Now Now NoHo,2,NoHo,7.4,847,Double Pod (1 double bed),0,0,Free WiFi; Shared lounge,165,162,McCarren Hotel & Pool,4,"Williamsburg, Brooklyn",8.0,730,Queen Room (1 queen bed),0,1,Free WiFi; Pool; Restaurant,190,,,,,,,,,,,
61,binary,16,1,4,Radio Hotel,2,Washington Heights,7.9,1222,Standard King (1 king bed),1,0,Free WiFi; Restaurant; Bar,77,11,Moxy NYC Lower East Side,3,Lower East Side,8.1,1308,Queen Room (1 queen bed),0,0,Free WiFi; Rooftop bar; Restaurant,208,,,,,,,,,,,
65,binary,17,1,4,Radio Hotel,2,Washington Heights,8.2,1111,Standard King (1 king bed),1,0,Free WiFi; Restaurant; Bar,132,22,Hampton Inn Manhattan Times Square Central,3,Times Square,8.5,3697,Double Room (2 double beds),1,1,Free WiFi; Breakfast included; Fitness center,257,,,,,,,,,,,
69,binary,18,1,4,Radio Hotel,2,Washington Heights,7.9,1306,Standard King (1 king bed),0,0,Free WiFi; Restaurant; Bar,108,61,The Whitby Hotel,5,Upper Midtown,9.5,834,Deluxe King (1 king bed),0,0,Free WiFi; Restaurant; Screening room; Gym,772,,,,,,,,,,,
73,binary,19,1,4,Radio Hotel,2,Washington Heights,7.9,1131,Standard King (1 king bed),0,0,Free WiFi; Restaurant; Bar,87,66,The Plaza,5,Midtown,8.4,3769,Deluxe King (1 king bed),1,0,Free WiFi; Spa; Restaurant; Fitness center; Palm Court,808,,,,,,,,,,,
77,binary,20,1,4,Radio Hotel,2,Washington Heights,8.0,1272,Standard King (1 king bed),0,0,Free WiFi; Restaurant; Bar,75,90,InterContinental New York Times Square,5,Times Square,8.5,2689,King Room (1 king bed),0,0,Free WiFi; Fitness center; Restaurant; Bar; Spa,486,,,,,,,,,,,
81,binary,21,1,4,Radio Hotel,2,Washington Heights,8.0,1130,Standard King (1 king bed),1,0,Free WiFi; Restaurant; Bar,82,146,Mandarin Oriental New York,5,Upper West Side,9.0,954,Hudson River View King (1 king bed),1,0,Free WiFi; Fitness center; Restaurant; Bar; Spa; Pool,915,,,,,,,,,,,
85,binary,22,1,4,Radio Hotel,2,Washington Heights,8.2,1281,Standard King (1 king bed),0,0,Free WiFi; Restaurant; Bar,99,166,Z Hotel New York,3,"Long Island City, Queens",7.9,1264,King Room (1 king bed),1,1,Free WiFi; Rooftop bar,175,,,,,,,,,,,
89,binary,23,1,5,Carlton Arms Hotel,2,Gramercy,7.3,977,Standard Room (1 twin bed),0,0,Free WiFi,87,49,The Hotel Chelsea,4,Chelsea,8.5,1291,King Room (1 king bed),1,0,Free WiFi; Restaurant; Concierge; Fitness center,393,,,,,,,,,,,
93,binary,24,1,6,Hotel Wolcott,2,Midtown,7.7,1630,Standard Double (2 double beds),0,0,Free WiFi; Fitness center,104,49,The Hotel Chelsea,4,Chelsea,8.7,1189,King Room (1 king bed),1,1,Free WiFi; Restaurant; Concierge; Fitness center,260,,,,,,,,,,,
97,binary,25,1,6,Hotel Wolcott,2,Midtown,7.6,1528,Standard Double (2 double beds),0,0,Free WiFi; Fitness center,112,54,The Wall Street Hotel,4,Financial District,8.6,633,Pearl Suite (1 king bed),0,0,Free WiFi; Restaurant; Bar; Fitness center,501,,,,,,,,,,,
101,binary,26,1,6,Hotel Wolcott,2,Midtown,7.6,1587,Standard Double (2 double beds),0,0,Free WiFi; Fitness center,111,68,Hampton Inn Manhattan-Chelsea,3,Chelsea,8.0,2849,Double Room (2 double beds),1,1,Free WiFi; Breakfast included; Fitness center,217,,,,,,,,,,,
105,binary,27,1,6,Hotel Wolcott,2,Midtown,7.4,1523,Standard Double (2 double beds),1,0,Free WiFi; Fitness center,107,165,Hotel Le Bleu,3,"Park Slope, Brooklyn",7.9,512,Queen Room (1 queen bed),1,0,Free WiFi; Restaurant,215,,,,,,,,,,,
109,binary,28,1,7,voco Times Square South,3,Hell's Kitchen,8.1,1528,Standard Queen (1 queen bed),0,0,Free WiFi; Restaurant; Fitness center,137,19,Romer Hell's Kitchen,3,Hell's Kitchen,8.0,698,Studio King (1 king bed),1,0,Free WiFi; Fitness center,212,,,,,,,,,,,
113,binary,29,1,7,voco Times Square South,3,Hell's Kitchen,8.0,1406,Standard King (1 king bed),1,0,Free WiFi; Restaurant; Fitness center,148,48,Kimpton Theta New York,4,Times Square,8.2,697,Standard King (1 king bed),1,0,Free WiFi; Wine hour; Fitness center,281,,,,,,,,,,,
117,binary,30,1,7,voco Times Square South,3,Hell's Kitchen,7.9,1507,Standard Queen (1 queen bed),0,0,Free WiFi; Restaurant; Fitness center,158,106,AC Hotel New York Times Square,4,Times Square,8.4,1846,King Room (1 king bed),0,0,Free WiFi; Fitness center; Restaurant; Bar,191,,,,,,,,,,,
121,binary,31,1,7,voco Times Square South,3,Hell's Kitchen,7.9,1530,Standard King (1 king bed),0,0,Free WiFi; Restaurant; Fitness center,109,170,Renaissance New York Midtown Hotel,4,Midtown,8.3,1994,Double Room (2 double beds),0,0,Free WiFi; Fitness center; Restaurant; Bar,224,,,,,,,,,,,
125,binary,32,1,7,voco Times Square South,3,Hell's Kitchen,8.0,1289,Standard King (1 king bed),0,0,Free WiFi; Restaurant; Fitness center,159,171,New York Marriott Marquis,4,Times Square,7.7,8651,King Room (1 king bed),1,0,Free WiFi; Restaurant; Bar; Fitness center; Theater,333,,,,,,,,,,,
129,binary,33,1,7,voco Times Square South,3,Hell's Kitchen,8.0,1279,Standard Queen (1 queen bed),1,0,Free WiFi; Restaurant; Fitness center,149,175,Conrad New York Midtown,5,Midtown,8.3,1466,Deluxe Suite (1 king bed),1,0,Free WiFi; Fitness center; Restaurant; Bar; Spa,507,,,,,,,,,,,
133,binary,34,1,8,YOTEL New York Times Square,3,Times Square,7.4,7009,Premium Queen Cabin (1 queen bed),1,0,Free WiFi; Fitness center; Terrace,183,22,Hampton Inn Manhattan Times Square Central,3,Times Square,8.4,3341,Double Room (2 double beds),0,1,Free WiFi; Breakfast included; Fitness center,221,,,,,,,,,,,
137,binary,35,1,8,YOTEL New York Times Square,3,Times Square,7.7,6340,First Cabin (1 king bed),0,0,Free WiFi; Fitness center; Terrace,185,25,Hotel Indigo NYC Financial District,3,Financial District,8.1,2112,Standard Queen (1 queen bed),1,1,Free WiFi; Restaurant; Fitness center,206,,,,,,,,,,,
141,binary,36,1,8,YOTEL New York Times Square,3,Times Square,7.7,7049,First Cabin (1 king bed),1,0,Free WiFi; Fitness center; Terrace,202,55,Ink 48 Hotel,5,Hell's Kitchen,8.2,2427,King Room (1 king bed),1,0,Free WiFi; Rooftop bar; Fitness center; City views,414,,,,,,,,,,,
145,binary,37,1,8,YOTEL New York Times Square,3,Times Square,7.4,7065,First Cabin (1 king bed),0,0,Free WiFi; Fitness center; Terrace,168,101,Fairfield Inn & Suites New York Brooklyn,3,Brooklyn,7.7,1083,King Room (1 king bed),1,1,Free WiFi; Breakfast included; Fitness center,177,,,,,,,,,,,
149,binary,38,1,8,YOTEL New York Times Square,3,Times Square,7.7,6583,Premium Queen Cabin (1 queen bed),1,0,Free WiFi; Fitness center; Terrace,201,141,The Greenwich Hotel,5,TriBeCa,9.4,468,Deluxe King (1 king bed),1,0,Free WiFi; Restaurant; Spa; Pool; Fitness center,652,,,,,,,,,,,
153,binary,39,1,9,MOXY NYC Times Square,3,Times Square,7.7,4770,King Room (1 king bed),0,0,Free WiFi; Fitness center; Bar,163,69,Hampton Inn Manhattan/Times Square South,3,Times Square,8.1,2937,Double Room (2 double beds),0,0,Free WiFi; Breakfast included; Fitness center,184,,,,,,,,,,,
157,binary,40,1,9,MOXY NYC Times Square,3,Times Square,7.7,4762,Queen Room (1 queen bed),1,0,Free WiFi; Fitness center; Bar,219,78,Hilton Garden Inn New York/Times Square,3,Times Square,7.9,2452,Double Room (2 double beds),0,0,Free WiFi; Restaurant; Fitness center; Business center,274,,,,,,,,,,,
161,binary,41,1,9,MOXY NYC Times Square,3,Times Square,7.7,4579,Queen Room (1 queen bed),1,0,Free WiFi; Fitness center; Bar,132,90,InterContinental New York Times Square,5,Times Square,8.2,2693,Premium King (1 king bed),1,0,Free WiFi; Fitness center; Restaurant; Bar; Spa,494,,,,,,,,,,,
165,binary,42,1,9,MOXY NYC Times Square,3,Times Square,8.1,4791,Queen Room (1 queen bed),1,0,Free WiFi; Fitness center; Bar,198,126,Ramada by Wyndham New York/Eastside,2,Midtown East,6.9,1976,Queen Room (1 queen bed),0,0,Free WiFi,157,,,,,,,,,,,
169,binary,43,1,10,Moxy NYC Downtown,3,Financial District,8.1,1667,King Room (1 king bed),0,0,Free WiFi; Fitness center; Bar; Restaurant,185,11,Moxy NYC Lower East Side,3,Lower East Side,8.0,1172,Queen Room (1 queen bed),0,0,Free WiFi; Rooftop bar; Restaurant,252,,,,,,,,,,,
173,binary,44,1,10,Moxy NYC Downtown,3,Financial District,8.0,1663,Queen Room (1 queen bed),1,0,Free WiFi; Fitness center; Bar; Restaurant,133,23,Hilton Garden Inn New York/West 35th Street,3,Midtown,8.3,2602,King Room (1 king bed),1,0,Free WiFi; Restaurant; Fitness center; Business center,276,,,,,,,,,,,
177,binary,45,1,10,Moxy NYC Downtown,3,Financial District,8.3,1539,Queen Room (1 queen bed),1,0,Free WiFi; Fitness center; Bar; Restaurant,111,35,LUMA Hotel Times Square,4,Times Square,8.3,2491,Double Room (2 double beds),1,0,Free WiFi; Restaurant; Bar; Fitness center,373,,,,,,,,,,,
181,binary,46,1,10,Moxy NYC Downtown,3,Financial District,8.2,1446,Queen Room (1 queen bed),0,0,Free WiFi; Fitness center; Bar; Restaurant,115,55,Ink 48 Hotel,5,Hell's Kitchen,7.9,2649,King Room (1 king bed),0,0,Free WiFi; Rooftop bar; Fitness center; City views,365,,,,,,,,,,,
185,binary,47,1,10,Moxy NYC Downtown,3,Financial District,8.2,1526,Queen Room (1 queen bed),0,0,Free WiFi; Fitness center; Bar; Restaurant,166,105,Residence Inn New York Downtown Manhattan,3,Financial District,7.9,1029,One-Bedroom Suite (1 king bed),0,1,Free WiFi; Breakfast included; Kitchen; Fitness center,203,,,,,,,,,,,
189,binary,48,1,10,Moxy NYC Downtown,3,Financial District,8.0,1624,King Room (1 king bed),1,0,Free WiFi; Fitness center; Bar; Restaurant,177,120,Hyatt Place New York/Chelsea,3,Chelsea,8.1,1239,Double Room (2 double beds),1,0,Free WiFi; Breakfast; Fitness center,236,,,,,,,,,,,
193,binary,49,1,11,Moxy NYC Lower East Side,3,Lower East Side,8.3,1294,Queen Room (1 queen bed),0,0,Free WiFi; Rooftop bar; Restaurant,210,54,The Wall Street Hotel,4,Financial District,8.6,659,King Room (1 king bed),0,0,Free WiFi; Restaurant; Bar; Fitness center,325,,,,,,,,,,,
197,binary,50,1,11,Moxy NYC Lower East Side,3,Lower East Side,8.1,1214,Queen Room (1 queen bed),1,0,Free WiFi; Rooftop bar; Restaurant,244,124,"The Beekman, A Thompson Hotel",5,Financial District,8.9,1436,Turret Suite (1 king bed),0,0,Free WiFi; Restaurant; Bar; Fitness center; Historic atrium,326,,,,,,,,,,,
201,binary,51,1,11,Moxy NYC Lower East Side,3,Lower East Side,8.0,1303,Queen Room (1 queen bed),0,0,Free WiFi; Rooftop bar; Restaurant,136,129,Best Western Plus Hospitality House Suites,3,Midtown East,7.7,1422,One-Bedroom Suite (1 king bed),1,0,Free WiFi; Kitchen; Fitness center,252,,,,,,,,,,,
205,binary,52,1,11,Moxy NYC Lower East Side,3,Lower East Side,8.1,1179,Queen Room (1 queen bed),0,0,Free WiFi; Rooftop bar; Restaurant,243,153,The Renwick Hotel,4,Midtown East,8.4,918,Queen Room (1 queen bed),1,0,Free WiFi; Restaurant; Bar,374,,,,,,,,,,,
209,binary,53,1,11,Moxy NYC Lower East Side,3,Lower East Side,8.2,1129,King Room (1 king bed),0,0,Free WiFi; Rooftop bar; Restaurant,200,155,Walker Hotel Tribeca,4,TriBeCa,8.2,526,Queen Room (1 queen bed),1,0,Free WiFi; Restaurant,296,,,,,,,,,,,
213,binary,54,1,12,Moxy NYC East Village,3,East Village,8.2,1082,King Room (1 king bed),1,0,Free WiFi; Rooftop bar; Restaurant,247,103,Residence Inn New York Manhattan/Times Square,3,Times Square,8.0,1711,One-Bedroom Suite (1 king bed),1,1,Free WiFi; Breakfast included; Kitchen; Fitness center,279,,,,,,,,,,,
217,binary,55,1,12,Moxy NYC East Village,3,East Village,7.9,1175,King Room (1 king bed),0,0,Free WiFi; Rooftop bar; Restaurant,215,114,Sheraton Brooklyn New York Hotel,4,Downtown Brooklyn,7.7,1492,King Room (1 king bed),1,0,Free WiFi; Restaurant; Fitness center; Pool,255,,,,,,,,,,,
221,binary,56,1,12,Moxy NYC East Village,3,East Village,7.9,1144,Queen Room (1 queen bed),1,0,Free WiFi; Rooftop bar; Restaurant,133,125,Wyndham New Yorker Hotel,3,Midtown,7.5,3998,Double Room (2 double beds),0,1,Free WiFi; Fitness center,217,,,,,,,,,,,
225,binary,57,1,13,Aloft New York Chelsea,3,Chelsea,8.3,1719,Savvy Queen Room (1 queen bed),0,0,Free WiFi; Fitness center; Bar,241,20,SpringHill Suites by Marriott Midtown Manhattan,3,Midtown,8.2,3056,Suite (1 king bed),1,1,Free WiFi; Breakfast; Fitness center,147,,,,,,,,,,,
229,binary,58,1,13,Aloft New York Chelsea,3,Chelsea,8.4,1823,Savvy Queen Room (1 queen bed),1,0,Free WiFi; Fitness center; Bar,142,43,Arlo NoMad,4,NoMad,8.1,2398,King Room (1 king bed),1,0,Free WiFi; Rooftop bar; Restaurant,203,,,,,,,,,,,
233,binary,59,1,13,Aloft New York Chelsea,3,Chelsea,8.5,1889,Savvy King Room (1 king bed),0,0,Free WiFi; Fitness center; Bar,137,63,Baccarat Hotel and Residences New York,5,Midtown,9.0,681,Classic King (1 king bed),1,0,Free WiFi; Spa; Pool; Restaurant; Bar,949,,,,,,,,,,,
237,binary,60,1,13,Aloft New York Chelsea,3,Chelsea,8.4,1729,Savvy Queen Room (1 queen bed),0,0,Free WiFi; Fitness center; Bar,243,85,Holiday Inn New York City - Wall Street,3,Financial District,7.6,1820,King Room (1 king bed),0,0,Free WiFi; Fitness center,129,,,,,,,,,,,
241,binary,61,1,13,Aloft New York Chelsea,3,Chelsea,8.4,1727,Savvy Queen Room (1 queen bed),1,0,Free WiFi; Fitness center; Bar,212,178,Loews Regency Hotel New York,5,Upper East Side,8.6,1132,Deluxe King (1 king bed),1,1,Free WiFi; Fitness center; Restaurant; Bar; Spa,741,,,,,,,,,,,
245,binary,62,1,14,Margaritaville Resort Times Square,3,Midtown West,7.7,2111,Standard King (1 king bed),1,0,Free WiFi; Pool; Bar; Restaurant,86,61,The Whitby Hotel,5,Upper Midtown,9.2,860,Deluxe King (1 king bed),0,0,Free WiFi; Restaurant; Screening room; Gym,737,,,,,,,,,,,
249,binary,63,1,14,Margaritaville Resort Times Square,3,Midtown West,7.5,2146,Standard King (1 king bed),1,0,Free WiFi; Pool; Bar; Restaurant,176,62,Four Seasons Hotel New York Downtown,5,TriBeCa,9.0,515,Premier King with City View (1 king bed),1,0,Free WiFi; Spa; Pool; Restaurant; Fitness center,642,,,,,,,,,,,
253,binary,64,1,14,Margaritaville Resort Times Square,3,Midtown West,7.7,2077,Standard Double (2 double beds),0,0,Free WiFi; Pool; Bar; Restaurant,122,101,Fairfield Inn & Suites New York Brooklyn,3,Brooklyn,7.5,1290,Double Room (2 double beds),1,1,Free WiFi; Breakfast included; Fitness center,186,,,,,,,,,,,
257,binary,65,1,15,Millennium Broadway Times Square,3,Times Square,7.3,3685,Superior King (1 king bed),0,0,Free WiFi; Fitness center; Restaurant,142,51,Nine Orchard,4,Lower East Side,8.8,707,Deluxe King (1 king bed),1,1,Free WiFi; Restaurant; Spa,360,,,,,,,,,,,
261,binary,66,1,15,Millennium Broadway Times Square,3,Times Square,7.4,3986,Standard Queen (1 queen bed),0,0,Free WiFi; Fitness center; Restaurant,147,69,Hampton Inn Manhattan/Times Square South,3,Times Square,8.3,3015,King Room (1 king bed),0,1,Free WiFi; Breakfast included; Fitness center,302,,,,,,,,,,,
265,binary,67,1,15,Millennium Broadway Times Square,3,Times Square,7.6,3713,Standard Queen (1 queen bed),1,0,Free WiFi; Fitness center; Restaurant,98,114,Sheraton Brooklyn New York Hotel,4,Downtown Brooklyn,7.7,1368,Double Room (2 double beds),1,1,Free WiFi; Restaurant; Fitness center; Pool,175,,,,,,,,,,,
269,binary,68,1,15,Millennium Broadway Times Square,3,Times Square,7.5,3490,Standard Queen (1 queen bed),0,1,Free WiFi; Fitness center; Restaurant,169,125,Wyndham New Yorker Hotel,3,Midtown,7.3,3910,King Room (1 king bed),1,0,Free WiFi; Fitness center,158,,,,,,,,,,,
273,binary,69,1,15,Millennium Broadway Times Square,3,Times Square,7.4,3653,Superior King (1 king bed),0,0,Free WiFi; Fitness center; Restaurant,156,143,1 Hotel Brooklyn Bridge,4,Brooklyn Heights,8.8,1935,King Room (1 king bed),1,0,Free WiFi; Rooftop pool; Restaurant; Spa,519,,,,,,,,,,,
277,binary,70,1,16,Broadway Plaza Hotel,3,Upper West Side,9.2,1810,One-Bedroom Suite (1 king bed),1,0,Free WiFi; Kitchenette,106,66,The Plaza,5,Midtown,8.3,3662,Deluxe King (1 king bed),1,0,Free WiFi; Spa; Restaurant; Fitness center; Palm Court,1336,,,,,,,,,,,
281,binary,71,1,16,Broadway Plaza Hotel,3,Upper West Side,9.1,2049,Studio (1 queen bed),1,0,Free WiFi; Kitchenette,159,75,Hilton Garden Inn New York/Midtown Park Avenue,3,Midtown East,8.1,2348,King Room (1 king bed),0,0,Free WiFi; Restaurant; Fitness center; Business center,181,,,,,,,,,,,
285,binary,72,1,16,Broadway Plaza Hotel,3,Upper West Side,9.2,2027,One-Bedroom Suite (1 king bed),0,0,Free WiFi; Kitchenette,138,88,Crowne Plaza HY36 Midtown Manhattan,4,Midtown,8.5,2032,King Room (1 king bed),1,0,Free WiFi; Fitness center; Restaurant; Bar,370,,,,,,,,,,,
289,binary,73,1,16,Broadway Plaza Hotel,3,Upper West Side,9.3,1906,One-Bedroom Suite (1 king bed),0,0,Free WiFi; Kitchenette,91,168,The Boro Hotel,4,"Long Island City, Queens",8.4,850,King Room (1 king bed),1,0,Free WiFi; Bar; Manhattan views,186,,,,,,,,,,,
293,binary,74,1,17,The Hotel at Fifth Avenue,3,Midtown,8.1,1832,Standard Queen (1 queen bed),0,0,Free WiFi; Fitness center,158,33,MADE Hotel,4,Midtown,9.0,2161,Queen Room (1 queen bed),0,0,Free WiFi; Rooftop bar; Allergy-free rooms,286,,,,,,,,,,,
297,binary,75,1,17,The Hotel at Fifth Avenue,3,Midtown,8.2,1905,Standard Queen (1 queen bed),1,0,Free WiFi; Fitness center,182,40,Hard Rock Hotel New York,4,Midtown,8.6,1802,Double Room (2 double beds),0,0,Free WiFi; Restaurant; Fitness center; Bar,333,,,,,,,,,,,
301,binary,76,1,17,The Hotel at Fifth Avenue,3,Midtown,8.1,1633,Standard Queen (1 queen bed),1,0,Free WiFi; Fitness center,161,50,Ace Hotel Brooklyn,4,"Boerum Hill, Brooklyn",8.5,1079,Standard King (1 king bed),0,0,Free WiFi; Restaurant; Lobby bar,254,,,,,,,,,,,
305,binary,77,1,17,The Hotel at Fifth Avenue,3,Midtown,8.0,1623,Deluxe King (1 king bed),1,0,Free WiFi; Fitness center,105,54,The Wall Street Hotel,4,Financial District,8.8,662,Pearl Suite (1 king bed),1,0,Free WiFi; Restaurant; Bar; Fitness center,425,,,,,,,,,,,
309,binary,78,1,17,The Hotel at Fifth Avenue,3,Midtown,8.0,1777,Standard Queen (1 queen bed),1,0,Free WiFi; Fitness center,187,96,Courtyard by Marriott New York Manhattan/SoHo,3,SoHo,8.4,1290,King Room (1 king bed),1,0,Free WiFi; Fitness center; Restaurant,258,,,,,,,,,,,
313,binary,79,1,17,The Hotel at Fifth Avenue,3,Midtown,8.1,1843,Standard Queen (1 queen bed),0,0,Free WiFi; Fitness center,189,112,Sheraton New York Times Square Hotel,4,Times Square,7.4,5541,Double Room (2 double beds),1,0,Free WiFi; Fitness center; Restaurant; Bar,316,,,,,,,,,,,
317,binary,80,1,17,The Hotel at Fifth Avenue,3,Midtown,7.8,1954,Standard Queen (1 queen bed),1,0,Free WiFi; Fitness center,183,140,NoMo SoHo,4,SoHo,8.1,1028,Queen Room (1 queen bed),1,0,Free WiFi; Restaurant; Bar,298,,,,,,,,,,,
321,binary,81,1,17,The Hotel at Fifth Avenue,3,Midtown,8.2,1858,Deluxe King (1 king bed),0,0,Free WiFi; Fitness center,154,157,Hotel Hugo,4,SoHo,8.1,1174,King Room (1 king bed),0,0,Free WiFi; Rooftop bar; Restaurant,283,,,,,,,,,,,
325,binary,82,1,18,The Lucerne Hotel,3,Upper West Side,8.2,2264,Classic Queen (1 queen bed),1,0,Free WiFi; Restaurant; Fitness center,161,91,InterContinental New York Barclay,5,Midtown East,8.5,1710,Deluxe King (1 king bed),0,0,Free WiFi; Fitness center; Restaurant; Bar; Spa,684,,,,,,,,,,,
329,binary,83,1,18,The Lucerne Hotel,3,Upper West Side,8.4,2241,Deluxe King (1 king bed),0,0,Free WiFi; Restaurant; Fitness center,133,93,Kimpton Muse Hotel,4,Times Square,8.4,1203,Queen Room (1 queen bed),1,0,Free WiFi; Restaurant; Bar; Wine hour,236,,,,,,,,,,,
333,binary,84,1,18,The Lucerne Hotel,3,Upper West Side,8.5,2455,Deluxe King (1 king bed),0,0,Free WiFi; Restaurant; Fitness center,144,120,Hyatt Place New York/Chelsea,3,Chelsea,7.9,1124,Double Room (2 double beds),1,0,Free WiFi; Breakfast; Fitness center,142,,,,,,,,,,,
337,binary,85,1,18,The Lucerne Hotel,3,Upper West Side,8.1,2411,Deluxe King (1 king bed),1,0,Free WiFi; Restaurant; Fitness center,178,131,Freehand New York,3,Flatiron,7.9,1786,King Room (1 king bed),0,0,Free WiFi; Restaurant; Bar; Rooftop,140,,,,,,,,,,,
341,binary,86,1,19,Romer Hell's Kitchen,3,Hell's Kitchen,8.2,714,Studio Queen (1 queen bed),0,0,Free WiFi; Fitness center,203,71,Hampton Inn Manhattan-35th St/Empire State Bldg,3,Midtown,8.3,2388,King Room (1 king bed),1,1,Free WiFi; Breakfast included; Fitness center,202,,,,,,,,,,,
345,binary,87,1,19,Romer Hell's Kitchen,3,Hell's Kitchen,8.1,640,Studio Queen (1 queen bed),1,0,Free WiFi; Fitness center,251,116,Hyatt Centric Midtown 5th Avenue New York,4,Midtown,8.4,1622,Queen Room (1 queen bed),0,0,Free WiFi; Fitness center; Restaurant; Bar,354,,,,,,,,,,,
349,binary,88,1,19,Romer Hell's Kitchen,3,Hell's Kitchen,8.2,621,Studio King (1 king bed),1,0,Free WiFi; Fitness center,173,157,Hotel Hugo,4,SoHo,8.1,1319,King Room (1 king bed),0,0,Free WiFi; Rooftop bar; Restaurant,352,,,,,,,,,,,
353,binary,89,1,19,Romer Hell's Kitchen,3,Hell's Kitchen,8.1,617,Studio Queen (1 queen bed),0,0,Free WiFi; Fitness center,262,173,"The Lexington Hotel, Autograph Collection",4,Midtown East,8.0,2864,Double Room (2 double beds),0,0,Free WiFi; Fitness center; Restaurant; Bar,386,,,,,,,,,,,
357,binary,90,1,20,SpringHill Suites by Marriott Midtown Manhattan,3,Midtown,8.3,3112,Suite (1 king bed),1,1,Free WiFi; Breakfast; Fitness center,288,50,Ace Hotel Brooklyn,4,"Boerum Hill, Brooklyn",8.4,1099,Standard King (1 king bed),1,0,Free WiFi; Restaurant; Lobby bar,288,,,,,,,,,,,
361,binary,91,1,20,SpringHill Suites by Marriott Midtown Manhattan,3,Midtown,8.0,3255,Suite (1 king bed),1,1,Free WiFi; Breakfast; Fitness center,282,88,Crowne Plaza HY36 Midtown Manhattan,4,Midtown,8.5,2293,Double Room (2 double beds),0,0,Free WiFi; Fitness center; Restaurant; Bar,221,,,,,,,,,,,
365,binary,92,1,20,SpringHill Suites by Marriott Midtown Manhattan,3,Midtown,8.2,3148,Suite (1 king bed),1,1,Free WiFi; Breakfast; Fitness center,288,101,Fairfield Inn & Suites New York Brooklyn,3,Brooklyn,7.7,1204,Double Room (2 double beds),1,0,Free WiFi; Breakfast included; Fitness center,214,,,,,,,,,,,
369,binary,93,1,20,SpringHill Suites by Marriott Midtown Manhattan,3,Midtown,8.0,3487,Suite (2 double beds),0,1,Free WiFi; Breakfast; Fitness center,206,133,HI New York City Hostel,1,Upper West Side,7.2,2946,Dorm Bed (1 bunk bed),0,0,Free WiFi; Shared kitchen; Lounge,74,,,,,,,,,,,
373,binary,94,1,21,Courtyard by Marriott Times Square West,3,Midtown West,8.1,2285,King Room (1 king bed),0,0,Free WiFi; Restaurant; Fitness center,212,31,New Yorker by Lotte Hotels,4,Midtown,9.1,14024,Deluxe King (1 king bed),1,0,Free WiFi; Fitness center; Restaurant; Bar,206,,,,,,,,,,,
377,binary,95,1,21,Courtyard by Marriott Times Square West,3,Midtown West,8.0,2075,Double Room (2 double beds),1,0,Free WiFi; Restaurant; Fitness center,161,38,Casablanca Hotel by Library Hotel Collection,4,Theater District,9.2,1380,Classic Queen (1 queen bed),0,1,Free WiFi; Continental breakfast; 24-hour refreshments,434,,,,,,,,,,,
381,binary,96,1,21,Courtyard by Marriott Times Square West,3,Midtown West,8.2,2016,Double Room (2 double beds),0,0,Free WiFi; Restaurant; Fitness center,255,156,The Hoxton Williamsburg,4,"Williamsburg, Brooklyn",8.3,941,Queen Room (1 queen bed),0,0,Free WiFi; Restaurant; Rooftop bar,256,,,,,,,,,,,
385,binary,97,1,22,Hampton Inn Manhattan Times Square Central,3,Times Square,8.6,3824,Double Room (2 double beds),1,1,Free WiFi; Breakfast included; Fitness center,185,66,The Plaza,5,Midtown,8.5,4122,Superior King (1 king bed),0,0,Free WiFi; Spa; Restaurant; Fitness center; Palm Court,1456,,,,,,,,,,,
389,binary,98,1,22,Hampton Inn Manhattan Times Square Central,3,Times Square,8.6,3423,Double Room (2 double beds),0,0,Free WiFi; Breakfast included; Fitness center,221,91,InterContinental New York Barclay,5,Midtown East,8.6,1584,Premium King (1 king bed),0,1,Free WiFi; Fitness center; Restaurant; Bar; Spa,448,,,,,,,,,,,
393,binary,99,1,22,Hampton Inn Manhattan Times Square Central,3,Times Square,8.4,3414,King Room (1 king bed),0,1,Free WiFi; Breakfast included; Fitness center,272,105,Residence Inn New York Downtown Manhattan,3,Financial District,8.0,1097,One-Bedroom Suite (1 king bed),1,0,Free WiFi; Breakfast included; Kitchen; Fitness center,256,,,,,,,,,,,
397,binary,100,1,22,Hampton Inn Manhattan Times Square Central,3,Times Square,8.6,3265,Double Room (2 double beds),1,1,Free WiFi; Breakfast included; Fitness center,304,131,Freehand New York,3,Flatiron,8.1,1847,Queen Room (1 queen bed),0,1,Free WiFi; Restaurant; Bar; Rooftop,173,,,,,,,,,,,
401,binary,101,1,22,Hampton Inn Manhattan Times Square Central,3,Times Square,8.4,3168,Double Room (2 double beds),0,1,Free WiFi; Breakfast included; Fitness center,248,165,Hotel Le Bleu,3,"Park Slope, Brooklyn",7.9,492,King Room (1 king bed),1,0,Free WiFi; Restaurant,139,,,,,,,,,,,
405,binary,102,1,23,Hilton Garden Inn New York/West 35th Street,3,Midtown,8.2,2558,Double Room (2 double beds),1,0,Free WiFi; Restaurant; Fitness center; Business center,238,53,The Ned NoMad,4,NoMad,8.4,827,Medium Room (1 king bed),0,1,Free WiFi; Restaurant; Rooftop pool; Members club,501,,,,,,,,,,,
409,binary,103,1,23,Hilton Garden Inn New York/West 35th Street,3,Midtown,8.2,2911,King Room (1 king bed),0,0,Free WiFi; Restaurant; Fitness center; Business center,199,69,Hampton Inn Manhattan/Times Square South,3,Times Square,8.2,3173,King Room (1 king bed),1,1,Free WiFi; Breakfast included; Fitness center,321,,,,,,,,,,,
413,binary,104,1,23,Hilton Garden Inn New York/West 35th Street,3,Midtown,8.1,2739,Double Room (2 double beds),1,1,Free WiFi; Restaurant; Fitness center; Business center,241,94,EVEN Hotel New York - Times Square South,3,Midtown,8.4,1288,Queen Room (1 queen bed),1,0,Free WiFi; Fitness center; In-room training zone,164,,,,,,,,,,,
417,binary,105,1,23,Hilton Garden Inn New York/West 35th Street,3,Midtown,8.3,3011,King Room (1 king bed),1,0,Free WiFi; Restaurant; Fitness center; Business center,227,122,Park Hyatt New York,5,Midtown,9.0,774,Park King (1 king bed),1,0,Free WiFi; Fitness center; Restaurant; Bar; Spa; Pool,1263,,,,,,,,,,,
421,binary,106,1,23,Hilton Garden Inn New York/West 35th Street,3,Midtown,8.4,2896,Double Room (2 double beds),0,0,Free WiFi; Restaurant; Fitness center; Business center,285,129,Best Western Plus Hospitality House Suites,3,Midtown East,8.0,1486,Studio Suite (1 queen bed),0,0,Free WiFi; Kitchen; Fitness center,223,,,,,,,,,,,
425,binary,107,1,24,Holiday Inn Manhattan-Chelsea,3,Chelsea,7.8,1914,Standard Double (2 double beds),1,0,Free WiFi; Fitness center,232,37,NobleDEN Hotel,4,Little Italy,9.2,926,Deluxe King (1 king bed),0,1,Free WiFi; Restaurant,282,,,,,,,,,,,
429,binary,108,1,25,Hotel Indigo NYC Financial District,3,Financial District,8.1,1934,Standard King (1 king bed),1,0,Free WiFi; Restaurant; Fitness center,238,36,Bryant Park Hotel,4,Midtown,8.3,1546,Deluxe Queen (1 queen bed),0,0,Free WiFi; Fitness center,270,,,,,,,,,,,
433,binary,109,1,25,Hotel Indigo NYC Financial District,3,Financial District,7.8,1985,Standard King (1 king bed),0,1,Free WiFi; Restaurant; Fitness center,202,45,Hotel Scherman,4,Midtown,8.6,678,Premium King (1 king bed),0,0,Free WiFi; Continental breakfast; City views,219,,,,,,,,,,,
437,binary,110,1,25,Hotel Indigo NYC Financial District,3,Financial District,8.0,1965,Standard Queen (1 queen bed),0,0,Free WiFi; Restaurant; Fitness center,166,69,Hampton Inn Manhattan/Times Square South,3,Times Square,8.3,3429,King Room (1 king bed),1,1,Free WiFi; Breakfast included; Fitness center,298,,,,,,,,,,,
441,binary,111,1,25,Hotel Indigo NYC Financial District,3,Financial District,7.8,1974,Standard Queen (1 queen bed),0,1,Free WiFi; Restaurant; Fitness center,189,77,Hilton Garden Inn New York/Central Park South,3,Midtown,8.5,1837,King Room (1 king bed),1,1,Free WiFi; Restaurant; Fitness center; Business center,355,,,,,,,,,,,
445,binary,112,1,25,Hotel Indigo NYC Financial District,3,Financial District,7.9,1931,Standard King (1 king bed),0,1,Free WiFi; Restaurant; Fitness center,222,103,Residence Inn New York Manhattan/Times Square,3,Times Square,8.1,1710,One-Bedroom Suite (1 king bed),1,1,Free WiFi; Breakfast included; Kitchen; Fitness center,301,,,,,,,,,,,
449,binary,113,1,25,Hotel Indigo NYC Financial District,3,Financial District,8.1,1972,Standard King (1 king bed),0,0,Free WiFi; Restaurant; Fitness center,192,174,Moxy NYC Chelsea,3,Chelsea,8.1,1535,King Room (1 king bed),0,0,Free WiFi; Rooftop bar; Restaurant,153,,,,,,,,,,,
453,binary,114,1,26,Hyatt House New York/Chelsea,3,Chelsea,8.4,1646,One-Bedroom Suite (1 king bed),1,1,Free WiFi; Kitchen; Fitness center; Breakfast,289,39,Motto by Hilton New York City Chelsea,4,Chelsea,8.7,2117,King Room (1 king bed),1,0,Free WiFi; Fitness center,194,,,,,,,,,,,
457,binary,115,1,26,Hyatt House New York/Chelsea,3,Chelsea,8.3,1670,King Studio (1 king bed),1,1,Free WiFi; Kitchen; Fitness center; Breakfast,230,53,The Ned NoMad,4,NoMad,8.6,905,Cosy Room (1 queen bed),0,1,Free WiFi; Restaurant; Rooftop pool; Members club,329,,,,,,,,,,,
461,binary,116,1,26,Hyatt House New York/Chelsea,3,Chelsea,8.1,1684,King Studio (1 king bed),0,0,Free WiFi; Kitchen; Fitness center; Breakfast,272,72,Hampton Inn Manhattan-Seaport/Financial District,3,Financial District,8.1,1950,Double Room (2 double beds),1,1,Free WiFi; Breakfast included; Fitness center,227,,,,,,,,,,,
465,binary,117,1,26,Hyatt House New York/Chelsea,3,Chelsea,8.3,1797,One-Bedroom Suite (1 king bed),0,1,Free WiFi; Kitchen; Fitness center; Breakfast,196,98,Courtyard by Marriott New York Manhattan/Upper East Side,3,Upper East Side,8.1,1208,Double Room (2 double beds),1,0,Free WiFi; Fitness center; Restaurant,332,,,,,,,,,,,
469,binary,118,1,26,Hyatt House New York/Chelsea,3,Chelsea,8.3,1868,King Studio (1 king bed),1,0,Free WiFi; Kitchen; Fitness center; Breakfast,302,141,The Greenwich Hotel,5,TriBeCa,9.4,517,Deluxe King (1 king bed),1,0,Free WiFi; Restaurant; Spa; Pool; Fitness center,1063,,,,,,,,,,,
473,binary,119,1,26,Hyatt House New York/Chelsea,3,Chelsea,8.5,1913,King Studio (1 king bed),1,1,Free WiFi; Kitchen; Fitness center; Breakfast,163,164,Even Hotel Brooklyn,3,Downtown Brooklyn,8.3,750,Queen Room (1 queen bed),0,0,Free WiFi; Fitness center,210,,,,,,,,,,,
477,binary,120,1,26,Hyatt House New York/Chelsea,3,Chelsea,8.5,1888,One-Bedroom Suite (1 king bed),1,1,Free WiFi; Kitchen; Fitness center; Breakfast,180,178,Loews Regency Hotel New York,5,Upper East Side,8.6,1156,Deluxe King (1 king bed),0,0,Free WiFi; Fitness center; Restaurant; Bar; Spa,464,,,,,,,,,,,
481,binary,121,1,27,citizenM New York Bowery,4,Lower East Side,8.5,3227,citizenM King Room (1 king bed),1,0,Free WiFi; Rain shower; Rooftop bar; Smart TV,308,50,Ace Hotel Brooklyn,4,"Boerum Hill, Brooklyn",8.5,1140,Standard King (1 king bed),0,0,Free WiFi; Restaurant; Lobby bar,221,,,,,,,,,,,
485,binary,122,1,27,citizenM New York Bowery,4,Lower East Side,8.6,2828,citizenM King Room (1 king bed),0,0,Free WiFi; Rain shower; Rooftop bar; Smart TV,283,88,Crowne Plaza HY36 Midtown Manhattan,4,Midtown,8.7,2219,King Room (1 king bed),1,0,Free WiFi; Fitness center; Restaurant; Bar,242,,,,,,,,,,,
489,binary,123,1,27,citizenM New York Bowery,4,Lower East Side,8.5,3235,citizenM King Room (1 king bed),1,0,Free WiFi; Rain shower; Rooftop bar; Smart TV,215,92,Kimpton Hotel Eventi,4,Chelsea,8.8,1882,King Room (1 king bed),1,0,Free WiFi; Restaurant; Fitness center; Wine hour,242,,,,,,,,,,,
493,binary,124,1,27,citizenM New York Bowery,4,Lower East Side,8.8,2913,citizenM King Room (1 king bed),1,0,Free WiFi; Rain shower; Rooftop bar; Smart TV,266,121,Hyatt Regency Times Square,4,Times Square,7.9,2660,King Room (1 king bed),1,0,Free WiFi; Fitness center; Restaurant; Bar,260,,,,,,,,,,,
497,binary,125,1,27,citizenM New York Bowery,4,Lower East Side,8.8,3135,citizenM King Room (1 king bed),1,0,Free WiFi; Rain shower; Rooftop bar; Smart TV,285,141,The Greenwich Hotel,5,TriBeCa,9.4,540,King Room (1 king bed),0,0,Free WiFi; Restaurant; Spa; Pool; Fitness center,927,,,,,,,,,,,
501,binary,126,1,27,citizenM New York Bowery,4,Lower East Side,8.9,2951,citizenM King Room (1 king bed),1,1,Free WiFi; Rain shower; Rooftop bar; Smart TV,287,166,Z Hotel New York,3,"Long Island City, Queens",7.9,1413,Queen Room (1 queen bed),0,0,Free WiFi; Rooftop bar,190,,,,,,,,,,,
505,binary,127,1,28,citizenM New York Times Square,4,Times Square,8.9,3171,citizenM King Room (1 king bed),0,0,Free WiFi; Soundproof rooms; Rain shower; Smart TV,175,44,CIVILIAN Hotel,4,Midtown West,8.7,1463,King Room (1 king bed),1,0,Free WiFi; Restaurant; Bar,257,,,,,,,,,,,
509,binary,128,1,28,citizenM New York Times Square,4,Times Square,8.9,3413,citizenM King Room (1 king bed),1,0,Free WiFi; Soundproof rooms; Rain shower; Smart TV,255,60,Crosby Street Hotel,5,SoHo,9.3,1146,Luxury King (1 king bed),0,0,Free WiFi; Restaurant; Private theater; Gym; Terrace,1009,,,,,,,,,,,
513,binary,129,1,28,citizenM New York Times Square,4,Times Square,8.9,3216,citizenM King Room (1 king bed),0,0,Free WiFi; Soundproof rooms; Rain shower; Smart TV,310,62,Four Seasons Hotel New York Downtown,5,TriBeCa,9.1,520,Premier King with City View (1 king bed),1,0,Free WiFi; Spa; Pool; Restaurant; Fitness center,546,,,,,,,,,,,
517,binary,130,1,28,citizenM New York Times Square,4,Times Square,8.7,3473,citizenM King Room (1 king bed),0,0,Free WiFi; Soundproof rooms; Rain shower; Smart TV,198,67,Equinox Hotel New York,5,Hudson Yards,8.5,863,Premium King (1 king bed),1,0,Free WiFi; Rooftop pool; Spa; Fitness center; Restaurant,836,,,,,,,,,,,
521,binary,131,1,28,citizenM New York Times Square,4,Times Square,8.9,3297,citizenM King Room (1 king bed),1,0,Free WiFi; Soundproof rooms; Rain shower; Smart TV,208,110,The Westin New York Grand Central,4,Midtown East,8.1,3491,King Room (1 king bed),1,0,Free WiFi; Restaurant; Fitness center; Heavenly Bed,418,,,,,,,,,,,
525,binary,132,1,29,Park Central Hotel New York,4,Midtown,7.6,3843,Superior Queen (1 queen bed),0,0,Free WiFi; Fitness center; Restaurant; Bar,304,38,Casablanca Hotel by Library Hotel Collection,4,Theater District,9.3,1645,Deluxe King (1 king bed),1,1,Free WiFi; Continental breakfast; 24-hour refreshments,339,,,,,,,,,,,
529,binary,133,1,29,Park Central Hotel New York,4,Midtown,7.5,4341,Double Room (2 double beds),1,0,Free WiFi; Fitness center; Restaurant; Bar,334,107,AC Hotel New York Downtown,4,Financial District,8.1,1239,Queen Room (1 queen bed),1,0,Free WiFi; Fitness center; Restaurant; Bar,235,,,,,,,,,,,
533,binary,134,1,29,Park Central Hotel New York,4,Midtown,7.6,3804,Double Room (2 double beds),1,0,Free WiFi; Fitness center; Restaurant; Bar,223,119,Hyatt Place New York Midtown South,3,Midtown,8.2,1751,Double Room (2 double beds),0,1,Free WiFi; Breakfast; Fitness center,256,,,,,,,,,,,
537,binary,135,1,29,Park Central Hotel New York,4,Midtown,7.7,3887,Double Room (2 double beds),1,0,Free WiFi; Fitness center; Restaurant; Bar,350,129,Best Western Plus Hospitality House Suites,3,Midtown East,7.9,1523,One-Bedroom Suite (1 king bed),0,0,Free WiFi; Kitchen; Fitness center,214,,,,,,,,,,,
541,binary,136,1,29,Park Central Hotel New York,4,Midtown,7.6,4433,Double Room (2 double beds),1,0,Free WiFi; Fitness center; Restaurant; Bar,286,170,Renaissance New York Midtown Hotel,4,Midtown,8.0,2159,King Room (1 king bed),0,1,Free WiFi; Fitness center; Restaurant; Bar,310,,,,,,,,,,,
545,binary,137,1,30,Courtyard by Marriott Manhattan/Central Park,4,Midtown,8.1,2522,King Room (1 king bed),1,0,Free WiFi; Fitness center; Restaurant,307,36,Bryant Park Hotel,4,Midtown,8.5,1441,Deluxe King (1 king bed),1,0,Free WiFi; Fitness center,221,,,,,,,,,,,
549,binary,138,1,30,Courtyard by Marriott Manhattan/Central Park,4,Midtown,8.0,2759,Double Room (2 double beds),0,0,Free WiFi; Fitness center; Restaurant,264,53,The Ned NoMad,4,NoMad,8.6,857,Medium Room (1 king bed),0,0,Free WiFi; Restaurant; Rooftop pool; Members club,536,,,,,,,,,,,
553,binary,139,1,30,Courtyard by Marriott Manhattan/Central Park,4,Midtown,8.3,2802,Double Room (2 double beds),0,0,Free WiFi; Fitness center; Restaurant,288,73,Hampton Inn Manhattan/Downtown-Financial District,3,Financial District,7.9,1702,Double Room (2 double beds),1,1,Free WiFi; Breakfast included; Fitness center,160,,,,,,,,,,,
557,binary,140,1,31,New Yorker by Lotte Hotels,4,Midtown,9.0,13723,Deluxe King (1 king bed),1,0,Free WiFi; Fitness center; Restaurant; Bar,301,45,Hotel Scherman,4,Midtown,8.7,571,Deluxe Room (1 queen bed),1,0,Free WiFi; Continental breakfast; City views,338,,,,,,,,,,,
561,binary,141,1,31,New Yorker by Lotte Hotels,4,Midtown,9.1,14347,Double Room (2 double beds),0,0,Free WiFi; Fitness center; Restaurant; Bar,222,89,Crowne Plaza Times Square Manhattan,4,Times Square,7.3,4514,King Room (1 king bed),0,0,Free WiFi; Fitness center; Restaurant; Bar,231,,,,,,,,,,,
565,binary,142,1,31,New Yorker by Lotte Hotels,4,Midtown,9.0,14682,Double Room (2 double beds),0,1,Free WiFi; Fitness center; Restaurant; Bar,247,100,Fairfield Inn & Suites New York Manhattan/Chelsea,3,Chelsea,7.7,1725,King Room (1 king bed),1,1,Free WiFi; Breakfast included; Fitness center,273,,,,,,,,,,,
569,binary,143,1,31,New Yorker by Lotte Hotels,4,Midtown,9.1,13535,Double Room (2 double beds),1,0,Free WiFi; Fitness center; Restaurant; Bar,273,108,W New York - Times Square,4,Times Square,7.9,2576,Spectacular King (1 king bed),1,0,Free WiFi; Fitness center; Restaurant; Bar,374,,,,,,,,,,,
573,binary,144,1,31,New Yorker by Lotte Hotels,4,Midtown,9.0,14095,Double Room (2 double beds),0,0,Free WiFi; Fitness center; Restaurant; Bar,212,125,Wyndham New Yorker Hotel,3,Midtown,7.6,3874,King Room (1 king bed),0,1,Free WiFi; Fitness center,220,,,,,,,,,,,
577,binary,145,1,31,New Yorker by Lotte Hotels,4,Midtown,8.9,13659,Deluxe King (1 king bed),1,0,Free WiFi; Fitness center; Restaurant; Bar,327,127,Days Inn by Wyndham NYC Midtown 45,2,Midtown,6.5,2409,Queen Room (1 queen bed),1,0,Free WiFi,88,,,,,,,,,,,
581,binary,146,1,31,New Yorker by Lotte Hotels,4,Midtown,9.0,15613,Double Room (2 double beds),1,0,Free WiFi; Fitness center; Restaurant; Bar,400,175,Conrad New York Midtown,5,Midtown,8.3,1633,Deluxe Suite (1 king bed),0,0,Free WiFi; Fitness center; Restaurant; Bar; Spa,464,,,,,,,,,,,
585,binary,147,1,32,Executive Hotel Le Soleil New York,4,Midtown,8.2,1991,Deluxe Queen (1 queen bed),0,0,Free WiFi; Fitness center; Restaurant,200,42,Virgin Hotels New York City,4,NoMad,8.7,1025,Grand Chamber King (1 king bed),0,0,Free WiFi; Restaurant; Rooftop bar; Fitness center,353,,,,,,,,,,,
589,binary,148,1,32,Executive Hotel Le Soleil New York,4,Midtown,8.4,1792,Deluxe King (1 king bed),1,0,Free WiFi; Fitness center; Restaurant,239,91,InterContinental New York Barclay,5,Midtown East,8.7,1606,Deluxe King (1 king bed),1,0,Free WiFi; Fitness center; Restaurant; Bar; Spa,404,,,,,,,,,,,
593,binary,149,1,32,Executive Hotel Le Soleil New York,4,Midtown,8.2,1800,Deluxe Queen (1 queen bed),0,0,Free WiFi; Fitness center; Restaurant,201,142,The Mercer,5,SoHo,8.9,614,Penthouse Loft (1 king bed),1,0,Free WiFi; Restaurant; Bar,805,,,,,,,,,,,
597,binary,150,1,32,Executive Hotel Le Soleil New York,4,Midtown,8.3,1968,Deluxe Queen (1 queen bed),0,1,Free WiFi; Fitness center; Restaurant,339,164,Even Hotel Brooklyn,3,Downtown Brooklyn,8.3,643,Queen Room (1 queen bed),1,0,Free WiFi; Fitness center,201,,,,,,,,,,,
601,binary,151,1,33,MADE Hotel,4,Midtown,8.7,2191,Queen Room (1 queen bed),1,0,Free WiFi; Rooftop bar; Allergy-free rooms,278,58,The New York EDITION,5,Midtown,7.8,1285,Deluxe King (1 king bed),1,0,Free WiFi; Spa; Restaurant; Fitness center,573,,,,,,,,,,,
605,binary,152,1,33,MADE Hotel,4,Midtown,8.8,1947,King Room (1 king bed),0,0,Free WiFi; Rooftop bar; Allergy-free rooms,357,76,Hilton Garden Inn New York/Manhattan-Chelsea,3,Chelsea,8.0,1675,King Room (1 king bed),0,0,Free WiFi; Restaurant; Fitness center; Business center,184,,,,,,,,,,,
609,binary,153,1,33,MADE Hotel,4,Midtown,8.8,1966,King Room (1 king bed),1,0,Free WiFi; Rooftop bar; Allergy-free rooms,225,96,Courtyard by Marriott New York Manhattan/SoHo,3,SoHo,8.1,1418,King Room (1 king bed),1,0,Free WiFi; Fitness center; Restaurant,296,,,,,,,,,,,
613,binary,154,1,33,MADE Hotel,4,Midtown,8.9,2136,Queen Room (1 queen bed),1,0,Free WiFi; Rooftop bar; Allergy-free rooms,219,99,Fairfield Inn & Suites New York Manhattan/Times Square,3,Times Square,7.8,2324,King Room (1 king bed),0,1,Free WiFi; Breakfast included; Fitness center,262,,,,,,,,,,,
617,binary,155,1,33,MADE Hotel,4,Midtown,8.6,1934,Queen Room (1 queen bed),0,1,Free WiFi; Rooftop bar; Allergy-free rooms,264,145,The Langham New York Fifth Avenue,5,Midtown,9.1,753,Premier King (1 king bed),1,0,Free WiFi; Fitness center; Restaurant; Bar; Spa,706,,,,,,,,,,,
621,binary,156,1,34,Public Hotel,4,Lower East Side,8.1,2162,King Room (1 king bed),1,0,Free WiFi; Restaurant; Fitness center; Bar,268,70,Hampton Inn Manhattan Grand Central,3,Midtown East,8.3,2581,King Room (1 king bed),1,1,Free WiFi; Breakfast included; Fitness center,314,,,,,,,,,,,
625,binary,157,1,34,Public Hotel,4,Lower East Side,8.4,2048,King Room (1 king bed),0,0,Free WiFi; Restaurant; Fitness center; Bar,301,74,Hampton Inn Manhattan-SoHo,3,SoHo,8.2,1433,King Room (1 king bed),0,1,Free WiFi; Breakfast included; Fitness center,208,,,,,,,,,,,
629,binary,158,1,34,Public Hotel,4,Lower East Side,8.1,2184,King Room (1 king bed),1,0,Free WiFi; Restaurant; Fitness center; Bar,178,162,McCarren Hotel & Pool,4,"Williamsburg, Brooklyn",7.9,830,Queen Room (1 queen bed),0,0,Free WiFi; Pool; Restaurant,203,,,,,,,,,,,
633,binary,159,1,35,LUMA Hotel Times Square,4,Times Square,8.6,2412,Double Room (2 double beds),0,0,Free WiFi; Restaurant; Bar; Fitness center,304,68,Hampton Inn Manhattan-Chelsea,3,Chelsea,8.3,2760,King Room (1 king bed),1,0,Free WiFi; Breakfast included; Fitness center,178,,,,,,,,,,,
637,binary,160,1,35,LUMA Hotel Times Square,4,Times Square,8.4,2190,King Room (1 king bed),1,0,Free WiFi; Restaurant; Bar; Fitness center,254,77,Hilton Garden Inn New York/Central Park South,3,Midtown,8.3,1914,King Room (1 king bed),1,0,Free WiFi; Restaurant; Fitness center; Business center,195,,,,,,,,,,,
641,binary,161,1,35,LUMA Hotel Times Square,4,Times Square,8.4,2334,Double Room (2 double beds),1,1,Free WiFi; Restaurant; Bar; Fitness center,207,114,Sheraton Brooklyn New York Hotel,4,Downtown Brooklyn,7.8,1314,King Room (1 king bed),1,0,Free WiFi; Restaurant; Fitness center; Pool,173,,,,,,,,,,,
645,binary,162,1,35,LUMA Hotel Times Square,4,Times Square,8.4,2600,Double Room (2 double beds),1,1,Free WiFi; Restaurant; Bar; Fitness center,214,120,Hyatt Place New York/Chelsea,3,Chelsea,8.0,1097,King Room (1 king bed),1,1,Free WiFi; Breakfast; Fitness center,144,,,,,,,,,,,
649,binary,163,1,35,LUMA Hotel Times Square,4,Times Square,8.5,2313,King Room (1 king bed),1,0,Free WiFi; Restaurant; Bar; Fitness center,227,155,Walker Hotel Tribeca,4,TriBeCa,8.3,547,Queen Room (1 queen bed),0,0,Free WiFi; Restaurant,375,,,,,,,,,,,
653,binary,164,1,35,LUMA Hotel Times Square,4,Times Square,8.3,2276,Double Room (2 double beds),1,0,Free WiFi; Restaurant; Bar; Fitness center,316,164,Even Hotel Brooklyn,3,Downtown Brooklyn,8.3,687,King Room (1 king bed),0,0,Free WiFi; Fitness center,173,,,,,,,,,,,
657,binary,165,1,36,Bryant Park Hotel,4,Midtown,8.3,1478,Deluxe King (1 king bed),0,0,Free WiFi; Fitness center,269,52,Andaz 5th Avenue,4,Midtown East,8.9,1756,Andaz King (1 king bed),0,0,Free WiFi; Wine hour; Restaurant; Fitness center,410,,,,,,,,,,,
661,binary,166,1,36,Bryant Park Hotel,4,Midtown,8.4,1707,Deluxe King (1 king bed),1,0,Free WiFi; Fitness center,394,60,Crosby Street Hotel,5,SoHo,9.4,1069,Luxury King (1 king bed),1,1,Free WiFi; Restaurant; Private theater; Gym; Terrace,750,,,,,,,,,,,
665,binary,167,1,36,Bryant Park Hotel,4,Midtown,8.4,1745,Deluxe Queen (1 queen bed),1,0,Free WiFi; Fitness center,296,68,Hampton Inn Manhattan-Chelsea,3,Chelsea,8.1,2807,Double Room (2 double beds),0,1,Free WiFi; Breakfast included; Fitness center,219,,,,,,,,,,,
669,binary,168,1,36,Bryant Park Hotel,4,Midtown,8.3,1513,Deluxe Queen (1 queen bed),0,0,Free WiFi; Fitness center,448,74,Hampton Inn Manhattan-SoHo,3,SoHo,8.4,1404,King Room (1 king bed),1,1,Free WiFi; Breakfast included; Fitness center,322,,,,,,,,,,,
673,binary,169,1,36,Bryant Park Hotel,4,Midtown,8.4,1647,Deluxe Queen (1 queen bed),0,0,Free WiFi; Fitness center,362,78,Hilton Garden Inn New York/Times Square,3,Times Square,8.1,2392,King Room (1 king bed),1,0,Free WiFi; Restaurant; Fitness center; Business center,277,,,,,,,,,,,
677,binary,170,1,36,Bryant Park Hotel,4,Midtown,8.5,1445,Deluxe King (1 king bed),0,0,Free WiFi; Fitness center,302,79,DoubleTree by Hilton New York Times Square West,4,Times Square,7.7,3340,King Room (1 king bed),0,1,Free WiFi; Restaurant; Fitness center,267,,,,,,,,,,,
681,binary,171,1,36,Bryant Park Hotel,4,Midtown,8.2,1617,Deluxe King (1 king bed),0,0,Free WiFi; Fitness center,220,101,Fairfield Inn & Suites New York Brooklyn,3,Brooklyn,7.8,1215,King Room (1 king bed),0,1,Free WiFi; Breakfast included; Fitness center,128,,,,,,,,,,,
685,binary,172,1,36,Bryant Park Hotel,4,Midtown,8.2,1678,Deluxe King (1 king bed),1,0,Free WiFi; Fitness center,390,151,The St. Regis New York,5,Midtown,9.1,996,Grand Deluxe King (1 king bed),1,0,Free WiFi; Butler service; Restaurant; Bar; Fitness center,1054,,,,,,,,,,,
689,binary,173,1,37,NobleDEN Hotel,4,Little Italy,8.9,1012,Deluxe Queen (1 queen bed),0,0,Free WiFi; Restaurant,384,59,The Dominick Hotel,5,SoHo,8.8,1836,Superior King (1 king bed),1,1,Free WiFi; Restaurant; Pool; Spa; City views,657,,,,,,,,,,,
693,binary,174,1,37,NobleDEN Hotel,4,Little Italy,9.0,907,Deluxe Queen (1 queen bed),0,1,Free WiFi; Restaurant,387,80,DoubleTree by Hilton New York Times Square South,4,Times Square,7.8,2785,King Room (1 king bed),1,0,Free WiFi; Restaurant; Fitness center,279,,,,,,,,,,,
697,binary,175,1,37,NobleDEN Hotel,4,Little Italy,8.9,890,Deluxe King (1 king bed),0,0,Free WiFi; Restaurant,365,83,Holiday Inn New York City - Times Square,3,Times Square,7.8,3631,Double Room (2 double beds),0,1,Free WiFi; Fitness center,275,,,,,,,,,,,
701,binary,176,1,37,NobleDEN Hotel,4,Little Italy,9.0,1050,Deluxe King (1 king bed),0,0,Free WiFi; Restaurant,217,150,The Peninsula New York,5,Midtown,9.3,914,Deluxe King (1 king bed),1,0,Free WiFi; Fitness center; Restaurant; Bar; Spa; Pool,869,,,,,,,,,,,
705,binary,177,1,37,NobleDEN Hotel,4,Little Italy,9.1,1041,Deluxe Queen (1 queen bed),1,1,Free WiFi; Restaurant,220,159,Smyth Tribeca,4,TriBeCa,8.5,674,Queen Room (1 queen bed),0,0,Free WiFi; Restaurant,364,,,,,,,,,,,
709,binary,178,1,38,Casablanca Hotel by Library Hotel Collection,4,Theater District,9.2,1402,Classic Queen (1 queen bed),0,1,Free WiFi; Continental breakfast; 24-hour refreshments,268,119,Hyatt Place New York Midtown South,3,Midtown,8.2,1614,Double Room (2 double beds),1,0,Free WiFi; Breakfast; Fitness center,151,,,,,,,,,,,
713,binary,179,1,39,Motto by Hilton New York City Chelsea,4,Chelsea,8.7,1869,King Room (1 king bed),1,0,Free WiFi; Fitness center,283,109,W New York - Union Square,4,Union Square,8.1,1617,Wonderful King (1 king bed),1,0,Free WiFi; Fitness center; Restaurant; Bar,267,,,,,,,,,,,
717,binary,180,1,40,Hard Rock Hotel New York,4,Midtown,8.5,1833,King Room (1 king bed),1,0,Free WiFi; Restaurant; Fitness center; Bar,369,92,Kimpton Hotel Eventi,4,Chelsea,8.8,1749,King Room (1 king bed),1,0,Free WiFi; Restaurant; Fitness center; Wine hour,322,,,,,,,,,,,
721,binary,181,1,40,Hard Rock Hotel New York,4,Midtown,8.6,1544,Double Room (2 double beds),0,0,Free WiFi; Restaurant; Fitness center; Bar,225,146,Mandarin Oriental New York,5,Upper West Side,9.0,1097,Hudson River View King (1 king bed),1,0,Free WiFi; Fitness center; Restaurant; Bar; Spa; Pool,853,,,,,,,,,,,
725,binary,182,1,40,Hard Rock Hotel New York,4,Midtown,8.5,1822,King Room (1 king bed),1,0,Free WiFi; Restaurant; Fitness center; Bar,412,170,Renaissance New York Midtown Hotel,4,Midtown,7.9,2105,King Room (1 king bed),1,0,Free WiFi; Fitness center; Restaurant; Bar,387,,,,,,,,,,,
729,binary,183,1,40,Hard Rock Hotel New York,4,Midtown,8.2,1790,King Room (1 king bed),1,0,Free WiFi; Restaurant; Fitness center; Bar,398,174,Moxy NYC Chelsea,3,Chelsea,7.9,1532,King Room (1 king bed),0,0,Free WiFi; Rooftop bar; Restaurant,234,,,,,,,,,,,
733,binary,184,1,41,The Pearl Hotel New York,4,Midtown,9.2,3083,Deluxe Queen (1 queen bed),1,1,Free WiFi; Complimentary breakfast; Wine hour,355,107,AC Hotel New York Downtown,4,Financial District,8.0,1187,Queen Room (1 queen bed),1,0,Free WiFi; Fitness center; Restaurant; Bar,188,,,,,,,,,,,
737,binary,185,1,41,The Pearl Hotel New York,4,Midtown,9.0,2978,Deluxe Queen (1 queen bed),1,0,Free WiFi; Complimentary breakfast; Wine hour,336,156,The Hoxton Williamsburg,4,"Williamsburg, Brooklyn",8.6,1043,King Room (1 king bed),0,1,Free WiFi; Restaurant; Rooftop bar,342,,,,,,,,,,,
741,binary,186,1,41,The Pearl Hotel New York,4,Midtown,8.8,2795,Deluxe Queen (1 queen bed),0,1,Free WiFi; Complimentary breakfast; Wine hour,231,175,Conrad New York Midtown,5,Midtown,8.4,1476,King Suite (1 king bed),1,0,Free WiFi; Fitness center; Restaurant; Bar; Spa,507,,,,,,,,,,,
745,binary,187,1,42,Virgin Hotels New York City,4,NoMad,8.8,874,Grand Chamber King (1 king bed),1,0,Free WiFi; Restaurant; Rooftop bar; Fitness center,393,82,DoubleTree by Hilton New York Midtown Fifth Ave,4,Midtown,7.9,2029,Double Room (2 double beds),1,0,Free WiFi; Restaurant; Fitness center,343,,,,,,,,,,,
749,binary,188,1,42,Virgin Hotels New York City,4,NoMad,8.6,885,Grand Chamber King (1 king bed),1,0,Free WiFi; Restaurant; Rooftop bar; Fitness center,297,93,Kimpton Muse Hotel,4,Times Square,8.5,1259,Queen Room (1 queen bed),0,0,Free WiFi; Restaurant; Bar; Wine hour,245,,,,,,,,,,,
753,binary,189,1,42,Virgin Hotels New York City,4,NoMad,8.4,914,Grand Chamber King (1 king bed),0,0,Free WiFi; Restaurant; Rooftop bar; Fitness center,240,141,The Greenwich Hotel,5,TriBeCa,9.5,469,King Room (1 king bed),1,0,Free WiFi; Restaurant; Spa; Pool; Fitness center,706,,,,,,,,,,,
757,binary,190,1,42,Virgin Hotels New York City,4,NoMad,8.5,1022,Chamber King (1 king bed),1,0,Free WiFi; Restaurant; Rooftop bar; Fitness center,341,148,"The Carlyle, A Rosewood Hotel",5,Upper East Side,8.9,643,Superior King (1 king bed),1,0,Free WiFi; Spa; Restaurant; Live jazz; Fitness center,771,,,,,,,,,,,
761,binary,191,1,42,Virgin Hotels New York City,4,NoMad,8.6,942,Grand Chamber King (1 king bed),1,0,Free WiFi; Restaurant; Rooftop bar; Fitness center,247,169,Henry Norman Hotel,4,"Greenpoint, Brooklyn",8.5,462,Loft Suite (1 king bed),0,1,Free WiFi; Garden,178,,,,,,,,,,,
765,binary,192,1,42,Virgin Hotels New York City,4,NoMad,8.7,950,Chamber King (1 king bed),1,0,Free WiFi; Restaurant; Rooftop bar; Fitness center,334,177,Tempo by Hilton New York Times Square,3,Times Square,8.1,634,Double Room (2 double beds),1,0,Free WiFi; Fitness center; Kitchen,294,,,,,,,,,,,
769,binary,193,1,43,Arlo NoMad,4,NoMad,8.2,2592,King Room (1 king bed),1,0,Free WiFi; Rooftop bar; Restaurant,242,51,Nine Orchard,4,Lower East Side,8.9,717,King Room (1 king bed),1,0,Free WiFi; Restaurant; Spa,507,,,,,,,,,,,
773,binary,194,1,43,Arlo NoMad,4,NoMad,8.1,2859,King Room (1 king bed),1,0,Free WiFi; Rooftop bar; Restaurant,151,55,Ink 48 Hotel,5,Hell's Kitchen,8.1,2389,King Room with City View (1 king bed),0,0,Free WiFi; Rooftop bar; Fitness center; City views,346,,,,,,,,,,,
777,binary,195,1,43,Arlo NoMad,4,NoMad,8.0,2667,Queen Room (1 queen bed),1,0,Free WiFi; Rooftop bar; Restaurant,208,78,Hilton Garden Inn New York/Times Square,3,Times Square,8.2,2546,King Room (1 king bed),1,1,Free WiFi; Restaurant; Fitness center; Business center,185,,,,,,,,,,,
781,binary,196,1,43,Arlo NoMad,4,NoMad,7.9,2617,King Room (1 king bed),1,0,Free WiFi; Rooftop bar; Restaurant,174,79,DoubleTree by Hilton New York Times Square West,4,Times Square,7.9,3407,Double Room (2 double beds),0,1,Free WiFi; Restaurant; Fitness center,175,,,,,,,,,,,
785,binary,197,1,44,CIVILIAN Hotel,4,Midtown West,8.5,1527,Queen Room (1 queen bed),1,0,Free WiFi; Restaurant; Bar,321,72,Hampton Inn Manhattan-Seaport/Financial District,3,Financial District,8.3,1803,King Room (1 king bed),0,1,Free WiFi; Breakfast included; Fitness center,220,,,,,,,,,,,
789,binary,198,1,44,CIVILIAN Hotel,4,Midtown West,8.5,1282,King Room (1 king bed),1,0,Free WiFi; Restaurant; Bar,289,132,The Local NYC,2,"Long Island City, Queens",8.3,880,Queen Room (1 queen bed),1,0,Free WiFi; Shared kitchen,126,,,,,,,,,,,
793,binary,199,1,44,CIVILIAN Hotel,4,Midtown West,8.5,1353,Queen Room (1 queen bed),1,0,Free WiFi; Restaurant; Bar,281,140,NoMo SoHo,4,SoHo,8.1,1206,King Room (1 king bed),1,1,Free WiFi; Restaurant; Bar,343,,,,,,,,,,,
797,binary,200,1,44,CIVILIAN Hotel,4,Midtown West,8.8,1424,Queen Room (1 queen bed),0,0,Free WiFi; Restaurant; Bar,231,155,Walker Hotel Tribeca,4,TriBeCa,8.3,524,Queen Room (1 queen bed),0,0,Free WiFi; Restaurant,215,,,,,,,,,,,
801,binary,201,1,45,Hotel Scherman,4,Midtown,8.5,594,Premium King (1 king bed),0,0,Free WiFi; Continental breakfast; City views,355,70,Hampton Inn Manhattan Grand Central,3,Midtown East,8.4,2732,King Room (1 king bed),1,1,Free WiFi; Breakfast included; Fitness center,239,,,,,,,,,,,
805,binary,202,1,45,Hotel Scherman,4,Midtown,8.5,594,Premium King (1 king bed),0,1,Free WiFi; Continental breakfast; City views,241,172,New York Marriott Downtown,4,Financial District,7.9,3335,King Room (1 king bed),1,0,Free WiFi; Fitness center; Restaurant,370,,,,,,,,,,,
809,binary,203,1,45,Hotel Scherman,4,Midtown,8.5,642,Deluxe Room (1 queen bed),1,1,Free WiFi; Continental breakfast; City views,392,174,Moxy NYC Chelsea,3,Chelsea,7.9,1528,Queen Room (1 queen bed),1,0,Free WiFi; Rooftop bar; Restaurant,237,,,,,,,,,,,
813,binary,204,1,46,New York Hilton Midtown,4,Midtown,7.7,12699,Executive King (1 king bed),1,0,Free WiFi; Restaurant; Fitness center; Business center,387,137,The Marlton Hotel,4,Greenwich Village,8.4,1005,King Room (1 king bed),0,0,Free WiFi; Restaurant; Bar,211,,,,,,,,,,,
817,binary,205,1,46,New York Hilton Midtown,4,Midtown,7.6,11266,King Room (1 king bed),0,0,Free WiFi; Restaurant; Fitness center; Business center,360,148,"The Carlyle, A Rosewood Hotel",5,Upper East Side,9.2,548,Superior King (1 king bed),0,0,Free WiFi; Spa; Restaurant; Live jazz; Fitness center,911,,,,,,,,,,,
821,binary,206,1,46,New York Hilton Midtown,4,Midtown,7.5,13171,King Room (1 king bed),1,1,Free WiFi; Restaurant; Fitness center; Business center,284,155,Walker Hotel Tribeca,4,TriBeCa,8.4,546,Queen Room (1 queen bed),1,0,Free WiFi; Restaurant,322,,,,,,,,,,,
825,binary,207,1,46,New York Hilton Midtown,4,Midtown,7.7,13471,Double Room (2 double beds),0,0,Free WiFi; Restaurant; Fitness center; Business center,306,163,The Williamsburg Hotel,4,"Williamsburg, Brooklyn",8.2,879,King Room (1 king bed),1,0,Free WiFi; Pool; Restaurant; Bar,379,,,,,,,,,,,
829,binary,208,1,46,New York Hilton Midtown,4,Midtown,7.5,13559,King Room (1 king bed),0,0,Free WiFi; Restaurant; Fitness center; Business center,388,177,Tempo by Hilton New York Times Square,3,Times Square,8.2,648,Double Room (2 double beds),1,0,Free WiFi; Fitness center; Kitchen,230,,,,,,,,,,,
833,binary,209,1,47,Embassy Suites Manhattan Times Square,4,Times Square,8.6,4166,Double Suite (2 double beds),0,1,Free WiFi; Breakfast included; Evening reception; Restaurant,318,69,Hampton Inn Manhattan/Times Square South,3,Times Square,8.4,3519,Double Room (2 double beds),1,1,Free WiFi; Breakfast included; Fitness center,199,,,,,,,,,,,
837,binary,210,1,47,Embassy Suites Manhattan Times Square,4,Times Square,8.2,3894,Double Suite (2 double beds),1,1,Free WiFi; Breakfast included; Evening reception; Restaurant,452,75,Hilton Garden Inn New York/Midtown Park Avenue,3,Midtown East,8.0,2097,King Room (1 king bed),0,0,Free WiFi; Restaurant; Fitness center; Business center,297,,,,,,,,,,,
841,binary,211,1,47,Embassy Suites Manhattan Times Square,4,Times Square,8.4,3599,King Suite (1 king bed),1,1,Free WiFi; Breakfast included; Evening reception; Restaurant,351,157,Hotel Hugo,4,SoHo,8.1,1280,King Room (1 king bed),1,0,Free WiFi; Rooftop bar; Restaurant,232,,,,,,,,,,,
845,binary,212,1,48,Kimpton Theta New York,4,Times Square,8.1,682,Deluxe King (1 king bed),0,0,Free WiFi; Wine hour; Fitness center,244,78,Hilton Garden Inn New York/Times Square,3,Times Square,8.1,2247,Double Room (2 double beds),0,1,Free WiFi; Restaurant; Fitness center; Business center,198,,,,,,,,,,,
849,binary,213,1,48,Kimpton Theta New York,4,Times Square,8.3,811,Deluxe King (1 king bed),1,0,Free WiFi; Wine hour; Fitness center,221,105,Residence Inn New York Downtown Manhattan,3,Financial District,8.0,1098,Studio Suite (1 king bed),0,0,Free WiFi; Breakfast included; Kitchen; Fitness center,220,,,,,,,,,,,
853,binary,214,1,48,Kimpton Theta New York,4,Times Square,8.3,718,Standard King (1 king bed),0,0,Free WiFi; Wine hour; Fitness center,171,106,AC Hotel New York Times Square,4,Times Square,8.1,1881,Queen Room (1 queen bed),1,0,Free WiFi; Fitness center; Restaurant; Bar,345,,,,,,,,,,,
857,binary,215,1,48,Kimpton Theta New York,4,Times Square,8.5,690,Standard King (1 king bed),0,0,Free WiFi; Wine hour; Fitness center,318,109,W New York - Union Square,4,Union Square,8.1,1593,Wonderful King (1 king bed),0,0,Free WiFi; Fitness center; Restaurant; Bar,273,,,,,,,,,,,
861,binary,216,1,48,Kimpton Theta New York,4,Times Square,8.3,802,Deluxe King (1 king bed),1,0,Free WiFi; Wine hour; Fitness center,312,162,McCarren Hotel & Pool,4,"Williamsburg, Brooklyn",8.1,723,King Room (1 king bed),0,0,Free WiFi; Pool; Restaurant,185,,,,,,,,,,,
865,binary,217,1,48,Kimpton Theta New York,4,Times Square,8.4,720,Deluxe King (1 king bed),0,0,Free WiFi; Wine hour; Fitness center,201,163,The Williamsburg Hotel,4,"Williamsburg, Brooklyn",8.2,931,Queen Room (1 queen bed),0,0,Free WiFi; Pool; Restaurant; Bar,280,,,,,,,,,,,
869,binary,218,1,48,Kimpton Theta New York,4,Times Square,8.5,818,Standard King (1 king bed),0,0,Free WiFi; Wine hour; Fitness center,179,165,Hotel Le Bleu,3,"Park Slope, Brooklyn",7.9,482,King Room (1 king bed),0,0,Free WiFi; Restaurant,187,,,,,,,,,,,
873,binary,219,1,48,Kimpton Theta New York,4,Times Square,8.2,704,Deluxe King (1 king bed),1,0,Free WiFi; Wine hour; Fitness center,294,170,Renaissance New York Midtown Hotel,4,Midtown,8.1,2158,King Room (1 king bed),1,1,Free WiFi; Fitness center; Restaurant; Bar,279,,,,,,,,,,,
877,binary,220,1,48,Kimpton Theta New York,4,Times Square,8.4,812,Deluxe King (1 king bed),1,0,Free WiFi; Wine hour; Fitness center,317,177,Tempo by Hilton New York Times Square,3,Times Square,8.4,637,King Room (1 king bed),1,0,Free WiFi; Fitness center; Kitchen,208,,,,,,,,,,,
881,binary,221,1,49,The Hotel Chelsea,4,Chelsea,8.8,1247,Queen Room (1 queen bed),0,0,Free WiFi; Restaurant; Concierge; Fitness center,374,69,Hampton Inn Manhattan/Times Square South,3,Times Square,8.5,3086,Double Room (2 double beds),1,1,Free WiFi; Breakfast included; Fitness center,253,,,,,,,,,,,
885,binary,222,1,49,The Hotel Chelsea,4,Chelsea,8.8,1268,Queen Room (1 queen bed),0,1,Free WiFi; Restaurant; Concierge; Fitness center,250,75,Hilton Garden Inn New York/Midtown Park Avenue,3,Midtown East,8.2,2305,King Room (1 king bed),0,0,Free WiFi; Restaurant; Fitness center; Business center,262,,,,,,,,,,,
889,binary,223,1,49,The Hotel Chelsea,4,Chelsea,8.8,1176,King Room (1 king bed),0,0,Free WiFi; Restaurant; Concierge; Fitness center,239,93,Kimpton Muse Hotel,4,Times Square,8.4,1222,King Room (1 king bed),1,0,Free WiFi; Restaurant; Bar; Wine hour,402,,,,,,,,,,,
893,binary,224,1,49,The Hotel Chelsea,4,Chelsea,8.7,1316,King Room (1 king bed),1,1,Free WiFi; Restaurant; Concierge; Fitness center,468,122,Park Hyatt New York,5,Midtown,9.2,785,Park King (1 king bed),1,1,Free WiFi; Fitness center; Restaurant; Bar; Spa; Pool,861,,,,,,,,,,,
897,binary,225,1,49,The Hotel Chelsea,4,Chelsea,8.6,1127,Queen Room (1 queen bed),1,1,Free WiFi; Restaurant; Concierge; Fitness center,422,142,The Mercer,5,SoHo,9.1,691,Penthouse Loft (1 king bed),1,1,Free WiFi; Restaurant; Bar,949,,,,,,,,,,,
901,binary,226,1,50,Ace Hotel Brooklyn,4,"Boerum Hill, Brooklyn",8.4,1132,Deluxe King (1 king bed),1,0,Free WiFi; Restaurant; Lobby bar,299,87,Holiday Inn Express Manhattan Times Square,3,Times Square,7.8,2479,King Room (1 king bed),1,0,Free WiFi; Breakfast included; Fitness center,187,,,,,,,,,,,
905,binary,227,1,50,Ace Hotel Brooklyn,4,"Boerum Hill, Brooklyn",8.6,1208,Standard King (1 king bed),1,0,Free WiFi; Restaurant; Lobby bar,288,139,The Standard High Line,4,Meatpacking District,8.6,1892,Queen Room (1 queen bed),1,0,Free WiFi; Restaurant; Bar; Beer garden,420,,,,,,,,,,,
909,binary,228,1,51,Nine Orchard,4,Lower East Side,8.7,703,King Room (1 king bed),1,0,Free WiFi; Restaurant; Spa,399,60,Crosby Street Hotel,5,SoHo,9.6,1013,Deluxe King (1 king bed),0,0,Free WiFi; Restaurant; Private theater; Gym; Terrace,663,,,,,,,,,,,
913,binary,229,1,51,Nine Orchard,4,Lower East Side,8.8,761,King Room (1 king bed),1,1,Free WiFi; Restaurant; Spa,373,121,Hyatt Regency Times Square,4,Times Square,7.9,2375,King Room (1 king bed),0,0,Free WiFi; Fitness center; Restaurant; Bar,229,,,,,,,,,,,
917,binary,230,1,51,Nine Orchard,4,Lower East Side,8.8,779,King Room (1 king bed),0,0,Free WiFi; Restaurant; Spa,371,126,Ramada by Wyndham New York/Eastside,2,Midtown East,6.6,1875,King Room (1 king bed),1,0,Free WiFi,81,,,,,,,,,,,
921,binary,231,1,52,Andaz 5th Avenue,4,Midtown East,8.9,1639,Andaz Large King (1 king bed),1,0,Free WiFi; Wine hour; Restaurant; Fitness center,483,60,Crosby Street Hotel,5,SoHo,9.4,1210,Luxury King (1 king bed),1,0,Free WiFi; Restaurant; Private theater; Gym; Terrace,767,,,,,,,,,,,
925,binary,232,1,52,Andaz 5th Avenue,4,Midtown East,8.7,1749,Andaz King (1 king bed),1,0,Free WiFi; Wine hour; Restaurant; Fitness center,336,80,DoubleTree by Hilton New York Times Square South,4,Times Square,7.8,3065,Double Room (2 double beds),1,0,Free WiFi; Restaurant; Fitness center,256,,,,,,,,,,,
929,binary,233,1,52,Andaz 5th Avenue,4,Midtown East,8.8,1718,Andaz King (1 king bed),0,0,Free WiFi; Wine hour; Restaurant; Fitness center,349,152,Arlo Midtown,3,Times Square,8.0,1951,King Room (1 king bed),0,0,Free WiFi; Rooftop bar; Restaurant,169,,,,,,,,,,,
933,binary,234,1,52,Andaz 5th Avenue,4,Midtown East,8.8,1653,Andaz King (1 king bed),0,0,Free WiFi; Wine hour; Restaurant; Fitness center,557,169,Henry Norman Hotel,4,"Greenpoint, Brooklyn",8.4,515,Loft Suite (1 king bed),0,0,Free WiFi; Garden,165,,,,,,,,,,,
937,binary,235,1,54,The Wall Street Hotel,4,Financial District,8.6,637,Pearl Suite (1 king bed),0,0,Free WiFi; Restaurant; Bar; Fitness center,533,97,Courtyard by Marriott New York Downtown Manhattan,3,Financial District,7.9,1923,King Room (1 king bed),0,1,Free WiFi; Fitness center; Restaurant,293,,,,,,,,,,,
941,binary,236,1,55,Ink 48 Hotel,5,Hell's Kitchen,7.9,2384,King Room with City View (1 king bed),1,0,Free WiFi; Rooftop bar; Fitness center; City views,476,66,The Plaza,5,Midtown,8.5,3903,Deluxe King (1 king bed),0,0,Free WiFi; Spa; Restaurant; Fitness center; Palm Court,811,,,,,,,,,,,
945,binary,237,1,55,Ink 48 Hotel,5,Hell's Kitchen,8.0,2747,King Room (1 king bed),0,0,Free WiFi; Rooftop bar; Fitness center; City views,474,86,Holiday Inn Express Manhattan Midtown West,3,Midtown West,7.8,2059,King Room (1 king bed),1,1,Free WiFi; Breakfast included; Fitness center,210,,,,,,,,,,,
949,binary,238,1,55,Ink 48 Hotel,5,Hell's Kitchen,8.1,2496,King Room (1 king bed),1,0,Free WiFi; Rooftop bar; Fitness center; City views,520,92,Kimpton Hotel Eventi,4,Chelsea,8.5,1668,Queen Room (1 queen bed),1,0,Free WiFi; Restaurant; Fitness center; Wine hour,268,,,,,,,,,,,
953,binary,239,1,55,Ink 48 Hotel,5,Hell's Kitchen,8.0,2619,King Room (1 king bed),1,0,Free WiFi; Rooftop bar; Fitness center; City views,516,95,Courtyard by Marriott New York Manhattan/Midtown East,3,Midtown East,7.8,1974,Double Room (2 double beds),1,0,Free WiFi; Fitness center; Restaurant,193,,,,,,,,,,,
957,binary,240,1,55,Ink 48 Hotel,5,Hell's Kitchen,7.9,2572,King Room with City View (1 king bed),0,0,Free WiFi; Rooftop bar; Fitness center; City views,433,119,Hyatt Place New York Midtown South,3,Midtown,8.0,1521,Double Room (2 double beds),1,1,Free WiFi; Breakfast; Fitness center,284,,,,,,,,,,,
961,binary,241,1,55,Ink 48 Hotel,5,Hell's Kitchen,7.9,2420,King Room (1 king bed),1,0,Free WiFi; Rooftop bar; Fitness center; City views,447,151,The St. Regis New York,5,Midtown,8.9,1207,Superior King (1 king bed),1,0,Free WiFi; Butler service; Restaurant; Bar; Fitness center,993,,,,,,,,,,,
965,binary,242,1,56,The Knickerbocker,5,Times Square,8.6,1892,Premium King (1 king bed),0,0,Free WiFi; Restaurant; Rooftop bar; Fitness center,450,66,The Plaza,5,Midtown,8.5,3578,Deluxe King (1 king bed),1,0,Free WiFi; Spa; Restaurant; Fitness center; Palm Court,1324,,,,,,,,,,,
969,binary,243,1,56,The Knickerbocker,5,Times Square,8.7,1869,Deluxe King (1 king bed),0,0,Free WiFi; Restaurant; Rooftop bar; Fitness center,341,107,AC Hotel New York Downtown,4,Financial District,8.0,1159,King Room (1 king bed),0,0,Free WiFi; Fitness center; Restaurant; Bar,235,,,,,,,,,,,
973,binary,244,1,56,The Knickerbocker,5,Times Square,8.9,1786,Premium King (1 king bed),0,0,Free WiFi; Restaurant; Rooftop bar; Fitness center,436,140,NoMo SoHo,4,SoHo,8.2,1087,King Room (1 king bed),0,0,Free WiFi; Restaurant; Bar,447,,,,,,,,,,,
977,binary,245,1,57,Sofitel New York,5,Midtown,8.6,2188,Luxury King (1 king bed),0,0,Free WiFi; Restaurant; Spa; Fitness center,346,108,W New York - Times Square,4,Times Square,7.8,2671,Spectacular King (1 king bed),1,0,Free WiFi; Fitness center; Restaurant; Bar,362,,,,,,,,,,,
981,binary,246,1,57,Sofitel New York,5,Midtown,8.6,2496,Superior King (1 king bed),0,0,Free WiFi; Restaurant; Spa; Fitness center,553,151,The St. Regis New York,5,Midtown,8.9,1095,Superior King (1 king bed),0,0,Free WiFi; Butler service; Restaurant; Bar; Fitness center,868,,,,,,,,,,,
985,binary,247,1,57,Sofitel New York,5,Midtown,8.5,2214,Luxury King (1 king bed),1,0,Free WiFi; Restaurant; Spa; Fitness center,522,173,"The Lexington Hotel, Autograph Collection",4,Midtown East,8.2,2567,Double Room (2 double beds),1,0,Free WiFi; Fitness center; Restaurant; Bar,214,,,,,,,,,,,
989,binary,248,1,58,The New York EDITION,5,Midtown,7.8,1370,Deluxe King (1 king bed),1,0,Free WiFi; Spa; Restaurant; Fitness center,440,59,The Dominick Hotel,5,SoHo,9.0,1738,Deluxe King with City View (1 king bed),1,0,Free WiFi; Restaurant; Pool; Spa; City views,675,,,,,,,,,,,
993,binary,249,1,58,The New York EDITION,5,Midtown,7.8,1443,Deluxe King (1 king bed),0,1,Free WiFi; Spa; Restaurant; Fitness center,491,64,The Fifth Avenue Hotel,5,NoMad,9.0,452,King Room (1 king bed),1,0,Free WiFi; Restaurant; Butler service; Fitness center,578,,,,,,,,,,,
997,binary,250,1,58,The New York EDITION,5,Midtown,7.8,1345,Deluxe King (1 king bed),1,0,Free WiFi; Spa; Restaurant; Fitness center,547,102,Fairfield Inn & Suites New York Manhattan/Downtown East,3,Lower East Side,7.8,983,King Room (1 king bed),1,1,Free WiFi; Breakfast included; Fitness center,231,,,,,,,,,,,
1001,binary,251,1,58,The New York EDITION,5,Midtown,7.8,1464,Superior King (1 king bed),1,0,Free WiFi; Spa; Restaurant; Fitness center,433,161,Wythe Hotel,4,"Williamsburg, Brooklyn",8.6,1064,King Room (1 king bed),1,0,Free WiFi; Restaurant; Rooftop bar,388,,,,,,,,,,,
1005,binary,252,1,59,The Dominick Hotel,5,SoHo,8.7,1703,Superior King (1 king bed),1,0,Free WiFi; Restaurant; Pool; Spa; City views,681,72,Hampton Inn Manhattan-Seaport/Financial District,3,Financial District,8.2,1774,King Room (1 king bed),1,1,Free WiFi; Breakfast included; Fitness center,271,,,,,,,,,,,
1009,binary,253,1,59,The Dominick Hotel,5,SoHo,9.1,1700,Deluxe King with City View (1 king bed),1,0,Free WiFi; Restaurant; Pool; Spa; City views,538,96,Courtyard by Marriott New York Manhattan/SoHo,3,SoHo,8.1,1484,Double Room (2 double beds),1,0,Free WiFi; Fitness center; Restaurant,367,,,,,,,,,,,
1013,binary,254,1,59,The Dominick Hotel,5,SoHo,8.8,1732,Superior King (1 king bed),0,1,Free WiFi; Restaurant; Pool; Spa; City views,624,134,Pod Brooklyn,3,"Williamsburg, Brooklyn",8.2,792,King Pod (1 king bed),0,0,Free WiFi; Rooftop bar,123,,,,,,,,,,,
1017,binary,255,1,59,The Dominick Hotel,5,SoHo,8.8,1792,Superior King (1 king bed),0,0,Free WiFi; Restaurant; Pool; Spa; City views,700,138,The Standard East Village,4,East Village,8.4,1089,King Room (1 king bed),1,0,Free WiFi; Restaurant; Bar,313,,,,,,,,,,,
1021,binary,256,1,59,The Dominick Hotel,5,SoHo,8.8,1886,Superior King (1 king bed),0,0,Free WiFi; Restaurant; Pool; Spa; City views,448,151,The St. Regis New York,5,Midtown,8.9,1203,Superior King (1 king bed),1,0,Free WiFi; Butler service; Restaurant; Bar; Fitness center,873,,,,,,,,,,,
1025,binary,257,1,60,Crosby Street Hotel,5,SoHo,9.6,1095,Luxury King (1 king bed),0,1,Free WiFi; Restaurant; Private theater; Gym; Terrace,782,109,W New York - Union Square,4,Union Square,8.0,1622,Spectacular King (1 king bed),0,0,Free WiFi; Fitness center; Restaurant; Bar,324,,,,,,,,,,,
1029,binary,258,1,60,Crosby Street Hotel,5,SoHo,9.6,1044,Luxury King (1 king bed),1,0,Free WiFi; Restaurant; Private theater; Gym; Terrace,941,116,Hyatt Centric Midtown 5th Avenue New York,4,Midtown,8.3,1902,Queen Room (1 queen bed),0,0,Free WiFi; Fitness center; Restaurant; Bar,309,,,,,,,,,,,
1033,binary,259,1,60,Crosby Street Hotel,5,SoHo,9.4,1119,Luxury King (1 king bed),0,0,Free WiFi; Restaurant; Private theater; Gym; Terrace,696,155,Walker Hotel Tribeca,4,TriBeCa,8.4,541,King Room (1 king bed),0,0,Free WiFi; Restaurant,320,,,,,,,,,,,
1037,binary,260,1,61,The Whitby Hotel,5,Upper Midtown,9.5,831,Deluxe King (1 king bed),1,1,Free WiFi; Restaurant; Screening room; Gym,808,86,Holiday Inn Express Manhattan Midtown West,3,Midtown West,8.0,2147,Double Room (2 double beds),1,1,Free WiFi; Breakfast included; Fitness center,231,,,,,,,,,,,
1041,binary,261,1,61,The Whitby Hotel,5,Upper Midtown,9.4,927,Superior King with Terrace (1 king bed),0,0,Free WiFi; Restaurant; Screening room; Gym,645,100,Fairfield Inn & Suites New York Manhattan/Chelsea,3,Chelsea,8.1,1490,King Room (1 king bed),1,1,Free WiFi; Breakfast included; Fitness center,198,,,,,,,,,,,
1045,binary,262,1,61,The Whitby Hotel,5,Upper Midtown,9.3,876,Deluxe King (1 king bed),1,0,Free WiFi; Restaurant; Screening room; Gym,832,105,Residence Inn New York Downtown Manhattan,3,Financial District,8.2,1019,One-Bedroom Suite (1 king bed),0,1,Free WiFi; Breakfast included; Kitchen; Fitness center,244,,,,,,,,,,,
1049,binary,263,1,61,The Whitby Hotel,5,Upper Midtown,9.3,965,Deluxe King (1 king bed),0,1,Free WiFi; Restaurant; Screening room; Gym,868,122,Park Hyatt New York,5,Midtown,9.1,721,Park Deluxe King (1 king bed),0,0,Free WiFi; Fitness center; Restaurant; Bar; Spa; Pool,1268,,,,,,,,,,,
1053,binary,264,1,61,The Whitby Hotel,5,Upper Midtown,9.1,926,Superior King with Terrace (1 king bed),0,1,Free WiFi; Restaurant; Screening room; Gym,833,125,Wyndham New Yorker Hotel,3,Midtown,7.6,4266,Queen Room (1 queen bed),0,0,Free WiFi; Fitness center,166,,,,,,,,,,,
1057,binary,265,1,61,The Whitby Hotel,5,Upper Midtown,9.2,947,Superior King with Terrace (1 king bed),1,0,Free WiFi; Restaurant; Screening room; Gym,646,169,Henry Norman Hotel,4,"Greenpoint, Brooklyn",8.4,508,King Suite (1 king bed),1,0,Free WiFi; Garden,148,,,,,,,,,,,
1061,binary,266,1,62,Four Seasons Hotel New York Downtown,5,TriBeCa,9.2,598,Premier King with City View (1 king bed),0,0,Free WiFi; Spa; Pool; Restaurant; Fitness center,610,99,Fairfield Inn & Suites New York Manhattan/Times Square,3,Times Square,7.7,2249,King Room (1 king bed),0,1,Free WiFi; Breakfast included; Fitness center,192,,,,,,,,,,,
1065,binary,267,1,62,Four Seasons Hotel New York Downtown,5,TriBeCa,9.1,534,Deluxe King (1 king bed),1,0,Free WiFi; Spa; Pool; Restaurant; Fitness center,931,145,The Langham New York Fifth Avenue,5,Midtown,9.1,689,Premier King (1 king bed),0,0,Free WiFi; Fitness center; Restaurant; Bar; Spa,868,,,,,,,,,,,
1069,binary,268,1,62,Four Seasons Hotel New York Downtown,5,TriBeCa,9.0,530,Deluxe King (1 king bed),1,0,Free WiFi; Spa; Pool; Restaurant; Fitness center,828,164,Even Hotel Brooklyn,3,Downtown Brooklyn,8.4,684,Queen Room (1 queen bed),0,0,Free WiFi; Fitness center,202,,,,,,,,,,,
1073,binary,269,1,63,Baccarat Hotel and Residences New York,5,Midtown,9.2,664,Classic King (1 king bed),1,1,Free WiFi; Spa; Pool; Restaurant; Bar,969,74,Hampton Inn Manhattan-SoHo,3,SoHo,8.3,1408,King Room (1 king bed),0,0,Free WiFi; Breakfast included; Fitness center,270,,,,,,,,,,,
1077,binary,270,1,63,Baccarat Hotel and Residences New York,5,Midtown,9.0,647,Grand King (1 king bed),1,0,Free WiFi; Spa; Pool; Restaurant; Bar,1022,98,Courtyard by Marriott New York Manhattan/Upper East Side,3,Upper East Side,8.0,1241,King Room (1 king bed),1,0,Free WiFi; Fitness center; Restaurant,298,,,,,,,,,,,
1081,binary,271,1,63,Baccarat Hotel and Residences New York,5,Midtown,9.2,699,Grand King (1 king bed),1,0,Free WiFi; Spa; Pool; Restaurant; Bar,1007,105,Residence Inn New York Downtown Manhattan,3,Financial District,8.0,1105,Studio Suite (1 king bed),1,1,Free WiFi; Breakfast included; Kitchen; Fitness center,199,,,,,,,,,,,
1085,binary,272,1,64,The Fifth Avenue Hotel,5,NoMad,9.2,457,King Room (1 king bed),1,1,Free WiFi; Restaurant; Butler service; Fitness center,673,95,Courtyard by Marriott New York Manhattan/Midtown East,3,Midtown East,7.9,2164,King Room (1 king bed),1,0,Free WiFi; Fitness center; Restaurant,303,,,,,,,,,,,
1089,binary,273,1,65,The William Vale,5,"Williamsburg, Brooklyn",8.7,2006,Vale King with Balcony (1 king bed),0,0,Free WiFi; Rooftop pool; Restaurant; Fitness center,293,118,Hyatt Centric Wall Street New York,4,Financial District,8.6,1162,King Room (1 king bed),1,0,Free WiFi; Fitness center; Restaurant; Bar,311,,,,,,,,,,,
1093,binary,274,1,65,The William Vale,5,"Williamsburg, Brooklyn",8.7,2211,Vale King with Balcony (1 king bed),1,1,Free WiFi; Rooftop pool; Restaurant; Fitness center,497,124,"The Beekman, A Thompson Hotel",5,Financial District,8.7,1488,Turret Suite (1 king bed),1,0,Free WiFi; Restaurant; Bar; Fitness center; Historic atrium,411,,,,,,,,,,,
1097,binary,275,1,65,The William Vale,5,"Williamsburg, Brooklyn",9.0,2248,Vale King with Balcony (1 king bed),1,0,Free WiFi; Rooftop pool; Restaurant; Fitness center,450,125,Wyndham New Yorker Hotel,3,Midtown,7.2,4549,King Room (1 king bed),1,0,Free WiFi; Fitness center,148,,,,,,,,,,,
1101,binary,276,1,65,The William Vale,5,"Williamsburg, Brooklyn",8.7,2313,Vale King (1 king bed),1,0,Free WiFi; Rooftop pool; Restaurant; Fitness center,294,134,Pod Brooklyn,3,"Williamsburg, Brooklyn",8.3,765,King Pod (1 king bed),1,0,Free WiFi; Rooftop bar,101,,,,,,,,,,,
1105,binary,277,1,65,The William Vale,5,"Williamsburg, Brooklyn",8.8,2407,Vale King (1 king bed),1,0,Free WiFi; Rooftop pool; Restaurant; Fitness center,505,148,"The Carlyle, A Rosewood Hotel",5,Upper East Side,8.9,596,Deluxe King (1 king bed),0,0,Free WiFi; Spa; Restaurant; Live jazz; Fitness center,1157,,,,,,,,,,,
1109,binary,278,1,65,The William Vale,5,"Williamsburg, Brooklyn",8.9,2182,Vale King (1 king bed),1,0,Free WiFi; Rooftop pool; Restaurant; Fitness center,327,155,Walker Hotel Tribeca,4,TriBeCa,8.2,528,King Room (1 king bed),1,0,Free WiFi; Restaurant,245,,,,,,,,,,,
1113,binary,279,1,65,The William Vale,5,"Williamsburg, Brooklyn",8.7,2337,Vale King with Balcony (1 king bed),1,0,Free WiFi; Rooftop pool; Restaurant; Fitness center,493,165,Hotel Le Bleu,3,"Park Slope, Brooklyn",8.2,537,King Room (1 king bed),0,0,Free WiFi; Restaurant,166,,,,,,,,,,,
1117,binary,280,1,66,The Plaza,5,Midtown,8.5,3468,Deluxe King (1 king bed),1,0,Free WiFi; Spa; Restaurant; Fitness center; Palm Court,1072,101,Fairfield Inn & Suites New York Brooklyn,3,Brooklyn,7.6,1259,Double Room (2 double beds),1,1,Free WiFi; Breakfast included; Fitness center,151,,,,,,,,,,,
1121,binary,281,1,66,The Plaza,5,Midtown,8.7,4004,Deluxe King (1 king bed),1,1,Free WiFi; Spa; Restaurant; Fitness center; Palm Court,1176,114,Sheraton Brooklyn New York Hotel,4,Downtown Brooklyn,7.6,1377,Double Room (2 double beds),1,0,Free WiFi; Restaurant; Fitness center; Pool,201,,,,,,,,,,,
1125,binary,282,1,66,The Plaza,5,Midtown,8.6,3540,Superior King (1 king bed),1,1,Free WiFi; Spa; Restaurant; Fitness center; Palm Court,854,149,Lotte New York Palace,5,Midtown East,8.4,2058,Deluxe King (1 king bed),0,0,Free WiFi; Fitness center; Restaurant; Bar; Spa,539,,,,,,,,,,,
1129,binary,283,1,67,Equinox Hotel New York,5,Hudson Yards,8.9,770,King Room (1 king bed),0,0,Free WiFi; Rooftop pool; Spa; Fitness center; Restaurant,960,74,Hampton Inn Manhattan-SoHo,3,SoHo,8.4,1297,King Room (1 king bed),1,1,Free WiFi; Breakfast included; Fitness center,230,,,,,,,,,,,
1133,binary,284,1,67,Equinox Hotel New York,5,Hudson Yards,8.8,833,King Room (1 king bed),1,1,Free WiFi; Rooftop pool; Spa; Fitness center; Restaurant,861,89,Crowne Plaza Times Square Manhattan,4,Times Square,7.5,4857,Double Room (2 double beds),0,0,Free WiFi; Fitness center; Restaurant; Bar,239,,,,,,,,,,,
1137,binary,285,1,67,Equinox Hotel New York,5,Hudson Yards,8.7,925,King Room (1 king bed),1,0,Free WiFi; Rooftop pool; Spa; Fitness center; Restaurant,923,93,Kimpton Muse Hotel,4,Times Square,8.5,1313,Queen Room (1 queen bed),1,1,Free WiFi; Restaurant; Bar; Wine hour,373,,,,,,,,,,,
1141,binary,286,1,67,Equinox Hotel New York,5,Hudson Yards,8.8,784,King Room (1 king bed),1,0,Free WiFi; Rooftop pool; Spa; Fitness center; Restaurant,571,144,1 Hotel Central Park,5,Midtown,8.8,1285,King Room (1 king bed),1,0,Free WiFi; Restaurant; Spa; Fitness center,795,,,,,,,,,,,
1145,binary,287,1,67,Equinox Hotel New York,5,Hudson Yards,8.6,807,Premium King (1 king bed),0,0,Free WiFi; Rooftop pool; Spa; Fitness center; Restaurant,1070,148,"The Carlyle, A Rosewood Hotel",5,Upper East Side,8.9,654,Deluxe King (1 king bed),1,0,Free WiFi; Spa; Restaurant; Live jazz; Fitness center,1223,,,,,,,,,,,
1149,binary,288,1,68,Hampton Inn Manhattan-Chelsea,3,Chelsea,8.1,3016,Double Room (2 double beds),1,1,Free WiFi; Breakfast included; Fitness center,289,130,The Jane Hotel,2,West Village,7.2,2425,Captain's Cabin (1 queen bed),0,0,Free WiFi; Bar; Ballroom,155,,,,,,,,,,,
1153,binary,289,1,68,Hampton Inn Manhattan-Chelsea,3,Chelsea,8.2,2879,Double Room (2 double beds),1,1,Free WiFi; Breakfast included; Fitness center,229,152,Arlo Midtown,3,Times Square,7.9,1751,King Room (1 king bed),0,0,Free WiFi; Rooftop bar; Restaurant,148,,,,,,,,,,,
1157,binary,290,1,69,Hampton Inn Manhattan/Times Square South,3,Times Square,8.5,3075,Double Room (2 double beds),1,1,Free WiFi; Breakfast included; Fitness center,308,82,DoubleTree by Hilton New York Midtown Fifth Ave,4,Midtown,7.9,2081,King Room (1 king bed),1,0,Free WiFi; Restaurant; Fitness center,215,,,,,,,,,,,
1161,binary,291,1,69,Hampton Inn Manhattan/Times Square South,3,Times Square,8.4,2883,King Room (1 king bed),1,1,Free WiFi; Breakfast included; Fitness center,277,114,Sheraton Brooklyn New York Hotel,4,Downtown Brooklyn,7.9,1388,King Room (1 king bed),0,0,Free WiFi; Restaurant; Fitness center; Pool,234,,,,,,,,,,,
1165,binary,292,1,69,Hampton Inn Manhattan/Times Square South,3,Times Square,8.5,3345,Double Room (2 double beds),1,1,Free WiFi; Breakfast included; Fitness center,285,117,Hyatt Centric Times Square New York,4,Times Square,8.2,2367,Queen Room (1 queen bed),1,0,Free WiFi; Fitness center; Restaurant; Bar,388,,,,,,,,,,,
1169,binary,293,1,69,Hampton Inn Manhattan/Times Square South,3,Times Square,8.2,3195,Double Room (2 double beds),0,0,Free WiFi; Breakfast included; Fitness center,249,168,The Boro Hotel,4,"Long Island City, Queens",8.4,804,Queen Room (1 queen bed),0,0,Free WiFi; Bar; Manhattan views,241,,,,,,,,,,,
1173,binary,294,1,70,Hampton Inn Manhattan Grand Central,3,Midtown East,8.2,2603,Double Room (2 double beds),0,1,Free WiFi; Breakfast included; Fitness center,276,111,The Westin New York at Times Square,4,Times Square,8.0,4270,King Room (1 king bed),1,1,Free WiFi; Restaurant; Fitness center; Bar,332,,,,,,,,,,,
1177,binary,295,1,71,Hampton Inn Manhattan-35th St/Empire State Bldg,3,Midtown,8.3,2433,King Room (1 king bed),1,1,Free WiFi; Breakfast included; Fitness center,196,86,Holiday Inn Express Manhattan Midtown West,3,Midtown West,8.0,2253,Double Room (2 double beds),0,1,Free WiFi; Breakfast included; Fitness center,188,,,,,,,,,,,
1181,binary,296,1,71,Hampton Inn Manhattan-35th St/Empire State Bldg,3,Midtown,8.3,2421,King Room (1 king bed),0,0,Free WiFi; Breakfast included; Fitness center,205,141,The Greenwich Hotel,5,TriBeCa,9.4,460,King Room (1 king bed),0,0,Free WiFi; Restaurant; Spa; Pool; Fitness center,707,,,,,,,,,,,
1185,binary,297,1,71,Hampton Inn Manhattan-35th St/Empire State Bldg,3,Midtown,8.0,2610,Double Room (2 double beds),0,1,Free WiFi; Breakfast included; Fitness center,244,152,Arlo Midtown,3,Times Square,8.0,1677,King Room (1 king bed),1,0,Free WiFi; Rooftop bar; Restaurant,247,,,,,,,,,,,
1189,binary,298,1,72,Hampton Inn Manhattan-Seaport/Financial District,3,Financial District,7.9,1939,King Room (1 king bed),0,1,Free WiFi; Breakfast included; Fitness center,227,101,Fairfield Inn & Suites New York Brooklyn,3,Brooklyn,7.9,1281,King Room (1 king bed),0,1,Free WiFi; Breakfast included; Fitness center,126,,,,,,,,,,,
1193,binary,299,1,72,Hampton Inn Manhattan-Seaport/Financial District,3,Financial District,8.0,1798,King Room (1 king bed),1,1,Free WiFi; Breakfast included; Fitness center,264,112,Sheraton New York Times Square Hotel,4,Times Square,7.4,5220,King Room (1 king bed),1,0,Free WiFi; Fitness center; Restaurant; Bar,330,,,,,,,,,,,
1197,binary,300,1,72,Hampton Inn Manhattan-Seaport/Financial District,3,Financial District,8.2,1797,Double Room (2 double beds),1,1,Free WiFi; Breakfast included; Fitness center,218,114,Sheraton Brooklyn New York Hotel,4,Downtown Brooklyn,7.7,1428,Double Room (2 double beds),0,1,Free WiFi; Restaurant; Fitness center; Pool,225,,,,,,,,,,,
1201,binary,301,1,72,Hampton Inn Manhattan-Seaport/Financial District,3,Financial District,8.2,1914,Double Room (2 double beds),1,1,Free WiFi; Breakfast included; Fitness center,254,165,Hotel Le Bleu,3,"Park Slope, Brooklyn",8.1,515,King Room (1 king bed),1,0,Free WiFi; Restaurant,205,,,,,,,,,,,
1205,binary,302,1,72,Hampton Inn Manhattan-Seaport/Financial District,3,Financial District,8.1,1793,King Room (1 king bed),1,1,Free WiFi; Breakfast included; Fitness center,285,168,The Boro Hotel,4,"Long Island City, Queens",8.3,848,King Room (1 king bed),1,0,Free WiFi; Bar; Manhattan views,207,,,,,,,,,,,
1209,binary,303,1,73,Hampton Inn Manhattan/Downtown-Financial District,3,Financial District,8.1,1531,Double Room (2 double beds),1,1,Free WiFi; Breakfast included; Fitness center,251,95,Courtyard by Marriott New York Manhattan/Midtown East,3,Midtown East,7.9,1956,King Room (1 king bed),1,0,Free WiFi; Fitness center; Restaurant,330,,,,,,,,,,,
1213,binary,304,1,73,Hampton Inn Manhattan/Downtown-Financial District,3,Financial District,8.1,1484,King Room (1 king bed),0,1,Free WiFi; Breakfast included; Fitness center,274,116,Hyatt Centric Midtown 5th Avenue New York,4,Midtown,8.5,1945,Queen Room (1 queen bed),1,0,Free WiFi; Fitness center; Restaurant; Bar,262,,,,,,,,,,,
1217,binary,305,1,73,Hampton Inn Manhattan/Downtown-Financial District,3,Financial District,8.0,1662,King Room (1 king bed),1,1,Free WiFi; Breakfast included; Fitness center,217,125,Wyndham New Yorker Hotel,3,Midtown,7.3,4541,Queen Room (1 queen bed),1,0,Free WiFi; Fitness center,184,,,,,,,,,,,
1221,binary,306,1,73,Hampton Inn Manhattan/Downtown-Financial District,3,Financial District,7.9,1539,King Room (1 king bed),0,1,Free WiFi; Breakfast included; Fitness center,197,162,McCarren Hotel & Pool,4,"Williamsburg, Brooklyn",7.9,856,King Room (1 king bed),1,0,Free WiFi; Pool; Restaurant,217,,,,,,,,,,,
1225,binary,307,1,74,Hampton Inn Manhattan-SoHo,3,SoHo,8.2,1440,Double Room (2 double beds),0,1,Free WiFi; Breakfast included; Fitness center,317,91,InterContinental New York Barclay,5,Midtown East,8.7,1481,Deluxe King (1 king bed),1,0,Free WiFi; Fitness center; Restaurant; Bar; Spa,675,,,,,,,,,,,
1229,binary,308,1,74,Hampton Inn Manhattan-SoHo,3,SoHo,8.4,1303,King Room (1 king bed),0,1,Free WiFi; Breakfast included; Fitness center,289,97,Courtyard by Marriott New York Downtown Manhattan,3,Financial District,8.1,1740,King Room (1 king bed),1,1,Free WiFi; Fitness center; Restaurant,265,,,,,,,,,,,
1233,binary,309,1,74,Hampton Inn Manhattan-SoHo,3,SoHo,8.4,1510,Double Room (2 double beds),0,1,Free WiFi; Breakfast included; Fitness center,228,106,AC Hotel New York Times Square,4,Times Square,8.1,1989,Queen Room (1 queen bed),1,0,Free WiFi; Fitness center; Restaurant; Bar,212,,,,,,,,,,,
1237,binary,310,1,74,Hampton Inn Manhattan-SoHo,3,SoHo,8.2,1309,King Room (1 king bed),1,1,Free WiFi; Breakfast included; Fitness center,315,114,Sheraton Brooklyn New York Hotel,4,Downtown Brooklyn,7.7,1303,Double Room (2 double beds),1,0,Free WiFi; Restaurant; Fitness center; Pool,226,,,,,,,,,,,
1241,binary,311,1,74,Hampton Inn Manhattan-SoHo,3,SoHo,8.2,1501,King Room (1 king bed),1,1,Free WiFi; Breakfast included; Fitness center,273,140,NoMo SoHo,4,SoHo,8.2,1073,King Room (1 king bed),1,0,Free WiFi; Restaurant; Bar,315,,,,,,,,,,,
1245,binary,312,1,74,Hampton Inn Manhattan-SoHo,3,SoHo,8.3,1345,King Room (1 king bed),1,1,Free WiFi; Breakfast included; Fitness center,312,144,1 Hotel Central Park,5,Midtown,8.5,1150,King Room (1 king bed),0,0,Free WiFi; Restaurant; Spa; Fitness center,708,,,,,,,,,,,
1249,binary,313,1,75,Hilton Garden Inn New York/Midtown Park Avenue,3,Midtown East,7.9,2373,Double Room (2 double beds),0,0,Free WiFi; Restaurant; Fitness center; Business center,181,105,Residence Inn New York Downtown Manhattan,3,Financial District,8.0,1046,One-Bedroom Suite (1 king bed),0,1,Free WiFi; Breakfast included; Kitchen; Fitness center,197,,,,,,,,,,,
1253,binary,314,1,75,Hilton Garden Inn New York/Midtown Park Avenue,3,Midtown East,8.2,2405,Double Room (2 double beds),0,0,Free WiFi; Restaurant; Fitness center; Business center,287,133,HI New York City Hostel,1,Upper West Side,6.9,2968,Private Room (1 double bed),1,0,Free WiFi; Shared kitchen; Lounge,84,,,,,,,,,,,
1257,binary,315,1,75,Hilton Garden Inn New York/Midtown Park Avenue,3,Midtown East,8.2,2344,King Room (1 king bed),0,0,Free WiFi; Restaurant; Fitness center; Business center,187,140,NoMo SoHo,4,SoHo,8.3,1123,Queen Room (1 queen bed),1,0,Free WiFi; Restaurant; Bar,477,,,,,,,,,,,
1261,binary,316,1,75,Hilton Garden Inn New York/Midtown Park Avenue,3,Midtown East,8.3,2098,King Room (1 king bed),1,1,Free WiFi; Restaurant; Fitness center; Business center,206,168,The Boro Hotel,4,"Long Island City, Queens",8.5,737,Queen Room (1 queen bed),0,0,Free WiFi; Bar; Manhattan views,150,,,,,,,,,,,
1265,binary,317,1,76,Hilton Garden Inn New York/Manhattan-Chelsea,3,Chelsea,8.0,1901,Double Room (2 double beds),0,0,Free WiFi; Restaurant; Fitness center; Business center,200,95,Courtyard by Marriott New York Manhattan/Midtown East,3,Midtown East,7.8,2112,King Room (1 king bed),1,0,Free WiFi; Fitness center; Restaurant,239,,,,,,,,,,,
1269,binary,318,1,77,Hilton Garden Inn New York/Central Park South,3,Midtown,8.3,1976,Double Room (2 double beds),0,0,Free WiFi; Restaurant; Fitness center; Business center,217,88,Crowne Plaza HY36 Midtown Manhattan,4,Midtown,8.5,2324,King Room (1 king bed),1,0,Free WiFi; Fitness center; Restaurant; Bar,307,,,,,,,,,,,
1273,binary,319,1,77,Hilton Garden Inn New York/Central Park South,3,Midtown,8.5,1903,Double Room (2 double beds),1,0,Free WiFi; Restaurant; Fitness center; Business center,322,124,"The Beekman, A Thompson Hotel",5,Financial District,8.8,1373,King Room (1 king bed),0,0,Free WiFi; Restaurant; Bar; Fitness center; Historic atrium,498,,,,,,,,,,,
1277,binary,320,1,77,Hilton Garden Inn New York/Central Park South,3,Midtown,8.2,2128,Double Room (2 double beds),1,1,Free WiFi; Restaurant; Fitness center; Business center,191,138,The Standard East Village,4,East Village,8.4,1157,Queen Room (1 queen bed),0,0,Free WiFi; Restaurant; Bar,244,,,,,,,,,,,
1281,binary,321,1,78,Hilton Garden Inn New York/Times Square,3,Times Square,8.1,2547,Double Room (2 double beds),1,0,Free WiFi; Restaurant; Fitness center; Business center,306,80,DoubleTree by Hilton New York Times Square South,4,Times Square,7.6,2607,Double Room (2 double beds),1,0,Free WiFi; Restaurant; Fitness center,211,,,,,,,,,,,
1285,binary,322,1,78,Hilton Garden Inn New York/Times Square,3,Times Square,8.0,2241,Double Room (2 double beds),1,0,Free WiFi; Restaurant; Fitness center; Business center,330,91,InterContinental New York Barclay,5,Midtown East,8.7,1451,Deluxe King (1 king bed),0,0,Free WiFi; Fitness center; Restaurant; Bar; Spa,552,,,,,,,,,,,
1289,binary,323,1,78,Hilton Garden Inn New York/Times Square,3,Times Square,7.9,2470,King Room (1 king bed),0,1,Free WiFi; Restaurant; Fitness center; Business center,299,110,The Westin New York Grand Central,4,Midtown East,8.0,3240,Double Room (2 double beds),1,0,Free WiFi; Restaurant; Fitness center; Heavenly Bed,322,,,,,,,,,,,
1293,binary,324,1,78,Hilton Garden Inn New York/Times Square,3,Times Square,7.9,2416,King Room (1 king bed),0,1,Free WiFi; Restaurant; Fitness center; Business center,262,142,The Mercer,5,SoHo,9.0,703,Penthouse Loft (1 king bed),0,0,Free WiFi; Restaurant; Bar,927,,,,,,,,,,,
1297,binary,325,1,79,DoubleTree by Hilton New York Times Square West,4,Times Square,7.8,3359,King Room (1 king bed),1,0,Free WiFi; Restaurant; Fitness center,350,85,Holiday Inn New York City - Wall Street,3,Financial District,7.8,1838,King Room (1 king bed),0,0,Free WiFi; Fitness center,247,,,,,,,,,,,
1301,binary,326,1,79,DoubleTree by Hilton New York Times Square West,4,Times Square,8.0,3501,Double Room (2 double beds),1,1,Free WiFi; Restaurant; Fitness center,251,149,Lotte New York Palace,5,Midtown East,8.3,2324,Palace King (1 king bed),1,1,Free WiFi; Fitness center; Restaurant; Bar; Spa,496,,,,,,,,,,,
1305,binary,327,1,80,DoubleTree by Hilton New York Times Square South,4,Times Square,7.8,2531,Double Room (2 double beds),0,0,Free WiFi; Restaurant; Fitness center,208,131,Freehand New York,3,Flatiron,8.0,1827,King Room (1 king bed),1,0,Free WiFi; Restaurant; Bar; Rooftop,137,,,,,,,,,,,
1309,binary,328,1,80,DoubleTree by Hilton New York Times Square South,4,Times Square,7.6,2531,Double Room (2 double beds),0,0,Free WiFi; Restaurant; Fitness center,254,170,Renaissance New York Midtown Hotel,4,Midtown,8.2,2220,King Room (1 king bed),0,0,Free WiFi; Fitness center; Restaurant; Bar,327,,,,,,,,,,,
1313,binary,329,1,80,DoubleTree by Hilton New York Times Square South,4,Times Square,7.6,3068,Double Room (2 double beds),1,0,Free WiFi; Restaurant; Fitness center,322,172,New York Marriott Downtown,4,Financial District,8.0,3331,King Room (1 king bed),0,0,Free WiFi; Fitness center; Restaurant,252,,,,,,,,,,,
1317,binary,330,1,81,DoubleTree by Hilton NYC Financial District,4,Financial District,7.8,2047,King Room (1 king bed),0,1,Free WiFi; Restaurant; Fitness center,297,106,AC Hotel New York Times Square,4,Times Square,8.1,1927,King Room (1 king bed),1,1,Free WiFi; Fitness center; Restaurant; Bar,362,,,,,,,,,,,
1321,binary,331,1,81,DoubleTree by Hilton NYC Financial District,4,Financial District,8.1,2156,King Room (1 king bed),0,0,Free WiFi; Restaurant; Fitness center,158,178,Loews Regency Hotel New York,5,Upper East Side,8.7,1209,Park Avenue King (1 king bed),1,0,Free WiFi; Fitness center; Restaurant; Bar; Spa,625,,,,,,,,,,,
1325,binary,332,1,82,DoubleTree by Hilton New York Midtown Fifth Ave,4,Midtown,7.7,1758,King Room (1 king bed),0,0,Free WiFi; Restaurant; Fitness center,351,95,Courtyard by Marriott New York Manhattan/Midtown East,3,Midtown East,8.0,1966,King Room (1 king bed),0,0,Free WiFi; Fitness center; Restaurant,172,,,,,,,,,,,
1329,binary,333,1,82,DoubleTree by Hilton New York Midtown Fifth Ave,4,Midtown,8.1,1986,Double Room (2 double beds),0,0,Free WiFi; Restaurant; Fitness center,219,118,Hyatt Centric Wall Street New York,4,Financial District,8.5,1230,King Room (1 king bed),1,0,Free WiFi; Fitness center; Restaurant; Bar,194,,,,,,,,,,,
1333,binary,334,1,82,DoubleTree by Hilton New York Midtown Fifth Ave,4,Midtown,8.0,1826,King Room (1 king bed),1,0,Free WiFi; Restaurant; Fitness center,320,122,Park Hyatt New York,5,Midtown,9.1,825,Park King (1 king bed),1,1,Free WiFi; Fitness center; Restaurant; Bar; Spa; Pool,1148,,,,,,,,,,,
1337,binary,335,1,82,DoubleTree by Hilton New York Midtown Fifth Ave,4,Midtown,7.9,1984,King Room (1 king bed),1,1,Free WiFi; Restaurant; Fitness center,200,124,"The Beekman, A Thompson Hotel",5,Financial District,8.7,1535,King Room (1 king bed),0,0,Free WiFi; Restaurant; Bar; Fitness center; Historic atrium,504,,,,,,,,,,,
1341,binary,336,1,82,DoubleTree by Hilton New York Midtown Fifth Ave,4,Midtown,7.8,1837,Double Room (2 double beds),0,0,Free WiFi; Restaurant; Fitness center,185,137,The Marlton Hotel,4,Greenwich Village,8.7,869,Queen Room (1 queen bed),0,0,Free WiFi; Restaurant; Bar,205,,,,,,,,,,,
1345,binary,337,1,85,Holiday Inn New York City - Wall Street,3,Financial District,7.6,2046,King Room (1 king bed),0,1,Free WiFi; Fitness center,151,99,Fairfield Inn & Suites New York Manhattan/Times Square,3,Times Square,7.9,2220,Double Room (2 double beds),1,1,Free WiFi; Breakfast included; Fitness center,152,,,,,,,,,,,
1349,binary,338,1,85,Holiday Inn New York City - Wall Street,3,Financial District,7.9,2074,King Room (1 king bed),0,0,Free WiFi; Fitness center,136,112,Sheraton New York Times Square Hotel,4,Times Square,7.6,5397,King Room (1 king bed),0,0,Free WiFi; Fitness center; Restaurant; Bar,209,,,,,,,,,,,
1353,binary,339,1,85,Holiday Inn New York City - Wall Street,3,Financial District,7.9,2152,King Room (1 king bed),1,0,Free WiFi; Fitness center,243,121,Hyatt Regency Times Square,4,Times Square,7.8,2823,Double Room (2 double beds),0,0,Free WiFi; Fitness center; Restaurant; Bar,374,,,,,,,,,,,
1357,binary,340,1,85,Holiday Inn New York City - Wall Street,3,Financial District,7.6,1952,King Room (1 king bed),0,0,Free WiFi; Fitness center,158,150,The Peninsula New York,5,Midtown,9.2,816,Deluxe King (1 king bed),1,0,Free WiFi; Fitness center; Restaurant; Bar; Spa; Pool,1381,,,,,,,,,,,
1361,binary,341,1,85,Holiday Inn New York City - Wall Street,3,Financial District,7.8,2071,King Room (1 king bed),0,0,Free WiFi; Fitness center,217,160,The Rockaway Hotel & Spa,4,"Rockaway Beach, Queens",8.3,475,Queen Room (1 queen bed),1,0,Free WiFi; Pool; Spa; Restaurant,344,,,,,,,,,,,
1365,binary,342,1,85,Holiday Inn New York City - Wall Street,3,Financial District,7.7,2019,Double Room (2 double beds),0,0,Free WiFi; Fitness center,223,176,Conrad New York Downtown,5,Financial District,8.7,1854,King Suite (1 king bed),1,0,Free WiFi; Fitness center; Restaurant; Bar; Spa,342,,,,,,,,,,,
1369,binary,343,1,86,Holiday Inn Express Manhattan Midtown West,3,Midtown West,7.9,2156,Double Room (2 double beds),0,1,Free WiFi; Breakfast included; Fitness center,223,91,InterContinental New York Barclay,5,Midtown East,8.8,1454,Deluxe King (1 king bed),0,0,Free WiFi; Fitness center; Restaurant; Bar; Spa,424,,,,,,,,,,,
1373,binary,344,1,86,Holiday Inn Express Manhattan Midtown West,3,Midtown West,7.8,2387,Double Room (2 double beds),0,0,Free WiFi; Breakfast included; Fitness center,190,105,Residence Inn New York Downtown Manhattan,3,Financial District,8.0,1149,One-Bedroom Suite (1 king bed),1,1,Free WiFi; Breakfast included; Kitchen; Fitness center,319,,,,,,,,,,,
1377,binary,345,1,86,Holiday Inn Express Manhattan Midtown West,3,Midtown West,7.9,2051,King Room (1 king bed),0,0,Free WiFi; Breakfast included; Fitness center,154,108,W New York - Times Square,4,Times Square,7.8,2592,Spectacular King (1 king bed),0,0,Free WiFi; Fitness center; Restaurant; Bar,287,,,,,,,,,,,
1381,binary,346,1,86,Holiday Inn Express Manhattan Midtown West,3,Midtown West,8.0,2163,Double Room (2 double beds),1,0,Free WiFi; Breakfast included; Fitness center,224,165,Hotel Le Bleu,3,"Park Slope, Brooklyn",8.0,501,King Room (1 king bed),0,0,Free WiFi; Restaurant,166,,,,,,,,,,,
1385,binary,347,1,86,Holiday Inn Express Manhattan Midtown West,3,Midtown West,7.8,2215,Double Room (2 double beds),0,1,Free WiFi; Breakfast included; Fitness center,186,172,New York Marriott Downtown,4,Financial District,7.9,3358,Double Room (2 double beds),1,0,Free WiFi; Fitness center; Restaurant,300,,,,,,,,,,,
1389,binary,348,1,87,Holiday Inn Express Manhattan Times Square,3,Times Square,7.9,2605,Double Room (2 double beds),0,1,Free WiFi; Breakfast included; Fitness center,283,106,AC Hotel New York Times Square,4,Times Square,8.2,2036,King Room (1 king bed),0,1,Free WiFi; Fitness center; Restaurant; Bar,195,,,,,,,,,,,
1393,binary,349,1,88,Crowne Plaza HY36 Midtown Manhattan,4,Midtown,8.6,2362,Double Room (2 double beds),1,0,Free WiFi; Fitness center; Restaurant; Bar,296,117,Hyatt Centric Times Square New York,4,Times Square,8.4,2232,King Room (1 king bed),0,0,Free WiFi; Fitness center; Restaurant; Bar,250,,,,,,,,,,,
1397,binary,350,1,89,Crowne Plaza Times Square Manhattan,4,Times Square,7.5,4302,Double Room (2 double beds),1,0,Free WiFi; Fitness center; Restaurant; Bar,181,91,InterContinental New York Barclay,5,Midtown East,8.6,1576,Deluxe King (1 king bed),1,0,Free WiFi; Fitness center; Restaurant; Bar; Spa,400,,,,,,,,,,,
1401,binary,351,1,89,Crowne Plaza Times Square Manhattan,4,Times Square,7.3,4498,King Room (1 king bed),1,0,Free WiFi; Fitness center; Restaurant; Bar,188,153,The Renwick Hotel,4,Midtown East,8.5,814,Queen Room (1 queen bed),1,0,Free WiFi; Restaurant; Bar,338,,,,,,,,,,,
1405,binary,352,1,90,InterContinental New York Times Square,5,Times Square,8.3,2663,King Room (1 king bed),1,0,Free WiFi; Fitness center; Restaurant; Bar; Spa,400,91,InterContinental New York Barclay,5,Midtown East,8.6,1548,Premium King (1 king bed),0,1,Free WiFi; Fitness center; Restaurant; Bar; Spa,483,,,,,,,,,,,
1409,binary,353,1,90,InterContinental New York Times Square,5,Times Square,8.5,2703,Premium King (1 king bed),1,0,Free WiFi; Fitness center; Restaurant; Bar; Spa,318,119,Hyatt Place New York Midtown South,3,Midtown,7.9,1514,Double Room (2 double beds),1,0,Free WiFi; Breakfast; Fitness center,232,,,,,,,,,,,
1413,binary,354,1,90,InterContinental New York Times Square,5,Times Square,8.5,2964,King Room (1 king bed),0,0,Free WiFi; Fitness center; Restaurant; Bar; Spa,452,136,The Bowery Hotel,4,East Village,8.6,850,King Room (1 king bed),1,0,Free WiFi; Restaurant; Bar; Fireplace lounge,449,,,,,,,,,,,
1417,binary,355,1,90,InterContinental New York Times Square,5,Times Square,8.3,2839,King Room (1 king bed),1,0,Free WiFi; Fitness center; Restaurant; Bar; Spa,425,140,NoMo SoHo,4,SoHo,8.3,993,King Room (1 king bed),1,0,Free WiFi; Restaurant; Bar,396,,,,,,,,,,,
1421,binary,356,1,91,InterContinental New York Barclay,5,Midtown East,8.6,1683,Premium King (1 king bed),1,1,Free WiFi; Fitness center; Restaurant; Bar; Spa,610,103,Residence Inn New York Manhattan/Times Square,3,Times Square,8.1,1864,Studio Suite (1 king bed),1,1,Free WiFi; Breakfast included; Kitchen; Fitness center,332,,,,,,,,,,,
1425,binary,357,1,91,InterContinental New York Barclay,5,Midtown East,8.6,1485,Premium King (1 king bed),0,0,Free WiFi; Fitness center; Restaurant; Bar; Spa,439,120,Hyatt Place New York/Chelsea,3,Chelsea,8.0,1219,King Room (1 king bed),1,0,Free WiFi; Breakfast; Fitness center,181,,,,,,,,,,,
1429,binary,358,1,91,InterContinental New York Barclay,5,Midtown East,8.6,1633,Premium King (1 king bed),0,0,Free WiFi; Fitness center; Restaurant; Bar; Spa,627,154,Walker Hotel Greenwich Village,4,Greenwich Village,8.6,716,King Room (1 king bed),1,0,Free WiFi; Restaurant,312,,,,,,,,,,,
1433,binary,359,1,93,Kimpton Muse Hotel,4,Times Square,8.5,1283,King Room (1 king bed),1,0,Free WiFi; Restaurant; Bar; Wine hour,383,96,Courtyard by Marriott New York Manhattan/SoHo,3,SoHo,8.4,1468,Double Room (2 double beds),1,1,Free WiFi; Fitness center; Restaurant,188,,,,,,,,,,,
1437,binary,360,1,93,Kimpton Muse Hotel,4,Times Square,8.5,1093,King Room (1 king bed),0,0,Free WiFi; Restaurant; Bar; Wine hour,277,98,Courtyard by Marriott New York Manhattan/Upper East Side,3,Upper East Side,8.0,1200,Double Room (2 double beds),1,0,Free WiFi; Fitness center; Restaurant,223,,,,,,,,,,,
1441,binary,361,1,93,Kimpton Muse Hotel,4,Times Square,8.5,1297,Queen Room (1 queen bed),1,0,Free WiFi; Restaurant; Bar; Wine hour,274,125,Wyndham New Yorker Hotel,3,Midtown,7.4,4409,Double Room (2 double beds),1,0,Free WiFi; Fitness center,123,,,,,,,,,,,
1445,binary,362,1,93,Kimpton Muse Hotel,4,Times Square,8.3,1107,Queen Room (1 queen bed),0,0,Free WiFi; Restaurant; Bar; Wine hour,288,133,HI New York City Hostel,1,Upper West Side,6.9,3188,Dorm Bed (1 bunk bed),1,0,Free WiFi; Shared kitchen; Lounge,71,,,,,,,,,,,
1449,binary,363,1,94,EVEN Hotel New York - Times Square South,3,Midtown,8.6,1287,King Room (1 king bed),1,0,Free WiFi; Fitness center; In-room training zone,269,154,Walker Hotel Greenwich Village,4,Greenwich Village,8.4,759,King Room (1 king bed),1,0,Free WiFi; Restaurant,220,,,,,,,,,,,
1453,binary,364,1,95,Courtyard by Marriott New York Manhattan/Midtown East,3,Midtown East,8.1,2105,King Room (1 king bed),0,0,Free WiFi; Fitness center; Restaurant,314,120,Hyatt Place New York/Chelsea,3,Chelsea,7.9,1119,King Room (1 king bed),1,0,Free WiFi; Breakfast; Fitness center,231,,,,,,,,,,,
1457,binary,365,1,95,Courtyard by Marriott New York Manhattan/Midtown East,3,Midtown East,7.8,1918,King Room (1 king bed),1,0,Free WiFi; Fitness center; Restaurant,177,136,The Bowery Hotel,4,East Village,8.7,844,King Room (1 king bed),0,0,Free WiFi; Restaurant; Bar; Fireplace lounge,608,,,,,,,,,,,
1461,binary,366,1,95,Courtyard by Marriott New York Manhattan/Midtown East,3,Midtown East,8.2,2153,King Room (1 king bed),1,0,Free WiFi; Fitness center; Restaurant,287,139,The Standard High Line,4,Meatpacking District,8.3,1989,King Room (1 king bed),1,0,Free WiFi; Restaurant; Bar; Beer garden,531,,,,,,,,,,,
1465,binary,367,1,97,Courtyard by Marriott New York Downtown Manhattan,3,Financial District,8.0,1715,Double Room (2 double beds),1,0,Free WiFi; Fitness center; Restaurant,308,122,Park Hyatt New York,5,Midtown,9.0,829,Park Deluxe King (1 king bed),0,1,Free WiFi; Fitness center; Restaurant; Bar; Spa; Pool,1112,,,,,,,,,,,
1469,binary,368,1,97,Courtyard by Marriott New York Downtown Manhattan,3,Financial District,7.8,1846,Double Room (2 double beds),0,0,Free WiFi; Fitness center; Restaurant,200,125,Wyndham New Yorker Hotel,3,Midtown,7.5,4379,King Room (1 king bed),1,0,Free WiFi; Fitness center,175,,,,,,,,,,,
1473,binary,369,1,97,Courtyard by Marriott New York Downtown Manhattan,3,Financial District,7.8,1724,Double Room (2 double beds),1,0,Free WiFi; Fitness center; Restaurant,303,155,Walker Hotel Tribeca,4,TriBeCa,8.3,487,Queen Room (1 queen bed),1,0,Free WiFi; Restaurant,200,,,,,,,,,,,
1477,binary,370,1,97,Courtyard by Marriott New York Downtown Manhattan,3,Financial District,7.8,1859,King Room (1 king bed),1,0,Free WiFi; Fitness center; Restaurant,270,174,Moxy NYC Chelsea,3,Chelsea,8.1,1515,Queen Room (1 queen bed),1,0,Free WiFi; Rooftop bar; Restaurant,235,,,,,,,,,,,
1481,binary,371,1,97,Courtyard by Marriott New York Downtown Manhattan,3,Financial District,8.0,1740,Double Room (2 double beds),1,0,Free WiFi; Fitness center; Restaurant,166,176,Conrad New York Downtown,5,Financial District,8.6,2080,King Suite (1 king bed),1,0,Free WiFi; Fitness center; Restaurant; Bar; Spa,378,,,,,,,,,,,
1485,binary,372,1,98,Courtyard by Marriott New York Manhattan/Upper East Side,3,Upper East Side,8.3,1120,Double Room (2 double beds),0,0,Free WiFi; Fitness center; Restaurant,217,113,Sheraton Tribeca New York Hotel,4,TriBeCa,8.1,1533,King Room (1 king bed),1,0,Free WiFi; Fitness center; Restaurant; Bar,300,,,,,,,,,,,
1489,binary,373,1,98,Courtyard by Marriott New York Manhattan/Upper East Side,3,Upper East Side,8.2,1186,Double Room (2 double beds),0,1,Free WiFi; Fitness center; Restaurant,240,126,Ramada by Wyndham New York/Eastside,2,Midtown East,6.9,1646,Queen Room (1 queen bed),0,0,Free WiFi,150,,,,,,,,,,,
1493,binary,374,1,98,Courtyard by Marriott New York Manhattan/Upper East Side,3,Upper East Side,8.2,1229,King Room (1 king bed),1,0,Free WiFi; Fitness center; Restaurant,195,141,The Greenwich Hotel,5,TriBeCa,9.4,500,Deluxe King (1 king bed),0,0,Free WiFi; Restaurant; Spa; Pool; Fitness center,1087,,,,,,,,,,,
1497,binary,375,1,100,Fairfield Inn & Suites New York Manhattan/Chelsea,3,Chelsea,8.1,1484,King Room (1 king bed),1,1,Free WiFi; Breakfast included; Fitness center,160,138,The Standard East Village,4,East Village,8.4,1094,Queen Room (1 queen bed),1,0,Free WiFi; Restaurant; Bar,240,,,,,,,,,,,
1501,binary,376,1,100,Fairfield Inn & Suites New York Manhattan/Chelsea,3,Chelsea,8.0,1575,Double Room (2 double beds),1,0,Free WiFi; Breakfast included; Fitness center,163,178,Loews Regency Hotel New York,5,Upper East Side,8.7,1014,Park Avenue King (1 king bed),0,0,Free WiFi; Fitness center; Restaurant; Bar; Spa,730,,,,,,,,,,,
1505,binary,377,1,101,Fairfield Inn & Suites New York Brooklyn,3,Brooklyn,7.6,1229,Double Room (2 double beds),0,1,Free WiFi; Breakfast included; Fitness center,186,103,Residence Inn New York Manhattan/Times Square,3,Times Square,8.1,1835,Studio Suite (1 king bed),0,0,Free WiFi; Breakfast included; Kitchen; Fitness center,311,,,,,,,,,,,
1509,binary,378,1,104,Residence Inn New York Manhattan/Midtown East,3,Midtown East,8.0,1421,Studio Suite (1 king bed),0,0,Free WiFi; Breakfast included; Kitchen; Fitness center,203,155,Walker Hotel Tribeca,4,TriBeCa,8.1,525,Queen Room (1 queen bed),1,0,Free WiFi; Restaurant,335,,,,,,,,,,,
1513,binary,379,1,105,Residence Inn New York Downtown Manhattan,3,Financial District,8.1,1054,Studio Suite (1 king bed),1,1,Free WiFi; Breakfast included; Kitchen; Fitness center,320,124,"The Beekman, A Thompson Hotel",5,Financial District,8.9,1386,King Room (1 king bed),1,0,Free WiFi; Restaurant; Bar; Fitness center; Historic atrium,574,,,,,,,,,,,
1517,binary,380,1,105,Residence Inn New York Downtown Manhattan,3,Financial District,8.1,1016,One-Bedroom Suite (1 king bed),0,1,Free WiFi; Breakfast included; Kitchen; Fitness center,320,135,The Ludlow Hotel,4,Lower East Side,8.4,1048,King Room (1 king bed),1,0,Free WiFi; Restaurant; Bar; Garden,368,,,,,,,,,,,
1521,binary,381,1,105,Residence Inn New York Downtown Manhattan,3,Financial District,7.9,1206,One-Bedroom Suite (1 king bed),1,1,Free WiFi; Breakfast included; Kitchen; Fitness center,309,139,The Standard High Line,4,Meatpacking District,8.7,1914,Queen Room (1 queen bed),0,0,Free WiFi; Restaurant; Bar; Beer garden,450,,,,,,,,,,,
1525,binary,382,1,106,AC Hotel New York Times Square,4,Times Square,8.4,1939,King Room (1 king bed),1,1,Free WiFi; Fitness center; Restaurant; Bar,286,108,W New York - Times Square,4,Times Square,7.9,2621,Spectacular King (1 king bed),0,0,Free WiFi; Fitness center; Restaurant; Bar,260,,,,,,,,,,,
1529,binary,383,1,106,AC Hotel New York Times Square,4,Times Square,8.1,1845,Queen Room (1 queen bed),1,0,Free WiFi; Fitness center; Restaurant; Bar,219,116,Hyatt Centric Midtown 5th Avenue New York,4,Midtown,8.3,1699,Queen Room (1 queen bed),1,0,Free WiFi; Fitness center; Restaurant; Bar,332,,,,,,,,,,,
1533,binary,384,1,106,AC Hotel New York Times Square,4,Times Square,8.4,2091,King Room (1 king bed),1,0,Free WiFi; Fitness center; Restaurant; Bar,228,134,Pod Brooklyn,3,"Williamsburg, Brooklyn",8.0,811,Queen Pod (1 queen bed),1,0,Free WiFi; Rooftop bar,151,,,,,,,,,,,
1537,binary,385,1,106,AC Hotel New York Times Square,4,Times Square,8.4,2010,King Room (1 king bed),1,0,Free WiFi; Fitness center; Restaurant; Bar,318,169,Henry Norman Hotel,4,"Greenpoint, Brooklyn",8.3,461,Loft Suite (1 king bed),0,1,Free WiFi; Garden,260,,,,,,,,,,,
1541,binary,386,1,108,W New York - Times Square,4,Times Square,7.9,3021,Wonderful King (1 king bed),1,0,Free WiFi; Fitness center; Restaurant; Bar,341,118,Hyatt Centric Wall Street New York,4,Financial District,8.5,1118,Queen Room (1 queen bed),1,0,Free WiFi; Fitness center; Restaurant; Bar,360,,,,,,,,,,,
1545,binary,387,1,108,W New York - Times Square,4,Times Square,7.7,2542,Wonderful King (1 king bed),1,0,Free WiFi; Fitness center; Restaurant; Bar,357,140,NoMo SoHo,4,SoHo,8.2,1109,Queen Room (1 queen bed),0,0,Free WiFi; Restaurant; Bar,359,,,,,,,,,,,
1549,binary,388,1,109,W New York - Union Square,4,Union Square,8.0,1535,Spectacular King (1 king bed),0,0,Free WiFi; Fitness center; Restaurant; Bar,429,133,HI New York City Hostel,1,Upper West Side,7.1,3039,Private Room (1 double bed),0,0,Free WiFi; Shared kitchen; Lounge,62,,,,,,,,,,,
1553,binary,389,1,109,W New York - Union Square,4,Union Square,8.3,1450,Wonderful King (1 king bed),1,0,Free WiFi; Fitness center; Restaurant; Bar,377,142,The Mercer,5,SoHo,8.9,674,Penthouse Loft (1 king bed),0,0,Free WiFi; Restaurant; Bar,824,,,,,,,,,,,
1557,binary,390,1,109,W New York - Union Square,4,Union Square,8.3,1597,Spectacular King (1 king bed),1,0,Free WiFi; Fitness center; Restaurant; Bar,261,169,Henry Norman Hotel,4,"Greenpoint, Brooklyn",8.4,530,King Suite (1 king bed),1,0,Free WiFi; Garden,164,,,,,,,,,,,
1561,binary,391,1,110,The Westin New York Grand Central,4,Midtown East,7.9,2920,King Room (1 king bed),1,0,Free WiFi; Restaurant; Fitness center; Heavenly Bed,328,111,The Westin New York at Times Square,4,Times Square,7.8,4395,King Room (1 king bed),0,0,Free WiFi; Restaurant; Fitness center; Bar,295,,,,,,,,,,,
1565,binary,392,1,110,The Westin New York Grand Central,4,Midtown East,8.0,2979,Double Room (2 double beds),1,0,Free WiFi; Restaurant; Fitness center; Heavenly Bed,306,136,The Bowery Hotel,4,East Village,8.7,777,Queen Room (1 queen bed),1,0,Free WiFi; Restaurant; Bar; Fireplace lounge,524,,,,,,,,,,,
1569,binary,393,1,110,The Westin New York Grand Central,4,Midtown East,8.0,3476,Double Room (2 double beds),0,0,Free WiFi; Restaurant; Fitness center; Heavenly Bed,363,152,Arlo Midtown,3,Times Square,8.1,1944,King Room (1 king bed),1,0,Free WiFi; Rooftop bar; Restaurant,193,,,,,,,,,,,
1573,binary,394,1,110,The Westin New York Grand Central,4,Midtown East,8.0,3503,King Room (1 king bed),0,0,Free WiFi; Restaurant; Fitness center; Heavenly Bed,259,162,McCarren Hotel & Pool,4,"Williamsburg, Brooklyn",8.1,749,King Room (1 king bed),0,0,Free WiFi; Pool; Restaurant,206,,,,,,,,,,,
1577,binary,395,1,110,The Westin New York Grand Central,4,Midtown East,7.9,3346,Double Room (2 double beds),0,0,Free WiFi; Restaurant; Fitness center; Heavenly Bed,420,165,Hotel Le Bleu,3,"Park Slope, Brooklyn",7.9,514,Queen Room (1 queen bed),0,0,Free WiFi; Restaurant,194,,,,,,,,,,,
1581,binary,396,1,111,The Westin New York at Times Square,4,Times Square,8.0,3754,Double Room (2 double beds),1,0,Free WiFi; Restaurant; Fitness center; Bar,273,168,The Boro Hotel,4,"Long Island City, Queens",8.6,736,King Room (1 king bed),1,0,Free WiFi; Bar; Manhattan views,257,,,,,,,,,,,
1585,binary,397,1,112,Sheraton New York Times Square Hotel,4,Times Square,7.5,5213,King Room (1 king bed),1,0,Free WiFi; Fitness center; Restaurant; Bar,353,122,Park Hyatt New York,5,Midtown,9.0,869,Park Deluxe King (1 king bed),1,0,Free WiFi; Fitness center; Restaurant; Bar; Spa; Pool,689,,,,,,,,,,,
1589,binary,398,1,114,Sheraton Brooklyn New York Hotel,4,Downtown Brooklyn,7.8,1411,King Room (1 king bed),1,0,Free WiFi; Restaurant; Fitness center; Pool,215,137,The Marlton Hotel,4,Greenwich Village,8.6,858,King Room (1 king bed),0,0,Free WiFi; Restaurant; Bar,361,,,,,,,,,,,
1593,binary,399,1,114,Sheraton Brooklyn New York Hotel,4,Downtown Brooklyn,7.7,1328,King Room (1 king bed),0,0,Free WiFi; Restaurant; Fitness center; Pool,223,153,The Renwick Hotel,4,Midtown East,8.4,917,King Room (1 king bed),1,0,Free WiFi; Restaurant; Bar,378,,,,,,,,,,,
1597,binary,400,1,115,Hyatt Grand Central New York,4,Midtown East,7.8,3530,Double Room (2 double beds),0,1,Free WiFi; Fitness center; Restaurant,400,143,1 Hotel Brooklyn Bridge,4,Brooklyn Heights,8.7,1975,Queen Room (1 queen bed),1,0,Free WiFi; Rooftop pool; Restaurant; Spa,349,,,,,,,,,,,
1601,binary,401,1,115,Hyatt Grand Central New York,4,Midtown East,7.7,3800,Double Room (2 double beds),0,0,Free WiFi; Fitness center; Restaurant,382,156,The Hoxton Williamsburg,4,"Williamsburg, Brooklyn",8.3,905,Queen Room (1 queen bed),1,0,Free WiFi; Restaurant; Rooftop bar,251,,,,,,,,,,,
1605,binary,402,1,115,Hyatt Grand Central New York,4,Midtown East,7.8,3817,King Room (1 king bed),1,0,Free WiFi; Fitness center; Restaurant,258,175,Conrad New York Midtown,5,Midtown,8.6,1709,King Suite (1 king bed),0,0,Free WiFi; Fitness center; Restaurant; Bar; Spa,589,,,,,,,,,,,
1609,binary,403,1,116,Hyatt Centric Midtown 5th Avenue New York,4,Midtown,8.6,1706,King Room (1 king bed),1,0,Free WiFi; Fitness center; Restaurant; Bar,228,135,The Ludlow Hotel,4,Lower East Side,8.7,1042,King Room (1 king bed),1,0,Free WiFi; Restaurant; Bar; Garden,242,,,,,,,,,,,
1613,binary,404,1,117,Hyatt Centric Times Square New York,4,Times Square,8.3,2083,King Room (1 king bed),1,0,Free WiFi; Fitness center; Restaurant; Bar,355,160,The Rockaway Hotel & Spa,4,"Rockaway Beach, Queens",8.1,486,King Room (1 king bed),1,0,Free WiFi; Pool; Spa; Restaurant,247,,,,,,,,,,,
1617,binary,405,1,117,Hyatt Centric Times Square New York,4,Times Square,8.4,2192,Queen Room (1 queen bed),0,0,Free WiFi; Fitness center; Restaurant; Bar,337,166,Z Hotel New York,3,"Long Island City, Queens",7.7,1483,Queen Room (1 queen bed),0,0,Free WiFi; Rooftop bar,149,,,,,,,,,,,
1621,binary,406,1,118,Hyatt Centric Wall Street New York,4,Financial District,8.3,1162,King Room (1 king bed),1,0,Free WiFi; Fitness center; Restaurant; Bar,286,143,1 Hotel Brooklyn Bridge,4,Brooklyn Heights,8.6,1832,King Room (1 king bed),0,0,Free WiFi; Rooftop pool; Restaurant; Spa,336,,,,,,,,,,,
1625,binary,407,1,121,Hyatt Regency Times Square,4,Times Square,7.9,2498,King Room (1 king bed),0,0,Free WiFi; Fitness center; Restaurant; Bar,382,144,1 Hotel Central Park,5,Midtown,8.6,1312,Queen Room (1 queen bed),1,0,Free WiFi; Restaurant; Spa; Fitness center,525,,,,,,,,,,,
1629,binary,408,1,121,Hyatt Regency Times Square,4,Times Square,7.9,2787,Double Room (2 double beds),0,0,Free WiFi; Fitness center; Restaurant; Bar,286,177,Tempo by Hilton New York Times Square,3,Times Square,8.0,643,Double Room (2 double beds),0,0,Free WiFi; Fitness center; Kitchen,194,,,,,,,,,,,
1633,binary,409,1,122,Park Hyatt New York,5,Midtown,9.2,875,Park King (1 king bed),1,1,Free WiFi; Fitness center; Restaurant; Bar; Spa; Pool,990,137,The Marlton Hotel,4,Greenwich Village,8.6,1001,King Room (1 king bed),0,0,Free WiFi; Restaurant; Bar,275,,,,,,,,,,,
1637,binary,410,1,122,Park Hyatt New York,5,Midtown,8.9,807,Park Deluxe King (1 king bed),1,0,Free WiFi; Fitness center; Restaurant; Bar; Spa; Pool,1038,141,The Greenwich Hotel,5,TriBeCa,9.2,474,King Room (1 king bed),1,0,Free WiFi; Restaurant; Spa; Pool; Fitness center,724,,,,,,,,,,,
1641,binary,411,1,122,Park Hyatt New York,5,Midtown,9.3,879,Park Deluxe King (1 king bed),0,0,Free WiFi; Fitness center; Restaurant; Bar; Spa; Pool,1228,150,The Peninsula New York,5,Midtown,9.2,829,Superior King (1 king bed),0,0,Free WiFi; Fitness center; Restaurant; Bar; Spa; Pool,1224,,,,,,,,,,,
1645,binary,412,1,122,Park Hyatt New York,5,Midtown,9.3,761,Park King (1 king bed),0,0,Free WiFi; Fitness center; Restaurant; Bar; Spa; Pool,876,156,The Hoxton Williamsburg,4,"Williamsburg, Brooklyn",8.5,1056,Queen Room (1 queen bed),0,0,Free WiFi; Restaurant; Rooftop bar,208,,,,,,,,,,,
1649,binary,413,1,122,Park Hyatt New York,5,Midtown,9.1,758,Park King (1 king bed),0,0,Free WiFi; Fitness center; Restaurant; Bar; Spa; Pool,874,179,"The Ritz-Carlton New York, NoMad",5,NoMad,8.8,361,Deluxe King (1 king bed),0,1,Free WiFi; Fitness center; Restaurant; Bar; Spa; Pool,1193,,,,,,,,,,,
1653,binary,414,1,124,"The Beekman, A Thompson Hotel",5,Financial District,8.8,1418,King Room (1 king bed),0,0,Free WiFi; Restaurant; Bar; Fitness center; Historic atrium,352,142,The Mercer,5,SoHo,9.1,636,Penthouse Loft (1 king bed),0,0,Free WiFi; Restaurant; Bar,827,,,,,,,,,,,
1657,binary,415,1,124,"The Beekman, A Thompson Hotel",5,Financial District,9.0,1319,Turret Suite (1 king bed),0,0,Free WiFi; Restaurant; Bar; Fitness center; Historic atrium,497,168,The Boro Hotel,4,"Long Island City, Queens",8.5,853,Queen Room (1 queen bed),0,0,Free WiFi; Bar; Manhattan views,220,,,,,,,,,,,
1661,binary,416,1,125,Wyndham New Yorker Hotel,3,Midtown,7.6,4346,King Room (1 king bed),0,0,Free WiFi; Fitness center,219,144,1 Hotel Central Park,5,Midtown,8.7,1285,King Room (1 king bed),1,0,Free WiFi; Restaurant; Spa; Fitness center,554,,,,,,,,,,,
1665,binary,417,1,126,Ramada by Wyndham New York/Eastside,2,Midtown East,6.7,1881,Queen Room (1 queen bed),0,0,Free WiFi,81,131,Freehand New York,3,Flatiron,8.1,1694,King Room (1 king bed),1,0,Free WiFi; Restaurant; Bar; Rooftop,237,,,,,,,,,,,
1669,binary,418,1,126,Ramada by Wyndham New York/Eastside,2,Midtown East,6.9,1915,King Room (1 king bed),0,0,Free WiFi,101,166,Z Hotel New York,3,"Long Island City, Queens",7.9,1371,Queen Room (1 queen bed),0,0,Free WiFi; Rooftop bar,146,,,,,,,,,,,
1673,binary,419,1,127,Days Inn by Wyndham NYC Midtown 45,2,Midtown,6.5,2048,Queen Room (1 queen bed),1,0,Free WiFi,96,164,Even Hotel Brooklyn,3,Downtown Brooklyn,8.1,724,King Room (1 king bed),0,0,Free WiFi; Fitness center,179,,,,,,,,,,,
1677,binary,420,1,128,La Quinta Inn & Suites New York Times Square South,2,Midtown,7.1,1700,King Room (1 king bed),1,1,Free WiFi; Breakfast,106,156,The Hoxton Williamsburg,4,"Williamsburg, Brooklyn",8.7,938,King Room (1 king bed),1,0,Free WiFi; Restaurant; Rooftop bar,210,,,,,,,,,,,
1681,binary,421,1,130,The Jane Hotel,2,West Village,7.2,2522,Captain's Cabin (1 queen bed),0,0,Free WiFi; Bar; Ballroom,113,134,Pod Brooklyn,3,"Williamsburg, Brooklyn",8.1,876,King Pod (1 king bed),0,0,Free WiFi; Rooftop bar,168,,,,,,,,,,,
1685,binary,422,1,130,The Jane Hotel,2,West Village,7.4,2484,Captain's Cabin (1 queen bed),0,0,Free WiFi; Bar; Ballroom,141,147,"The Pierre, A Taj Hotel",5,Upper East Side,8.9,1409,Deluxe King (1 king bed),0,0,Free WiFi; Fitness center; Restaurant; Bar; Spa,703,,,,,,,,,,,
1689,binary,423,1,130,The Jane Hotel,2,West Village,7.5,2470,Standard Cabin (1 twin bed),0,0,Free WiFi; Bar; Ballroom,140,162,McCarren Hotel & Pool,4,"Williamsburg, Brooklyn",8.0,721,Queen Room (1 queen bed),0,0,Free WiFi; Pool; Restaurant,251,,,,,,,,,,,
1693,binary,424,1,132,The Local NYC,2,"Long Island City, Queens",8.1,858,Queen Room (1 queen bed),0,0,Free WiFi; Shared kitchen,87,158,The James New York NoMad,4,NoMad,8.3,745,Queen Room (1 queen bed),1,0,Free WiFi; Restaurant; Rooftop bar; Fitness center,346,,,,,,,,,,,
1697,binary,425,1,132,The Local NYC,2,"Long Island City, Queens",8.1,903,Bunk Room (2 bunk beds),1,0,Free WiFi; Shared kitchen,140,164,Even Hotel Brooklyn,3,Downtown Brooklyn,8.3,688,Queen Room (1 queen bed),1,0,Free WiFi; Fitness center,138,,,,,,,,,,,
1701,binary,426,1,132,The Local NYC,2,"Long Island City, Queens",8.3,914,Bunk Room (2 bunk beds),1,0,Free WiFi; Shared kitchen,94,171,New York Marriott Marquis,4,Times Square,7.7,9289,King Room (1 king bed),1,0,Free WiFi; Restaurant; Bar; Fitness center; Theater,256,,,,,,,,,,,
1705,binary,427,1,132,The Local NYC,2,"Long Island City, Queens",8.4,959,Bunk Room (2 bunk beds),1,0,Free WiFi; Shared kitchen,132,176,Conrad New York Downtown,5,Financial District,8.8,1829,Deluxe Suite (1 king bed),0,0,Free WiFi; Fitness center; Restaurant; Bar; Spa,312,,,,,,,,,,,
1709,binary,428,1,134,Pod Brooklyn,3,"Williamsburg, Brooklyn",7.9,864,King Pod (1 king bed),1,0,Free WiFi; Rooftop bar,89,166,Z Hotel New York,3,"Long Island City, Queens",7.8,1292,King Room (1 king bed),0,0,Free WiFi; Rooftop bar,114,,,,,,,,,,,
1713,binary,429,1,134,Pod Brooklyn,3,"Williamsburg, Brooklyn",8.1,743,Queen Pod (1 queen bed),0,0,Free WiFi; Rooftop bar,99,171,New York Marriott Marquis,4,Times Square,7.9,8267,King Room (1 king bed),1,0,Free WiFi; Restaurant; Bar; Fitness center; Theater,439,,,,,,,,,,,
1717,binary,430,1,134,Pod Brooklyn,3,"Williamsburg, Brooklyn",8.1,843,Queen Pod (1 queen bed),1,0,Free WiFi; Rooftop bar,163,179,"The Ritz-Carlton New York, NoMad",5,NoMad,8.8,415,Premier King (1 king bed),1,1,Free WiFi; Fitness center; Restaurant; Bar; Spa; Pool,805,,,,,,,,,,,
1721,binary,431,1,136,The Bowery Hotel,4,East Village,8.8,773,King Room (1 king bed),1,1,Free WiFi; Restaurant; Bar; Fireplace lounge,392,168,The Boro Hotel,4,"Long Island City, Queens",8.7,806,King Room (1 king bed),0,0,Free WiFi; Bar; Manhattan views,174,,,,,,,,,,,
1725,binary,432,1,136,The Bowery Hotel,4,East Village,8.6,893,King Room (1 king bed),1,0,Free WiFi; Restaurant; Bar; Fireplace lounge,442,171,New York Marriott Marquis,4,Times Square,8.0,8498,King Room (1 king bed),0,0,Free WiFi; Restaurant; Bar; Fitness center; Theater,305,,,,,,,,,,,
1729,binary,433,1,137,The Marlton Hotel,4,Greenwich Village,8.5,865,King Room (1 king bed),1,1,Free WiFi; Restaurant; Bar,209,167,Paper Factory Hotel,3,"Long Island City, Queens",8.2,621,Queen Room (1 queen bed),1,0,Free WiFi; Bar; Restaurant,100,,,,,,,,,,,
1733,binary,434,1,138,The Standard East Village,4,East Village,8.2,1225,King Room (1 king bed),1,0,Free WiFi; Restaurant; Bar,436,139,The Standard High Line,4,Meatpacking District,8.7,2151,King Room (1 king bed),0,0,Free WiFi; Restaurant; Bar; Beer garden,303,,,,,,,,,,,
1737,binary,435,1,139,The Standard High Line,4,Meatpacking District,8.3,2080,Queen Room (1 queen bed),0,1,Free WiFi; Restaurant; Bar; Beer garden,485,157,Hotel Hugo,4,SoHo,8.0,1196,King Room (1 king bed),0,0,Free WiFi; Rooftop bar; Restaurant,326,,,,,,,,,,,
1741,binary,436,1,140,NoMo SoHo,4,SoHo,8.1,1178,King Room (1 king bed),1,0,Free WiFi; Restaurant; Bar,310,151,The St. Regis New York,5,Midtown,9.1,1065,Grand Deluxe King (1 king bed),0,0,Free WiFi; Butler service; Restaurant; Bar; Fitness center,827,,,,,,,,,,,
1745,binary,437,1,140,NoMo SoHo,4,SoHo,8.1,1129,Queen Room (1 queen bed),1,1,Free WiFi; Restaurant; Bar,302,174,Moxy NYC Chelsea,3,Chelsea,8.2,1330,Queen Room (1 queen bed),0,0,Free WiFi; Rooftop bar; Restaurant,170,,,,,,,,,,,
1749,binary,438,1,142,The Mercer,5,SoHo,8.9,654,Mercer King (1 king bed),1,0,Free WiFi; Restaurant; Bar,820,161,Wythe Hotel,4,"Williamsburg, Brooklyn",8.6,1014,Queen Room (1 queen bed),1,0,Free WiFi; Restaurant; Rooftop bar,211,,,,,,,,,,,
1753,binary,439,1,143,1 Hotel Brooklyn Bridge,4,Brooklyn Heights,8.7,1683,King Room (1 king bed),0,0,Free WiFi; Rooftop pool; Restaurant; Spa,357,155,Walker Hotel Tribeca,4,TriBeCa,8.1,500,Queen Room (1 queen bed),0,0,Free WiFi; Restaurant,277,,,,,,,,,,,
1757,binary,440,1,144,1 Hotel Central Park,5,Midtown,8.8,1292,King Room (1 king bed),1,0,Free WiFi; Restaurant; Spa; Fitness center,430,155,Walker Hotel Tribeca,4,TriBeCa,8.3,543,Queen Room (1 queen bed),0,1,Free WiFi; Restaurant,315,,,,,,,,,,,
1761,binary,441,1,146,Mandarin Oriental New York,5,Upper West Side,9.0,1074,Hudson River View King (1 king bed),1,1,Free WiFi; Fitness center; Restaurant; Bar; Spa; Pool,1295,161,Wythe Hotel,4,"Williamsburg, Brooklyn",8.6,991,King Room (1 king bed),1,1,Free WiFi; Restaurant; Rooftop bar,390,,,,,,,,,,,
1765,binary,442,1,146,Mandarin Oriental New York,5,Upper West Side,8.9,979,Hudson River View King (1 king bed),0,1,Free WiFi; Fitness center; Restaurant; Bar; Spa; Pool,1111,176,Conrad New York Downtown,5,Financial District,8.8,1908,King Suite (1 king bed),1,0,Free WiFi; Fitness center; Restaurant; Bar; Spa,388,,,,,,,,,,,
1769,binary,443,1,148,"The Carlyle, A Rosewood Hotel",5,Upper East Side,9.2,626,Superior King (1 king bed),1,1,Free WiFi; Spa; Restaurant; Live jazz; Fitness center,991,159,Smyth Tribeca,4,TriBeCa,8.3,635,Queen Room (1 queen bed),1,0,Free WiFi; Restaurant,442,,,,,,,,,,,
1773,binary,444,1,149,Lotte New York Palace,5,Midtown East,8.5,1982,Deluxe King (1 king bed),0,0,Free WiFi; Fitness center; Restaurant; Bar; Spa,404,152,Arlo Midtown,3,Times Square,8.1,1741,King Room (1 king bed),0,0,Free WiFi; Rooftop bar; Restaurant,142,,,,,,,,,,,
1777,binary,445,1,149,Lotte New York Palace,5,Midtown East,8.5,2073,Palace King (1 king bed),1,0,Free WiFi; Fitness center; Restaurant; Bar; Spa,641,153,The Renwick Hotel,4,Midtown East,8.4,947,King Room (1 king bed),1,0,Free WiFi; Restaurant; Bar,376,,,,,,,,,,,
1781,binary,446,1,152,Arlo Midtown,3,Times Square,7.9,1855,Queen Room (1 queen bed),0,0,Free WiFi; Rooftop bar; Restaurant,175,172,New York Marriott Downtown,4,Financial District,8.0,2895,King Room (1 king bed),0,0,Free WiFi; Fitness center; Restaurant,365,,,,,,,,,,,
1785,binary,447,1,153,The Renwick Hotel,4,Midtown East,8.3,892,Queen Room (1 queen bed),1,0,Free WiFi; Restaurant; Bar,225,159,Smyth Tribeca,4,TriBeCa,8.3,653,King Room (1 king bed),0,0,Free WiFi; Restaurant,391,,,,,,,,,,,
1789,binary,448,1,155,Walker Hotel Tribeca,4,TriBeCa,8.3,459,King Room (1 king bed),1,0,Free WiFi; Restaurant,385,162,McCarren Hotel & Pool,4,"Williamsburg, Brooklyn",7.8,769,Queen Room (1 queen bed),0,0,Free WiFi; Pool; Restaurant,197,,,,,,,,,,,
1793,binary,449,1,159,Smyth Tribeca,4,TriBeCa,8.4,729,Queen Room (1 queen bed),0,0,Free WiFi; Restaurant,332,172,New York Marriott Downtown,4,Financial District,7.9,2887,Double Room (2 double beds),1,0,Free WiFi; Fitness center; Restaurant,312,,,,,,,,,,,
1797,binary,450,1,171,New York Marriott Marquis,4,Times Square,7.9,8737,Double Room (2 double beds),0,0,Free WiFi; Restaurant; Bar; Fitness center; Theater,448,174,Moxy NYC Chelsea,3,Chelsea,8.2,1473,King Room (1 king bed),0,0,Free WiFi; Rooftop bar; Restaurant,216,,,,,,,,,,,
