task_id,task_type,group_id,rep,a_hotel_id,a_name,a_stars,a_neighborhood,a_review_score,a_review_count,a_room_type,a_cancellation_free,a_breakfast_included,a_amenities,a_price,b_hotel_id,b_name,b_stars,b_neighborhood,b_review_score,b_review_count,b_room_type,b_cancellation_free,b_breakfast_included,b_amenities,b_price,c_hotel_id,c_name,c_stars,c_neighborhood,c_review_score,c_review_count,c_room_type,c_cancellation_free,c_breakfast_included,c_amenities,c_price
1,binary,1,1,1,Pod 51,2,Midtown East,7.8,5602,Full Pod (1 twin bed),0,0,Free WiFi; Air conditioning,89,30,Courtyard by Marriott Manhattan/Central Park,4,Midtown,8.2,2793,King Room (1 king bed),1,0,Free WiFi; Fitness center; Restaurant,303,,,,,,,,,,,
2,binary,1,2,1,Pod 51,2,Midtown East,7.7,5133,Full Pod (1 twin bed),1,0,Free WiFi; Air conditioning,96,30,Courtyard by Marriott Manhattan/Central Park,4,Midtown,8.2,2597,Double Room (2 double beds),0,0,Free WiFi; Fitness center; Restaurant,295,,,,,,,,,,,
5,binary,2,1,1,Pod 51,2,Midtown East,8.0,5244,Full Pod (1 twin bed),0,0,Free WiFi; Air conditioning,114,42,Virgin Hotels New York City,4,NoMad,8.7,937,Chamber King (1 king bed),0,0,Free WiFi; Restaurant; Rooftop bar; Fitness center,214,,,,,,,,,,,
6,binary,2,2,1,Pod 51,2,Midtown East,7.7,5108,Queen Pod (1 queen bed),1,0,Free WiFi; Air conditioning,99,42,Virgin Hotels New York City,4,NoMad,8.7,1024,Grand Chamber King (1 king bed),1,0,Free WiFi; Restaurant; Rooftop bar; Fitness center,282,,,,,,,,,,,
9,binary,3,1,1,Pod 51,2,Midtown East,7.8,4732,Full Pod (1 twin bed),0,0,Free WiFi; Air conditioning,82,67,Equinox Hotel New York,5,Hudson Yards,8.9,911,King Room (1 king bed),0,0,Free WiFi; Rooftop pool; Spa; Fitness center; Restaurant,783,,,,,,,,,,,
10,binary,3,2,1,Pod 51,2,Midtown East,7.6,4769,Full Pod (1 twin bed),0,0,Free WiFi; Air conditioning,76,67,Equinox Hotel New York,5,Hudson Yards,8.8,853,Premium King (1 king bed),0,0,Free WiFi; Rooftop pool; Spa; Fitness center; Restaurant,783,,,,,,,,,,,
13,binary,4,1,1,Pod 51,2,Midtown East,7.7,5494,Queen Pod (1 queen bed),0,0,Free WiFi; Air conditioning,112,110,The Westin New York Grand Central,4,Midtown East,8.0,2895,King Room (1 king bed),0,1,Free WiFi; Restaurant; Fitness center; Heavenly Bed,371,,,,,,,,,,,
14,binary,4,2,1,Pod 51,2,Midtown East,7.7,5216,Queen Pod (1 queen bed),1,0,Free WiFi; Air conditioning,79,110,The Westin New York Grand Central,4,Midtown East,8.1,3483,Double Room (2 double beds),1,0,Free WiFi; Restaurant; Fitness center; Heavenly Bed,327,,,,,,,,,,,
17,binary,5,1,2,Pod 39,3,Murray Hill,8.0,2699,Queen Pod (1 queen bed),1,0,Free WiFi; Rooftop bar; Restaurant,106,27,citizenM New York Bowery,4,Lower East Side,8.7,3186,citizenM King Room (1 king bed),1,0,Free WiFi; Rain shower; Rooftop bar; Smart TV,241,,,,,,,,,,,
18,binary,5,2,2,Pod 39,3,Murray Hill,8.0,2961,Queen Pod (1 queen bed),1,0,Free WiFi; Rooftop bar; Restaurant,128,27,citizenM New York Bowery,4,Lower East Side,8.7,2811,citizenM King Room (1 king bed),1,0,Free WiFi; Rain shower; Rooftop bar; Smart TV,258,,,,,,,,,,,
21,binary,6,1,2,Pod 39,3,Murray Hill,7.9,2644,Full Bunk Pod (1 bunk bed),1,0,Free WiFi; Rooftop bar; Restaurant,95,28,citizenM New York Times Square,4,Times Square,8.5,2934,citizenM King Room (1 king bed),0,0,Free WiFi; Soundproof rooms; Rain shower; Smart TV,150,,,,,,,,,,,
22,binary,6,2,2,Pod 39,3,Murray Hill,8.1,2785,Queen Pod (1 queen bed),1,0,Free WiFi; Rooftop bar; Restaurant,141,28,citizenM New York Times Square,4,Times Square,8.8,3182,citizenM King Room (1 king bed),1,0,Free WiFi; Soundproof rooms; Rain shower; Smart TV,327,,,,,,,,,,,
25,binary,7,1,2,Pod 39,3,Murray Hill,7.9,2687,Full Bunk Pod (1 bunk bed),0,0,Free WiFi; Rooftop bar; Restaurant,107,149,Lotte New York Palace,5,Midtown East,8.4,2158,Deluxe King (1 king bed),0,1,Free WiFi; Fitness center; Restaurant; Bar; Spa,481,,,,,,,,,,,
26,binary,7,2,2,Pod 39,3,Murray Hill,7.9,3090,Full Bunk Pod (1 bunk bed),1,0,Free WiFi; Rooftop bar; Restaurant,105,149,Lotte New York Palace,5,Midtown East,8.5,2081,Palace King (1 king bed),0,0,Free WiFi; Fitness center; Restaurant; Bar; Spa,415,,,,,,,,,,,
29,binary,8,1,2,Pod 39,3,Murray Hill,7.8,2778,Queen Pod (1 queen bed),0,0,Free WiFi; Rooftop bar; Restaurant,127,173,"The Lexington Hotel, Autograph Collection",4,Midtown East,8.2,2752,King Room (1 king bed),1,0,Free WiFi; Fitness center; Restaurant; Bar,285,,,,,,,,,,,
30,binary,8,2,2,Pod 39,3,Murray Hill,8.0,3183,Queen Pod (1 queen bed),0,0,Free WiFi; Rooftop bar; Restaurant,97,173,"The Lexington Hotel, Autograph Collection",4,Midtown East,7.9,2921,King Room (1 king bed),1,0,Free WiFi; Fitness center; Restaurant; Bar,357,,,,,,,,,,,
33,binary,9,1,3,Now Now NoHo,2,NoHo,7.6,807,Double Pod (1 double bed),0,0,Free WiFi; Shared lounge,116,21,Courtyard by Marriott Times Square West,3,Midtown West,8.1,2368,King Room (1 king bed),1,0,Free WiFi; Restaurant; Fitness center,173,,,,,,,,,,,
34,binary,9,2,3,Now Now NoHo,2,NoHo,7.5,857,Pod Room (1 single bed),0,0,Free WiFi; Shared lounge,92,21,Courtyard by Marriott Times Square West,3,Midtown West,8.0,2373,Double Room (2 double beds),1,0,Free WiFi; Restaurant; Fitness center,192,,,,,,,,,,,
37,binary,10,1,3,Now Now NoHo,2,NoHo,7.5,814,Pod Room (1 single bed),1,0,Free WiFi; Shared lounge,131,43,Arlo NoMad,4,NoMad,8.0,2574,Queen Room (1 queen bed),0,0,Free WiFi; Rooftop bar; Restaurant,290,,,,,,,,,,,
38,binary,10,2,3,Now Now NoHo,2,NoHo,7.4,743,Double Pod (1 double bed),0,0,Free WiFi; Shared lounge,164,43,Arlo NoMad,4,NoMad,7.9,2616,King Room (1 king bed),1,0,Free WiFi; Rooftop bar; Restaurant,182,,,,,,,,,,,
41,binary,11,1,3,Now Now NoHo,2,NoHo,7.6,834,Double Pod (1 double bed),0,0,Free WiFi; Shared lounge,144,69,Hampton Inn Manhattan/Times Square South,3,Times Square,8.2,3055,King Room (1 king bed),0,0,Free WiFi; Breakfast included; Fitness center,194,,,,,,,,,,,
42,binary,11,2,3,Now Now NoHo,2,NoHo,7.7,868,Double Pod (1 double bed),0,0,Free WiFi; Shared lounge,99,69,Hampton Inn Manhattan/Times Square South,3,Times Square,8.2,3398,Double Room (2 double beds),0,1,Free WiFi; Breakfast included; Fitness center,249,,,,,,,,,,,
45,binary,12,1,3,Now Now NoHo,2,NoHo,7.7,724,Double Pod (1 double bed),0,0,Free WiFi; Shared lounge,126,124,"The Beekman, A Thompson Hotel",5,Financial District,8.7,1540,King Room (1 king bed),0,0,Free WiFi; Restaurant; Bar; Fitness center; Historic atrium,520,,,,,,,,,,,
46,binary,12,2,3,Now Now NoHo,2,NoHo,7.5,721,Double Pod (1 double bed),0,0,Free WiFi; Shared lounge,143,124,"The Beekman, A Thompson Hotel",5,Financial District,8.6,1334,King Room (1 king bed),1,1,Free WiFi; Restaurant; Bar; Fitness center; Historic atrium,467,,,,,,,,,,,
49,binary,13,1,3,Now Now NoHo,2,NoHo,7.4,760,Pod Room (1 single bed),0,0,Free WiFi; Shared lounge,161,125,Wyndham New Yorker Hotel,3,Midtown,7.4,3845,Queen Room (1 queen bed),0,0,Free WiFi; Fitness center,228,,,,,,,,,,,
50,binary,13,2,3,Now Now NoHo,2,NoHo,7.3,801,Double Pod (1 double bed),1,0,Free WiFi; Shared lounge,168,125,Wyndham New Yorker Hotel,3,Midtown,7.2,4506,Double Room (2 double beds),0,0,Free WiFi; Fitness center,234,,,,,,,,,,,
53,binary,14,1,3,Now Now NoHo,2,NoHo,7.5,803,Pod Room (1 single bed),0,0,Free WiFi; Shared lounge,115,154,Walker Hotel Greenwich Village,4,Greenwich Village,8.5,727,Queen Room (1 queen bed),1,0,Free WiFi; Restaurant,262,,,,,,,,,,,
54,binary,14,2,3,Now Now NoHo,2,NoHo,7.3,734,Pod Room (1 single bed),0,0,Free WiFi; Shared lounge,122,154,Walker Hotel Greenwich Village,4,Greenwich Village,8.5,755,Queen Room (1 queen bed),0,0,Free WiFi; Restaurant,376,,,,,,,,,,,
57,binary,15,1,3,Now Now NoHo,2,NoHo,7.4,847,Double Pod (1 double bed),0,0,Free WiFi; Shared lounge,165,162,McCarren Hotel & Pool,4,"Williamsburg, Brooklyn",8.0,730,Queen Room (1 queen bed),0,1,Free WiFi; Pool; Restaurant,190,,,,,,,,,,,
58,binary,15,2,3,Now Now NoHo,2,NoHo,7.7,839,Pod Room (1 single bed),0,0,Free WiFi; Shared lounge,143,162,McCarren Hotel & Pool,4,"Williamsburg, Brooklyn",7.9,844,King Room (1 king bed),0,0,Free WiFi; Pool; Restaurant,169,,,,,,,,,,,
61,binary,16,1,4,Radio Hotel,2,Washington Heights,7.9,1222,Standard King (1 king bed),1,0,Free WiFi; Restaurant; Bar,77,11,Moxy NYC Lower East Side,3,Lower East Side,8.1,1308,Queen Room (1 queen bed),0,0,Free WiFi; Rooftop bar; Restaurant,208,,,,,,,,,,,
62,binary,16,2,4,Radio Hotel,2,Washington Heights,7.9,1095,Standard Queen (1 queen bed),1,0,Free WiFi; Restaurant; Bar,91,11,Moxy NYC Lower East Side,3,Lower East Side,8.2,1221,King Room (1 king bed),1,0,Free WiFi; Rooftop bar; Restaurant,254,,,,,,,,,,,
65,binary,17,1,4,Radio Hotel,2,Washington Heights,8.2,1111,Standard King (1 king bed),1,0,Free WiFi; Restaurant; Bar,132,22,Hampton Inn Manhattan Times Square Central,3,Times Square,8.5,3697,Double Room (2 double beds),1,1,Free WiFi; Breakfast included; Fitness center,257,,,,,,,,,,,
66,binary,17,2,4,Radio Hotel,2,Washington Heights,8.1,1204,Standard King (1 king bed),0,0,Free WiFi; Restaurant; Bar,123,22,Hampton Inn Manhattan Times Square Central,3,Times Square,8.5,3470,King Room (1 king bed),0,1,Free WiFi; Breakfast included; Fitness center,162,,,,,,,,,,,
69,binary,18,1,4,Radio Hotel,2,Washington Heights,7.9,1306,Standard King (1 king bed),0,0,Free WiFi; Restaurant; Bar,108,61,The Whitby Hotel,5,Upper Midtown,9.5,834,Deluxe King (1 king bed),0,0,Free WiFi; Restaurant; Screening room; Gym,772,,,,,,,,,,,
70,binary,18,2,4,Radio Hotel,2,Washington Heights,8.1,1128,Standard Queen (1 queen bed),0,0,Free WiFi; Restaurant; Bar,114,61,The Whitby Hotel,5,Upper Midtown,9.4,876,Deluxe King (1 king bed),0,0,Free WiFi; Restaurant; Screening room; Gym,966,,,,,,,,,,,
73,binary,19,1,4,Radio Hotel,2,Washington Heights,7.9,1131,Standard King (1 king bed),0,0,Free WiFi; Restaurant; Bar,87,66,The Plaza,5,Midtown,8.4,3769,Deluxe King (1 king bed),1,0,Free WiFi; Spa; Restaurant; Fitness center; Palm Court,808,,,,,,,,,,,
74,binary,19,2,4,Radio Hotel,2,Washington Heights,8.1,1101,Standard Queen (1 queen bed),1,0,Free WiFi; Restaurant; Bar,107,66,The Plaza,5,Midtown,8.4,3994,Superior King (1 king bed),0,0,Free WiFi; Spa; Restaurant; Fitness center; Palm Court,1236,,,,,,,,,,,
77,binary,20,1,4,Radio Hotel,2,Washington Heights,8.0,1272,Standard King (1 king bed),0,0,Free WiFi; Restaurant; Bar,75,90,InterContinental New York Times Square,5,Times Square,8.5,2689,King Room (1 king bed),0,0,Free WiFi; Fitness center; Restaurant; Bar; Spa,486,,,,,,,,,,,
78,binary,20,2,4,Radio Hotel,2,Washington Heights,8.0,1227,Standard King (1 king bed),0,0,Free WiFi; Restaurant; Bar,83,90,InterContinental New York Times Square,5,Times Square,8.4,2970,Premium King (1 king bed),1,0,Free WiFi; Fitness center; Restaurant; Bar; Spa,414,,,,,,,,,,,
81,binary,21,1,4,Radio Hotel,2,Washington Heights,8.0,1130,Standard King (1 king bed),1,0,Free WiFi; Restaurant; Bar,82,146,Mandarin Oriental New York,5,Upper West Side,9.0,954,Hudson River View King (1 king bed),1,0,Free WiFi; Fitness center; Restaurant; Bar; Spa; Pool,915,,,,,,,,,,,
82,binary,21,2,4,Radio Hotel,2,Washington Heights,8.2,1274,Standard King (1 king bed),1,0,Free WiFi; Restaurant; Bar,113,146,Mandarin Oriental New York,5,Upper West Side,8.8,1086,King Room (1 king bed),1,0,Free WiFi; Fitness center; Restaurant; Bar; Spa; Pool,1356,,,,,,,,,,,
85,binary,22,1,4,Radio Hotel,2,Washington Heights,8.2,1281,Standard King (1 king bed),0,0,Free WiFi; Restaurant; Bar,99,166,Z Hotel New York,3,"Long Island City, Queens",7.9,1264,King Room (1 king bed),1,1,Free WiFi; Rooftop bar,175,,,,,,,,,,,
86,binary,22,2,4,Radio Hotel,2,Washington Heights,8.0,1106,Standard King (1 king bed),1,0,Free WiFi; Restaurant; Bar,125,166,Z Hotel New York,3,"Long Island City, Queens",7.8,1533,King Room (1 king bed),1,0,Free WiFi; Rooftop bar,190,,,,,,,,,,,
89,binary,23,1,5,Carlton Arms Hotel,2,Gramercy,7.3,977,Standard Room (1 twin bed),0,0,Free WiFi,87,49,The Hotel Chelsea,4,Chelsea,8.5,1291,King Room (1 king bed),1,0,Free WiFi; Restaurant; Concierge; Fitness center,393,,,,,,,,,,,
90,binary,23,2,5,Carlton Arms Hotel,2,Gramercy,7.3,920,Standard Room (1 twin bed),0,0,Free WiFi,147,49,The Hotel Chelsea,4,Chelsea,8.7,1244,King Room (1 king bed),1,0,Free WiFi; Restaurant; Concierge; Fitness center,233,,,,,,,,,,,
93,binary,24,1,6,Hotel Wolcott,2,Midtown,7.7,1630,Standard Double (2 double beds),0,0,Free WiFi; Fitness center,104,49,The Hotel Chelsea,4,Chelsea,8.7,1189,King Room (1 king bed),1,1,Free WiFi; Restaurant; Concierge; Fitness center,260,,,,,,,,,,,
94,binary,24,2,6,Hotel Wolcott,2,Midtown,7.7,1436,Standard Double (2 double beds),0,0,Free WiFi; Fitness center,125,49,The Hotel Chelsea,4,Chelsea,8.6,1153,King Room (1 king bed),0,1,Free WiFi; Restaurant; Concierge; Fitness center,435,,,,,,,,,,,
97,binary,25,1,6,Hotel Wolcott,2,Midtown,7.6,1528,Standard Double (2 double beds),0,0,Free WiFi; Fitness center,112,54,The Wall Street Hotel,4,Financial District,8.6,633,Pearl Suite (1 king bed),0,0,Free WiFi; Restaurant; Bar; Fitness center,501,,,,,,,,,,,
98,binary,25,2,6,Hotel Wolcott,2,Midtown,7.5,1660,Standard Queen (1 queen bed),0,0,Free WiFi; Fitness center,95,54,The Wall Street Hotel,4,Financial District,8.5,639,King Room (1 king bed),1,1,Free WiFi; Restaurant; Bar; Fitness center,483,,,,,,,,,,,
101,binary,26,1,6,Hotel Wolcott,2,Midtown,7.6,1587,Standard Double (2 double beds),0,0,Free WiFi; Fitness center,111,68,Hampton Inn Manhattan-Chelsea,3,Chelsea,8.0,2849,Double Room (2 double beds),1,1,Free WiFi; Breakfast included; Fitness center,217,,,,,,,,,,,
102,binary,26,2,6,Hotel Wolcott,2,Midtown,7.6,1484,Standard Double (2 double beds),1,0,Free WiFi; Fitness center,122,68,Hampton Inn Manhattan-Chelsea,3,Chelsea,8.2,2952,Double Room (2 double beds),1,1,Free WiFi; Breakfast included; Fitness center,243,,,,,,,,,,,
105,binary,27,1,6,Hotel Wolcott,2,Midtown,7.4,1523,Standard Double (2 double beds),1,0,Free WiFi; Fitness center,107,165,Hotel Le Bleu,3,"Park Slope, Brooklyn",7.9,512,Queen Room (1 queen bed),1,0,Free WiFi; Restaurant,215,,,,,,,,,,,
106,binary,27,2,6,Hotel Wolcott,2,Midtown,7.8,1634,Standard Queen (1 queen bed),1,0,Free WiFi; Fitness center,70,165,Hotel Le Bleu,3,"Park Slope, Brooklyn",8.1,545,King Room (1 king bed),1,1,Free WiFi; Restaurant,129,,,,,,,,,,,
109,binary,28,1,7,voco Times Square South,3,Hell's Kitchen,8.1,1528,Standard Queen (1 queen bed),0,0,Free WiFi; Restaurant; Fitness center,137,19,Romer Hell's Kitchen,3,Hell's Kitchen,8.0,698,Studio King (1 king bed),1,0,Free WiFi; Fitness center,212,,,,,,,,,,,
110,binary,28,2,7,voco Times Square South,3,Hell's Kitchen,8.0,1497,Standard Queen (1 queen bed),0,0,Free WiFi; Restaurant; Fitness center,88,19,Romer Hell's Kitchen,3,Hell's Kitchen,8.3,630,Studio King (1 king bed),0,0,Free WiFi; Fitness center,199,,,,,,,,,,,
113,binary,29,1,7,voco Times Square South,3,Hell's Kitchen,8.0,1406,Standard King (1 king bed),1,0,Free WiFi; Restaurant; Fitness center,148,48,Kimpton Theta New York,4,Times Square,8.2,697,Standard King (1 king bed),1,0,Free WiFi; Wine hour; Fitness center,281,,,,,,,,,,,
114,binary,29,2,7,voco Times Square South,3,Hell's Kitchen,7.8,1479,Standard King (1 king bed),1,0,Free WiFi; Restaurant; Fitness center,86,48,Kimpton Theta New York,4,Times Square,8.4,782,Standard King (1 king bed),1,0,Free WiFi; Wine hour; Fitness center,173,,,,,,,,,,,
117,binary,30,1,7,voco Times Square South,3,Hell's Kitchen,7.9,1507,Standard Queen (1 queen bed),0,0,Free WiFi; Restaurant; Fitness center,158,106,AC Hotel New York Times Square,4,Times Square,8.4,1846,King Room (1 king bed),0,0,Free WiFi; Fitness center; Restaurant; Bar,191,,,,,,,,,,,
118,binary,30,2,7,voco Times Square South,3,Hell's Kitchen,8.1,1460,Standard Queen (1 queen bed),1,0,Free WiFi; Restaurant; Fitness center,146,106,AC Hotel New York Times Square,4,Times Square,8.4,2069,King Room (1 king bed),0,0,Free WiFi; Fitness center; Restaurant; Bar,266,,,,,,,,,,,
121,binary,31,1,7,voco Times Square South,3,Hell's Kitchen,7.9,1530,Standard King (1 king bed),0,0,Free WiFi; Restaurant; Fitness center,109,170,Renaissance New York Midtown Hotel,4,Midtown,8.3,1994,Double Room (2 double beds),0,0,Free WiFi; Fitness center; Restaurant; Bar,224,,,,,,,,,,,
122,binary,31,2,7,voco Times Square South,3,Hell's Kitchen,7.7,1293,Standard Queen (1 queen bed),0,0,Free WiFi; Restaurant; Fitness center,85,170,Renaissance New York Midtown Hotel,4,Midtown,8.0,1999,King Room (1 king bed),1,0,Free WiFi; Fitness center; Restaurant; Bar,317,,,,,,,,,,,
125,binary,32,1,7,voco Times Square South,3,Hell's Kitchen,8.0,1289,Standard King (1 king bed),0,0,Free WiFi; Restaurant; Fitness center,159,171,New York Marriott Marquis,4,Times Square,7.7,8651,King Room (1 king bed),1,0,Free WiFi; Restaurant; Bar; Fitness center; Theater,333,,,,,,,,,,,
126,binary,32,2,7,voco Times Square South,3,Hell's Kitchen,7.9,1390,Standard King (1 king bed),1,0,Free WiFi; Restaurant; Fitness center,117,171,New York Marriott Marquis,4,Times Square,7.6,8418,Double Room (2 double beds),0,0,Free WiFi; Restaurant; Bar; Fitness center; Theater,271,,,,,,,,,,,
129,binary,33,1,7,voco Times Square South,3,Hell's Kitchen,8.0,1279,Standard Queen (1 queen bed),1,0,Free WiFi; Restaurant; Fitness center,149,175,Conrad New York Midtown,5,Midtown,8.3,1466,Deluxe Suite (1 king bed),1,0,Free WiFi; Fitness center; Restaurant; Bar; Spa,507,,,,,,,,,,,
130,binary,33,2,7,voco Times Square South,3,Hell's Kitchen,7.8,1323,Standard Queen (1 queen bed),0,0,Free WiFi; Restaurant; Fitness center,171,175,Conrad New York Midtown,5,Midtown,8.4,1456,King Suite (1 king bed),1,1,Free WiFi; Fitness center; Restaurant; Bar; Spa,391,,,,,,,,,,,
133,binary,34,1,8,YOTEL New York Times Square,3,Times Square,7.4,7009,Premium Queen Cabin (1 queen bed),1,0,Free WiFi; Fitness center; Terrace,183,22,Hampton Inn Manhattan Times Square Central,3,Times Square,8.4,3341,Double Room (2 double beds),0,1,Free WiFi; Breakfast included; Fitness center,221,,,,,,,,,,,
134,binary,34,2,8,YOTEL New York Times Square,3,Times Square,7.5,6266,Premium Queen Cabin (1 queen bed),1,0,Free WiFi; Fitness center; Terrace,204,22,Hampton Inn Manhattan Times Square Central,3,Times Square,8.4,3216,King Room (1 king bed),1,1,Free WiFi; Breakfast included; Fitness center,184,,,,,,,,,,,
137,binary,35,1,8,YOTEL New York Times Square,3,Times Square,7.7,6340,First Cabin (1 king bed),0,0,Free WiFi; Fitness center; Terrace,185,25,Hotel Indigo NYC Financial District,3,Financial District,8.1,2112,Standard Queen (1 queen bed),1,1,Free WiFi; Restaurant; Fitness center,206,,,,,,,,,,,
138,binary,35,2,8,YOTEL New York Times Square,3,Times Square,7.6,7115,Premium Queen Cabin (1 queen bed),1,0,Free WiFi; Fitness center; Terrace,154,25,Hotel Indigo NYC Financial District,3,Financial District,8.0,2218,Standard Queen (1 queen bed),1,1,Free WiFi; Restaurant; Fitness center,201,,,,,,,,,,,
141,binary,36,1,8,YOTEL New York Times Square,3,Times Square,7.7,7049,First Cabin (1 king bed),1,0,Free WiFi; Fitness center; Terrace,202,55,Ink 48 Hotel,5,Hell's Kitchen,8.2,2427,King Room (1 king bed),1,0,Free WiFi; Rooftop bar; Fitness center; City views,414,,,,,,,,,,,
142,binary,36,2,8,YOTEL New York Times Square,3,Times Square,7.4,6614,Premium Queen Cabin (1 queen bed),1,0,Free WiFi; Fitness center; Terrace,153,55,Ink 48 Hotel,5,Hell's Kitchen,8.1,2491,King Room with City View (1 king bed),1,0,Free WiFi; Rooftop bar; Fitness center; City views,532,,,,,,,,,,,
145,binary,37,1,8,YOTEL New York Times Square,3,Times Square,7.4,7065,First Cabin (1 king bed),0,0,Free WiFi; Fitness center; Terrace,168,101,Fairfield Inn & Suites New York Brooklyn,3,Brooklyn,7.7,1083,King Room (1 king bed),1,1,Free WiFi; Breakfast included; Fitness center,177,,,,,,,,,,,
146,binary,37,2,8,YOTEL New York Times Square,3,Times Square,7.6,6744,First Cabin (1 king bed),0,0,Free WiFi; Fitness center; Terrace,153,101,Fairfield Inn & Suites New York Brooklyn,3,Brooklyn,7.6,1275,King Room (1 king bed),1,1,Free WiFi; Breakfast included; Fitness center,116,,,,,,,,,,,
149,binary,38,1,8,YOTEL New York Times Square,3,Times Square,7.7,6583,Premium Queen Cabin (1 queen bed),1,0,Free WiFi; Fitness center; Terrace,201,141,The Greenwich Hotel,5,TriBeCa,9.4,468,Deluxe King (1 king bed),1,0,Free WiFi; Restaurant; Spa; Pool; Fitness center,652,,,,,,,,,,,
150,binary,38,2,8,YOTEL New York Times Square,3,Times Square,7.5,7573,Premium Queen Cabin (1 queen bed),0,0,Free WiFi; Fitness center; Terrace,118,141,The Greenwich Hotel,5,TriBeCa,9.1,538,Deluxe King (1 king bed),0,0,Free WiFi; Restaurant; Spa; Pool; Fitness center,791,,,,,,,,,,,
153,binary,39,1,9,MOXY NYC Times Square,3,Times Square,7.7,4770,King Room (1 king bed),0,0,Free WiFi; Fitness center; Bar,163,69,Hampton Inn Manhattan/Times Square South,3,Times Square,8.1,2937,Double Room (2 double beds),0,0,Free WiFi; Breakfast included; Fitness center,184,,,,,,,,,,,
154,binary,39,2,9,MOXY NYC Times Square,3,Times Square,7.9,4441,King Room (1 king bed),1,0,Free WiFi; Fitness center; Bar,233,69,Hampton Inn Manhattan/Times Square South,3,Times Square,8.3,3013,Double Room (2 double beds),1,1,Free WiFi; Breakfast included; Fitness center,304,,,,,,,,,,,
157,binary,40,1,9,MOXY NYC Times Square,3,Times Square,7.7,4762,Queen Room (1 queen bed),1,0,Free WiFi; Fitness center; Bar,219,78,Hilton Garden Inn New York/Times Square,3,Times Square,7.9,2452,Double Room (2 double beds),0,0,Free WiFi; Restaurant; Fitness center; Business center,274,,,,,,,,,,,
158,binary,40,2,9,MOXY NYC Times Square,3,Times Square,8.1,4755,Queen Room (1 queen bed),1,0,Free WiFi; Fitness center; Bar,193,78,Hilton Garden Inn New York/Times Square,3,Times Square,8.1,2509,Double Room (2 double beds),1,1,Free WiFi; Restaurant; Fitness center; Business center,245,,,,,,,,,,,
161,binary,41,1,9,MOXY NYC Times Square,3,Times Square,7.7,4579,Queen Room (1 queen bed),1,0,Free WiFi; Fitness center; Bar,132,90,InterContinental New York Times Square,5,Times Square,8.2,2693,Premium King (1 king bed),1,0,Free WiFi; Fitness center; Restaurant; Bar; Spa,494,,,,,,,,,,,
162,binary,41,2,9,MOXY NYC Times Square,3,Times Square,7.8,4484,King Room (1 king bed),1,0,Free WiFi; Fitness center; Bar,210,90,InterContinental New York Times Square,5,Times Square,8.3,2741,King Room (1 king bed),1,0,Free WiFi; Fitness center; Restaurant; Bar; Spa,404,,,,,,,,,,,
165,binary,42,1,9,MOXY NYC Times Square,3,Times Square,8.1,4791,Queen Room (1 queen bed),1,0,Free WiFi; Fitness center; Bar,198,126,Ramada by Wyndham New York/Eastside,2,Midtown East,6.9,1976,Queen Room (1 queen bed),0,0,Free WiFi,157,,,,,,,,,,,
166,binary,42,2,9,MOXY NYC Times Square,3,Times Square,7.9,4061,King Room (1 king bed),1,0,Free WiFi; Fitness center; Bar,152,126,Ramada by Wyndham New York/Eastside,2,Midtown East,6.9,1779,King Room (1 king bed),0,0,Free WiFi,87,,,,,,,,,,,
169,binary,43,1,10,Moxy NYC Downtown,3,Financial District,8.1,1667,King Room (1 king bed),0,0,Free WiFi; Fitness center; Bar; Restaurant,185,11,Moxy NYC Lower East Side,3,Lower East Side,8.0,1172,Queen Room (1 queen bed),0,0,Free WiFi; Rooftop bar; Restaurant,252,,,,,,,,,,,
170,binary,43,2,10,Moxy NYC Downtown,3,Financial District,8.0,1725,Queen Room (1 queen bed),0,0,Free WiFi; Fitness center; Bar; Restaurant,127,11,Moxy NYC Lower East Side,3,Lower East Side,8.2,1281,Queen Room (1 queen bed),1,0,Free WiFi; Rooftop bar; Restaurant,219,,,,,,,,,,,
173,binary,44,1,10,Moxy NYC Downtown,3,Financial District,8.0,1663,Queen Room (1 queen bed),1,0,Free WiFi; Fitness center; Bar; Restaurant,133,23,Hilton Garden Inn New York/West 35th Street,3,Midtown,8.3,2602,King Room (1 king bed),1,0,Free WiFi; Restaurant; Fitness center; Business center,276,,,,,,,,,,,
174,binary,44,2,10,Moxy NYC Downtown,3,Financial District,8.0,1511,King Room (1 king bed),0,0,Free WiFi; Fitness center; Bar; Restaurant,153,23,Hilton Garden Inn New York/West 35th Street,3,Midtown,8.3,3065,King Room (1 king bed),0,1,Free WiFi; Restaurant; Fitness center; Business center,289,,,,,,,,,,,
177,binary,45,1,10,Moxy NYC Downtown,3,Financial District,8.3,1539,Queen Room (1 queen bed),1,0,Free WiFi; Fitness center; Bar; Restaurant,111,35,LUMA Hotel Times Square,4,Times Square,8.3,2491,Double Room (2 double beds),1,0,Free WiFi; Restaurant; Bar; Fitness center,373,,,,,,,,,,,
178,binary,45,2,10,Moxy NYC Downtown,3,Financial District,8.0,1673,Queen Room (1 queen bed),0,0,Free WiFi; Fitness center; Bar; Restaurant,182,35,LUMA Hotel Times Square,4,Times Square,8.6,2471,Double Room (2 double beds),1,0,Free WiFi; Restaurant; Bar; Fitness center,388,,,,,,,,,,,
181,binary,46,1,10,Moxy NYC Downtown,3,Financial District,8.2,1446,Queen Room (1 queen bed),0,0,Free WiFi; Fitness center; Bar; Restaurant,115,55,Ink 48 Hotel,5,Hell's Kitchen,7.9,2649,King Room (1 king bed),0,0,Free WiFi; Rooftop bar; Fitness center; City views,365,,,,,,,,,,,
182,binary,46,2,10,Moxy NYC Downtown,3,Financial District,8.0,1556,Queen Room (1 queen bed),0,0,Free WiFi; Fitness center; Bar; Restaurant,190,55,Ink 48 Hotel,5,Hell's Kitchen,8.0,2651,King Room (1 king bed),0,0,Free WiFi; Rooftop bar; Fitness center; City views,510,,,,,,,,,,,
185,binary,47,1,10,Moxy NYC Downtown,3,Financial District,8.2,1526,Queen Room (1 queen bed),0,0,Free WiFi; Fitness center; Bar; Restaurant,166,105,Residence Inn New York Downtown Manhattan,3,Financial District,7.9,1029,One-Bedroom Suite (1 king bed),0,1,Free WiFi; Breakfast included; Kitchen; Fitness center,203,,,,,,,,,,,
186,binary,47,2,10,Moxy NYC Downtown,3,Financial District,8.2,1635,Queen Room (1 queen bed),1,0,Free WiFi; Fitness center; Bar; Restaurant,146,105,Residence Inn New York Downtown Manhattan,3,Financial District,8.0,1078,Studio Suite (1 king bed),1,0,Free WiFi; Breakfast included; Kitchen; Fitness center,324,,,,,,,,,,,
189,binary,48,1,10,Moxy NYC Downtown,3,Financial District,8.0,1624,King Room (1 king bed),1,0,Free WiFi; Fitness center; Bar; Restaurant,177,120,Hyatt Place New York/Chelsea,3,Chelsea,8.1,1239,Double Room (2 double beds),1,0,Free WiFi; Breakfast; Fitness center,236,,,,,,,,,,,
190,binary,48,2,10,Moxy NYC Downtown,3,Financial District,8.3,1544,King Room (1 king bed),0,0,Free WiFi; Fitness center; Bar; Restaurant,148,120,Hyatt Place New York/Chelsea,3,Chelsea,8.2,1149,King Room (1 king bed),1,1,Free WiFi; Breakfast; Fitness center,271,,,,,,,,,,,
193,binary,49,1,11,Moxy NYC Lower East Side,3,Lower East Side,8.3,1294,Queen Room (1 queen bed),0,0,Free WiFi; Rooftop bar; Restaurant,210,54,The Wall Street Hotel,4,Financial District,8.6,659,King Room (1 king bed),0,0,Free WiFi; Restaurant; Bar; Fitness center,325,,,,,,,,,,,
194,binary,49,2,11,Moxy NYC Lower East Side,3,Lower East Side,8.2,1101,Queen Room (1 queen bed),1,0,Free WiFi; Rooftop bar; Restaurant,223,54,The Wall Street Hotel,4,Financial District,8.8,651,Pearl Suite (1 king bed),0,0,Free WiFi; Restaurant; Bar; Fitness center,490,,,,,,,,,,,
197,binary,50,1,11,Moxy NYC Lower East Side,3,Lower East Side,8.1,1214,Queen Room (1 queen bed),1,0,Free WiFi; Rooftop bar; Restaurant,244,124,"The Beekman, A Thompson Hotel",5,Financial District,8.9,1436,Turret Suite (1 king bed),0,0,Free WiFi; Restaurant; Bar; Fitness center; Historic atrium,326,,,,,,,,,,,
198,binary,50,2,11,Moxy NYC Lower East Side,3,Lower East Side,8.2,1281,King Room (1 king bed),0,0,Free WiFi; Rooftop bar; Restaurant,189,124,"The Beekman, A Thompson Hotel",5,Financial District,9.0,1266,King Room (1 king bed),0,0,Free WiFi; Restaurant; Bar; Fitness center; Historic atrium,636,,,,,,,,,,,
201,binary,51,1,11,Moxy NYC Lower East Side,3,Lower East Side,8.0,1303,Queen Room (1 queen bed),0,0,Free WiFi; Rooftop bar; Restaurant,136,129,Best Western Plus Hospitality House Suites,3,Midtown East,7.7,1422,One-Bedroom Suite (1 king bed),1,0,Free WiFi; Kitchen; Fitness center,252,,,,,,,,,,,
202,binary,51,2,11,Moxy NYC Lower East Side,3,Lower East Side,8.0,1125,Queen Room (1 queen bed),1,0,Free WiFi; Rooftop bar; Restaurant,279,129,Best Western Plus Hospitality House Suites,3,Midtown East,8.0,1526,Studio Suite (1 queen bed),1,1,Free WiFi; Kitchen; Fitness center,171,,,,,,,,,,,
205,binary,52,1,11,Moxy NYC Lower East Side,3,Lower East Side,8.1,1179,Queen Room (1 queen bed),0,0,Free WiFi; Rooftop bar; Restaurant,243,153,The Renwick Hotel,4,Midtown East,8.4,918,Queen Room (1 queen bed),1,0,Free WiFi; Restaurant; Bar,374,,,,,,,,,,,
206,binary,52,2,11,Moxy NYC Lower East Side,3,Lower East Side,8.4,1216,King Room (1 king bed),1,0,Free WiFi; Rooftop bar; Restaurant,271,153,The Renwick Hotel,4,Midtown East,8.5,815,King Room (1 king bed),0,0,Free WiFi; Restaurant; Bar,304,,,,,,,,,,,
209,binary,53,1,11,Moxy NYC Lower East Side,3,Lower East Side,8.2,1129,King Room (1 king bed),0,0,Free WiFi; Rooftop bar; Restaurant,200,155,Walker Hotel Tribeca,4,TriBeCa,8.2,526,Queen Room (1 queen bed),1,0,Free WiFi; Restaurant,296,,,,,,,,,,,
210,binary,53,2,11,Moxy NYC Lower East Side,3,Lower East Side,8.4,1319,King Room (1 king bed),0,0,Free WiFi; Rooftop bar; Restaurant,215,155,Walker Hotel Tribeca,4,TriBeCa,8.3,520,Queen Room (1 queen bed),0,1,Free WiFi; Restaurant,335,,,,,,,,,,,
213,binary,54,1,12,Moxy NYC East Village,3,East Village,8.2,1082,King Room (1 king bed),1,0,Free WiFi; Rooftop bar; Restaurant,247,103,Residence Inn New York Manhattan/Times Square,3,Times Square,8.0,1711,One-Bedroom Suite (1 king bed),1,1,Free WiFi; Breakfast included; Kitchen; Fitness center,279,,,,,,,,,,,
214,binary,54,2,12,Moxy NYC East Village,3,East Village,8.1,1206,Queen Room (1 queen bed),1,0,Free WiFi; Rooftop bar; Restaurant,135,103,Residence Inn New York Manhattan/Times Square,3,Times Square,8.2,1626,One-Bedroom Suite (1 king bed),0,1,Free WiFi; Breakfast included; Kitchen; Fitness center,332,,,,,,,,,,,
217,binary,55,1,12,Moxy NYC East Village,3,East Village,7.9,1175,King Room (1 king bed),0,0,Free WiFi; Rooftop bar; Restaurant,215,114,Sheraton Brooklyn New York Hotel,4,Downtown Brooklyn,7.7,1492,King Room (1 king bed),1,0,Free WiFi; Restaurant; Fitness center; Pool,255,,,,,,,,,,,
218,binary,55,2,12,Moxy NYC East Village,3,East Village,8.1,1024,King Room (1 king bed),0,0,Free WiFi; Rooftop bar; Restaurant,132,114,Sheraton Brooklyn New York Hotel,4,Downtown Brooklyn,7.8,1416,King Room (1 king bed),1,0,Free WiFi; Restaurant; Fitness center; Pool,218,,,,,,,,,,,
221,binary,56,1,12,Moxy NYC East Village,3,East Village,7.9,1144,Queen Room (1 queen bed),1,0,Free WiFi; Rooftop bar; Restaurant,133,125,Wyndham New Yorker Hotel,3,Midtown,7.5,3998,Double Room (2 double beds),0,1,Free WiFi; Fitness center,217,,,,,,,,,,,
222,binary,56,2,12,Moxy NYC East Village,3,East Village,8.1,1130,Queen Room (1 queen bed),1,0,Free WiFi; Rooftop bar; Restaurant,204,125,Wyndham New Yorker Hotel,3,Midtown,7.3,3946,Double Room (2 double beds),1,0,Free WiFi; Fitness center,178,,,,,,,,,,,
225,binary,57,1,13,Aloft New York Chelsea,3,Chelsea,8.3,1719,Savvy Queen Room (1 queen bed),0,0,Free WiFi; Fitness center; Bar,241,20,SpringHill Suites by Marriott Midtown Manhattan,3,Midtown,8.2,3056,Suite (1 king bed),1,1,Free WiFi; Breakfast; Fitness center,147,,,,,,,,,,,
226,binary,57,2,13,Aloft New York Chelsea,3,Chelsea,8.6,1886,Savvy King Room (1 king bed),1,0,Free WiFi; Fitness center; Bar,237,20,SpringHill Suites by Marriott Midtown Manhattan,3,Midtown,8.0,3229,Suite (1 king bed),0,0,Free WiFi; Breakfast; Fitness center,210,,,,,,,,,,,
229,binary,58,1,13,Aloft New York Chelsea,3,Chelsea,8.4,1823,Savvy Queen Room (1 queen bed),1,0,Free WiFi; Fitness center; Bar,142,43,Arlo NoMad,4,NoMad,8.1,2398,King Room (1 king bed),1,0,Free WiFi; Rooftop bar; Restaurant,203,,,,,,,,,,,
230,binary,58,2,13,Aloft New York Chelsea,3,Chelsea,8.2,1789,Savvy King Room (1 king bed),0,0,Free WiFi; Fitness center; Bar,157,43,Arlo NoMad,4,NoMad,8.2,2400,Queen Room (1 queen bed),0,0,Free WiFi; Rooftop bar; Restaurant,220,,,,,,,,,,,
233,binary,59,1,13,Aloft New York Chelsea,3,Chelsea,8.5,1889,Savvy King Room (1 king bed),0,0,Free WiFi; Fitness center; Bar,137,63,Baccarat Hotel and Residences New York,5,Midtown,9.0,681,Classic King (1 king bed),1,0,Free WiFi; Spa; Pool; Restaurant; Bar,949,,,,,,,,,,,
234,binary,59,2,13,Aloft New York Chelsea,3,Chelsea,8.5,1649,Savvy King Room (1 king bed),1,0,Free WiFi; Fitness center; Bar,188,63,Baccarat Hotel and Residences New York,5,Midtown,9.2,717,Classic King (1 king bed),0,0,Free WiFi; Spa; Pool; Restaurant; Bar,1484,,,,,,,,,,,
237,binary,60,1,13,Aloft New York Chelsea,3,Chelsea,8.4,1729,Savvy Queen Room (1 queen bed),0,0,Free WiFi; Fitness center; Bar,243,85,Holiday Inn New York City - Wall Street,3,Financial District,7.6,1820,King Room (1 king bed),0,0,Free WiFi; Fitness center,129,,,,,,,,,,,
238,binary,60,2,13,Aloft New York Chelsea,3,Chelsea,8.5,1950,Savvy Queen Room (1 queen bed),0,0,Free WiFi; Fitness center; Bar,159,85,Holiday Inn New York City - Wall Street,3,Financial District,7.6,1955,King Room (1 king bed),0,1,Free WiFi; Fitness center,240,,,,,,,,,,,
241,binary,61,1,13,Aloft New York Chelsea,3,Chelsea,8.4,1727,Savvy Queen Room (1 queen bed),1,0,Free WiFi; Fitness center; Bar,212,178,Loews Regency Hotel New York,5,Upper East Side,8.6,1132,Deluxe King (1 king bed),1,1,Free WiFi; Fitness center; Restaurant; Bar; Spa,741,,,,,,,,,,,
242,binary,61,2,13,Aloft New York Chelsea,3,Chelsea,8.3,1764,Savvy King Room (1 king bed),1,0,Free WiFi; Fitness center; Bar,195,178,Loews Regency Hotel New York,5,Upper East Side,8.9,1145,Park Avenue King (1 king bed),1,0,Free WiFi; Fitness center; Restaurant; Bar; Spa,631,,,,,,,,,,,
245,binary,62,1,14,Margaritaville Resort Times Square,3,Midtown West,7.7,2111,Standard King (1 king bed),1,0,Free WiFi; Pool; Bar; Restaurant,86,61,The Whitby Hotel,5,Upper Midtown,9.2,860,Deluxe King (1 king bed),0,0,Free WiFi; Restaurant; Screening room; Gym,737,,,,,,,,,,,
246,binary,62,2,14,Margaritaville Resort Times Square,3,Midtown West,7.6,2398,Standard Double (2 double beds),0,0,Free WiFi; Pool; Bar; Restaurant,143,61,The Whitby Hotel,5,Upper Midtown,9.5,844,Deluxe King (1 king bed),1,0,Free WiFi; Restaurant; Screening room; Gym,1083,,,,,,,,,,,
249,binary,63,1,14,Margaritaville Resort Times Square,3,Midtown West,7.5,2146,Standard King (1 king bed),1,0,Free WiFi; Pool; Bar; Restaurant,176,62,Four Seasons Hotel New York Downtown,5,TriBeCa,9.0,515,Premier King with City View (1 king bed),1,0,Free WiFi; Spa; Pool; Restaurant; Fitness center,642,,,,,,,,,,,
250,binary,63,2,14,Margaritaville Resort Times Square,3,Midtown West,7.8,2385,Standard King (1 king bed),0,0,Free WiFi; Pool; Bar; Restaurant,146,62,Four Seasons Hotel New York Downtown,5,TriBeCa,8.9,561,Premier King with City View (1 king bed),1,1,Free WiFi; Spa; Pool; Restaurant; Fitness center,495,,,,,,,,,,,
253,binary,64,1,14,Margaritaville Resort Times Square,3,Midtown West,7.7,2077,Standard Double (2 double beds),0,0,Free WiFi; Pool; Bar; Restaurant,122,101,Fairfield Inn & Suites New York Brooklyn,3,Brooklyn,7.5,1290,Double Room (2 double beds),1,1,Free WiFi; Breakfast included; Fitness center,186,,,,,,,,,,,
254,binary,64,2,14,Margaritaville Resort Times Square,3,Midtown West,7.6,2101,Standard Double (2 double beds),0,1,Free WiFi; Pool; Bar; Restaurant,135,101,Fairfield Inn & Suites New York Brooklyn,3,Brooklyn,7.7,1288,King Room (1 king bed),1,1,Free WiFi; Breakfast included; Fitness center,123,,,,,,,,,,,
257,binary,65,1,15,Millennium Broadway Times Square,3,Times Square,7.3,3685,Superior King (1 king bed),0,0,Free WiFi; Fitness center; Restaurant,142,51,Nine Orchard,4,Lower East Side,8.8,707,Deluxe King (1 king bed),1,1,Free WiFi; Restaurant; Spa,360,,,,,,,,,,,
258,binary,65,2,15,Millennium Broadway Times Square,3,Times Square,7.2,3669,Standard Queen (1 queen bed),0,0,Free WiFi; Fitness center; Restaurant,88,51,Nine Orchard,4,Lower East Side,9.0,783,Deluxe King (1 king bed),0,1,Free WiFi; Restaurant; Spa,463,,,,,,,,,,,
261,binary,66,1,15,Millennium Broadway Times Square,3,Times Square,7.4,3986,Standard Queen (1 queen bed),0,0,Free WiFi; Fitness center; Restaurant,147,69,Hampton Inn Manhattan/Times Square South,3,Times Square,8.3,3015,King Room (1 king bed),0,1,Free WiFi; Breakfast included; Fitness center,302,,,,,,,,,,,
262,binary,66,2,15,Millennium Broadway Times Square,3,Times Square,7.5,3668,Standard Queen (1 queen bed),0,0,Free WiFi; Fitness center; Restaurant,125,69,Hampton Inn Manhattan/Times Square South,3,Times Square,8.5,3370,Double Room (2 double beds),1,1,Free WiFi; Breakfast included; Fitness center,325,,,,,,,,,,,
265,binary,67,1,15,Millennium Broadway Times Square,3,Times Square,7.6,3713,Standard Queen (1 queen bed),1,0,Free WiFi; Fitness center; Restaurant,98,114,Sheraton Brooklyn New York Hotel,4,Downtown Brooklyn,7.7,1368,Double Room (2 double beds),1,1,Free WiFi; Restaurant; Fitness center; Pool,175,,,,,,,,,,,
266,binary,67,2,15,Millennium Broadway Times Square,3,Times Square,7.3,3709,Standard Queen (1 queen bed),1,0,Free WiFi; Fitness center; Restaurant,86,114,Sheraton Brooklyn New York Hotel,4,Downtown Brooklyn,7.6,1312,King Room (1 king bed),0,0,Free WiFi; Restaurant; Fitness center; Pool,172,,,,,,,,,,,
269,binary,68,1,15,Millennium Broadway Times Square,3,Times Square,7.5,3490,Standard Queen (1 queen bed),0,1,Free WiFi; Fitness center; Restaurant,169,125,Wyndham New Yorker Hotel,3,Midtown,7.3,3910,King Room (1 king bed),1,0,Free WiFi; Fitness center,158,,,,,,,,,,,
270,binary,68,2,15,Millennium Broadway Times Square,3,Times Square,7.4,3777,Superior King (1 king bed),0,1,Free WiFi; Fitness center; Restaurant,168,125,Wyndham New Yorker Hotel,3,Midtown,7.4,4116,Double Room (2 double beds),0,0,Free WiFi; Fitness center,223,,,,,,,,,,,
273,binary,69,1,15,Millennium Broadway Times Square,3,Times Square,7.4,3653,Superior King (1 king bed),0,0,Free WiFi; Fitness center; Restaurant,156,143,1 Hotel Brooklyn Bridge,4,Brooklyn Heights,8.8,1935,King Room (1 king bed),1,0,Free WiFi; Rooftop pool; Restaurant; Spa,519,,,,,,,,,,,
274,binary,69,2,15,Millennium Broadway Times Square,3,Times Square,7.6,3624,Standard Queen (1 queen bed),0,0,Free WiFi; Fitness center; Restaurant,117,143,1 Hotel Brooklyn Bridge,4,Brooklyn Heights,8.8,1932,King Room (1 king bed),1,0,Free WiFi; Rooftop pool; Restaurant; Spa,328,,,,,,,,,,,
277,binary,70,1,16,Broadway Plaza Hotel,3,Upper West Side,9.2,1810,One-Bedroom Suite (1 king bed),1,0,Free WiFi; Kitchenette,106,66,The Plaza,5,Midtown,8.3,3662,Deluxe King (1 king bed),1,0,Free WiFi; Spa; Restaurant; Fitness center; Palm Court,1336,,,,,,,,,,,
278,binary,70,2,16,Broadway Plaza Hotel,3,Upper West Side,9.2,2098,Studio (1 queen bed),0,0,Free WiFi; Kitchenette,135,66,The Plaza,5,Midtown,8.6,3496,Superior King (1 king bed),0,0,Free WiFi; Spa; Restaurant; Fitness center; Palm Court,1269,,,,,,,,,,,
281,binary,71,1,16,Broadway Plaza Hotel,3,Upper West Side,9.1,2049,Studio (1 queen bed),1,0,Free WiFi; Kitchenette,159,75,Hilton Garden Inn New York/Midtown Park Avenue,3,Midtown East,8.1,2348,King Room (1 king bed),0,0,Free WiFi; Restaurant; Fitness center; Business center,181,,,,,,,,,,,
282,binary,71,2,16,Broadway Plaza Hotel,3,Upper West Side,9.4,2025,One-Bedroom Suite (1 king bed),1,0,Free WiFi; Kitchenette,99,75,Hilton Garden Inn New York/Midtown Park Avenue,3,Midtown East,8.2,2307,Double Room (2 double beds),1,0,Free WiFi; Restaurant; Fitness center; Business center,246,,,,,,,,,,,
285,binary,72,1,16,Broadway Plaza Hotel,3,Upper West Side,9.2,2027,One-Bedroom Suite (1 king bed),0,0,Free WiFi; Kitchenette,138,88,Crowne Plaza HY36 Midtown Manhattan,4,Midtown,8.5,2032,King Room (1 king bed),1,0,Free WiFi; Fitness center; Restaurant; Bar,370,,,,,,,,,,,
286,binary,72,2,16,Broadway Plaza Hotel,3,Upper West Side,9.4,1899,Studio (1 queen bed),1,0,Free WiFi; Kitchenette,123,88,Crowne Plaza HY36 Midtown Manhattan,4,Midtown,8.3,2007,King Room (1 king bed),1,0,Free WiFi; Fitness center; Restaurant; Bar,242,,,,,,,,,,,
289,binary,73,1,16,Broadway Plaza Hotel,3,Upper West Side,9.3,1906,One-Bedroom Suite (1 king bed),0,0,Free WiFi; Kitchenette,91,168,The Boro Hotel,4,"Long Island City, Queens",8.4,850,King Room (1 king bed),1,0,Free WiFi; Bar; Manhattan views,186,,,,,,,,,,,
290,binary,73,2,16,Broadway Plaza Hotel,3,Upper West Side,9.4,1944,One-Bedroom Suite (1 king bed),0,0,Free WiFi; Kitchenette,123,168,The Boro Hotel,4,"Long Island City, Queens",8.4,781,Queen Room (1 queen bed),0,0,Free WiFi; Bar; Manhattan views,167,,,,,,,,,,,
293,binary,74,1,17,The Hotel at Fifth Avenue,3,Midtown,8.1,1832,Standard Queen (1 queen bed),0,0,Free WiFi; Fitness center,158,33,MADE Hotel,4,Midtown,9.0,2161,Queen Room (1 queen bed),0,0,Free WiFi; Rooftop bar; Allergy-free rooms,286,,,,,,,,,,,
294,binary,74,2,17,The Hotel at Fifth Avenue,3,Midtown,8.1,1979,Standard Queen (1 queen bed),0,0,Free WiFi; Fitness center,112,33,MADE Hotel,4,Midtown,9.0,1951,King Room (1 king bed),1,0,Free WiFi; Rooftop bar; Allergy-free rooms,211,,,,,,,,,,,
297,binary,75,1,17,The Hotel at Fifth Avenue,3,Midtown,8.2,1905,Standard Queen (1 queen bed),1,0,Free WiFi; Fitness center,182,40,Hard Rock Hotel New York,4,Midtown,8.6,1802,Double Room (2 double beds),0,0,Free WiFi; Restaurant; Fitness center; Bar,333,,,,,,,,,,,
298,binary,75,2,17,The Hotel at Fifth Avenue,3,Midtown,8.2,1735,Standard Queen (1 queen bed),1,0,Free WiFi; Fitness center,125,40,Hard Rock Hotel New York,4,Midtown,8.2,1577,Double Room (2 double beds),1,0,Free WiFi; Restaurant; Fitness center; Bar,418,,,,,,,,,,,
301,binary,76,1,17,The Hotel at Fifth Avenue,3,Midtown,8.1,1633,Standard Queen (1 queen bed),1,0,Free WiFi; Fitness center,161,50,Ace Hotel Brooklyn,4,"Boerum Hill, Brooklyn",8.5,1079,Standard King (1 king bed),0,0,Free WiFi; Restaurant; Lobby bar,254,,,,,,,,,,,
302,binary,76,2,17,The Hotel at Fifth Avenue,3,Midtown,8.2,1940,Deluxe King (1 king bed),0,0,Free WiFi; Fitness center,183,50,Ace Hotel Brooklyn,4,"Boerum Hill, Brooklyn",8.4,1059,Deluxe King (1 king bed),1,0,Free WiFi; Restaurant; Lobby bar,246,,,,,,,,,,,
305,binary,77,1,17,The Hotel at Fifth Avenue,3,Midtown,8.0,1623,Deluxe King (1 king bed),1,0,Free WiFi; Fitness center,105,54,The Wall Street Hotel,4,Financial District,8.8,662,Pearl Suite (1 king bed),1,0,Free WiFi; Restaurant; Bar; Fitness center,425,,,,,,,,,,,
306,binary,77,2,17,The Hotel at Fifth Avenue,3,Midtown,7.9,1846,Deluxe King (1 king bed),1,1,Free WiFi; Fitness center,159,54,The Wall Street Hotel,4,Financial District,8.7,702,Pearl Suite (1 king bed),1,1,Free WiFi; Restaurant; Bar; Fitness center,383,,,,,,,,,,,
309,binary,78,1,17,The Hotel at Fifth Avenue,3,Midtown,8.0,1777,Standard Queen (1 queen bed),1,0,Free WiFi; Fitness center,187,96,Courtyard by Marriott New York Manhattan/SoHo,3,SoHo,8.4,1290,King Room (1 king bed),1,0,Free WiFi; Fitness center; Restaurant,258,,,,,,,,,,,
310,binary,78,2,17,The Hotel at Fifth Avenue,3,Midtown,7.9,1917,Standard Queen (1 queen bed),0,0,Free WiFi; Fitness center,207,96,Courtyard by Marriott New York Manhattan/SoHo,3,SoHo,8.2,1490,Double Room (2 double beds),1,0,Free WiFi; Fitness center; Restaurant,350,,,,,,,,,,,
313,binary,79,1,17,The Hotel at Fifth Avenue,3,Midtown,8.1,1843,Standard Queen (1 queen bed),0,0,Free WiFi; Fitness center,189,112,Sheraton New York Times Square Hotel,4,Times Square,7.4,5541,Double Room (2 double beds),1,0,Free WiFi; Fitness center; Restaurant; Bar,316,,,,,,,,,,,
314,binary,79,2,17,The Hotel at Fifth Avenue,3,Midtown,8.1,1835,Standard Queen (1 queen bed),1,0,Free WiFi; Fitness center,156,112,Sheraton New York Times Square Hotel,4,Times Square,7.5,5157,Double Room (2 double beds),1,1,Free WiFi; Fitness center; Restaurant; Bar,262,,,,,,,,,,,
317,binary,80,1,17,The Hotel at Fifth Avenue,3,Midtown,7.8,1954,Standard Queen (1 queen bed),1,0,Free WiFi; Fitness center,183,140,NoMo SoHo,4,SoHo,8.1,1028,Queen Room (1 queen bed),1,0,Free WiFi; Restaurant; Bar,298,,,,,,,,,,,
318,binary,80,2,17,The Hotel at Fifth Avenue,3,Midtown,8.1,1902,Standard Queen (1 queen bed),0,1,Free WiFi; Fitness center,145,140,NoMo SoHo,4,SoHo,8.3,1131,Queen Room (1 queen bed),0,0,Free WiFi; Restaurant; Bar,326,,,,,,,,,,,
321,binary,81,1,17,The Hotel at Fifth Avenue,3,Midtown,8.2,1858,Deluxe King (1 king bed),0,0,Free WiFi; Fitness center,154,157,Hotel Hugo,4,SoHo,8.1,1174,King Room (1 king bed),0,0,Free WiFi; Rooftop bar; Restaurant,283,,,,,,,,,,,
322,binary,81,2,17,The Hotel at Fifth Avenue,3,Midtown,8.2,1718,Standard Queen (1 queen bed),1,1,Free WiFi; Fitness center,100,157,Hotel Hugo,4,SoHo,8.3,1178,King Room (1 king bed),1,0,Free WiFi; Rooftop bar; Restaurant,262,,,,,,,,,,,
325,binary,82,1,18,The Lucerne Hotel,3,Upper West Side,8.2,2264,Classic Queen (1 queen bed),1,0,Free WiFi; Restaurant; Fitness center,161,91,InterContinental New York Barclay,5,Midtown East,8.5,1710,Deluxe King (1 king bed),0,0,Free WiFi; Fitness center; Restaurant; Bar; Spa,684,,,,,,,,,,,
326,binary,82,2,18,The Lucerne Hotel,3,Upper West Side,8.5,2257,Deluxe King (1 king bed),1,0,Free WiFi; Restaurant; Fitness center,206,91,InterContinental New York Barclay,5,Midtown East,8.6,1567,Premium King (1 king bed),1,0,Free WiFi; Fitness center; Restaurant; Bar; Spa,584,,,,,,,,,,,
329,binary,83,1,18,The Lucerne Hotel,3,Upper West Side,8.4,2241,Deluxe King (1 king bed),0,0,Free WiFi; Restaurant; Fitness center,133,93,Kimpton Muse Hotel,4,Times Square,8.4,1203,Queen Room (1 queen bed),1,0,Free WiFi; Restaurant; Bar; Wine hour,236,,,,,,,,,,,
330,binary,83,2,18,The Lucerne Hotel,3,Upper West Side,8.4,2310,Deluxe King (1 king bed),0,0,Free WiFi; Restaurant; Fitness center,215,93,Kimpton Muse Hotel,4,Times Square,8.4,1189,Queen Room (1 queen bed),0,0,Free WiFi; Restaurant; Bar; Wine hour,299,,,,,,,,,,,
333,binary,84,1,18,The Lucerne Hotel,3,Upper West Side,8.5,2455,Deluxe King (1 king bed),0,0,Free WiFi; Restaurant; Fitness center,144,120,Hyatt Place New York/Chelsea,3,Chelsea,7.9,1124,Double Room (2 double beds),1,0,Free WiFi; Breakfast; Fitness center,142,,,,,,,,,,,
334,binary,84,2,18,The Lucerne Hotel,3,Upper West Side,8.5,2541,Deluxe King (1 king bed),0,1,Free WiFi; Restaurant; Fitness center,167,120,Hyatt Place New York/Chelsea,3,Chelsea,8.1,1150,King Room (1 king bed),0,1,Free WiFi; Breakfast; Fitness center,140,,,,,,,,,,,
337,binary,85,1,18,The Lucerne Hotel,3,Upper West Side,8.1,2411,Deluxe King (1 king bed),1,0,Free WiFi; Restaurant; Fitness center,178,131,Freehand New York,3,Flatiron,7.9,1786,King Room (1 king bed),0,0,Free WiFi; Restaurant; Bar; Rooftop,140,,,,,,,,,,,
338,binary,85,2,18,The Lucerne Hotel,3,Upper West Side,8.2,2350,Deluxe King (1 king bed),0,1,Free WiFi; Restaurant; Fitness center,185,131,Freehand New York,3,Flatiron,7.9,1851,Queen Room (1 queen bed),0,0,Free WiFi; Restaurant; Bar; Rooftop,260,,,,,,,,,,,
341,binary,86,1,19,Romer Hell's Kitchen,3,Hell's Kitchen,8.2,714,Studio Queen (1 queen bed),0,0,Free WiFi; Fitness center,203,71,Hampton Inn Manhattan-35th St/Empire State Bldg,3,Midtown,8.3,2388,King Room (1 king bed),1,1,Free WiFi; Breakfast included; Fitness center,202,,,,,,,,,,,
342,binary,86,2,19,Romer Hell's Kitchen,3,Hell's Kitchen,8.1,586,Studio Queen (1 queen bed),1,0,Free WiFi; Fitness center,173,71,Hampton Inn Manhattan-35th St/Empire State Bldg,3,Midtown,8.3,2261,King Room (1 king bed),0,1,Free WiFi; Breakfast included; Fitness center,191,,,,,,,,,,,
345,binary,87,1,19,Romer Hell's Kitchen,3,Hell's Kitchen,8.1,640,Studio Queen (1 queen bed),1,0,Free WiFi; Fitness center,251,116,Hyatt Centric Midtown 5th Avenue New York,4,Midtown,8.4,1622,Queen Room (1 queen bed),0,0,Free WiFi; Fitness center; Restaurant; Bar,354,,,,,,,,,,,
346,binary,87,2,19,Romer Hell's Kitchen,3,Hell's Kitchen,8.2,585,Studio King (1 king bed),1,0,Free WiFi; Fitness center,191,116,Hyatt Centric Midtown 5th Avenue New York,4,Midtown,8.4,1915,Queen Room (1 queen bed),1,0,Free WiFi; Fitness center; Restaurant; Bar,351,,,,,,,,,,,
349,binary,88,1,19,Romer Hell's Kitchen,3,Hell's Kitchen,8.2,621,Studio King (1 king bed),1,0,Free WiFi; Fitness center,173,157,Hotel Hugo,4,SoHo,8.1,1319,King Room (1 king bed),0,0,Free WiFi; Rooftop bar; Restaurant,352,,,,,,,,,,,
350,binary,88,2,19,Romer Hell's Kitchen,3,Hell's Kitchen,8.1,649,Studio King (1 king bed),0,0,Free WiFi; Fitness center,156,157,Hotel Hugo,4,SoHo,8.2,1233,King Room (1 king bed),0,0,Free WiFi; Rooftop bar; Restaurant,205,,,,,,,,,,,
353,binary,89,1,19,Romer Hell's Kitchen,3,Hell's Kitchen,8.1,617,Studio Queen (1 queen bed),0,0,Free WiFi; Fitness center,262,173,"The Lexington Hotel, Autograph Collection",4,Midtown East,8.0,2864,Double Room (2 double beds),0,0,Free WiFi; Fitness center; Restaurant; Bar,386,,,,,,,,,,,
354,binary,89,2,19,Romer Hell's Kitchen,3,Hell's Kitchen,8.2,605,Studio Queen (1 queen bed),0,0,Free WiFi; Fitness center,224,173,"The Lexington Hotel, Autograph Collection",4,Midtown East,7.9,3061,King Room (1 king bed),1,1,Free WiFi; Fitness center; Restaurant; Bar,374,,,,,,,,,,,
357,binary,90,1,20,SpringHill Suites by Marriott Midtown Manhattan,3,Midtown,8.3,3112,Suite (1 king bed),1,1,Free WiFi; Breakfast; Fitness center,288,50,Ace Hotel Brooklyn,4,"Boerum Hill, Brooklyn",8.4,1099,Standard King (1 king bed),1,0,Free WiFi; Restaurant; Lobby bar,288,,,,,,,,,,,
358,binary,90,2,20,SpringHill Suites by Marriott Midtown Manhattan,3,Midtown,8.1,3344,Suite (1 king bed),1,1,Free WiFi; Breakfast; Fitness center,286,50,Ace Hotel Brooklyn,4,"Boerum Hill, Brooklyn",8.2,1165,Standard King (1 king bed),0,0,Free WiFi; Restaurant; Lobby bar,264,,,,,,,,,,,
361,binary,91,1,20,SpringHill Suites by Marriott Midtown Manhattan,3,Midtown,8.0,3255,Suite (1 king bed),1,1,Free WiFi; Breakfast; Fitness center,282,88,Crowne Plaza HY36 Midtown Manhattan,4,Midtown,8.5,2293,Double Room (2 double beds),0,0,Free WiFi; Fitness center; Restaurant; Bar,221,,,,,,,,,,,
362,binary,91,2,20,SpringHill Suites by Marriott Midtown Manhattan,3,Midtown,8.2,3001,Suite (2 double beds),0,1,Free WiFi; Breakfast; Fitness center,153,88,Crowne Plaza HY36 Midtown Manhattan,4,Midtown,8.4,2023,King Room (1 king bed),1,1,Free WiFi; Fitness center; Restaurant; Bar,286,,,,,,,,,,,
365,binary,92,1,20,SpringHill Suites by Marriott Midtown Manhattan,3,Midtown,8.2,3148,Suite (1 king bed),1,1,Free WiFi; Breakfast; Fitness center,288,101,Fairfield Inn & Suites New York Brooklyn,3,Brooklyn,7.7,1204,Double Room (2 double beds),1,0,Free WiFi; Breakfast included; Fitness center,214,,,,,,,,,,,
366,binary,92,2,20,SpringHill Suites by Marriott Midtown Manhattan,3,Midtown,8.0,3261,Suite (1 king bed),1,0,Free WiFi; Breakfast; Fitness center,235,101,Fairfield Inn & Suites New York Brooklyn,3,Brooklyn,7.7,1188,Double Room (2 double beds),1,1,Free WiFi; Breakfast included; Fitness center,198,,,,,,,,,,,
369,binary,93,1,20,SpringHill Suites by Marriott Midtown Manhattan,3,Midtown,8.0,3487,Suite (2 double beds),0,1,Free WiFi; Breakfast; Fitness center,206,133,HI New York City Hostel,1,Upper West Side,7.2,2946,Dorm Bed (1 bunk bed),0,0,Free WiFi; Shared kitchen; Lounge,74,,,,,,,,,,,
370,binary,93,2,20,SpringHill Suites by Marriott Midtown Manhattan,3,Midtown,8.2,3389,Suite (2 double beds),1,1,Free WiFi; Breakfast; Fitness center,152,133,HI New York City Hostel,1,Upper West Side,7.0,3246,Dorm Bed (1 bunk bed),0,0,Free WiFi; Shared kitchen; Lounge,51,,,,,,,,,,,
373,binary,94,1,21,Courtyard by Marriott Times Square West,3,Midtown West,8.1,2285,King Room (1 king bed),0,0,Free WiFi; Restaurant; Fitness center,212,31,New Yorker by Lotte Hotels,4,Midtown,9.1,14024,Deluxe King (1 king bed),1,0,Free WiFi; Fitness center; Restaurant; Bar,206,,,,,,,,,,,
374,binary,94,2,21,Courtyard by Marriott Times Square West,3,Midtown West,8.1,2178,King Room (1 king bed),0,0,Free WiFi; Restaurant; Fitness center,275,31,New Yorker by Lotte Hotels,4,Midtown,8.9,13756,Double Room (2 double beds),0,0,Free WiFi; Fitness center; Restaurant; Bar,315,,,,,,,,,,,
377,binary,95,1,21,Courtyard by Marriott Times Square West,3,Midtown West,8.0,2075,Double Room (2 double beds),1,0,Free WiFi; Restaurant; Fitness center,161,38,Casablanca Hotel by Library Hotel Collection,4,Theater District,9.2,1380,Classic Queen (1 queen bed),0,1,Free WiFi; Continental breakfast; 24-hour refreshments,434,,,,,,,,,,,
378,binary,95,2,21,Courtyard by Marriott Times Square West,3,Midtown West,7.8,2279,King Room (1 king bed),1,0,Free WiFi; Restaurant; Fitness center,184,38,Casablanca Hotel by Library Hotel Collection,4,Theater District,9.0,1606,Classic Queen (1 queen bed),1,1,Free WiFi; Continental breakfast; 24-hour refreshments,390,,,,,,,,,,,
381,binary,96,1,21,Courtyard by Marriott Times Square West,3,Midtown West,8.2,2016,Double Room (2 double beds),0,0,Free WiFi; Restaurant; Fitness center,255,156,The Hoxton Williamsburg,4,"Williamsburg, Brooklyn",8.3,941,Queen Room (1 queen bed),0,0,Free WiFi; Restaurant; Rooftop bar,256,,,,,,,,,,,
382,binary,96,2,21,Courtyard by Marriott Times Square West,3,Midtown West,7.9,2015,King Room (1 king bed),0,0,Free WiFi; Restaurant; Fitness center,260,156,The Hoxton Williamsburg,4,"Williamsburg, Brooklyn",8.4,1002,King Room (1 king bed),0,0,Free WiFi; Restaurant; Rooftop bar,250,,,,,,,,,,,
385,binary,97,1,22,Hampton Inn Manhattan Times Square Central,3,Times Square,8.6,3824,Double Room (2 double beds),1,1,Free WiFi; Breakfast included; Fitness center,185,66,The Plaza,5,Midtown,8.5,4122,Superior King (1 king bed),0,0,Free WiFi; Spa; Restaurant; Fitness center; Palm Court,1456,,,,,,,,,,,
386,binary,97,2,22,Hampton Inn Manhattan Times Square Central,3,Times Square,8.3,3298,King Room (1 king bed),1,0,Free WiFi; Breakfast included; Fitness center,179,66,The Plaza,5,Midtown,8.5,3497,Deluxe King (1 king bed),0,0,Free WiFi; Spa; Restaurant; Fitness center; Palm Court,1493,,,,,,,,,,,
389,binary,98,1,22,Hampton Inn Manhattan Times Square Central,3,Times Square,8.6,3423,Double Room (2 double beds),0,0,Free WiFi; Breakfast included; Fitness center,221,91,InterContinental New York Barclay,5,Midtown East,8.6,1584,Premium King (1 king bed),0,1,Free WiFi; Fitness center; Restaurant; Bar; Spa,448,,,,,,,,,,,
390,binary,98,2,22,Hampton Inn Manhattan Times Square Central,3,Times Square,8.6,3631,Double Room (2 double beds),1,1,Free WiFi; Breakfast included; Fitness center,263,91,InterContinental New York Barclay,5,Midtown East,8.5,1744,Deluxe King (1 king bed),1,0,Free WiFi; Fitness center; Restaurant; Bar; Spa,619,,,,,,,,,,,
393,binary,99,1,22,Hampton Inn Manhattan Times Square Central,3,Times Square,8.4,3414,King Room (1 king bed),0,1,Free WiFi; Breakfast included; Fitness center,272,105,Residence Inn New York Downtown Manhattan,3,Financial District,8.0,1097,One-Bedroom Suite (1 king bed),1,0,Free WiFi; Breakfast included; Kitchen; Fitness center,256,,,,,,,,,,,
394,binary,99,2,22,Hampton Inn Manhattan Times Square Central,3,Times Square,8.5,3379,King Room (1 king bed),1,1,Free WiFi; Breakfast included; Fitness center,258,105,Residence Inn New York Downtown Manhattan,3,Financial District,8.1,1106,One-Bedroom Suite (1 king bed),0,1,Free WiFi; Breakfast included; Kitchen; Fitness center,303,,,,,,,,,,,
397,binary,100,1,22,Hampton Inn Manhattan Times Square Central,3,Times Square,8.6,3265,Double Room (2 double beds),1,1,Free WiFi; Breakfast included; Fitness center,304,131,Freehand New York,3,Flatiron,8.1,1847,Queen Room (1 queen bed),0,1,Free WiFi; Restaurant; Bar; Rooftop,173,,,,,,,,,,,
398,binary,100,2,22,Hampton Inn Manhattan Times Square Central,3,Times Square,8.5,3848,King Room (1 king bed),0,1,Free WiFi; Breakfast included; Fitness center,208,131,Freehand New York,3,Flatiron,7.8,1910,Queen Room (1 queen bed),0,0,Free WiFi; Restaurant; Bar; Rooftop,210,,,,,,,,,,,
401,binary,101,1,22,Hampton Inn Manhattan Times Square Central,3,Times Square,8.4,3168,Double Room (2 double beds),0,1,Free WiFi; Breakfast included; Fitness center,248,165,Hotel Le Bleu,3,"Park Slope, Brooklyn",7.9,492,King Room (1 king bed),1,0,Free WiFi; Restaurant,139,,,,,,,,,,,
402,binary,101,2,22,Hampton Inn Manhattan Times Square Central,3,Times Square,8.4,3329,King Room (1 king bed),1,1,Free WiFi; Breakfast included; Fitness center,245,165,Hotel Le Bleu,3,"Park Slope, Brooklyn",8.1,545,Queen Room (1 queen bed),0,0,Free WiFi; Restaurant,150,,,,,,,,,,,
405,binary,102,1,23,Hilton Garden Inn New York/West 35th Street,3,Midtown,8.2,2558,Double Room (2 double beds),1,0,Free WiFi; Restaurant; Fitness center; Business center,238,53,The Ned NoMad,4,NoMad,8.4,827,Medium Room (1 king bed),0,1,Free WiFi; Restaurant; Rooftop pool; Members club,501,,,,,,,,,,,
406,binary,102,2,23,Hilton Garden Inn New York/West 35th Street,3,Midtown,8.1,2889,King Room (1 king bed),1,0,Free WiFi; Restaurant; Fitness center; Business center,256,53,The Ned NoMad,4,NoMad,8.6,813,Medium Room (1 king bed),0,0,Free WiFi; Restaurant; Rooftop pool; Members club,582,,,,,,,,,,,
409,binary,103,1,23,Hilton Garden Inn New York/West 35th Street,3,Midtown,8.2,2911,King Room (1 king bed),0,0,Free WiFi; Restaurant; Fitness center; Business center,199,69,Hampton Inn Manhattan/Times Square South,3,Times Square,8.2,3173,King Room (1 king bed),1,1,Free WiFi; Breakfast included; Fitness center,321,,,,,,,,,,,
410,binary,103,2,23,Hilton Garden Inn New York/West 35th Street,3,Midtown,8.2,2698,King Room (1 king bed),1,0,Free WiFi; Restaurant; Fitness center; Business center,278,69,Hampton Inn Manhattan/Times Square South,3,Times Square,8.3,2969,King Room (1 king bed),1,0,Free WiFi; Breakfast included; Fitness center,309,,,,,,,,,,,
413,binary,104,1,23,Hilton Garden Inn New York/West 35th Street,3,Midtown,8.1,2739,Double Room (2 double beds),1,1,Free WiFi; Restaurant; Fitness center; Business center,241,94,EVEN Hotel New York - Times Square South,3,Midtown,8.4,1288,Queen Room (1 queen bed),1,0,Free WiFi; Fitness center; In-room training zone,164,,,,,,,,,,,
414,binary,104,2,23,Hilton Garden Inn New York/West 35th Street,3,Midtown,8.4,3035,King Room (1 king bed),0,1,Free WiFi; Restaurant; Fitness center; Business center,281,94,EVEN Hotel New York - Times Square South,3,Midtown,8.4,1464,King Room (1 king bed),0,0,Free WiFi; Fitness center; In-room training zone,164,,,,,,,,,,,
417,binary,105,1,23,Hilton Garden Inn New York/West 35th Street,3,Midtown,8.3,3011,King Room (1 king bed),1,0,Free WiFi; Restaurant; Fitness center; Business center,227,122,Park Hyatt New York,5,Midtown,9.0,774,Park King (1 king bed),1,0,Free WiFi; Fitness center; Restaurant; Bar; Spa; Pool,1263,,,,,,,,,,,
418,binary,105,2,23,Hilton Garden Inn New York/West 35th Street,3,Midtown,8.4,2859,King Room (1 king bed),1,1,Free WiFi; Restaurant; Fitness center; Business center,240,122,Park Hyatt New York,5,Midtown,9.3,840,Park Deluxe King (1 king bed),0,1,Free WiFi; Fitness center; Restaurant; Bar; Spa; Pool,921,,,,,,,,,,,
421,binary,106,1,23,Hilton Garden Inn New York/West 35th Street,3,Midtown,8.4,2896,Double Room (2 double beds),0,0,Free WiFi; Restaurant; Fitness center; Business center,285,129,Best Western Plus Hospitality House Suites,3,Midtown East,8.0,1486,Studio Suite (1 queen bed),0,0,Free WiFi; Kitchen; Fitness center,223,,,,,,,,,,,
422,binary,106,2,23,Hilton Garden Inn New York/West 35th Street,3,Midtown,8.0,2918,King Room (1 king bed),0,0,Free WiFi; Restaurant; Fitness center; Business center,249,129,Best Western Plus Hospitality House Suites,3,Midtown East,7.8,1364,Studio Suite (1 queen bed),1,0,Free WiFi; Kitchen; Fitness center,150,,,,,,,,,,,
425,binary,107,1,24,Holiday Inn Manhattan-Chelsea,3,Chelsea,7.8,1914,Standard Double (2 double beds),1,0,Free WiFi; Fitness center,232,37,NobleDEN Hotel,4,Little Italy,9.2,926,Deluxe King (1 king bed),0,1,Free WiFi; Restaurant,282,,,,,,,,,,,
426,binary,107,2,24,Holiday Inn Manhattan-Chelsea,3,Chelsea,8.0,2277,Standard Double (2 double beds),0,0,Free WiFi; Fitness center,140,37,NobleDEN Hotel,4,Little Italy,9.2,1030,Deluxe Queen (1 queen bed),0,0,Free WiFi; Restaurant,292,,,,,,,,,,,
429,binary,108,1,25,Hotel Indigo NYC Financial District,3,Financial District,8.1,1934,Standard King (1 king bed),1,0,Free WiFi; Restaurant; Fitness center,238,36,Bryant Park Hotel,4,Midtown,8.3,1546,Deluxe Queen (1 queen bed),0,0,Free WiFi; Fitness center,270,,,,,,,,,,,
430,binary,108,2,25,Hotel Indigo NYC Financial District,3,Financial District,7.9,1997,Standard King (1 king bed),1,1,Free WiFi; Restaurant; Fitness center,126,36,Bryant Park Hotel,4,Midtown,8.2,1581,Deluxe Queen (1 queen bed),0,0,Free WiFi; Fitness center,317,,,,,,,,,,,
433,binary,109,1,25,Hotel Indigo NYC Financial District,3,Financial District,7.8,1985,Standard King (1 king bed),0,1,Free WiFi; Restaurant; Fitness center,202,45,Hotel Scherman,4,Midtown,8.6,678,Premium King (1 king bed),0,0,Free WiFi; Continental breakfast; City views,219,,,,,,,,,,,
434,binary,109,2,25,Hotel Indigo NYC Financial District,3,Financial District,8.1,1943,Standard Queen (1 queen bed),0,0,Free WiFi; Restaurant; Fitness center,202,45,Hotel Scherman,4,Midtown,8.5,560,Premium King (1 king bed),1,1,Free WiFi; Continental breakfast; City views,278,,,,,,,,,,,
437,binary,110,1,25,Hotel Indigo NYC Financial District,3,Financial District,8.0,1965,Standard Queen (1 queen bed),0,0,Free WiFi; Restaurant; Fitness center,166,69,Hampton Inn Manhattan/Times Square South,3,Times Square,8.3,3429,King Room (1 king bed),1,1,Free WiFi; Breakfast included; Fitness center,298,,,,,,,,,,,
438,binary,110,2,25,Hotel Indigo NYC Financial District,3,Financial District,8.1,1959,Standard Queen (1 queen bed),1,0,Free WiFi; Restaurant; Fitness center,222,69,Hampton Inn Manhattan/Times Square South,3,Times Square,8.4,3360,King Room (1 king bed),1,0,Free WiFi; Breakfast included; Fitness center,315,,,,,,,,,,,
441,binary,111,1,25,Hotel Indigo NYC Financial District,3,Financial District,7.8,1974,Standard Queen (1 queen bed),0,1,Free WiFi; Restaurant; Fitness center,189,77,Hilton Garden Inn New York/Central Park South,3,Midtown,8.5,1837,King Room (1 king bed),1,1,Free WiFi; Restaurant; Fitness center; Business center,355,,,,,,,,,,,
442,binary,111,2,25,Hotel Indigo NYC Financial District,3,Financial District,7.8,1896,Standard King (1 king bed),0,1,Free WiFi; Restaurant; Fitness center,222,77,Hilton Garden Inn New York/Central Park South,3,Midtown,8.4,2063,Double Room (2 double beds),1,1,Free WiFi; Restaurant; Fitness center; Business center,303,,,,,,,,,,,
445,binary,112,1,25,Hotel Indigo NYC Financial District,3,Financial District,7.9,1931,Standard King (1 king bed),0,1,Free WiFi; Restaurant; Fitness center,222,103,Residence Inn New York Manhattan/Times Square,3,Times Square,8.1,1710,One-Bedroom Suite (1 king bed),1,1,Free WiFi; Breakfast included; Kitchen; Fitness center,301,,,,,,,,,,,
446,binary,112,2,25,Hotel Indigo NYC Financial District,3,Financial District,8.0,2170,Standard King (1 king bed),1,0,Free WiFi; Restaurant; Fitness center,202,103,Residence Inn New York Manhattan/Times Square,3,Times Square,8.3,1676,Studio Suite (1 king bed),1,0,Free WiFi; Breakfast included; Kitchen; Fitness center,284,,,,,,,,,,,
449,binary,113,1,25,Hotel Indigo NYC Financial District,3,Financial District,8.1,1972,Standard King (1 king bed),0,0,Free WiFi; Restaurant; Fitness center,192,174,Moxy NYC Chelsea,3,Chelsea,8.1,1535,King Room (1 king bed),0,0,Free WiFi; Rooftop bar; Restaurant,153,,,,,,,,,,,
450,binary,113,2,25,Hotel Indigo NYC Financial District,3,Financial District,8.2,1902,Standard King (1 king bed),1,1,Free WiFi; Restaurant; Fitness center,125,174,Moxy NYC Chelsea,3,Chelsea,8.1,1410,Queen Room (1 queen bed),1,0,Free WiFi; Rooftop bar; Restaurant,130,,,,,,,,,,,
453,binary,114,1,26,Hyatt House New York/Chelsea,3,Chelsea,8.4,1646,One-Bedroom Suite (1 king bed),1,1,Free WiFi; Kitchen; Fitness center; Breakfast,289,39,Motto by Hilton New York City Chelsea,4,Chelsea,8.7,2117,King Room (1 king bed),1,0,Free WiFi; Fitness center,194,,,,,,,,,,,
454,binary,114,2,26,Hyatt House New York/Chelsea,3,Chelsea,8.3,1873,King Studio (1 king bed),0,0,Free WiFi; Kitchen; Fitness center; Breakfast,219,39,Motto by Hilton New York City Chelsea,4,Chelsea,8.6,1915,King Room (1 king bed),0,0,Free WiFi; Fitness center,167,,,,,,,,,,,
457,binary,115,1,26,Hyatt House New York/Chelsea,3,Chelsea,8.3,1670,King Studio (1 king bed),1,1,Free WiFi; Kitchen; Fitness center; Breakfast,230,53,The Ned NoMad,4,NoMad,8.6,905,Cosy Room (1 queen bed),0,1,Free WiFi; Restaurant; Rooftop pool; Members club,329,,,,,,,,,,,
458,binary,115,2,26,Hyatt House New York/Chelsea,3,Chelsea,8.1,1967,King Studio (1 king bed),0,1,Free WiFi; Kitchen; Fitness center; Breakfast,233,53,The Ned NoMad,4,NoMad,8.6,872,Cosy Room (1 queen bed),0,0,Free WiFi; Restaurant; Rooftop pool; Members club,354,,,,,,,,,,,
461,binary,116,1,26,Hyatt House New York/Chelsea,3,Chelsea,8.1,1684,King Studio (1 king bed),0,0,Free WiFi; Kitchen; Fitness center; Breakfast,272,72,Hampton Inn Manhattan-Seaport/Financial District,3,Financial District,8.1,1950,Double Room (2 double beds),1,1,Free WiFi; Breakfast included; Fitness center,227,,,,,,,,,,,
462,binary,116,2,26,Hyatt House New York/Chelsea,3,Chelsea,8.4,1679,King Studio (1 king bed),1,1,Free WiFi; Kitchen; Fitness center; Breakfast,269,72,Hampton Inn Manhattan-Seaport/Financial District,3,Financial District,8.0,1629,King Room (1 king bed),1,0,Free WiFi; Breakfast included; Fitness center,152,,,,,,,,,,,
465,binary,117,1,26,Hyatt House New York/Chelsea,3,Chelsea,8.3,1797,One-Bedroom Suite (1 king bed),0,1,Free WiFi; Kitchen; Fitness center; Breakfast,196,98,Courtyard by Marriott New York Manhattan/Upper East Side,3,Upper East Side,8.1,1208,Double Room (2 double beds),1,0,Free WiFi; Fitness center; Restaurant,332,,,,,,,,,,,
466,binary,117,2,26,Hyatt House New York/Chelsea,3,Chelsea,8.2,1691,King Studio (1 king bed),0,1,Free WiFi; Kitchen; Fitness center; Breakfast,299,98,Courtyard by Marriott New York Manhattan/Upper East Side,3,Upper East Side,8.0,1294,Double Room (2 double beds),1,0,Free WiFi; Fitness center; Restaurant,255,,,,,,,,,,,
469,binary,118,1,26,Hyatt House New York/Chelsea,3,Chelsea,8.3,1868,King Studio (1 king bed),1,0,Free WiFi; Kitchen; Fitness center; Breakfast,302,141,The Greenwich Hotel,5,TriBeCa,9.4,517,Deluxe King (1 king bed),1,0,Free WiFi; Restaurant; Spa; Pool; Fitness center,1063,,,,,,,,,,,
470,binary,118,2,26,Hyatt House New York/Chelsea,3,Chelsea,8.4,1944,King Studio (1 king bed),1,0,Free WiFi; Kitchen; Fitness center; Breakfast,211,141,The Greenwich Hotel,5,TriBeCa,9.3,484,King Room (1 king bed),0,0,Free WiFi; Restaurant; Spa; Pool; Fitness center,1037,,,,,,,,,,,
473,binary,119,1,26,Hyatt House New York/Chelsea,3,Chelsea,8.5,1913,King Studio (1 king bed),1,1,Free WiFi; Kitchen; Fitness center; Breakfast,163,164,Even Hotel Brooklyn,3,Downtown Brooklyn,8.3,750,Queen Room (1 queen bed),0,0,Free WiFi; Fitness center,210,,,,,,,,,,,
474,binary,119,2,26,Hyatt House New York/Chelsea,3,Chelsea,8.3,1644,One-Bedroom Suite (1 king bed),0,1,Free WiFi; Kitchen; Fitness center; Breakfast,177,164,Even Hotel Brooklyn,3,Downtown Brooklyn,8.2,700,Queen Room (1 queen bed),1,0,Free WiFi; Fitness center,122,,,,,,,,,,,
477,binary,120,1,26,Hyatt House New York/Chelsea,3,Chelsea,8.5,1888,One-Bedroom Suite (1 king bed),1,1,Free WiFi; Kitchen; Fitness center; Breakfast,180,178,Loews Regency Hotel New York,5,Upper East Side,8.6,1156,Deluxe King (1 king bed),0,0,Free WiFi; Fitness center; Restaurant; Bar; Spa,464,,,,,,,,,,,
478,binary,120,2,26,Hyatt House New York/Chelsea,3,Chelsea,8.3,1702,King Studio (1 king bed),0,1,Free WiFi; Kitchen; Fitness center; Breakfast,261,178,Loews Regency Hotel New York,5,Upper East Side,8.9,1181,Deluxe King (1 king bed),0,0,Free WiFi; Fitness center; Restaurant; Bar; Spa,407,,,,,,,,,,,
481,binary,121,1,27,citizenM New York Bowery,4,Lower East Side,8.5,3227,citizenM King Room (1 king bed),1,0,Free WiFi; Rain shower; Rooftop bar; Smart TV,308,50,Ace Hotel Brooklyn,4,"Boerum Hill, Brooklyn",8.5,1140,Standard King (1 king bed),0,0,Free WiFi; Restaurant; Lobby bar,221,,,,,,,,,,,
482,binary,121,2,27,citizenM New York Bowery,4,Lower East Side,8.6,2835,citizenM King Room (1 king bed),0,0,Free WiFi; Rain shower; Rooftop bar; Smart TV,190,50,Ace Hotel Brooklyn,4,"Boerum Hill, Brooklyn",8.3,1175,Standard King (1 king bed),0,0,Free WiFi; Restaurant; Lobby bar,179,,,,,,,,,,,
485,binary,122,1,27,citizenM New York Bowery,4,Lower East Side,8.6,2828,citizenM King Room (1 king bed),0,0,Free WiFi; Rain shower; Rooftop bar; Smart TV,283,88,Crowne Plaza HY36 Midtown Manhattan,4,Midtown,8.7,2219,King Room (1 king bed),1,0,Free WiFi; Fitness center; Restaurant; Bar,242,,,,,,,,,,,
486,binary,122,2,27,citizenM New York Bowery,4,Lower East Side,8.7,2973,citizenM King Room (1 king bed),0,0,Free WiFi; Rain shower; Rooftop bar; Smart TV,213,88,Crowne Plaza HY36 Midtown Manhattan,4,Midtown,8.3,2418,King Room (1 king bed),1,1,Free WiFi; Fitness center; Restaurant; Bar,213,,,,,,,,,,,
489,binary,123,1,27,citizenM New York Bowery,4,Lower East Side,8.5,3235,citizenM King Room (1 king bed),1,0,Free WiFi; Rain shower; Rooftop bar; Smart TV,215,92,Kimpton Hotel Eventi,4,Chelsea,8.8,1882,King Room (1 king bed),1,0,Free WiFi; Restaurant; Fitness center; Wine hour,242,,,,,,,,,,,
490,binary,123,2,27,citizenM New York Bowery,4,Lower East Side,8.7,2966,citizenM King Room (1 king bed),0,0,Free WiFi; Rain shower; Rooftop bar; Smart TV,159,92,Kimpton Hotel Eventi,4,Chelsea,8.7,1621,King Room (1 king bed),1,0,Free WiFi; Restaurant; Fitness center; Wine hour,274,,,,,,,,,,,
493,binary,124,1,27,citizenM New York Bowery,4,Lower East Side,8.8,2913,citizenM King Room (1 king bed),1,0,Free WiFi; Rain shower; Rooftop bar; Smart TV,266,121,Hyatt Regency Times Square,4,Times Square,7.9,2660,King Room (1 king bed),1,0,Free WiFi; Fitness center; Restaurant; Bar,260,,,,,,,,,,,
494,binary,124,2,27,citizenM New York Bowery,4,Lower East Side,8.8,2851,citizenM King Room (1 king bed),0,0,Free WiFi; Rain shower; Rooftop bar; Smart TV,227,121,Hyatt Regency Times Square,4,Times Square,7.9,2419,King Room (1 king bed),0,0,Free WiFi; Fitness center; Restaurant; Bar,367,,,,,,,,,,,
497,binary,125,1,27,citizenM New York Bowery,4,Lower East Side,8.8,3135,citizenM King Room (1 king bed),1,0,Free WiFi; Rain shower; Rooftop bar; Smart TV,285,141,The Greenwich Hotel,5,TriBeCa,9.4,540,King Room (1 king bed),0,0,Free WiFi; Restaurant; Spa; Pool; Fitness center,927,,,,,,,,,,,
498,binary,125,2,27,citizenM New York Bowery,4,Lower East Side,8.7,3195,citizenM King Room (1 king bed),1,0,Free WiFi; Rain shower; Rooftop bar; Smart TV,206,141,The Greenwich Hotel,5,TriBeCa,9.3,478,King Room (1 king bed),0,0,Free WiFi; Restaurant; Spa; Pool; Fitness center,706,,,,,,,,,,,
501,binary,126,1,27,citizenM New York Bowery,4,Lower East Side,8.9,2951,citizenM King Room (1 king bed),1,1,Free WiFi; Rain shower; Rooftop bar; Smart TV,287,166,Z Hotel New York,3,"Long Island City, Queens",7.9,1413,Queen Room (1 queen bed),0,0,Free WiFi; Rooftop bar,190,,,,,,,,,,,
502,binary,126,2,27,citizenM New York Bowery,4,Lower East Side,8.7,3071,citizenM King Room (1 king bed),1,0,Free WiFi; Rain shower; Rooftop bar; Smart TV,236,166,Z Hotel New York,3,"Long Island City, Queens",7.8,1345,Queen Room (1 queen bed),0,0,Free WiFi; Rooftop bar,108,,,,,,,,,,,
505,binary,127,1,28,citizenM New York Times Square,4,Times Square,8.9,3171,citizenM King Room (1 king bed),0,0,Free WiFi; Soundproof rooms; Rain shower; Smart TV,175,44,CIVILIAN Hotel,4,Midtown West,8.7,1463,King Room (1 king bed),1,0,Free WiFi; Restaurant; Bar,257,,,,,,,,,,,
506,binary,127,2,28,citizenM New York Times Square,4,Times Square,8.5,3367,citizenM King Room (1 king bed),1,0,Free WiFi; Soundproof rooms; Rain shower; Smart TV,209,44,CIVILIAN Hotel,4,Midtown West,8.6,1515,King Room (1 king bed),0,0,Free WiFi; Restaurant; Bar,218,,,,,,,,,,,
509,binary,128,1,28,citizenM New York Times Square,4,Times Square,8.9,3413,citizenM King Room (1 king bed),1,0,Free WiFi; Soundproof rooms; Rain shower; Smart TV,255,60,Crosby Street Hotel,5,SoHo,9.3,1146,Luxury King (1 king bed),0,0,Free WiFi; Restaurant; Private theater; Gym; Terrace,1009,,,,,,,,,,,
510,binary,128,2,28,citizenM New York Times Square,4,Times Square,8.7,3175,citizenM King Room (1 king bed),0,0,Free WiFi; Soundproof rooms; Rain shower; Smart TV,251,60,Crosby Street Hotel,5,SoHo,9.5,1189,Deluxe King (1 king bed),0,0,Free WiFi; Restaurant; Private theater; Gym; Terrace,760,,,,,,,,,,,
513,binary,129,1,28,citizenM New York Times Square,4,Times Square,8.9,3216,citizenM King Room (1 king bed),0,0,Free WiFi; Soundproof rooms; Rain shower; Smart TV,310,62,Four Seasons Hotel New York Downtown,5,TriBeCa,9.1,520,Premier King with City View (1 king bed),1,0,Free WiFi; Spa; Pool; Restaurant; Fitness center,546,,,,,,,,,,,
514,binary,129,2,28,citizenM New York Times Square,4,Times Square,8.8,3288,citizenM King Room (1 king bed),1,0,Free WiFi; Soundproof rooms; Rain shower; Smart TV,288,62,Four Seasons Hotel New York Downtown,5,TriBeCa,8.9,577,Deluxe King (1 king bed),0,0,Free WiFi; Spa; Pool; Restaurant; Fitness center,588,,,,,,,,,,,
517,binary,130,1,28,citizenM New York Times Square,4,Times Square,8.7,3473,citizenM King Room (1 king bed),0,0,Free WiFi; Soundproof rooms; Rain shower; Smart TV,198,67,Equinox Hotel New York,5,Hudson Yards,8.5,863,Premium King (1 king bed),1,0,Free WiFi; Rooftop pool; Spa; Fitness center; Restaurant,836,,,,,,,,,,,
518,binary,130,2,28,citizenM New York Times Square,4,Times Square,8.9,2936,citizenM King Room (1 king bed),0,0,Free WiFi; Soundproof rooms; Rain shower; Smart TV,216,67,Equinox Hotel New York,5,Hudson Yards,8.5,836,Premium King (1 king bed),0,0,Free WiFi; Rooftop pool; Spa; Fitness center; Restaurant,946,,,,,,,,,,,
521,binary,131,1,28,citizenM New York Times Square,4,Times Square,8.9,3297,citizenM King Room (1 king bed),1,0,Free WiFi; Soundproof rooms; Rain shower; Smart TV,208,110,The Westin New York Grand Central,4,Midtown East,8.1,3491,King Room (1 king bed),1,0,Free WiFi; Restaurant; Fitness center; Heavenly Bed,418,,,,,,,,,,,
522,binary,131,2,28,citizenM New York Times Square,4,Times Square,8.6,3271,citizenM King Room (1 king bed),0,0,Free WiFi; Soundproof rooms; Rain shower; Smart TV,168,110,The Westin New York Grand Central,4,Midtown East,8.1,3464,King Room (1 king bed),1,0,Free WiFi; Restaurant; Fitness center; Heavenly Bed,274,,,,,,,,,,,
525,binary,132,1,29,Park Central Hotel New York,4,Midtown,7.6,3843,Superior Queen (1 queen bed),0,0,Free WiFi; Fitness center; Restaurant; Bar,304,38,Casablanca Hotel by Library Hotel Collection,4,Theater District,9.3,1645,Deluxe King (1 king bed),1,1,Free WiFi; Continental breakfast; 24-hour refreshments,339,,,,,,,,,,,
526,binary,132,2,29,Park Central Hotel New York,4,Midtown,7.8,4105,Double Room (2 double beds),1,1,Free WiFi; Fitness center; Restaurant; Bar,267,38,Casablanca Hotel by Library Hotel Collection,4,Theater District,9.4,1623,Deluxe King (1 king bed),0,1,Free WiFi; Continental breakfast; 24-hour refreshments,290,,,,,,,,,,,
529,binary,133,1,29,Park Central Hotel New York,4,Midtown,7.5,4341,Double Room (2 double beds),1,0,Free WiFi; Fitness center; Restaurant; Bar,334,107,AC Hotel New York Downtown,4,Financial District,8.1,1239,Queen Room (1 queen bed),1,0,Free WiFi; Fitness center; Restaurant; Bar,235,,,,,,,,,,,
530,binary,133,2,29,Park Central Hotel New York,4,Midtown,7.5,4351,Double Room (2 double beds),1,1,Free WiFi; Fitness center; Restaurant; Bar,261,107,AC Hotel New York Downtown,4,Financial District,8.1,1100,King Room (1 king bed),0,0,Free WiFi; Fitness center; Restaurant; Bar,231,,,,,,,,,,,
533,binary,134,1,29,Park Central Hotel New York,4,Midtown,7.6,3804,Double Room (2 double beds),1,0,Free WiFi; Fitness center; Restaurant; Bar,223,119,Hyatt Place New York Midtown South,3,Midtown,8.2,1751,Double Room (2 double beds),0,1,Free WiFi; Breakfast; Fitness center,256,,,,,,,,,,,
534,binary,134,2,29,Park Central Hotel New York,4,Midtown,7.5,4439,Superior Queen (1 queen bed),0,0,Free WiFi; Fitness center; Restaurant; Bar,330,119,Hyatt Place New York Midtown South,3,Midtown,8.3,1627,King Room (1 king bed),1,1,Free WiFi; Breakfast; Fitness center,255,,,,,,,,,,,
537,binary,135,1,29,Park Central Hotel New York,4,Midtown,7.7,3887,Double Room (2 double beds),1,0,Free WiFi; Fitness center; Restaurant; Bar,350,129,Best Western Plus Hospitality House Suites,3,Midtown East,7.9,1523,One-Bedroom Suite (1 king bed),0,0,Free WiFi; Kitchen; Fitness center,214,,,,,,,,,,,
538,binary,135,2,29,Park Central Hotel New York,4,Midtown,7.7,4031,Superior King (1 king bed),1,0,Free WiFi; Fitness center; Restaurant; Bar,270,129,Best Western Plus Hospitality House Suites,3,Midtown East,7.7,1429,Studio Suite (1 queen bed),1,0,Free WiFi; Kitchen; Fitness center,145,,,,,,,,,,,
541,binary,136,1,29,Park Central Hotel New York,4,Midtown,7.6,4433,Double Room (2 double beds),1,0,Free WiFi; Fitness center; Restaurant; Bar,286,170,Renaissance New York Midtown Hotel,4,Midtown,8.0,2159,King Room (1 king bed),0,1,Free WiFi; Fitness center; Restaurant; Bar,310,,,,,,,,,,,
542,binary,136,2,29,Park Central Hotel New York,4,Midtown,7.7,4451,Superior Queen (1 queen bed),0,1,Free WiFi; Fitness center; Restaurant; Bar,260,170,Renaissance New York Midtown Hotel,4,Midtown,8.2,2130,Double Room (2 double beds),1,0,Free WiFi; Fitness center; Restaurant; Bar,427,,,,,,,,,,,
545,binary,137,1,30,Courtyard by Marriott Manhattan/Central Park,4,Midtown,8.1,2522,King Room (1 king bed),1,0,Free WiFi; Fitness center; Restaurant,307,36,Bryant Park Hotel,4,Midtown,8.5,1441,Deluxe King (1 king bed),1,0,Free WiFi; Fitness center,221,,,,,,,,,,,
546,binary,137,2,30,Courtyard by Marriott Manhattan/Central Park,4,Midtown,8.1,2817,King Room (1 king bed),1,0,Free WiFi; Fitness center; Restaurant,231,36,Bryant Park Hotel,4,Midtown,8.2,1575,Deluxe King (1 king bed),0,0,Free WiFi; Fitness center,373,,,,,,,,,,,
549,binary,138,1,30,Courtyard by Marriott Manhattan/Central Park,4,Midtown,8.0,2759,Double Room (2 double beds),0,0,Free WiFi; Fitness center; Restaurant,264,53,The Ned NoMad,4,NoMad,8.6,857,Medium Room (1 king bed),0,0,Free WiFi; Restaurant; Rooftop pool; Members club,536,,,,,,,,,,,
550,binary,138,2,30,Courtyard by Marriott Manhattan/Central Park,4,Midtown,8.3,3000,Double Room (2 double beds),1,0,Free WiFi; Fitness center; Restaurant,319,53,The Ned NoMad,4,NoMad,8.7,913,Cosy Room (1 queen bed),0,0,Free WiFi; Restaurant; Rooftop pool; Members club,587,,,,,,,,,,,
553,binary,139,1,30,Courtyard by Marriott Manhattan/Central Park,4,Midtown,8.3,2802,Double Room (2 double beds),0,0,Free WiFi; Fitness center; Restaurant,288,73,Hampton Inn Manhattan/Downtown-Financial District,3,Financial District,7.9,1702,Double Room (2 double beds),1,1,Free WiFi; Breakfast included; Fitness center,160,,,,,,,,,,,
554,binary,139,2,30,Courtyard by Marriott Manhattan/Central Park,4,Midtown,8.4,2871,King Room (1 king bed),1,0,Free WiFi; Fitness center; Restaurant,194,73,Hampton Inn Manhattan/Downtown-Financial District,3,Financial District,8.1,1603,King Room (1 king bed),1,0,Free WiFi; Breakfast included; Fitness center,272,,,,,,,,,,,
557,binary,140,1,31,New Yorker by Lotte Hotels,4,Midtown,9.0,13723,Deluxe King (1 king bed),1,0,Free WiFi; Fitness center; Restaurant; Bar,301,45,Hotel Scherman,4,Midtown,8.7,571,Deluxe Room (1 queen bed),1,0,Free WiFi; Continental breakfast; City views,338,,,,,,,,,,,
558,binary,140,2,31,New Yorker by Lotte Hotels,4,Midtown,8.8,13754,Double Room (2 double beds),1,0,Free WiFi; Fitness center; Restaurant; Bar,242,45,Hotel Scherman,4,Midtown,8.7,657,Deluxe Room (1 queen bed),1,0,Free WiFi; Continental breakfast; City views,289,,,,,,,,,,,
561,binary,141,1,31,New Yorker by Lotte Hotels,4,Midtown,9.1,14347,Double Room (2 double beds),0,0,Free WiFi; Fitness center; Restaurant; Bar,222,89,Crowne Plaza Times Square Manhattan,4,Times Square,7.3,4514,King Room (1 king bed),0,0,Free WiFi; Fitness center; Restaurant; Bar,231,,,,,,,,,,,
562,binary,141,2,31,New Yorker by Lotte Hotels,4,Midtown,8.8,16065,Double Room (2 double beds),1,0,Free WiFi; Fitness center; Restaurant; Bar,319,89,Crowne Plaza Times Square Manhattan,4,Times Square,7.3,4863,King Room (1 king bed),0,0,Free WiFi; Fitness center; Restaurant; Bar,214,,,,,,,,,,,
565,binary,142,1,31,New Yorker by Lotte Hotels,4,Midtown,9.0,14682,Double Room (2 double beds),0,1,Free WiFi; Fitness center; Restaurant; Bar,247,100,Fairfield Inn & Suites New York Manhattan/Chelsea,3,Chelsea,7.7,1725,King Room (1 king bed),1,1,Free WiFi; Breakfast included; Fitness center,273,,,,,,,,,,,
566,binary,142,2,31,New Yorker by Lotte Hotels,4,Midtown,9.1,13862,Deluxe King (1 king bed),1,0,Free WiFi; Fitness center; Restaurant; Bar,273,100,Fairfield Inn & Suites New York Manhattan/Chelsea,3,Chelsea,7.7,1755,King Room (1 king bed),1,1,Free WiFi; Breakfast included; Fitness center,271,,,,,,,,,,,
569,binary,143,1,31,New Yorker by Lotte Hotels,4,Midtown,9.1,13535,Double Room (2 double beds),1,0,Free WiFi; Fitness center; Restaurant; Bar,273,108,W New York - Times Square,4,Times Square,7.9,2576,Spectacular King (1 king bed),1,0,Free WiFi; Fitness center; Restaurant; Bar,374,,,,,,,,,,,
570,binary,143,2,31,New Yorker by Lotte Hotels,4,Midtown,9.1,15623,Superior King (1 king bed),1,0,Free WiFi; Fitness center; Restaurant; Bar,386,108,W New York - Times Square,4,Times Square,7.7,3050,Wonderful King (1 king bed),1,0,Free WiFi; Fitness center; Restaurant; Bar,325,,,,,,,,,,,
573,binary,144,1,31,New Yorker by Lotte Hotels,4,Midtown,9.0,14095,Double Room (2 double beds),0,0,Free WiFi; Fitness center; Restaurant; Bar,212,125,Wyndham New Yorker Hotel,3,Midtown,7.6,3874,King Room (1 king bed),0,1,Free WiFi; Fitness center,220,,,,,,,,,,,
574,binary,144,2,31,New Yorker by Lotte Hotels,4,Midtown,8.8,14408,Double Room (2 double beds),1,0,Free WiFi; Fitness center; Restaurant; Bar,400,125,Wyndham New Yorker Hotel,3,Midtown,7.3,4004,King Room (1 king bed),0,0,Free WiFi; Fitness center,139,,,,,,,,,,,
577,binary,145,1,31,New Yorker by Lotte Hotels,4,Midtown,8.9,13659,Deluxe King (1 king bed),1,0,Free WiFi; Fitness center; Restaurant; Bar,327,127,Days Inn by Wyndham NYC Midtown 45,2,Midtown,6.5,2409,Queen Room (1 queen bed),1,0,Free WiFi,88,,,,,,,,,,,
578,binary,145,2,31,New Yorker by Lotte Hotels,4,Midtown,9.1,15462,Deluxe King (1 king bed),1,0,Free WiFi; Fitness center; Restaurant; Bar,320,127,Days Inn by Wyndham NYC Midtown 45,2,Midtown,6.7,2415,Queen Room (1 queen bed),0,0,Free WiFi,122,,,,,,,,,,,
581,binary,146,1,31,New Yorker by Lotte Hotels,4,Midtown,9.0,15613,Double Room (2 double beds),1,0,Free WiFi; Fitness center; Restaurant; Bar,400,175,Conrad New York Midtown,5,Midtown,8.3,1633,Deluxe Suite (1 king bed),0,0,Free WiFi; Fitness center; Restaurant; Bar; Spa,464,,,,,,,,,,,
582,binary,146,2,31,New Yorker by Lotte Hotels,4,Midtown,9.0,14872,Deluxe King (1 king bed),0,0,Free WiFi; Fitness center; Restaurant; Bar,266,175,Conrad New York Midtown,5,Midtown,8.5,1568,Deluxe Suite (1 king bed),0,0,Free WiFi; Fitness center; Restaurant; Bar; Spa,625,,,,,,,,,,,
585,binary,147,1,32,Executive Hotel Le Soleil New York,4,Midtown,8.2,1991,Deluxe Queen (1 queen bed),0,0,Free WiFi; Fitness center; Restaurant,200,42,Virgin Hotels New York City,4,NoMad,8.7,1025,Grand Chamber King (1 king bed),0,0,Free WiFi; Restaurant; Rooftop bar; Fitness center,353,,,,,,,,,,,
586,binary,147,2,32,Executive Hotel Le Soleil New York,4,Midtown,8.6,2052,Deluxe King (1 king bed),1,0,Free WiFi; Fitness center; Restaurant,270,42,Virgin Hotels New York City,4,NoMad,8.5,1032,Chamber King (1 king bed),0,0,Free WiFi; Restaurant; Rooftop bar; Fitness center,263,,,,,,,,,,,
589,binary,148,1,32,Executive Hotel Le Soleil New York,4,Midtown,8.4,1792,Deluxe King (1 king bed),1,0,Free WiFi; Fitness center; Restaurant,239,91,InterContinental New York Barclay,5,Midtown East,8.7,1606,Deluxe King (1 king bed),1,0,Free WiFi; Fitness center; Restaurant; Bar; Spa,404,,,,,,,,,,,
590,binary,148,2,32,Executive Hotel Le Soleil New York,4,Midtown,8.4,1786,Deluxe King (1 king bed),0,0,Free WiFi; Fitness center; Restaurant,203,91,InterContinental New York Barclay,5,Midtown East,8.8,1520,Premium King (1 king bed),0,0,Free WiFi; Fitness center; Restaurant; Bar; Spa,661,,,,,,,,,,,
593,binary,149,1,32,Executive Hotel Le Soleil New York,4,Midtown,8.2,1800,Deluxe Queen (1 queen bed),0,0,Free WiFi; Fitness center; Restaurant,201,142,The Mercer,5,SoHo,8.9,614,Penthouse Loft (1 king bed),1,0,Free WiFi; Restaurant; Bar,805,,,,,,,,,,,
594,binary,149,2,32,Executive Hotel Le Soleil New York,4,Midtown,8.4,2081,Deluxe King (1 king bed),1,0,Free WiFi; Fitness center; Restaurant,214,142,The Mercer,5,SoHo,9.1,679,Penthouse Loft (1 king bed),0,0,Free WiFi; Restaurant; Bar,656,,,,,,,,,,,
597,binary,150,1,32,Executive Hotel Le Soleil New York,4,Midtown,8.3,1968,Deluxe Queen (1 queen bed),0,1,Free WiFi; Fitness center; Restaurant,339,164,Even Hotel Brooklyn,3,Downtown Brooklyn,8.3,643,Queen Room (1 queen bed),1,0,Free WiFi; Fitness center,201,,,,,,,,,,,
598,binary,150,2,32,Executive Hotel Le Soleil New York,4,Midtown,8.2,1915,Deluxe King (1 king bed),1,0,Free WiFi; Fitness center; Restaurant,355,164,Even Hotel Brooklyn,3,Downtown Brooklyn,8.3,668,King Room (1 king bed),1,0,Free WiFi; Fitness center,240,,,,,,,,,,,
601,binary,151,1,33,MADE Hotel,4,Midtown,8.7,2191,Queen Room (1 queen bed),1,0,Free WiFi; Rooftop bar; Allergy-free rooms,278,58,The New York EDITION,5,Midtown,7.8,1285,Deluxe King (1 king bed),1,0,Free WiFi; Spa; Restaurant; Fitness center,573,,,,,,,,,,,
602,binary,151,2,33,MADE Hotel,4,Midtown,8.8,2160,Queen Room (1 queen bed),0,0,Free WiFi; Rooftop bar; Allergy-free rooms,277,58,The New York EDITION,5,Midtown,7.6,1503,Superior King (1 king bed),0,1,Free WiFi; Spa; Restaurant; Fitness center,573,,,,,,,,,,,
605,binary,152,1,33,MADE Hotel,4,Midtown,8.8,1947,King Room (1 king bed),0,0,Free WiFi; Rooftop bar; Allergy-free rooms,357,76,Hilton Garden Inn New York/Manhattan-Chelsea,3,Chelsea,8.0,1675,King Room (1 king bed),0,0,Free WiFi; Restaurant; Fitness center; Business center,184,,,,,,,,,,,
606,binary,152,2,33,MADE Hotel,4,Midtown,8.8,2053,King Room (1 king bed),1,0,Free WiFi; Rooftop bar; Allergy-free rooms,228,76,Hilton Garden Inn New York/Manhattan-Chelsea,3,Chelsea,8.0,1635,King Room (1 king bed),1,0,Free WiFi; Restaurant; Fitness center; Business center,151,,,,,,,,,,,
609,binary,153,1,33,MADE Hotel,4,Midtown,8.8,1966,King Room (1 king bed),1,0,Free WiFi; Rooftop bar; Allergy-free rooms,225,96,Courtyard by Marriott New York Manhattan/SoHo,3,SoHo,8.1,1418,King Room (1 king bed),1,0,Free WiFi; Fitness center; Restaurant,296,,,,,,,,,,,
610,binary,153,2,33,MADE Hotel,4,Midtown,8.8,1916,Queen Room (1 queen bed),0,0,Free WiFi; Rooftop bar; Allergy-free rooms,366,96,Courtyard by Marriott New York Manhattan/SoHo,3,SoHo,8.0,1457,King Room (1 king bed),1,0,Free WiFi; Fitness center; Restaurant,335,,,,,,,,,,,
613,binary,154,1,33,MADE Hotel,4,Midtown,8.9,2136,Queen Room (1 queen bed),1,0,Free WiFi; Rooftop bar; Allergy-free rooms,219,99,Fairfield Inn & Suites New York Manhattan/Times Square,3,Times Square,7.8,2324,King Room (1 king bed),0,1,Free WiFi; Breakfast included; Fitness center,262,,,,,,,,,,,
614,binary,154,2,33,MADE Hotel,4,Midtown,8.8,2151,King Room (1 king bed),0,0,Free WiFi; Rooftop bar; Allergy-free rooms,208,99,Fairfield Inn & Suites New York Manhattan/Times Square,3,Times Square,7.8,2232,King Room (1 king bed),0,1,Free WiFi; Breakfast included; Fitness center,179,,,,,,,,,,,
617,binary,155,1,33,MADE Hotel,4,Midtown,8.6,1934,Queen Room (1 queen bed),0,1,Free WiFi; Rooftop bar; Allergy-free rooms,264,145,The Langham New York Fifth Avenue,5,Midtown,9.1,753,Premier King (1 king bed),1,0,Free WiFi; Fitness center; Restaurant; Bar; Spa,706,,,,,,,,,,,
618,binary,155,2,33,MADE Hotel,4,Midtown,8.7,1914,King Room (1 king bed),0,0,Free WiFi; Rooftop bar; Allergy-free rooms,326,145,The Langham New York Fifth Avenue,5,Midtown,9.2,697,Premier King (1 king bed),1,0,Free WiFi; Fitness center; Restaurant; Bar; Spa,890,,,,,,,,,,,
621,binary,156,1,34,Public Hotel,4,Lower East Side,8.1,2162,King Room (1 king bed),1,0,Free WiFi; Restaurant; Fitness center; Bar,268,70,Hampton Inn Manhattan Grand Central,3,Midtown East,8.3,2581,King Room (1 king bed),1,1,Free WiFi; Breakfast included; Fitness center,314,,,,,,,,,,,
622,binary,156,2,34,Public Hotel,4,Lower East Side,8.2,2201,King Room (1 king bed),1,0,Free WiFi; Restaurant; Fitness center; Bar,208,70,Hampton Inn Manhattan Grand Central,3,Midtown East,8.2,2379,Double Room (2 double beds),0,1,Free WiFi; Breakfast included; Fitness center,260,,,,,,,,,,,
625,binary,157,1,34,Public Hotel,4,Lower East Side,8.4,2048,King Room (1 king bed),0,0,Free WiFi; Restaurant; Fitness center; Bar,301,74,Hampton Inn Manhattan-SoHo,3,SoHo,8.2,1433,King Room (1 king bed),0,1,Free WiFi; Breakfast included; Fitness center,208,,,,,,,,,,,
626,binary,157,2,34,Public Hotel,4,Lower East Side,8.2,2198,King Room (1 king bed),1,0,Free WiFi; Restaurant; Fitness center; Bar,314,74,Hampton Inn Manhattan-SoHo,3,SoHo,8.4,1331,Double Room (2 double beds),0,1,Free WiFi; Breakfast included; Fitness center,334,,,,,,,,,,,
629,binary,158,1,34,Public Hotel,4,Lower East Side,8.1,2184,King Room (1 king bed),1,0,Free WiFi; Restaurant; Fitness center; Bar,178,162,McCarren Hotel & Pool,4,"Williamsburg, Brooklyn",7.9,830,Queen Room (1 queen bed),0,0,Free WiFi; Pool; Restaurant,203,,,,,,,,,,,
630,binary,158,2,34,Public Hotel,4,Lower East Side,8.1,2040,Queen Room (1 queen bed),0,1,Free WiFi; Restaurant; Fitness center; Bar,293,162,McCarren Hotel & Pool,4,"Williamsburg, Brooklyn",8.0,875,King Room (1 king bed),0,0,Free WiFi; Pool; Restaurant,298,,,,,,,,,,,
633,binary,159,1,35,LUMA Hotel Times Square,4,Times Square,8.6,2412,Double Room (2 double beds),0,0,Free WiFi; Restaurant; Bar; Fitness center,304,68,Hampton Inn Manhattan-Chelsea,3,Chelsea,8.3,2760,King Room (1 king bed),1,0,Free WiFi; Breakfast included; Fitness center,178,,,,,,,,,,,
634,binary,159,2,35,LUMA Hotel Times Square,4,Times Square,8.4,2238,Double Room (2 double beds),0,0,Free WiFi; Restaurant; Bar; Fitness center,372,68,Hampton Inn Manhattan-Chelsea,3,Chelsea,8.2,3050,Double Room (2 double beds),0,1,Free WiFi; Breakfast included; Fitness center,241,,,,,,,,,,,
637,binary,160,1,35,LUMA Hotel Times Square,4,Times Square,8.4,2190,King Room (1 king bed),1,0,Free WiFi; Restaurant; Bar; Fitness center,254,77,Hilton Garden Inn New York/Central Park South,3,Midtown,8.3,1914,King Room (1 king bed),1,0,Free WiFi; Restaurant; Fitness center; Business center,195,,,,,,,,,,,
638,binary,160,2,35,LUMA Hotel Times Square,4,Times Square,8.4,2601,King Room (1 king bed),0,0,Free WiFi; Restaurant; Bar; Fitness center,210,77,Hilton Garden Inn New York/Central Park South,3,Midtown,8.4,1924,Double Room (2 double beds),1,0,Free WiFi; Restaurant; Fitness center; Business center,324,,,,,,,,,,,
641,binary,161,1,35,LUMA Hotel Times Square,4,Times Square,8.4,2334,Double Room (2 double beds),1,1,Free WiFi; Restaurant; Bar; Fitness center,207,114,Sheraton Brooklyn New York Hotel,4,Downtown Brooklyn,7.8,1314,King Room (1 king bed),1,0,Free WiFi; Restaurant; Fitness center; Pool,173,,,,,,,,,,,
642,binary,161,2,35,LUMA Hotel Times Square,4,Times Square,8.4,2617,King Room (1 king bed),1,0,Free WiFi; Restaurant; Bar; Fitness center,215,114,Sheraton Brooklyn New York Hotel,4,Downtown Brooklyn,7.7,1427,King Room (1 king bed),1,0,Free WiFi; Restaurant; Fitness center; Pool,215,,,,,,,,,,,
645,binary,162,1,35,LUMA Hotel Times Square,4,Times Square,8.4,2600,Double Room (2 double beds),1,1,Free WiFi; Restaurant; Bar; Fitness center,214,120,Hyatt Place New York/Chelsea,3,Chelsea,8.0,1097,King Room (1 king bed),1,1,Free WiFi; Breakfast; Fitness center,144,,,,,,,,,,,
646,binary,162,2,35,LUMA Hotel Times Square,4,Times Square,8.7,2616,King Room (1 king bed),1,0,Free WiFi; Restaurant; Bar; Fitness center,348,120,Hyatt Place New York/Chelsea,3,Chelsea,7.8,1290,King Room (1 king bed),1,0,Free WiFi; Breakfast; Fitness center,183,,,,,,,,,,,
649,binary,163,1,35,LUMA Hotel Times Square,4,Times Square,8.5,2313,King Room (1 king bed),1,0,Free WiFi; Restaurant; Bar; Fitness center,227,155,Walker Hotel Tribeca,4,TriBeCa,8.3,547,Queen Room (1 queen bed),0,0,Free WiFi; Restaurant,375,,,,,,,,,,,
650,binary,163,2,35,LUMA Hotel Times Square,4,Times Square,8.6,2508,Double Room (2 double beds),1,0,Free WiFi; Restaurant; Bar; Fitness center,323,155,Walker Hotel Tribeca,4,TriBeCa,8.1,515,Queen Room (1 queen bed),0,0,Free WiFi; Restaurant,308,,,,,,,,,,,
653,binary,164,1,35,LUMA Hotel Times Square,4,Times Square,8.3,2276,Double Room (2 double beds),1,0,Free WiFi; Restaurant; Bar; Fitness center,316,164,Even Hotel Brooklyn,3,Downtown Brooklyn,8.3,687,King Room (1 king bed),0,0,Free WiFi; Fitness center,173,,,,,,,,,,,
654,binary,164,2,35,LUMA Hotel Times Square,4,Times Square,8.7,2365,Double Room (2 double beds),1,0,Free WiFi; Restaurant; Bar; Fitness center,235,164,Even Hotel Brooklyn,3,Downtown Brooklyn,8.4,751,Queen Room (1 queen bed),0,0,Free WiFi; Fitness center,210,,,,,,,,,,,
657,binary,165,1,36,Bryant Park Hotel,4,Midtown,8.3,1478,Deluxe King (1 king bed),0,0,Free WiFi; Fitness center,269,52,Andaz 5th Avenue,4,Midtown East,8.9,1756,Andaz King (1 king bed),0,0,Free WiFi; Wine hour; Restaurant; Fitness center,410,,,,,,,,,,,
658,binary,165,2,36,Bryant Park Hotel,4,Midtown,8.4,1580,Deluxe Queen (1 queen bed),1,0,Free WiFi; Fitness center,353,52,Andaz 5th Avenue,4,Midtown East,8.7,1653,Andaz Large King (1 king bed),0,0,Free WiFi; Wine hour; Restaurant; Fitness center,332,,,,,,,,,,,
661,binary,166,1,36,Bryant Park Hotel,4,Midtown,8.4,1707,Deluxe King (1 king bed),1,0,Free WiFi; Fitness center,394,60,Crosby Street Hotel,5,SoHo,9.4,1069,Luxury King (1 king bed),1,1,Free WiFi; Restaurant; Private theater; Gym; Terrace,750,,,,,,,,,,,
662,binary,166,2,36,Bryant Park Hotel,4,Midtown,8.2,1500,Deluxe Queen (1 queen bed),1,0,Free WiFi; Fitness center,346,60,Crosby Street Hotel,5,SoHo,9.2,1082,Deluxe King (1 king bed),1,0,Free WiFi; Restaurant; Private theater; Gym; Terrace,984,,,,,,,,,,,
665,binary,167,1,36,Bryant Park Hotel,4,Midtown,8.4,1745,Deluxe Queen (1 queen bed),1,0,Free WiFi; Fitness center,296,68,Hampton Inn Manhattan-Chelsea,3,Chelsea,8.1,2807,Double Room (2 double beds),0,1,Free WiFi; Breakfast included; Fitness center,219,,,,,,,,,,,
666,binary,167,2,36,Bryant Park Hotel,4,Midtown,8.1,1645,Deluxe Queen (1 queen bed),1,0,Free WiFi; Fitness center,376,68,Hampton Inn Manhattan-Chelsea,3,Chelsea,8.1,2841,King Room (1 king bed),1,0,Free WiFi; Breakfast included; Fitness center,194,,,,,,,,,,,
669,binary,168,1,36,Bryant Park Hotel,4,Midtown,8.3,1513,Deluxe Queen (1 queen bed),0,0,Free WiFi; Fitness center,448,74,Hampton Inn Manhattan-SoHo,3,SoHo,8.4,1404,King Room (1 king bed),1,1,Free WiFi; Breakfast included; Fitness center,322,,,,,,,,,,,
670,binary,168,2,36,Bryant Park Hotel,4,Midtown,8.5,1618,Deluxe Queen (1 queen bed),0,0,Free WiFi; Fitness center,283,74,Hampton Inn Manhattan-SoHo,3,SoHo,8.5,1314,Double Room (2 double beds),1,1,Free WiFi; Breakfast included; Fitness center,185,,,,,,,,,,,
673,binary,169,1,36,Bryant Park Hotel,4,Midtown,8.4,1647,Deluxe Queen (1 queen bed),0,0,Free WiFi; Fitness center,362,78,Hilton Garden Inn New York/Times Square,3,Times Square,8.1,2392,King Room (1 king bed),1,0,Free WiFi; Restaurant; Fitness center; Business center,277,,,,,,,,,,,
674,binary,169,2,36,Bryant Park Hotel,4,Midtown,8.2,1530,Deluxe King (1 king bed),1,1,Free WiFi; Fitness center,237,78,Hilton Garden Inn New York/Times Square,3,Times Square,8.1,2608,Double Room (2 double beds),1,0,Free WiFi; Restaurant; Fitness center; Business center,210,,,,,,,,,,,
677,binary,170,1,36,Bryant Park Hotel,4,Midtown,8.5,1445,Deluxe King (1 king bed),0,0,Free WiFi; Fitness center,302,79,DoubleTree by Hilton New York Times Square West,4,Times Square,7.7,3340,King Room (1 king bed),0,1,Free WiFi; Restaurant; Fitness center,267,,,,,,,,,,,
678,binary,170,2,36,Bryant Park Hotel,4,Midtown,8.1,1568,Deluxe King (1 king bed),1,0,Free WiFi; Fitness center,349,79,DoubleTree by Hilton New York Times Square West,4,Times Square,7.7,3136,King Room (1 king bed),1,0,Free WiFi; Restaurant; Fitness center,282,,,,,,,,,,,
681,binary,171,1,36,Bryant Park Hotel,4,Midtown,8.2,1617,Deluxe King (1 king bed),0,0,Free WiFi; Fitness center,220,101,Fairfield Inn & Suites New York Brooklyn,3,Brooklyn,7.8,1215,King Room (1 king bed),0,1,Free WiFi; Breakfast included; Fitness center,128,,,,,,,,,,,
682,binary,171,2,36,Bryant Park Hotel,4,Midtown,8.2,1501,Deluxe Queen (1 queen bed),0,0,Free WiFi; Fitness center,250,101,Fairfield Inn & Suites New York Brooklyn,3,Brooklyn,7.5,1297,Double Room (2 double beds),1,1,Free WiFi; Breakfast included; Fitness center,125,,,,,,,,,,,
685,binary,172,1,36,Bryant Park Hotel,4,Midtown,8.2,1678,Deluxe King (1 king bed),1,0,Free WiFi; Fitness center,390,151,The St. Regis New York,5,Midtown,9.1,996,Grand Deluxe King (1 king bed),1,0,Free WiFi; Butler service; Restaurant; Bar; Fitness center,1054,,,,,,,,,,,
686,binary,172,2,36,Bryant Park Hotel,4,Midtown,8.2,1575,Deluxe King (1 king bed),1,0,Free WiFi; Fitness center,294,151,The St. Regis New York,5,Midtown,8.9,1100,Superior King (1 king bed),1,0,Free WiFi; Butler service; Restaurant; Bar; Fitness center,705,,,,,,,,,,,
689,binary,173,1,37,NobleDEN Hotel,4,Little Italy,8.9,1012,Deluxe Queen (1 queen bed),0,0,Free WiFi; Restaurant,384,59,The Dominick Hotel,5,SoHo,8.8,1836,Superior King (1 king bed),1,1,Free WiFi; Restaurant; Pool; Spa; City views,657,,,,,,,,,,,
690,binary,173,2,37,NobleDEN Hotel,4,Little Italy,9.2,897,Deluxe King (1 king bed),1,1,Free WiFi; Restaurant,292,59,The Dominick Hotel,5,SoHo,8.9,1650,Deluxe King with City View (1 king bed),1,1,Free WiFi; Restaurant; Pool; Spa; City views,573,,,,,,,,,,,
693,binary,174,1,37,NobleDEN Hotel,4,Little Italy,9.0,907,Deluxe Queen (1 queen bed),0,1,Free WiFi; Restaurant,387,80,DoubleTree by Hilton New York Times Square South,4,Times Square,7.8,2785,King Room (1 king bed),1,0,Free WiFi; Restaurant; Fitness center,279,,,,,,,,,,,
694,binary,174,2,37,NobleDEN Hotel,4,Little Italy,9.1,964,Deluxe King (1 king bed),1,0,Free WiFi; Restaurant,352,80,DoubleTree by Hilton New York Times Square South,4,Times Square,7.6,2723,King Room (1 king bed),0,0,Free WiFi; Restaurant; Fitness center,325,,,,,,,,,,,
697,binary,175,1,37,NobleDEN Hotel,4,Little Italy,8.9,890,Deluxe King (1 king bed),0,0,Free WiFi; Restaurant,365,83,Holiday Inn New York City - Times Square,3,Times Square,7.8,3631,Double Room (2 double beds),0,1,Free WiFi; Fitness center,275,,,,,,,,,,,
698,binary,175,2,37,NobleDEN Hotel,4,Little Italy,9.1,1023,Deluxe King (1 king bed),0,0,Free WiFi; Restaurant,367,83,Holiday Inn New York City - Times Square,3,Times Square,7.5,4145,Double Room (2 double beds),1,0,Free WiFi; Fitness center,203,,,,,,,,,,,
701,binary,176,1,37,NobleDEN Hotel,4,Little Italy,9.0,1050,Deluxe King (1 king bed),0,0,Free WiFi; Restaurant,217,150,The Peninsula New York,5,Midtown,9.3,914,Deluxe King (1 king bed),1,0,Free WiFi; Fitness center; Restaurant; Bar; Spa; Pool,869,,,,,,,,,,,
702,binary,176,2,37,NobleDEN Hotel,4,Little Italy,9.3,925,Deluxe Queen (1 queen bed),1,0,Free WiFi; Restaurant,270,150,The Peninsula New York,5,Midtown,9.1,978,Superior King (1 king bed),0,0,Free WiFi; Fitness center; Restaurant; Bar; Spa; Pool,1187,,,,,,,,,,,
705,binary,177,1,37,NobleDEN Hotel,4,Little Italy,9.1,1041,Deluxe Queen (1 queen bed),1,1,Free WiFi; Restaurant,220,159,Smyth Tribeca,4,TriBeCa,8.5,674,Queen Room (1 queen bed),0,0,Free WiFi; Restaurant,364,,,,,,,,,,,
706,binary,177,2,37,NobleDEN Hotel,4,Little Italy,9.0,924,Deluxe Queen (1 queen bed),1,1,Free WiFi; Restaurant,332,159,Smyth Tribeca,4,TriBeCa,8.5,769,Queen Room (1 queen bed),0,0,Free WiFi; Restaurant,323,,,,,,,,,,,
709,binary,178,1,38,Casablanca Hotel by Library Hotel Collection,4,Theater District,9.2,1402,Classic Queen (1 queen bed),0,1,Free WiFi; Continental breakfast; 24-hour refreshments,268,119,Hyatt Place New York Midtown South,3,Midtown,8.2,1614,Double Room (2 double beds),1,0,Free WiFi; Breakfast; Fitness center,151,,,,,,,,,,,
710,binary,178,2,38,Casablanca Hotel by Library Hotel Collection,4,Theater District,9.2,1404,Deluxe King (1 king bed),0,1,Free WiFi; Continental breakfast; 24-hour refreshments,411,119,Hyatt Place New York Midtown South,3,Midtown,7.9,1714,King Room (1 king bed),0,1,Free WiFi; Breakfast; Fitness center,211,,,,,,,,,,,
713,binary,179,1,39,Motto by Hilton New York City Chelsea,4,Chelsea,8.7,1869,King Room (1 king bed),1,0,Free WiFi; Fitness center,283,109,W New York - Union Square,4,Union Square,8.1,1617,Wonderful King (1 king bed),1,0,Free WiFi; Fitness center; Restaurant; Bar,267,,,,,,,,,,,
714,binary,179,2,39,Motto by Hilton New York City Chelsea,4,Chelsea,8.8,2076,Flex Room (1 queen bed),1,0,Free WiFi; Fitness center,280,109,W New York - Union Square,4,Union Square,8.2,1601,Spectacular King (1 king bed),1,0,Free WiFi; Fitness center; Restaurant; Bar,270,,,,,,,,,,,
717,binary,180,1,40,Hard Rock Hotel New York,4,Midtown,8.5,1833,King Room (1 king bed),1,0,Free WiFi; Restaurant; Fitness center; Bar,369,92,Kimpton Hotel Eventi,4,Chelsea,8.8,1749,King Room (1 king bed),1,0,Free WiFi; Restaurant; Fitness center; Wine hour,322,,,,,,,,,,,
718,binary,180,2,40,Hard Rock Hotel New York,4,Midtown,8.4,1618,King Room (1 king bed),1,0,Free WiFi; Restaurant; Fitness center; Bar,231,92,Kimpton Hotel Eventi,4,Chelsea,8.5,1784,Queen Room (1 queen bed),1,0,Free WiFi; Restaurant; Fitness center; Wine hour,284,,,,,,,,,,,
721,binary,181,1,40,Hard Rock Hotel New York,4,Midtown,8.6,1544,Double Room (2 double beds),0,0,Free WiFi; Restaurant; Fitness center; Bar,225,146,Mandarin Oriental New York,5,Upper West Side,9.0,1097,Hudson River View King (1 king bed),1,0,Free WiFi; Fitness center; Restaurant; Bar; Spa; Pool,853,,,,,,,,,,,
722,binary,181,2,40,Hard Rock Hotel New York,4,Midtown,8.3,1655,King Room (1 king bed),1,0,Free WiFi; Restaurant; Fitness center; Bar,243,146,Mandarin Oriental New York,5,Upper West Side,8.7,903,King Room (1 king bed),1,1,Free WiFi; Fitness center; Restaurant; Bar; Spa; Pool,833,,,,,,,,,,,
725,binary,182,1,40,Hard Rock Hotel New York,4,Midtown,8.5,1822,King Room (1 king bed),1,0,Free WiFi; Restaurant; Fitness center; Bar,412,170,Renaissance New York Midtown Hotel,4,Midtown,7.9,2105,King Room (1 king bed),1,0,Free WiFi; Fitness center; Restaurant; Bar,387,,,,,,,,,,,
726,binary,182,2,40,Hard Rock Hotel New York,4,Midtown,8.6,1614,King Room (1 king bed),1,0,Free WiFi; Restaurant; Fitness center; Bar,411,170,Renaissance New York Midtown Hotel,4,Midtown,8.1,2162,King Room (1 king bed),1,0,Free WiFi; Fitness center; Restaurant; Bar,377,,,,,,,,,,,
729,binary,183,1,40,Hard Rock Hotel New York,4,Midtown,8.2,1790,King Room (1 king bed),1,0,Free WiFi; Restaurant; Fitness center; Bar,398,174,Moxy NYC Chelsea,3,Chelsea,7.9,1532,King Room (1 king bed),0,0,Free WiFi; Rooftop bar; Restaurant,234,,,,,,,,,,,
730,binary,183,2,40,Hard Rock Hotel New York,4,Midtown,8.4,1766,King Room (1 king bed),1,0,Free WiFi; Restaurant; Fitness center; Bar,392,174,Moxy NYC Chelsea,3,Chelsea,8.3,1374,King Room (1 king bed),1,0,Free WiFi; Rooftop bar; Restaurant,194,,,,,,,,,,,
733,binary,184,1,41,The Pearl Hotel New York,4,Midtown,9.2,3083,Deluxe Queen (1 queen bed),1,1,Free WiFi; Complimentary breakfast; Wine hour,355,107,AC Hotel New York Downtown,4,Financial District,8.0,1187,Queen Room (1 queen bed),1,0,Free WiFi; Fitness center; Restaurant; Bar,188,,,,,,,,,,,
734,binary,184,2,41,The Pearl Hotel New York,4,Midtown,9.2,2725,Deluxe Queen (1 queen bed),1,1,Free WiFi; Complimentary breakfast; Wine hour,180,107,AC Hotel New York Downtown,4,Financial District,8.0,1210,King Room (1 king bed),1,0,Free WiFi; Fitness center; Restaurant; Bar,238,,,,,,,,,,,
737,binary,185,1,41,The Pearl Hotel New York,4,Midtown,9.0,2978,Deluxe Queen (1 queen bed),1,0,Free WiFi; Complimentary breakfast; Wine hour,336,156,The Hoxton Williamsburg,4,"Williamsburg, Brooklyn",8.6,1043,King Room (1 king bed),0,1,Free WiFi; Restaurant; Rooftop bar,342,,,,,,,,,,,
738,binary,185,2,41,The Pearl Hotel New York,4,Midtown,8.9,2973,Deluxe Queen (1 queen bed),0,1,Free WiFi; Complimentary breakfast; Wine hour,259,156,The Hoxton Williamsburg,4,"Williamsburg, Brooklyn",8.6,1047,King Room (1 king bed),1,0,Free WiFi; Restaurant; Rooftop bar,204,,,,,,,,,,,
741,binary,186,1,41,The Pearl Hotel New York,4,Midtown,8.8,2795,Deluxe Queen (1 queen bed),0,1,Free WiFi; Complimentary breakfast; Wine hour,231,175,Conrad New York Midtown,5,Midtown,8.4,1476,King Suite (1 king bed),1,0,Free WiFi; Fitness center; Restaurant; Bar; Spa,507,,,,,,,,,,,
742,binary,186,2,41,The Pearl Hotel New York,4,Midtown,8.9,2929,Deluxe Queen (1 queen bed),0,1,Free WiFi; Complimentary breakfast; Wine hour,256,175,Conrad New York Midtown,5,Midtown,8.6,1509,Deluxe Suite (1 king bed),1,0,Free WiFi; Fitness center; Restaurant; Bar; Spa,398,,,,,,,,,,,
745,binary,187,1,42,Virgin Hotels New York City,4,NoMad,8.8,874,Grand Chamber King (1 king bed),1,0,Free WiFi; Restaurant; Rooftop bar; Fitness center,393,82,DoubleTree by Hilton New York Midtown Fifth Ave,4,Midtown,7.9,2029,Double Room (2 double beds),1,0,Free WiFi; Restaurant; Fitness center,343,,,,,,,,,,,
746,binary,187,2,42,Virgin Hotels New York City,4,NoMad,8.7,893,Grand Chamber King (1 king bed),1,0,Free WiFi; Restaurant; Rooftop bar; Fitness center,355,82,DoubleTree by Hilton New York Midtown Fifth Ave,4,Midtown,7.8,1841,Double Room (2 double beds),1,0,Free WiFi; Restaurant; Fitness center,257,,,,,,,,,,,
749,binary,188,1,42,Virgin Hotels New York City,4,NoMad,8.6,885,Grand Chamber King (1 king bed),1,0,Free WiFi; Restaurant; Rooftop bar; Fitness center,297,93,Kimpton Muse Hotel,4,Times Square,8.5,1259,Queen Room (1 queen bed),0,0,Free WiFi; Restaurant; Bar; Wine hour,245,,,,,,,,,,,
750,binary,188,2,42,Virgin Hotels New York City,4,NoMad,8.4,856,Chamber King (1 king bed),0,1,Free WiFi; Restaurant; Rooftop bar; Fitness center,389,93,Kimpton Muse Hotel,4,Times Square,8.4,1208,Queen Room (1 queen bed),1,0,Free WiFi; Restaurant; Bar; Wine hour,279,,,,,,,,,,,
753,binary,189,1,42,Virgin Hotels New York City,4,NoMad,8.4,914,Grand Chamber King (1 king bed),0,0,Free WiFi; Restaurant; Rooftop bar; Fitness center,240,141,The Greenwich Hotel,5,TriBeCa,9.5,469,King Room (1 king bed),1,0,Free WiFi; Restaurant; Spa; Pool; Fitness center,706,,,,,,,,,,,
754,binary,189,2,42,Virgin Hotels New York City,4,NoMad,8.5,890,Chamber King (1 king bed),0,0,Free WiFi; Restaurant; Rooftop bar; Fitness center,244,141,The Greenwich Hotel,5,TriBeCa,9.3,493,Deluxe King (1 king bed),1,0,Free WiFi; Restaurant; Spa; Pool; Fitness center,1080,,,,,,,,,,,
757,binary,190,1,42,Virgin Hotels New York City,4,NoMad,8.5,1022,Chamber King (1 king bed),1,0,Free WiFi; Restaurant; Rooftop bar; Fitness center,341,148,"The Carlyle, A Rosewood Hotel",5,Upper East Side,8.9,643,Superior King (1 king bed),1,0,Free WiFi; Spa; Restaurant; Live jazz; Fitness center,771,,,,,,,,,,,
758,binary,190,2,42,Virgin Hotels New York City,4,NoMad,8.6,995,Chamber King (1 king bed),1,0,Free WiFi; Restaurant; Rooftop bar; Fitness center,315,148,"The Carlyle, A Rosewood Hotel",5,Upper East Side,9.0,630,Superior King (1 king bed),0,1,Free WiFi; Spa; Restaurant; Live jazz; Fitness center,1428,,,,,,,,,,,
761,binary,191,1,42,Virgin Hotels New York City,4,NoMad,8.6,942,Grand Chamber King (1 king bed),1,0,Free WiFi; Restaurant; Rooftop bar; Fitness center,247,169,Henry Norman Hotel,4,"Greenpoint, Brooklyn",8.5,462,Loft Suite (1 king bed),0,1,Free WiFi; Garden,178,,,,,,,,,,,
762,binary,191,2,42,Virgin Hotels New York City,4,NoMad,8.8,890,Chamber King (1 king bed),0,0,Free WiFi; Restaurant; Rooftop bar; Fitness center,250,169,Henry Norman Hotel,4,"Greenpoint, Brooklyn",8.6,474,Loft Suite (1 king bed),1,0,Free WiFi; Garden,233,,,,,,,,,,,
765,binary,192,1,42,Virgin Hotels New York City,4,NoMad,8.7,950,Chamber King (1 king bed),1,0,Free WiFi; Restaurant; Rooftop bar; Fitness center,334,177,Tempo by Hilton New York Times Square,3,Times Square,8.1,634,Double Room (2 double beds),1,0,Free WiFi; Fitness center; Kitchen,294,,,,,,,,,,,
766,binary,192,2,42,Virgin Hotels New York City,4,NoMad,8.8,1016,Grand Chamber King (1 king bed),1,0,Free WiFi; Restaurant; Rooftop bar; Fitness center,273,177,Tempo by Hilton New York Times Square,3,Times Square,8.2,549,King Room (1 king bed),1,0,Free WiFi; Fitness center; Kitchen,245,,,,,,,,,,,
769,binary,193,1,43,Arlo NoMad,4,NoMad,8.2,2592,King Room (1 king bed),1,0,Free WiFi; Rooftop bar; Restaurant,242,51,Nine Orchard,4,Lower East Side,8.9,717,King Room (1 king bed),1,0,Free WiFi; Restaurant; Spa,507,,,,,,,,,,,
770,binary,193,2,43,Arlo NoMad,4,NoMad,8.0,2790,King Room (1 king bed),1,1,Free WiFi; Rooftop bar; Restaurant,310,51,Nine Orchard,4,Lower East Side,8.9,737,Deluxe King (1 king bed),0,0,Free WiFi; Restaurant; Spa,435,,,,,,,,,,,
773,binary,194,1,43,Arlo NoMad,4,NoMad,8.1,2859,King Room (1 king bed),1,0,Free WiFi; Rooftop bar; Restaurant,151,55,Ink 48 Hotel,5,Hell's Kitchen,8.1,2389,King Room with City View (1 king bed),0,0,Free WiFi; Rooftop bar; Fitness center; City views,346,,,,,,,,,,,
774,binary,194,2,43,Arlo NoMad,4,NoMad,8.1,2531,Queen Room (1 queen bed),1,0,Free WiFi; Rooftop bar; Restaurant,159,55,Ink 48 Hotel,5,Hell's Kitchen,8.1,2560,King Room (1 king bed),1,0,Free WiFi; Rooftop bar; Fitness center; City views,465,,,,,,,,,,,
777,binary,195,1,43,Arlo NoMad,4,NoMad,8.0,2667,Queen Room (1 queen bed),1,0,Free WiFi; Rooftop bar; Restaurant,208,78,Hilton Garden Inn New York/Times Square,3,Times Square,8.2,2546,King Room (1 king bed),1,1,Free WiFi; Restaurant; Fitness center; Business center,185,,,,,,,,,,,
778,binary,195,2,43,Arlo NoMad,4,NoMad,8.1,2449,Queen Room (1 queen bed),0,0,Free WiFi; Rooftop bar; Restaurant,172,78,Hilton Garden Inn New York/Times Square,3,Times Square,8.0,2363,King Room (1 king bed),1,1,Free WiFi; Restaurant; Fitness center; Business center,222,,,,,,,,,,,
781,binary,196,1,43,Arlo NoMad,4,NoMad,7.9,2617,King Room (1 king bed),1,0,Free WiFi; Rooftop bar; Restaurant,174,79,DoubleTree by Hilton New York Times Square West,4,Times Square,7.9,3407,Double Room (2 double beds),0,1,Free WiFi; Restaurant; Fitness center,175,,,,,,,,,,,
782,binary,196,2,43,Arlo NoMad,4,NoMad,8.0,2841,King Room (1 king bed),1,0,Free WiFi; Rooftop bar; Restaurant,165,79,DoubleTree by Hilton New York Times Square West,4,Times Square,7.9,3445,King Room (1 king bed),1,0,Free WiFi; Restaurant; Fitness center,281,,,,,,,,,,,
785,binary,197,1,44,CIVILIAN Hotel,4,Midtown West,8.5,1527,Queen Room (1 queen bed),1,0,Free WiFi; Restaurant; Bar,321,72,Hampton Inn Manhattan-Seaport/Financial District,3,Financial District,8.3,1803,King Room (1 king bed),0,1,Free WiFi; Breakfast included; Fitness center,220,,,,,,,,,,,
786,binary,197,2,44,CIVILIAN Hotel,4,Midtown West,8.6,1437,King Room (1 king bed),1,0,Free WiFi; Restaurant; Bar,334,72,Hampton Inn Manhattan-Seaport/Financial District,3,Financial District,8.1,1889,King Room (1 king bed),1,1,Free WiFi; Breakfast included; Fitness center,201,,,,,,,,,,,
789,binary,198,1,44,CIVILIAN Hotel,4,Midtown West,8.5,1282,King Room (1 king bed),1,0,Free WiFi; Restaurant; Bar,289,132,The Local NYC,2,"Long Island City, Queens",8.3,880,Queen Room (1 queen bed),1,0,Free WiFi; Shared kitchen,126,,,,,,,,,,,
790,binary,198,2,44,CIVILIAN Hotel,4,Midtown West,8.8,1288,King Room (1 king bed),0,0,Free WiFi; Restaurant; Bar,194,132,The Local NYC,2,"Long Island City, Queens",8.1,877,Queen Room (1 queen bed),0,0,Free WiFi; Shared kitchen,110,,,,,,,,,,,
793,binary,199,1,44,CIVILIAN Hotel,4,Midtown West,8.5,1353,Queen Room (1 queen bed),1,0,Free WiFi; Restaurant; Bar,281,140,NoMo SoHo,4,SoHo,8.1,1206,King Room (1 king bed),1,1,Free WiFi; Restaurant; Bar,343,,,,,,,,,,,
794,binary,199,2,44,CIVILIAN Hotel,4,Midtown West,8.9,1384,Queen Room (1 queen bed),1,0,Free WiFi; Restaurant; Bar,321,140,NoMo SoHo,4,SoHo,8.3,1061,Queen Room (1 queen bed),0,0,Free WiFi; Restaurant; Bar,480,,,,,,,,,,,
797,binary,200,1,44,CIVILIAN Hotel,4,Midtown West,8.8,1424,Queen Room (1 queen bed),0,0,Free WiFi; Restaurant; Bar,231,155,Walker Hotel Tribeca,4,TriBeCa,8.3,524,Queen Room (1 queen bed),0,0,Free WiFi; Restaurant,215,,,,,,,,,,,
798,binary,200,2,44,CIVILIAN Hotel,4,Midtown West,8.8,1416,King Room (1 king bed),1,0,Free WiFi; Restaurant; Bar,255,155,Walker Hotel Tribeca,4,TriBeCa,8.3,455,Queen Room (1 queen bed),1,0,Free WiFi; Restaurant,334,,,,,,,,,,,
801,binary,201,1,45,Hotel Scherman,4,Midtown,8.5,594,Premium King (1 king bed),0,0,Free WiFi; Continental breakfast; City views,355,70,Hampton Inn Manhattan Grand Central,3,Midtown East,8.4,2732,King Room (1 king bed),1,1,Free WiFi; Breakfast included; Fitness center,239,,,,,,,,,,,
802,binary,201,2,45,Hotel Scherman,4,Midtown,8.6,632,Premium King (1 king bed),0,0,Free WiFi; Continental breakfast; City views,219,70,Hampton Inn Manhattan Grand Central,3,Midtown East,8.5,2491,King Room (1 king bed),0,0,Free WiFi; Breakfast included; Fitness center,202,,,,,,,,,,,
805,binary,202,1,45,Hotel Scherman,4,Midtown,8.5,594,Premium King (1 king bed),0,1,Free WiFi; Continental breakfast; City views,241,172,New York Marriott Downtown,4,Financial District,7.9,3335,King Room (1 king bed),1,0,Free WiFi; Fitness center; Restaurant,370,,,,,,,,,,,
806,binary,202,2,45,Hotel Scherman,4,Midtown,8.7,671,Premium King (1 king bed),1,1,Free WiFi; Continental breakfast; City views,240,172,New York Marriott Downtown,4,Financial District,7.9,3198,King Room (1 king bed),1,0,Free WiFi; Fitness center; Restaurant,367,,,,,,,,,,,
809,binary,203,1,45,Hotel Scherman,4,Midtown,8.5,642,Deluxe Room (1 queen bed),1,1,Free WiFi; Continental breakfast; City views,392,174,Moxy NYC Chelsea,3,Chelsea,7.9,1528,Queen Room (1 queen bed),1,0,Free WiFi; Rooftop bar; Restaurant,237,,,,,,,,,,,
810,binary,203,2,45,Hotel Scherman,4,Midtown,8.5,582,Deluxe Room (1 queen bed),0,1,Free WiFi; Continental breakfast; City views,304,174,Moxy NYC Chelsea,3,Chelsea,8.3,1470,King Room (1 king bed),0,0,Free WiFi; Rooftop bar; Restaurant,132,,,,,,,,,,,
813,binary,204,1,46,New York Hilton Midtown,4,Midtown,7.7,12699,Executive King (1 king bed),1,0,Free WiFi; Restaurant; Fitness center; Business center,387,137,The Marlton Hotel,4,Greenwich Village,8.4,1005,King Room (1 king bed),0,0,Free WiFi; Restaurant; Bar,211,,,,,,,,,,,
814,binary,204,2,46,New York Hilton Midtown,4,Midtown,7.8,11713,Executive King (1 king bed),0,0,Free WiFi; Restaurant; Fitness center; Business center,363,137,The Marlton Hotel,4,Greenwich Village,8.3,914,Queen Room (1 queen bed),1,0,Free WiFi; Restaurant; Bar,265,,,,,,,,,,,
817,binary,205,1,46,New York Hilton Midtown,4,Midtown,7.6,11266,King Room (1 king bed),0,0,Free WiFi; Restaurant; Fitness center; Business center,360,148,"The Carlyle, A Rosewood Hotel",5,Upper East Side,9.2,548,Superior King (1 king bed),0,0,Free WiFi; Spa; Restaurant; Live jazz; Fitness center,911,,,,,,,,,,,
818,binary,205,2,46,New York Hilton Midtown,4,Midtown,7.7,13646,Double Room (2 double beds),0,0,Free WiFi; Restaurant; Fitness center; Business center,252,148,"The Carlyle, A Rosewood Hotel",5,Upper East Side,9.1,544,Superior King (1 king bed),0,0,Free WiFi; Spa; Restaurant; Live jazz; Fitness center,1035,,,,,,,,,,,
821,binary,206,1,46,New York Hilton Midtown,4,Midtown,7.5,13171,King Room (1 king bed),1,1,Free WiFi; Restaurant; Fitness center; Business center,284,155,Walker Hotel Tribeca,4,TriBeCa,8.4,546,Queen Room (1 queen bed),1,0,Free WiFi; Restaurant,322,,,,,,,,,,,
822,binary,206,2,46,New York Hilton Midtown,4,Midtown,7.6,11922,Double Room (2 double beds),1,0,Free WiFi; Restaurant; Fitness center; Business center,234,155,Walker Hotel Tribeca,4,TriBeCa,8.2,536,Queen Room (1 queen bed),0,0,Free WiFi; Restaurant,326,,,,,,,,,,,
825,binary,207,1,46,New York Hilton Midtown,4,Midtown,7.7,13471,Double Room (2 double beds),0,0,Free WiFi; Restaurant; Fitness center; Business center,306,163,The Williamsburg Hotel,4,"Williamsburg, Brooklyn",8.2,879,King Room (1 king bed),1,0,Free WiFi; Pool; Restaurant; Bar,379,,,,,,,,,,,
826,binary,207,2,46,New York Hilton Midtown,4,Midtown,7.6,12478,King Room (1 king bed),0,0,Free WiFi; Restaurant; Fitness center; Business center,319,163,The Williamsburg Hotel,4,"Williamsburg, Brooklyn",8.2,967,King Room (1 king bed),1,0,Free WiFi; Pool; Restaurant; Bar,357,,,,,,,,,,,
829,binary,208,1,46,New York Hilton Midtown,4,Midtown,7.5,13559,King Room (1 king bed),0,0,Free WiFi; Restaurant; Fitness center; Business center,388,177,Tempo by Hilton New York Times Square,3,Times Square,8.2,648,Double Room (2 double beds),1,0,Free WiFi; Fitness center; Kitchen,230,,,,,,,,,,,
830,binary,208,2,46,New York Hilton Midtown,4,Midtown,7.8,13720,Double Room (2 double beds),1,1,Free WiFi; Restaurant; Fitness center; Business center,236,177,Tempo by Hilton New York Times Square,3,Times Square,8.0,589,Double Room (2 double beds),1,0,Free WiFi; Fitness center; Kitchen,185,,,,,,,,,,,
833,binary,209,1,47,Embassy Suites Manhattan Times Square,4,Times Square,8.6,4166,Double Suite (2 double beds),0,1,Free WiFi; Breakfast included; Evening reception; Restaurant,318,69,Hampton Inn Manhattan/Times Square South,3,Times Square,8.4,3519,Double Room (2 double beds),1,1,Free WiFi; Breakfast included; Fitness center,199,,,,,,,,,,,
834,binary,209,2,47,Embassy Suites Manhattan Times Square,4,Times Square,8.4,3423,Double Suite (2 double beds),1,1,Free WiFi; Breakfast included; Evening reception; Restaurant,401,69,Hampton Inn Manhattan/Times Square South,3,Times Square,8.4,3377,King Room (1 king bed),1,0,Free WiFi; Breakfast included; Fitness center,240,,,,,,,,,,,
837,binary,210,1,47,Embassy Suites Manhattan Times Square,4,Times Square,8.2,3894,Double Suite (2 double beds),1,1,Free WiFi; Breakfast included; Evening reception; Restaurant,452,75,Hilton Garden Inn New York/Midtown Park Avenue,3,Midtown East,8.0,2097,King Room (1 king bed),0,0,Free WiFi; Restaurant; Fitness center; Business center,297,,,,,,,,,,,
838,binary,210,2,47,Embassy Suites Manhattan Times Square,4,Times Square,8.3,3580,Double Suite (2 double beds),0,1,Free WiFi; Breakfast included; Evening reception; Restaurant,387,75,Hilton Garden Inn New York/Midtown Park Avenue,3,Midtown East,8.1,2186,Double Room (2 double beds),0,1,Free WiFi; Restaurant; Fitness center; Business center,285,,,,,,,,,,,
841,binary,211,1,47,Embassy Suites Manhattan Times Square,4,Times Square,8.4,3599,King Suite (1 king bed),1,1,Free WiFi; Breakfast included; Evening reception; Restaurant,351,157,Hotel Hugo,4,SoHo,8.1,1280,King Room (1 king bed),1,0,Free WiFi; Rooftop bar; Restaurant,232,,,,,,,,,,,
842,binary,211,2,47,Embassy Suites Manhattan Times Square,4,Times Square,8.6,3645,King Suite (1 king bed),1,1,Free WiFi; Breakfast included; Evening reception; Restaurant,380,157,Hotel Hugo,4,SoHo,8.1,1305,King Room (1 king bed),0,0,Free WiFi; Rooftop bar; Restaurant,273,,,,,,,,,,,
845,binary,212,1,48,Kimpton Theta New York,4,Times Square,8.1,682,Deluxe King (1 king bed),0,0,Free WiFi; Wine hour; Fitness center,244,78,Hilton Garden Inn New York/Times Square,3,Times Square,8.1,2247,Double Room (2 double beds),0,1,Free WiFi; Restaurant; Fitness center; Business center,198,,,,,,,,,,,
846,binary,212,2,48,Kimpton Theta New York,4,Times Square,8.5,678,Standard King (1 king bed),1,0,Free WiFi; Wine hour; Fitness center,162,78,Hilton Garden Inn New York/Times Square,3,Times Square,7.8,2214,King Room (1 king bed),1,1,Free WiFi; Restaurant; Fitness center; Business center,204,,,,,,,,,,,
849,binary,213,1,48,Kimpton Theta New York,4,Times Square,8.3,811,Deluxe King (1 king bed),1,0,Free WiFi; Wine hour; Fitness center,221,105,Residence Inn New York Downtown Manhattan,3,Financial District,8.0,1098,Studio Suite (1 king bed),0,0,Free WiFi; Breakfast included; Kitchen; Fitness center,220,,,,,,,,,,,
850,binary,213,2,48,Kimpton Theta New York,4,Times Square,8.1,729,Standard King (1 king bed),1,1,Free WiFi; Wine hour; Fitness center,220,105,Residence Inn New York Downtown Manhattan,3,Financial District,7.8,1112,One-Bedroom Suite (1 king bed),1,1,Free WiFi; Breakfast included; Kitchen; Fitness center,210,,,,,,,,,,,
853,binary,214,1,48,Kimpton Theta New York,4,Times Square,8.3,718,Standard King (1 king bed),0,0,Free WiFi; Wine hour; Fitness center,171,106,AC Hotel New York Times Square,4,Times Square,8.1,1881,Queen Room (1 queen bed),1,0,Free WiFi; Fitness center; Restaurant; Bar,345,,,,,,,,,,,
854,binary,214,2,48,Kimpton Theta New York,4,Times Square,8.5,763,Deluxe King (1 king bed),0,0,Free WiFi; Wine hour; Fitness center,210,106,AC Hotel New York Times Square,4,Times Square,8.3,2177,Queen Room (1 queen bed),0,0,Free WiFi; Fitness center; Restaurant; Bar,351,,,,,,,,,,,
857,binary,215,1,48,Kimpton Theta New York,4,Times Square,8.5,690,Standard King (1 king bed),0,0,Free WiFi; Wine hour; Fitness center,318,109,W New York - Union Square,4,Union Square,8.1,1593,Wonderful King (1 king bed),0,0,Free WiFi; Fitness center; Restaurant; Bar,273,,,,,,,,,,,
858,binary,215,2,48,Kimpton Theta New York,4,Times Square,8.4,682,Deluxe King (1 king bed),1,0,Free WiFi; Wine hour; Fitness center,281,109,W New York - Union Square,4,Union Square,8.3,1498,Spectacular King (1 king bed),0,0,Free WiFi; Fitness center; Restaurant; Bar,447,,,,,,,,,,,
861,binary,216,1,48,Kimpton Theta New York,4,Times Square,8.3,802,Deluxe King (1 king bed),1,0,Free WiFi; Wine hour; Fitness center,312,162,McCarren Hotel & Pool,4,"Williamsburg, Brooklyn",8.1,723,King Room (1 king bed),0,0,Free WiFi; Pool; Restaurant,185,,,,,,,,,,,
862,binary,216,2,48,Kimpton Theta New York,4,Times Square,8.1,753,Standard King (1 king bed),1,0,Free WiFi; Wine hour; Fitness center,180,162,McCarren Hotel & Pool,4,"Williamsburg, Brooklyn",8.0,733,King Room (1 king bed),1,1,Free WiFi; Pool; Restaurant,219,,,,,,,,,,,
865,binary,217,1,48,Kimpton Theta New York,4,Times Square,8.4,720,Deluxe King (1 king bed),0,0,Free WiFi; Wine hour; Fitness center,201,163,The Williamsburg Hotel,4,"Williamsburg, Brooklyn",8.2,931,Queen Room (1 queen bed),0,0,Free WiFi; Pool; Restaurant; Bar,280,,,,,,,,,,,
866,binary,217,2,48,Kimpton Theta New York,4,Times Square,8.3,793,Standard King (1 king bed),1,0,Free WiFi; Wine hour; Fitness center,161,163,The Williamsburg Hotel,4,"Williamsburg, Brooklyn",8.4,845,King Room (1 king bed),0,0,Free WiFi; Pool; Restaurant; Bar,279,,,,,,,,,,,
869,binary,218,1,48,Kimpton Theta New York,4,Times Square,8.5,818,Standard King (1 king bed),0,0,Free WiFi; Wine hour; Fitness center,179,165,Hotel Le Bleu,3,"Park Slope, Brooklyn",7.9,482,King Room (1 king bed),0,0,Free WiFi; Restaurant,187,,,,,,,,,,,
870,binary,218,2,48,Kimpton Theta New York,4,Times Square,8.3,719,Deluxe King (1 king bed),0,0,Free WiFi; Wine hour; Fitness center,192,165,Hotel Le Bleu,3,"Park Slope, Brooklyn",8.0,516,Queen Room (1 queen bed),1,0,Free WiFi; Restaurant,196,,,,,,,,,,,
873,binary,219,1,48,Kimpton Theta New York,4,Times Square,8.2,704,Deluxe King (1 king bed),1,0,Free WiFi; Wine hour; Fitness center,294,170,Renaissance New York Midtown Hotel,4,Midtown,8.1,2158,King Room (1 king bed),1,1,Free WiFi; Fitness center; Restaurant; Bar,279,,,,,,,,,,,
874,binary,219,2,48,Kimpton Theta New York,4,Times Square,8.3,808,Deluxe King (1 king bed),1,0,Free WiFi; Wine hour; Fitness center,176,170,Renaissance New York Midtown Hotel,4,Midtown,8.1,2147,Double Room (2 double beds),0,0,Free WiFi; Fitness center; Restaurant; Bar,258,,,,,,,,,,,
877,binary,220,1,48,Kimpton Theta New York,4,Times Square,8.4,812,Deluxe King (1 king bed),1,0,Free WiFi; Wine hour; Fitness center,317,177,Tempo by Hilton New York Times Square,3,Times Square,8.4,637,King Room (1 king bed),1,0,Free WiFi; Fitness center; Kitchen,208,,,,,,,,,,,
878,binary,220,2,48,Kimpton Theta New York,4,Times Square,8.2,797,Deluxe King (1 king bed),0,0,Free WiFi; Wine hour; Fitness center,327,177,Tempo by Hilton New York Times Square,3,Times Square,8.3,636,King Room (1 king bed),1,0,Free WiFi; Fitness center; Kitchen,330,,,,,,,,,,,
881,binary,221,1,49,The Hotel Chelsea,4,Chelsea,8.8,1247,Queen Room (1 queen bed),0,0,Free WiFi; Restaurant; Concierge; Fitness center,374,69,Hampton Inn Manhattan/Times Square South,3,Times Square,8.5,3086,Double Room (2 double beds),1,1,Free WiFi; Breakfast included; Fitness center,253,,,,,,,,,,,
882,binary,221,2,49,The Hotel Chelsea,4,Chelsea,8.4,1257,King Room (1 king bed),0,0,Free WiFi; Restaurant; Concierge; Fitness center,261,69,Hampton Inn Manhattan/Times Square South,3,Times Square,8.5,3474,Double Room (2 double beds),0,1,Free WiFi; Breakfast included; Fitness center,288,,,,,,,,,,,
885,binary,222,1,49,The Hotel Chelsea,4,Chelsea,8.8,1268,Queen Room (1 queen bed),0,1,Free WiFi; Restaurant; Concierge; Fitness center,250,75,Hilton Garden Inn New York/Midtown Park Avenue,3,Midtown East,8.2,2305,King Room (1 king bed),0,0,Free WiFi; Restaurant; Fitness center; Business center,262,,,,,,,,,,,
886,binary,222,2,49,The Hotel Chelsea,4,Chelsea,8.5,1232,King Room (1 king bed),0,1,Free WiFi; Restaurant; Concierge; Fitness center,448,75,Hilton Garden Inn New York/Midtown Park Avenue,3,Midtown East,8.3,2069,Double Room (2 double beds),1,1,Free WiFi; Restaurant; Fitness center; Business center,213,,,,,,,,,,,
889,binary,223,1,49,The Hotel Chelsea,4,Chelsea,8.8,1176,King Room (1 king bed),0,0,Free WiFi; Restaurant; Concierge; Fitness center,239,93,Kimpton Muse Hotel,4,Times Square,8.4,1222,King Room (1 king bed),1,0,Free WiFi; Restaurant; Bar; Wine hour,402,,,,,,,,,,,
890,binary,223,2,49,The Hotel Chelsea,4,Chelsea,8.4,1274,King Room (1 king bed),0,1,Free WiFi; Restaurant; Concierge; Fitness center,347,93,Kimpton Muse Hotel,4,Times Square,8.4,1307,Queen Room (1 queen bed),1,0,Free WiFi; Restaurant; Bar; Wine hour,371,,,,,,,,,,,
893,binary,224,1,49,The Hotel Chelsea,4,Chelsea,8.7,1316,King Room (1 king bed),1,1,Free WiFi; Restaurant; Concierge; Fitness center,468,122,Park Hyatt New York,5,Midtown,9.2,785,Park King (1 king bed),1,1,Free WiFi; Fitness center; Restaurant; Bar; Spa; Pool,861,,,,,,,,,,,
894,binary,224,2,49,The Hotel Chelsea,4,Chelsea,8.8,1128,King Room (1 king bed),0,0,Free WiFi; Restaurant; Concierge; Fitness center,441,122,Park Hyatt New York,5,Midtown,9.3,837,Park King (1 king bed),1,0,Free WiFi; Fitness center; Restaurant; Bar; Spa; Pool,1125,,,,,,,,,,,
897,binary,225,1,49,The Hotel Chelsea,4,Chelsea,8.6,1127,Queen Room (1 queen bed),1,1,Free WiFi; Restaurant; Concierge; Fitness center,422,142,The Mercer,5,SoHo,9.1,691,Penthouse Loft (1 king bed),1,1,Free WiFi; Restaurant; Bar,949,,,,,,,,,,,
898,binary,225,2,49,The Hotel Chelsea,4,Chelsea,8.7,1114,King Room (1 king bed),1,0,Free WiFi; Restaurant; Concierge; Fitness center,234,142,The Mercer,5,SoHo,9.1,687,Penthouse Loft (1 king bed),0,0,Free WiFi; Restaurant; Bar,937,,,,,,,,,,,
901,binary,226,1,50,Ace Hotel Brooklyn,4,"Boerum Hill, Brooklyn",8.4,1132,Deluxe King (1 king bed),1,0,Free WiFi; Restaurant; Lobby bar,299,87,Holiday Inn Express Manhattan Times Square,3,Times Square,7.8,2479,King Room (1 king bed),1,0,Free WiFi; Breakfast included; Fitness center,187,,,,,,,,,,,
902,binary,226,2,50,Ace Hotel Brooklyn,4,"Boerum Hill, Brooklyn",8.5,1075,Deluxe King (1 king bed),0,0,Free WiFi; Restaurant; Lobby bar,273,87,Holiday Inn Express Manhattan Times Square,3,Times Square,7.7,2785,King Room (1 king bed),1,1,Free WiFi; Breakfast included; Fitness center,217,,,,,,,,,,,
905,binary,227,1,50,Ace Hotel Brooklyn,4,"Boerum Hill, Brooklyn",8.6,1208,Standard King (1 king bed),1,0,Free WiFi; Restaurant; Lobby bar,288,139,The Standard High Line,4,Meatpacking District,8.6,1892,Queen Room (1 queen bed),1,0,Free WiFi; Restaurant; Bar; Beer garden,420,,,,,,,,,,,
906,binary,227,2,50,Ace Hotel Brooklyn,4,"Boerum Hill, Brooklyn",8.2,1015,Standard King (1 king bed),0,0,Free WiFi; Restaurant; Lobby bar,291,139,The Standard High Line,4,Meatpacking District,8.5,2046,Queen Room (1 queen bed),1,0,Free WiFi; Restaurant; Bar; Beer garden,324,,,,,,,,,,,
909,binary,228,1,51,Nine Orchard,4,Lower East Side,8.7,703,King Room (1 king bed),1,0,Free WiFi; Restaurant; Spa,399,60,Crosby Street Hotel,5,SoHo,9.6,1013,Deluxe King (1 king bed),0,0,Free WiFi; Restaurant; Private theater; Gym; Terrace,663,,,,,,,,,,,
910,binary,228,2,51,Nine Orchard,4,Lower East Side,8.8,779,Deluxe King (1 king bed),1,1,Free WiFi; Restaurant; Spa,473,60,Crosby Street Hotel,5,SoHo,9.3,1024,Luxury King (1 king bed),1,0,Free WiFi; Restaurant; Private theater; Gym; Terrace,788,,,,,,,,,,,
913,binary,229,1,51,Nine Orchard,4,Lower East Side,8.8,761,King Room (1 king bed),1,1,Free WiFi; Restaurant; Spa,373,121,Hyatt Regency Times Square,4,Times Square,7.9,2375,King Room (1 king bed),0,0,Free WiFi; Fitness center; Restaurant; Bar,229,,,,,,,,,,,
914,binary,229,2,51,Nine Orchard,4,Lower East Side,8.8,756,King Room (1 king bed),1,0,Free WiFi; Restaurant; Spa,358,121,Hyatt Regency Times Square,4,Times Square,8.0,2665,Double Room (2 double beds),1,0,Free WiFi; Fitness center; Restaurant; Bar,350,,,,,,,,,,,
917,binary,230,1,51,Nine Orchard,4,Lower East Side,8.8,779,King Room (1 king bed),0,0,Free WiFi; Restaurant; Spa,371,126,Ramada by Wyndham New York/Eastside,2,Midtown East,6.6,1875,King Room (1 king bed),1,0,Free WiFi,81,,,,,,,,,,,
918,binary,230,2,51,Nine Orchard,4,Lower East Side,9.0,783,Deluxe King (1 king bed),1,1,Free WiFi; Restaurant; Spa,269,126,Ramada by Wyndham New York/Eastside,2,Midtown East,6.9,1703,Queen Room (1 queen bed),1,0,Free WiFi,143,,,,,,,,,,,
921,binary,231,1,52,Andaz 5th Avenue,4,Midtown East,8.9,1639,Andaz Large King (1 king bed),1,0,Free WiFi; Wine hour; Restaurant; Fitness center,483,60,Crosby Street Hotel,5,SoHo,9.4,1210,Luxury King (1 king bed),1,0,Free WiFi; Restaurant; Private theater; Gym; Terrace,767,,,,,,,,,,,
922,binary,231,2,52,Andaz 5th Avenue,4,Midtown East,8.7,1578,Andaz Large King (1 king bed),1,0,Free WiFi; Wine hour; Restaurant; Fitness center,451,60,Crosby Street Hotel,5,SoHo,9.3,1155,Deluxe King (1 king bed),1,0,Free WiFi; Restaurant; Private theater; Gym; Terrace,1183,,,,,,,,,,,
925,binary,232,1,52,Andaz 5th Avenue,4,Midtown East,8.7,1749,Andaz King (1 king bed),1,0,Free WiFi; Wine hour; Restaurant; Fitness center,336,80,DoubleTree by Hilton New York Times Square South,4,Times Square,7.8,3065,Double Room (2 double beds),1,0,Free WiFi; Restaurant; Fitness center,256,,,,,,,,,,,
926,binary,232,2,52,Andaz 5th Avenue,4,Midtown East,8.8,1683,Andaz Large King (1 king bed),1,0,Free WiFi; Wine hour; Restaurant; Fitness center,363,80,DoubleTree by Hilton New York Times Square South,4,Times Square,7.9,2713,King Room (1 king bed),0,0,Free WiFi; Restaurant; Fitness center,293,,,,,,,,,,,
929,binary,233,1,52,Andaz 5th Avenue,4,Midtown East,8.8,1718,Andaz King (1 king bed),0,0,Free WiFi; Wine hour; Restaurant; Fitness center,349,152,Arlo Midtown,3,Times Square,8.0,1951,King Room (1 king bed),0,0,Free WiFi; Rooftop bar; Restaurant,169,,,,,,,,,,,
930,binary,233,2,52,Andaz 5th Avenue,4,Midtown East,8.8,1554,Andaz King (1 king bed),1,0,Free WiFi; Wine hour; Restaurant; Fitness center,501,152,Arlo Midtown,3,Times Square,7.9,1816,Queen Room (1 queen bed),0,0,Free WiFi; Rooftop bar; Restaurant,220,,,,,,,,,,,
933,binary,234,1,52,Andaz 5th Avenue,4,Midtown East,8.8,1653,Andaz King (1 king bed),0,0,Free WiFi; Wine hour; Restaurant; Fitness center,557,169,Henry Norman Hotel,4,"Greenpoint, Brooklyn",8.4,515,Loft Suite (1 king bed),0,0,Free WiFi; Garden,165,,,,,,,,,,,
934,binary,234,2,52,Andaz 5th Avenue,4,Midtown East,8.8,1631,Andaz King (1 king bed),0,0,Free WiFi; Wine hour; Restaurant; Fitness center,471,169,Henry Norman Hotel,4,"Greenpoint, Brooklyn",8.5,507,King Suite (1 king bed),0,0,Free WiFi; Garden,159,,,,,,,,,,,
937,binary,235,1,54,The Wall Street Hotel,4,Financial District,8.6,637,Pearl Suite (1 king bed),0,0,Free WiFi; Restaurant; Bar; Fitness center,533,97,Courtyard by Marriott New York Downtown Manhattan,3,Financial District,7.9,1923,King Room (1 king bed),0,1,Free WiFi; Fitness center; Restaurant,293,,,,,,,,,,,
938,binary,235,2,54,The Wall Street Hotel,4,Financial District,8.5,616,King Room (1 king bed),1,0,Free WiFi; Restaurant; Bar; Fitness center,377,97,Courtyard by Marriott New York Downtown Manhattan,3,Financial District,7.8,1848,Double Room (2 double beds),1,1,Free WiFi; Fitness center; Restaurant,178,,,,,,,,,,,
941,binary,236,1,55,Ink 48 Hotel,5,Hell's Kitchen,7.9,2384,King Room with City View (1 king bed),1,0,Free WiFi; Rooftop bar; Fitness center; City views,476,66,The Plaza,5,Midtown,8.5,3903,Deluxe King (1 king bed),0,0,Free WiFi; Spa; Restaurant; Fitness center; Palm Court,811,,,,,,,,,,,
942,binary,236,2,55,Ink 48 Hotel,5,Hell's Kitchen,8.1,2338,King Room (1 king bed),1,0,Free WiFi; Rooftop bar; Fitness center; City views,373,66,The Plaza,5,Midtown,8.6,3977,Superior King (1 king bed),1,0,Free WiFi; Spa; Restaurant; Fitness center; Palm Court,952,,,,,,,,,,,
945,binary,237,1,55,Ink 48 Hotel,5,Hell's Kitchen,8.0,2747,King Room (1 king bed),0,0,Free WiFi; Rooftop bar; Fitness center; City views,474,86,Holiday Inn Express Manhattan Midtown West,3,Midtown West,7.8,2059,King Room (1 king bed),1,1,Free WiFi; Breakfast included; Fitness center,210,,,,,,,,,,,
946,binary,237,2,55,Ink 48 Hotel,5,Hell's Kitchen,8.1,2394,King Room (1 king bed),1,0,Free WiFi; Rooftop bar; Fitness center; City views,315,86,Holiday Inn Express Manhattan Midtown West,3,Midtown West,7.8,2295,King Room (1 king bed),0,0,Free WiFi; Breakfast included; Fitness center,220,,,,,,,,,,,
949,binary,238,1,55,Ink 48 Hotel,5,Hell's Kitchen,8.1,2496,King Room (1 king bed),1,0,Free WiFi; Rooftop bar; Fitness center; City views,520,92,Kimpton Hotel Eventi,4,Chelsea,8.5,1668,Queen Room (1 queen bed),1,0,Free WiFi; Restaurant; Fitness center; Wine hour,268,,,,,,,,,,,
950,binary,238,2,55,Ink 48 Hotel,5,Hell's Kitchen,8.1,2527,King Room (1 king bed),1,0,Free WiFi; Rooftop bar; Fitness center; City views,298,92,Kimpton Hotel Eventi,4,Chelsea,8.6,1687,King Room (1 king bed),1,0,Free WiFi; Restaurant; Fitness center; Wine hour,357,,,,,,,,,,,
953,binary,239,1,55,Ink 48 Hotel,5,Hell's Kitchen,8.0,2619,King Room (1 king bed),1,0,Free WiFi; Rooftop bar; Fitness center; City views,516,95,Courtyard by Marriott New York Manhattan/Midtown East,3,Midtown East,7.8,1974,Double Room (2 double beds),1,0,Free WiFi; Fitness center; Restaurant,193,,,,,,,,,,,
954,binary,239,2,55,Ink 48 Hotel,5,Hell's Kitchen,8.0,2349,King Room with City View (1 king bed),1,0,Free WiFi; Rooftop bar; Fitness center; City views,334,95,Courtyard by Marriott New York Manhattan/Midtown East,3,Midtown East,8.0,2154,King Room (1 king bed),1,0,Free WiFi; Fitness center; Restaurant,270,,,,,,,,,,,
957,binary,240,1,55,Ink 48 Hotel,5,Hell's Kitchen,7.9,2572,King Room with City View (1 king bed),0,0,Free WiFi; Rooftop bar; Fitness center; City views,433,119,Hyatt Place New York Midtown South,3,Midtown,8.0,1521,Double Room (2 double beds),1,1,Free WiFi; Breakfast; Fitness center,284,,,,,,,,,,,
958,binary,240,2,55,Ink 48 Hotel,5,Hell's Kitchen,8.0,2379,King Room with City View (1 king bed),0,0,Free WiFi; Rooftop bar; Fitness center; City views,316,119,Hyatt Place New York Midtown South,3,Midtown,8.3,1472,Double Room (2 double beds),1,1,Free WiFi; Breakfast; Fitness center,197,,,,,,,,,,,
961,binary,241,1,55,Ink 48 Hotel,5,Hell's Kitchen,7.9,2420,King Room (1 king bed),1,0,Free WiFi; Rooftop bar; Fitness center; City views,447,151,The St. Regis New York,5,Midtown,8.9,1207,Superior King (1 king bed),1,0,Free WiFi; Butler service; Restaurant; Bar; Fitness center,993,,,,,,,,,,,
962,binary,241,2,55,Ink 48 Hotel,5,Hell's Kitchen,8.2,2664,King Room (1 king bed),0,0,Free WiFi; Rooftop bar; Fitness center; City views,377,151,The St. Regis New York,5,Midtown,8.8,1133,Superior King (1 king bed),0,0,Free WiFi; Butler service; Restaurant; Bar; Fitness center,1122,,,,,,,,,,,
965,binary,242,1,56,The Knickerbocker,5,Times Square,8.6,1892,Premium King (1 king bed),0,0,Free WiFi; Restaurant; Rooftop bar; Fitness center,450,66,The Plaza,5,Midtown,8.5,3578,Deluxe King (1 king bed),1,0,Free WiFi; Spa; Restaurant; Fitness center; Palm Court,1324,,,,,,,,,,,
966,binary,242,2,56,The Knickerbocker,5,Times Square,8.8,1727,Deluxe King (1 king bed),0,0,Free WiFi; Restaurant; Rooftop bar; Fitness center,445,66,The Plaza,5,Midtown,8.6,4041,Deluxe King (1 king bed),0,0,Free WiFi; Spa; Restaurant; Fitness center; Palm Court,784,,,,,,,,,,,
969,binary,243,1,56,The Knickerbocker,5,Times Square,8.7,1869,Deluxe King (1 king bed),0,0,Free WiFi; Restaurant; Rooftop bar; Fitness center,341,107,AC Hotel New York Downtown,4,Financial District,8.0,1159,King Room (1 king bed),0,0,Free WiFi; Fitness center; Restaurant; Bar,235,,,,,,,,,,,
970,binary,243,2,56,The Knickerbocker,5,Times Square,9.0,1773,Deluxe King (1 king bed),1,0,Free WiFi; Restaurant; Rooftop bar; Fitness center,316,107,AC Hotel New York Downtown,4,Financial District,7.9,1273,King Room (1 king bed),1,0,Free WiFi; Fitness center; Restaurant; Bar,242,,,,,,,,,,,
973,binary,244,1,56,The Knickerbocker,5,Times Square,8.9,1786,Premium King (1 king bed),0,0,Free WiFi; Restaurant; Rooftop bar; Fitness center,436,140,NoMo SoHo,4,SoHo,8.2,1087,King Room (1 king bed),0,0,Free WiFi; Restaurant; Bar,447,,,,,,,,,,,
974,binary,244,2,56,The Knickerbocker,5,Times Square,8.8,1811,Premium King (1 king bed),0,0,Free WiFi; Restaurant; Rooftop bar; Fitness center,466,140,NoMo SoHo,4,SoHo,8.0,1126,King Room (1 king bed),0,0,Free WiFi; Restaurant; Bar,381,,,,,,,,,,,
977,binary,245,1,57,Sofitel New York,5,Midtown,8.6,2188,Luxury King (1 king bed),0,0,Free WiFi; Restaurant; Spa; Fitness center,346,108,W New York - Times Square,4,Times Square,7.8,2671,Spectacular King (1 king bed),1,0,Free WiFi; Fitness center; Restaurant; Bar,362,,,,,,,,,,,
978,binary,245,2,57,Sofitel New York,5,Midtown,8.5,2299,Luxury King (1 king bed),0,0,Free WiFi; Restaurant; Spa; Fitness center,484,108,W New York - Times Square,4,Times Square,7.9,2654,Wonderful King (1 king bed),1,0,Free WiFi; Fitness center; Restaurant; Bar,344,,,,,,,,,,,
981,binary,246,1,57,Sofitel New York,5,Midtown,8.6,2496,Superior King (1 king bed),0,0,Free WiFi; Restaurant; Spa; Fitness center,553,151,The St. Regis New York,5,Midtown,8.9,1095,Superior King (1 king bed),0,0,Free WiFi; Butler service; Restaurant; Bar; Fitness center,868,,,,,,,,,,,
982,binary,246,2,57,Sofitel New York,5,Midtown,8.7,2535,Luxury King (1 king bed),1,0,Free WiFi; Restaurant; Spa; Fitness center,430,151,The St. Regis New York,5,Midtown,9.0,1187,Grand Deluxe King (1 king bed),0,0,Free WiFi; Butler service; Restaurant; Bar; Fitness center,1244,,,,,,,,,,,
985,binary,247,1,57,Sofitel New York,5,Midtown,8.5,2214,Luxury King (1 king bed),1,0,Free WiFi; Restaurant; Spa; Fitness center,522,173,"The Lexington Hotel, Autograph Collection",4,Midtown East,8.2,2567,Double Room (2 double beds),1,0,Free WiFi; Fitness center; Restaurant; Bar,214,,,,,,,,,,,
986,binary,247,2,57,Sofitel New York,5,Midtown,8.8,2520,Superior King (1 king bed),0,0,Free WiFi; Restaurant; Spa; Fitness center,508,173,"The Lexington Hotel, Autograph Collection",4,Midtown East,8.0,2970,King Room (1 king bed),1,1,Free WiFi; Fitness center; Restaurant; Bar,413,,,,,,,,,,,
989,binary,248,1,58,The New York EDITION,5,Midtown,7.8,1370,Deluxe King (1 king bed),1,0,Free WiFi; Spa; Restaurant; Fitness center,440,59,The Dominick Hotel,5,SoHo,9.0,1738,Deluxe King with City View (1 king bed),1,0,Free WiFi; Restaurant; Pool; Spa; City views,675,,,,,,,,,,,
990,binary,248,2,58,The New York EDITION,5,Midtown,7.7,1474,Deluxe King (1 king bed),0,0,Free WiFi; Spa; Restaurant; Fitness center,372,59,The Dominick Hotel,5,SoHo,9.0,1664,Superior King (1 king bed),1,1,Free WiFi; Restaurant; Pool; Spa; City views,454,,,,,,,,,,,
993,binary,249,1,58,The New York EDITION,5,Midtown,7.8,1443,Deluxe King (1 king bed),0,1,Free WiFi; Spa; Restaurant; Fitness center,491,64,The Fifth Avenue Hotel,5,NoMad,9.0,452,King Room (1 king bed),1,0,Free WiFi; Restaurant; Butler service; Fitness center,578,,,,,,,,,,,
994,binary,249,2,58,The New York EDITION,5,Midtown,8.0,1351,Deluxe King (1 king bed),1,0,Free WiFi; Spa; Restaurant; Fitness center,350,64,The Fifth Avenue Hotel,5,NoMad,9.3,474,King Room (1 king bed),1,0,Free WiFi; Restaurant; Butler service; Fitness center,880,,,,,,,,,,,
997,binary,250,1,58,The New York EDITION,5,Midtown,7.8,1345,Deluxe King (1 king bed),1,0,Free WiFi; Spa; Restaurant; Fitness center,547,102,Fairfield Inn & Suites New York Manhattan/Downtown East,3,Lower East Side,7.8,983,King Room (1 king bed),1,1,Free WiFi; Breakfast included; Fitness center,231,,,,,,,,,,,
998,binary,250,2,58,The New York EDITION,5,Midtown,7.8,1314,Superior King (1 king bed),0,0,Free WiFi; Spa; Restaurant; Fitness center,476,102,Fairfield Inn & Suites New York Manhattan/Downtown East,3,Lower East Side,7.9,812,Double Room (2 double beds),0,1,Free WiFi; Breakfast included; Fitness center,137,,,,,,,,,,,
1001,binary,251,1,58,The New York EDITION,5,Midtown,7.8,1464,Superior King (1 king bed),1,0,Free WiFi; Spa; Restaurant; Fitness center,433,161,Wythe Hotel,4,"Williamsburg, Brooklyn",8.6,1064,King Room (1 king bed),1,0,Free WiFi; Restaurant; Rooftop bar,388,,,,,,,,,,,
1002,binary,251,2,58,The New York EDITION,5,Midtown,7.7,1274,Deluxe King (1 king bed),0,0,Free WiFi; Spa; Restaurant; Fitness center,332,161,Wythe Hotel,4,"Williamsburg, Brooklyn",8.7,1014,King Room (1 king bed),1,0,Free WiFi; Restaurant; Rooftop bar,363,,,,,,,,,,,
1005,binary,252,1,59,The Dominick Hotel,5,SoHo,8.7,1703,Superior King (1 king bed),1,0,Free WiFi; Restaurant; Pool; Spa; City views,681,72,Hampton Inn Manhattan-Seaport/Financial District,3,Financial District,8.2,1774,King Room (1 king bed),1,1,Free WiFi; Breakfast included; Fitness center,271,,,,,,,,,,,
1006,binary,252,2,59,The Dominick Hotel,5,SoHo,9.1,1826,Superior King (1 king bed),0,1,Free WiFi; Restaurant; Pool; Spa; City views,692,72,Hampton Inn Manhattan-Seaport/Financial District,3,Financial District,8.1,1956,Double Room (2 double beds),1,1,Free WiFi; Breakfast included; Fitness center,192,,,,,,,,,,,
1009,binary,253,1,59,The Dominick Hotel,5,SoHo,9.1,1700,Deluxe King with City View (1 king bed),1,0,Free WiFi; Restaurant; Pool; Spa; City views,538,96,Courtyard by Marriott New York Manhattan/SoHo,3,SoHo,8.1,1484,Double Room (2 double beds),1,0,Free WiFi; Fitness center; Restaurant,367,,,,,,,,,,,
1010,binary,253,2,59,The Dominick Hotel,5,SoHo,9.1,1713,Deluxe King with City View (1 king bed),1,0,Free WiFi; Restaurant; Pool; Spa; City views,440,96,Courtyard by Marriott New York Manhattan/SoHo,3,SoHo,8.0,1413,Double Room (2 double beds),0,0,Free WiFi; Fitness center; Restaurant,320,,,,,,,,,,,
1013,binary,254,1,59,The Dominick Hotel,5,SoHo,8.8,1732,Superior King (1 king bed),0,1,Free WiFi; Restaurant; Pool; Spa; City views,624,134,Pod Brooklyn,3,"Williamsburg, Brooklyn",8.2,792,King Pod (1 king bed),0,0,Free WiFi; Rooftop bar,123,,,,,,,,,,,
1014,binary,254,2,59,The Dominick Hotel,5,SoHo,8.9,1909,Deluxe King with City View (1 king bed),0,0,Free WiFi; Restaurant; Pool; Spa; City views,394,134,Pod Brooklyn,3,"Williamsburg, Brooklyn",8.2,819,Queen Pod (1 queen bed),0,0,Free WiFi; Rooftop bar,95,,,,,,,,,,,
1017,binary,255,1,59,The Dominick Hotel,5,SoHo,8.8,1792,Superior King (1 king bed),0,0,Free WiFi; Restaurant; Pool; Spa; City views,700,138,The Standard East Village,4,East Village,8.4,1089,King Room (1 king bed),1,0,Free WiFi; Restaurant; Bar,313,,,,,,,,,,,
1018,binary,255,2,59,The Dominick Hotel,5,SoHo,8.8,1935,Superior King (1 king bed),1,0,Free WiFi; Restaurant; Pool; Spa; City views,622,138,The Standard East Village,4,East Village,8.5,1310,King Room (1 king bed),0,1,Free WiFi; Restaurant; Bar,349,,,,,,,,,,,
1021,binary,256,1,59,The Dominick Hotel,5,SoHo,8.8,1886,Superior King (1 king bed),0,0,Free WiFi; Restaurant; Pool; Spa; City views,448,151,The St. Regis New York,5,Midtown,8.9,1203,Superior King (1 king bed),1,0,Free WiFi; Butler service; Restaurant; Bar; Fitness center,873,,,,,,,,,,,
1022,binary,256,2,59,The Dominick Hotel,5,SoHo,8.9,1906,Deluxe King with City View (1 king bed),1,0,Free WiFi; Restaurant; Pool; Spa; City views,602,151,The St. Regis New York,5,Midtown,9.1,1049,Superior King (1 king bed),0,1,Free WiFi; Butler service; Restaurant; Bar; Fitness center,930,,,,,,,,,,,
1025,binary,257,1,60,Crosby Street Hotel,5,SoHo,9.6,1095,Luxury King (1 king bed),0,1,Free WiFi; Restaurant; Private theater; Gym; Terrace,782,109,W New York - Union Square,4,Union Square,8.0,1622,Spectacular King (1 king bed),0,0,Free WiFi; Fitness center; Restaurant; Bar,324,,,,,,,,,,,
1026,binary,257,2,60,Crosby Street Hotel,5,SoHo,9.6,1158,Deluxe King (1 king bed),0,0,Free WiFi; Restaurant; Private theater; Gym; Terrace,1147,109,W New York - Union Square,4,Union Square,8.1,1609,Spectacular King (1 king bed),0,0,Free WiFi; Fitness center; Restaurant; Bar,470,,,,,,,,,,,
1029,binary,258,1,60,Crosby Street Hotel,5,SoHo,9.6,1044,Luxury King (1 king bed),1,0,Free WiFi; Restaurant; Private theater; Gym; Terrace,941,116,Hyatt Centric Midtown 5th Avenue New York,4,Midtown,8.3,1902,Queen Room (1 queen bed),0,0,Free WiFi; Fitness center; Restaurant; Bar,309,,,,,,,,,,,
1030,binary,258,2,60,Crosby Street Hotel,5,SoHo,9.3,1159,Deluxe King (1 king bed),0,0,Free WiFi; Restaurant; Private theater; Gym; Terrace,829,116,Hyatt Centric Midtown 5th Avenue New York,4,Midtown,8.4,1978,Queen Room (1 queen bed),0,1,Free WiFi; Fitness center; Restaurant; Bar,367,,,,,,,,,,,
1033,binary,259,1,60,Crosby Street Hotel,5,SoHo,9.4,1119,Luxury King (1 king bed),0,0,Free WiFi; Restaurant; Private theater; Gym; Terrace,696,155,Walker Hotel Tribeca,4,TriBeCa,8.4,541,King Room (1 king bed),0,0,Free WiFi; Restaurant,320,,,,,,,,,,,
1034,binary,259,2,60,Crosby Street Hotel,5,SoHo,9.4,1146,Deluxe King (1 king bed),0,0,Free WiFi; Restaurant; Private theater; Gym; Terrace,802,155,Walker Hotel Tribeca,4,TriBeCa,8.1,480,King Room (1 king bed),0,0,Free WiFi; Restaurant,240,,,,,,,,,,,
1037,binary,260,1,61,The Whitby Hotel,5,Upper Midtown,9.5,831,Deluxe King (1 king bed),1,1,Free WiFi; Restaurant; Screening room; Gym,808,86,Holiday Inn Express Manhattan Midtown West,3,Midtown West,8.0,2147,Double Room (2 double beds),1,1,Free WiFi; Breakfast included; Fitness center,231,,,,,,,,,,,
1038,binary,260,2,61,The Whitby Hotel,5,Upper Midtown,9.5,946,Superior King with Terrace (1 king bed),0,0,Free WiFi; Restaurant; Screening room; Gym,740,86,Holiday Inn Express Manhattan Midtown West,3,Midtown West,8.2,1990,Double Room (2 double beds),1,1,Free WiFi; Breakfast included; Fitness center,188,,,,,,,,,,,
1041,binary,261,1,61,The Whitby Hotel,5,Upper Midtown,9.4,927,Superior King with Terrace (1 king bed),0,0,Free WiFi; Restaurant; Screening room; Gym,645,100,Fairfield Inn & Suites New York Manhattan/Chelsea,3,Chelsea,8.1,1490,King Room (1 king bed),1,1,Free WiFi; Breakfast included; Fitness center,198,,,,,,,,,,,
1042,binary,261,2,61,The Whitby Hotel,5,Upper Midtown,9.2,983,Superior King with Terrace (1 king bed),1,0,Free WiFi; Restaurant; Screening room; Gym,840,100,Fairfield Inn & Suites New York Manhattan/Chelsea,3,Chelsea,7.8,1707,Double Room (2 double beds),1,1,Free WiFi; Breakfast included; Fitness center,256,,,,,,,,,,,
1045,binary,262,1,61,The Whitby Hotel,5,Upper Midtown,9.3,876,Deluxe King (1 king bed),1,0,Free WiFi; Restaurant; Screening room; Gym,832,105,Residence Inn New York Downtown Manhattan,3,Financial District,8.2,1019,One-Bedroom Suite (1 king bed),0,1,Free WiFi; Breakfast included; Kitchen; Fitness center,244,,,,,,,,,,,
1046,binary,262,2,61,The Whitby Hotel,5,Upper Midtown,9.4,819,Deluxe King (1 king bed),0,0,Free WiFi; Restaurant; Screening room; Gym,586,105,Residence Inn New York Downtown Manhattan,3,Financial District,7.9,1060,One-Bedroom Suite (1 king bed),1,1,Free WiFi; Breakfast included; Kitchen; Fitness center,231,,,,,,,,,,,
1049,binary,263,1,61,The Whitby Hotel,5,Upper Midtown,9.3,965,Deluxe King (1 king bed),0,1,Free WiFi; Restaurant; Screening room; Gym,868,122,Park Hyatt New York,5,Midtown,9.1,721,Park Deluxe King (1 king bed),0,0,Free WiFi; Fitness center; Restaurant; Bar; Spa; Pool,1268,,,,,,,,,,,
1050,binary,263,2,61,The Whitby Hotel,5,Upper Midtown,9.4,865,Deluxe King (1 king bed),1,0,Free WiFi; Restaurant; Screening room; Gym,684,122,Park Hyatt New York,5,Midtown,9.2,850,Park Deluxe King (1 king bed),1,0,Free WiFi; Fitness center; Restaurant; Bar; Spa; Pool,832,,,,,,,,,,,
1053,binary,264,1,61,The Whitby Hotel,5,Upper Midtown,9.1,926,Superior King with Terrace (1 king bed),0,1,Free WiFi; Restaurant; Screening room; Gym,833,125,Wyndham New Yorker Hotel,3,Midtown,7.6,4266,Queen Room (1 queen bed),0,0,Free WiFi; Fitness center,166,,,,,,,,,,,
1054,binary,264,2,61,The Whitby Hotel,5,Upper Midtown,9.3,910,Deluxe King (1 king bed),0,0,Free WiFi; Restaurant; Screening room; Gym,910,125,Wyndham New Yorker Hotel,3,Midtown,7.4,4572,King Room (1 king bed),0,0,Free WiFi; Fitness center,178,,,,,,,,,,,
1057,binary,265,1,61,The Whitby Hotel,5,Upper Midtown,9.2,947,Superior King with Terrace (1 king bed),1,0,Free WiFi; Restaurant; Screening room; Gym,646,169,Henry Norman Hotel,4,"Greenpoint, Brooklyn",8.4,508,King Suite (1 king bed),1,0,Free WiFi; Garden,148,,,,,,,,,,,
1058,binary,265,2,61,The Whitby Hotel,5,Upper Midtown,9.4,847,Superior King with Terrace (1 king bed),0,1,Free WiFi; Restaurant; Screening room; Gym,638,169,Henry Norman Hotel,4,"Greenpoint, Brooklyn",8.5,471,King Suite (1 king bed),1,0,Free WiFi; Garden,168,,,,,,,,,,,
1061,binary,266,1,62,Four Seasons Hotel New York Downtown,5,TriBeCa,9.2,598,Premier King with City View (1 king bed),0,0,Free WiFi; Spa; Pool; Restaurant; Fitness center,610,99,Fairfield Inn & Suites New York Manhattan/Times Square,3,Times Square,7.7,2249,King Room (1 king bed),0,1,Free WiFi; Breakfast included; Fitness center,192,,,,,,,,,,,
1062,binary,266,2,62,Four Seasons Hotel New York Downtown,5,TriBeCa,9.2,515,Premier King with City View (1 king bed),1,0,Free WiFi; Spa; Pool; Restaurant; Fitness center,542,99,Fairfield Inn & Suites New York Manhattan/Times Square,3,Times Square,7.6,2397,Double Room (2 double beds),1,0,Free WiFi; Breakfast included; Fitness center,285,,,,,,,,,,,
1065,binary,267,1,62,Four Seasons Hotel New York Downtown,5,TriBeCa,9.1,534,Deluxe King (1 king bed),1,0,Free WiFi; Spa; Pool; Restaurant; Fitness center,931,145,The Langham New York Fifth Avenue,5,Midtown,9.1,689,Premier King (1 king bed),0,0,Free WiFi; Fitness center; Restaurant; Bar; Spa,868,,,,,,,,,,,
1066,binary,267,2,62,Four Seasons Hotel New York Downtown,5,TriBeCa,9.2,546,Premier King with City View (1 king bed),1,0,Free WiFi; Spa; Pool; Restaurant; Fitness center,601,145,The Langham New York Fifth Avenue,5,Midtown,9.1,645,Deluxe King (1 king bed),0,0,Free WiFi; Fitness center; Restaurant; Bar; Spa,535,,,,,,,,,,,
1069,binary,268,1,62,Four Seasons Hotel New York Downtown,5,TriBeCa,9.0,530,Deluxe King (1 king bed),1,0,Free WiFi; Spa; Pool; Restaurant; Fitness center,828,164,Even Hotel Brooklyn,3,Downtown Brooklyn,8.4,684,Queen Room (1 queen bed),0,0,Free WiFi; Fitness center,202,,,,,,,,,,,
1070,binary,268,2,62,Four Seasons Hotel New York Downtown,5,TriBeCa,9.0,563,Deluxe King (1 king bed),0,0,Free WiFi; Spa; Pool; Restaurant; Fitness center,963,164,Even Hotel Brooklyn,3,Downtown Brooklyn,8.2,683,Queen Room (1 queen bed),0,0,Free WiFi; Fitness center,165,,,,,,,,,,,
1073,binary,269,1,63,Baccarat Hotel and Residences New York,5,Midtown,9.2,664,Classic King (1 king bed),1,1,Free WiFi; Spa; Pool; Restaurant; Bar,969,74,Hampton Inn Manhattan-SoHo,3,SoHo,8.3,1408,King Room (1 king bed),0,0,Free WiFi; Breakfast included; Fitness center,270,,,,,,,,,,,
1074,binary,269,2,63,Baccarat Hotel and Residences New York,5,Midtown,9.0,673,Grand King (1 king bed),1,0,Free WiFi; Spa; Pool; Restaurant; Bar,1166,74,Hampton Inn Manhattan-SoHo,3,SoHo,8.2,1284,Double Room (2 double beds),1,1,Free WiFi; Breakfast included; Fitness center,274,,,,,,,,,,,
1077,binary,270,1,63,Baccarat Hotel and Residences New York,5,Midtown,9.0,647,Grand King (1 king bed),1,0,Free WiFi; Spa; Pool; Restaurant; Bar,1022,98,Courtyard by Marriott New York Manhattan/Upper East Side,3,Upper East Side,8.0,1241,King Room (1 king bed),1,0,Free WiFi; Fitness center; Restaurant,298,,,,,,,,,,,
1078,binary,270,2,63,Baccarat Hotel and Residences New York,5,Midtown,9.3,734,Classic King (1 king bed),1,0,Free WiFi; Spa; Pool; Restaurant; Bar,1624,98,Courtyard by Marriott New York Manhattan/Upper East Side,3,Upper East Side,8.0,1284,King Room (1 king bed),0,0,Free WiFi; Fitness center; Restaurant,231,,,,,,,,,,,
1081,binary,271,1,63,Baccarat Hotel and Residences New York,5,Midtown,9.2,699,Grand King (1 king bed),1,0,Free WiFi; Spa; Pool; Restaurant; Bar,1007,105,Residence Inn New York Downtown Manhattan,3,Financial District,8.0,1105,Studio Suite (1 king bed),1,1,Free WiFi; Breakfast included; Kitchen; Fitness center,199,,,,,,,,,,,
1082,binary,271,2,63,Baccarat Hotel and Residences New York,5,Midtown,9.3,726,Classic King (1 king bed),1,0,Free WiFi; Spa; Pool; Restaurant; Bar,841,105,Residence Inn New York Downtown Manhattan,3,Financial District,8.2,1051,Studio Suite (1 king bed),1,1,Free WiFi; Breakfast included; Kitchen; Fitness center,267,,,,,,,,,,,
1085,binary,272,1,64,The Fifth Avenue Hotel,5,NoMad,9.2,457,King Room (1 king bed),1,1,Free WiFi; Restaurant; Butler service; Fitness center,673,95,Courtyard by Marriott New York Manhattan/Midtown East,3,Midtown East,7.9,2164,King Room (1 king bed),1,0,Free WiFi; Fitness center; Restaurant,303,,,,,,,,,,,
1086,binary,272,2,64,The Fifth Avenue Hotel,5,NoMad,9.0,462,King Room (1 king bed),1,1,Free WiFi; Restaurant; Butler service; Fitness center,1008,95,Courtyard by Marriott New York Manhattan/Midtown East,3,Midtown East,7.8,2123,Double Room (2 double beds),0,0,Free WiFi; Fitness center; Restaurant,271,,,,,,,,,,,
1089,binary,273,1,65,The William Vale,5,"Williamsburg, Brooklyn",8.7,2006,Vale King with Balcony (1 king bed),0,0,Free WiFi; Rooftop pool; Restaurant; Fitness center,293,118,Hyatt Centric Wall Street New York,4,Financial District,8.6,1162,King Room (1 king bed),1,0,Free WiFi; Fitness center; Restaurant; Bar,311,,,,,,,,,,,
1090,binary,273,2,65,The William Vale,5,"Williamsburg, Brooklyn",8.7,1993,Vale King (1 king bed),0,0,Free WiFi; Rooftop pool; Restaurant; Fitness center,512,118,Hyatt Centric Wall Street New York,4,Financial District,8.7,1264,King Room (1 king bed),1,0,Free WiFi; Fitness center; Restaurant; Bar,317,,,,,,,,,,,
1093,binary,274,1,65,The William Vale,5,"Williamsburg, Brooklyn",8.7,2211,Vale King with Balcony (1 king bed),1,1,Free WiFi; Rooftop pool; Restaurant; Fitness center,497,124,"The Beekman, A Thompson Hotel",5,Financial District,8.7,1488,Turret Suite (1 king bed),1,0,Free WiFi; Restaurant; Bar; Fitness center; Historic atrium,411,,,,,,,,,,,
1094,binary,274,2,65,The William Vale,5,"Williamsburg, Brooklyn",8.8,2212,Vale King with Balcony (1 king bed),1,0,Free WiFi; Rooftop pool; Restaurant; Fitness center,472,124,"The Beekman, A Thompson Hotel",5,Financial District,8.6,1462,King Room (1 king bed),1,0,Free WiFi; Restaurant; Bar; Fitness center; Historic atrium,370,,,,,,,,,,,
1097,binary,275,1,65,The William Vale,5,"Williamsburg, Brooklyn",9.0,2248,Vale King with Balcony (1 king bed),1,0,Free WiFi; Rooftop pool; Restaurant; Fitness center,450,125,Wyndham New Yorker Hotel,3,Midtown,7.2,4549,King Room (1 king bed),1,0,Free WiFi; Fitness center,148,,,,,,,,,,,
1098,binary,275,2,65,The William Vale,5,"Williamsburg, Brooklyn",9.0,2269,Vale King with Balcony (1 king bed),0,0,Free WiFi; Rooftop pool; Restaurant; Fitness center,370,125,Wyndham New Yorker Hotel,3,Midtown,7.3,4588,Double Room (2 double beds),0,0,Free WiFi; Fitness center,217,,,,,,,,,,,
1101,binary,276,1,65,The William Vale,5,"Williamsburg, Brooklyn",8.7,2313,Vale King (1 king bed),1,0,Free WiFi; Rooftop pool; Restaurant; Fitness center,294,134,Pod Brooklyn,3,"Williamsburg, Brooklyn",8.3,765,King Pod (1 king bed),1,0,Free WiFi; Rooftop bar,101,,,,,,,,,,,
1102,binary,276,2,65,The William Vale,5,"Williamsburg, Brooklyn",8.9,2358,Vale King with Balcony (1 king bed),1,0,Free WiFi; Rooftop pool; Restaurant; Fitness center,438,134,Pod Brooklyn,3,"Williamsburg, Brooklyn",7.9,877,Queen Pod (1 queen bed),0,0,Free WiFi; Rooftop bar,163,,,,,,,,,,,
1105,binary,277,1,65,The William Vale,5,"Williamsburg, Brooklyn",8.8,2407,Vale King (1 king bed),1,0,Free WiFi; Rooftop pool; Restaurant; Fitness center,505,148,"The Carlyle, A Rosewood Hotel",5,Upper East Side,8.9,596,Deluxe King (1 king bed),0,0,Free WiFi; Spa; Restaurant; Live jazz; Fitness center,1157,,,,,,,,,,,
1106,binary,277,2,65,The William Vale,5,"Williamsburg, Brooklyn",8.8,2075,Vale King with Balcony (1 king bed),1,0,Free WiFi; Rooftop pool; Restaurant; Fitness center,328,148,"The Carlyle, A Rosewood Hotel",5,Upper East Side,9.2,654,Superior King (1 king bed),1,1,Free WiFi; Spa; Restaurant; Live jazz; Fitness center,1172,,,,,,,,,,,
1109,binary,278,1,65,The William Vale,5,"Williamsburg, Brooklyn",8.9,2182,Vale King (1 king bed),1,0,Free WiFi; Rooftop pool; Restaurant; Fitness center,327,155,Walker Hotel Tribeca,4,TriBeCa,8.2,528,King Room (1 king bed),1,0,Free WiFi; Restaurant,245,,,,,,,,,,,
1110,binary,278,2,65,The William Vale,5,"Williamsburg, Brooklyn",8.8,1981,Vale King with Balcony (1 king bed),1,1,Free WiFi; Rooftop pool; Restaurant; Fitness center,293,155,Walker Hotel Tribeca,4,TriBeCa,8.0,546,Queen Room (1 queen bed),1,0,Free WiFi; Restaurant,211,,,,,,,,,,,
1113,binary,279,1,65,The William Vale,5,"Williamsburg, Brooklyn",8.7,2337,Vale King with Balcony (1 king bed),1,0,Free WiFi; Rooftop pool; Restaurant; Fitness center,493,165,Hotel Le Bleu,3,"Park Slope, Brooklyn",8.2,537,King Room (1 king bed),0,0,Free WiFi; Restaurant,166,,,,,,,,,,,
1114,binary,279,2,65,The William Vale,5,"Williamsburg, Brooklyn",9.0,2130,Vale King with Balcony (1 king bed),1,0,Free WiFi; Rooftop pool; Restaurant; Fitness center,355,165,Hotel Le Bleu,3,"Park Slope, Brooklyn",8.1,485,Queen Room (1 queen bed),0,0,Free WiFi; Restaurant,169,,,,,,,,,,,
1117,binary,280,1,66,The Plaza,5,Midtown,8.5,3468,Deluxe King (1 king bed),1,0,Free WiFi; Spa; Restaurant; Fitness center; Palm Court,1072,101,Fairfield Inn & Suites New York Brooklyn,3,Brooklyn,7.6,1259,Double Room (2 double beds),1,1,Free WiFi; Breakfast included; Fitness center,151,,,,,,,,,,,
1118,binary,280,2,66,The Plaza,5,Midtown,8.6,3831,Deluxe King (1 king bed),0,0,Free WiFi; Spa; Restaurant; Fitness center; Palm Court,1275,101,Fairfield Inn & Suites New York Brooklyn,3,Brooklyn,7.7,1267,King Room (1 king bed),0,0,Free WiFi; Breakfast included; Fitness center,196,,,,,,,,,,,
1121,binary,281,1,66,The Plaza,5,Midtown,8.7,4004,Deluxe King (1 king bed),1,1,Free WiFi; Spa; Restaurant; Fitness center; Palm Court,1176,114,Sheraton Brooklyn New York Hotel,4,Downtown Brooklyn,7.6,1377,Double Room (2 double beds),1,0,Free WiFi; Restaurant; Fitness center; Pool,201,,,,,,,,,,,
1122,binary,281,2,66,The Plaza,5,Midtown,8.4,3974,Superior King (1 king bed),0,0,Free WiFi; Spa; Restaurant; Fitness center; Palm Court,945,114,Sheraton Brooklyn New York Hotel,4,Downtown Brooklyn,7.7,1502,King Room (1 king bed),0,0,Free WiFi; Restaurant; Fitness center; Pool,221,,,,,,,,,,,
1125,binary,282,1,66,The Plaza,5,Midtown,8.6,3540,Superior King (1 king bed),1,1,Free WiFi; Spa; Restaurant; Fitness center; Palm Court,854,149,Lotte New York Palace,5,Midtown East,8.4,2058,Deluxe King (1 king bed),0,0,Free WiFi; Fitness center; Restaurant; Bar; Spa,539,,,,,,,,,,,
1126,binary,282,2,66,The Plaza,5,Midtown,8.5,3978,Superior King (1 king bed),1,0,Free WiFi; Spa; Restaurant; Fitness center; Palm Court,1004,149,Lotte New York Palace,5,Midtown East,8.4,2308,Deluxe King (1 king bed),1,0,Free WiFi; Fitness center; Restaurant; Bar; Spa,661,,,,,,,,,,,
1129,binary,283,1,67,Equinox Hotel New York,5,Hudson Yards,8.9,770,King Room (1 king bed),0,0,Free WiFi; Rooftop pool; Spa; Fitness center; Restaurant,960,74,Hampton Inn Manhattan-SoHo,3,SoHo,8.4,1297,King Room (1 king bed),1,1,Free WiFi; Breakfast included; Fitness center,230,,,,,,,,,,,
1130,binary,283,2,67,Equinox Hotel New York,5,Hudson Yards,8.6,929,Premium King (1 king bed),0,0,Free WiFi; Rooftop pool; Spa; Fitness center; Restaurant,1143,74,Hampton Inn Manhattan-SoHo,3,SoHo,8.2,1358,King Room (1 king bed),1,1,Free WiFi; Breakfast included; Fitness center,242,,,,,,,,,,,
1133,binary,284,1,67,Equinox Hotel New York,5,Hudson Yards,8.8,833,King Room (1 king bed),1,1,Free WiFi; Rooftop pool; Spa; Fitness center; Restaurant,861,89,Crowne Plaza Times Square Manhattan,4,Times Square,7.5,4857,Double Room (2 double beds),0,0,Free WiFi; Fitness center; Restaurant; Bar,239,,,,,,,,,,,
1134,binary,284,2,67,Equinox Hotel New York,5,Hudson Yards,8.9,773,King Room (1 king bed),1,0,Free WiFi; Rooftop pool; Spa; Fitness center; Restaurant,870,89,Crowne Plaza Times Square Manhattan,4,Times Square,7.6,4067,King Room (1 king bed),1,0,Free WiFi; Fitness center; Restaurant; Bar,327,,,,,,,,,,,
1137,binary,285,1,67,Equinox Hotel New York,5,Hudson Yards,8.7,925,King Room (1 king bed),1,0,Free WiFi; Rooftop pool; Spa; Fitness center; Restaurant,923,93,Kimpton Muse Hotel,4,Times Square,8.5,1313,Queen Room (1 queen bed),1,1,Free WiFi; Restaurant; Bar; Wine hour,373,,,,,,,,,,,
1138,binary,285,2,67,Equinox Hotel New York,5,Hudson Yards,8.6,869,Premium King (1 king bed),1,0,Free WiFi; Rooftop pool; Spa; Fitness center; Restaurant,986,93,Kimpton Muse Hotel,4,Times Square,8.6,1237,Queen Room (1 queen bed),0,0,Free WiFi; Restaurant; Bar; Wine hour,253,,,,,,,,,,,
1141,binary,286,1,67,Equinox Hotel New York,5,Hudson Yards,8.8,784,King Room (1 king bed),1,0,Free WiFi; Rooftop pool; Spa; Fitness center; Restaurant,571,144,1 Hotel Central Park,5,Midtown,8.8,1285,King Room (1 king bed),1,0,Free WiFi; Restaurant; Spa; Fitness center,795,,,,,,,,,,,
1142,binary,286,2,67,Equinox Hotel New York,5,Hudson Yards,8.9,796,Premium King (1 king bed),1,0,Free WiFi; Rooftop pool; Spa; Fitness center; Restaurant,1057,144,1 Hotel Central Park,5,Midtown,8.6,1207,King Room (1 king bed),0,0,Free WiFi; Restaurant; Spa; Fitness center,574,,,,,,,,,,,
1145,binary,287,1,67,Equinox Hotel New York,5,Hudson Yards,8.6,807,Premium King (1 king bed),0,0,Free WiFi; Rooftop pool; Spa; Fitness center; Restaurant,1070,148,"The Carlyle, A Rosewood Hotel",5,Upper East Side,8.9,654,Deluxe King (1 king bed),1,0,Free WiFi; Spa; Restaurant; Live jazz; Fitness center,1223,,,,,,,,,,,
1146,binary,287,2,67,Equinox Hotel New York,5,Hudson Yards,8.6,810,Premium King (1 king bed),0,0,Free WiFi; Rooftop pool; Spa; Fitness center; Restaurant,1131,148,"The Carlyle, A Rosewood Hotel",5,Upper East Side,9.1,594,Superior King (1 king bed),0,0,Free WiFi; Spa; Restaurant; Live jazz; Fitness center,1351,,,,,,,,,,,
1149,binary,288,1,68,Hampton Inn Manhattan-Chelsea,3,Chelsea,8.1,3016,Double Room (2 double beds),1,1,Free WiFi; Breakfast included; Fitness center,289,130,The Jane Hotel,2,West Village,7.2,2425,Captain's Cabin (1 queen bed),0,0,Free WiFi; Bar; Ballroom,155,,,,,,,,,,,
1150,binary,288,2,68,Hampton Inn Manhattan-Chelsea,3,Chelsea,8.1,2927,King Room (1 king bed),0,1,Free WiFi; Breakfast included; Fitness center,210,130,The Jane Hotel,2,West Village,7.4,2299,Captain's Cabin (1 queen bed),0,0,Free WiFi; Bar; Ballroom,87,,,,,,,,,,,
1153,binary,289,1,68,Hampton Inn Manhattan-Chelsea,3,Chelsea,8.2,2879,Double Room (2 double beds),1,1,Free WiFi; Breakfast included; Fitness center,229,152,Arlo Midtown,3,Times Square,7.9,1751,King Room (1 king bed),0,0,Free WiFi; Rooftop bar; Restaurant,148,,,,,,,,,,,
1154,binary,289,2,68,Hampton Inn Manhattan-Chelsea,3,Chelsea,8.4,2769,King Room (1 king bed),0,1,Free WiFi; Breakfast included; Fitness center,193,152,Arlo Midtown,3,Times Square,7.8,1879,King Room (1 king bed),0,0,Free WiFi; Rooftop bar; Restaurant,246,,,,,,,,,,,
1157,binary,290,1,69,Hampton Inn Manhattan/Times Square South,3,Times Square,8.5,3075,Double Room (2 double beds),1,1,Free WiFi; Breakfast included; Fitness center,308,82,DoubleTree by Hilton New York Midtown Fifth Ave,4,Midtown,7.9,2081,King Room (1 king bed),1,0,Free WiFi; Restaurant; Fitness center,215,,,,,,,,,,,
1158,binary,290,2,69,Hampton Inn Manhattan/Times Square South,3,Times Square,8.2,3214,King Room (1 king bed),1,1,Free WiFi; Breakfast included; Fitness center,299,82,DoubleTree by Hilton New York Midtown Fifth Ave,4,Midtown,8.0,2022,Double Room (2 double beds),1,0,Free WiFi; Restaurant; Fitness center,241,,,,,,,,,,,
1161,binary,291,1,69,Hampton Inn Manhattan/Times Square South,3,Times Square,8.4,2883,King Room (1 king bed),1,1,Free WiFi; Breakfast included; Fitness center,277,114,Sheraton Brooklyn New York Hotel,4,Downtown Brooklyn,7.9,1388,King Room (1 king bed),0,0,Free WiFi; Restaurant; Fitness center; Pool,234,,,,,,,,,,,
1162,binary,291,2,69,Hampton Inn Manhattan/Times Square South,3,Times Square,8.1,2948,King Room (1 king bed),0,1,Free WiFi; Breakfast included; Fitness center,274,114,Sheraton Brooklyn New York Hotel,4,Downtown Brooklyn,8.0,1375,King Room (1 king bed),1,0,Free WiFi; Restaurant; Fitness center; Pool,186,,,,,,,,,,,
1165,binary,292,1,69,Hampton Inn Manhattan/Times Square South,3,Times Square,8.5,3345,Double Room (2 double beds),1,1,Free WiFi; Breakfast included; Fitness center,285,117,Hyatt Centric Times Square New York,4,Times Square,8.2,2367,Queen Room (1 queen bed),1,0,Free WiFi; Fitness center; Restaurant; Bar,388,,,,,,,,,,,
1166,binary,292,2,69,Hampton Inn Manhattan/Times Square South,3,Times Square,8.3,2993,Double Room (2 double beds),1,0,Free WiFi; Breakfast included; Fitness center,288,117,Hyatt Centric Times Square New York,4,Times Square,8.2,2070,King Room (1 king bed),0,0,Free WiFi; Fitness center; Restaurant; Bar,369,,,,,,,,,,,
1169,binary,293,1,69,Hampton Inn Manhattan/Times Square South,3,Times Square,8.2,3195,Double Room (2 double beds),0,0,Free WiFi; Breakfast included; Fitness center,249,168,The Boro Hotel,4,"Long Island City, Queens",8.4,804,Queen Room (1 queen bed),0,0,Free WiFi; Bar; Manhattan views,241,,,,,,,,,,,
1170,binary,293,2,69,Hampton Inn Manhattan/Times Square South,3,Times Square,8.4,3110,King Room (1 king bed),0,1,Free WiFi; Breakfast included; Fitness center,322,168,The Boro Hotel,4,"Long Island City, Queens",8.4,838,Queen Room (1 queen bed),1,0,Free WiFi; Bar; Manhattan views,215,,,,,,,,,,,
1173,binary,294,1,70,Hampton Inn Manhattan Grand Central,3,Midtown East,8.2,2603,Double Room (2 double beds),0,1,Free WiFi; Breakfast included; Fitness center,276,111,The Westin New York at Times Square,4,Times Square,8.0,4270,King Room (1 king bed),1,1,Free WiFi; Restaurant; Fitness center; Bar,332,,,,,,,,,,,
1174,binary,294,2,70,Hampton Inn Manhattan Grand Central,3,Midtown East,8.6,2419,King Room (1 king bed),0,0,Free WiFi; Breakfast included; Fitness center,224,111,The Westin New York at Times Square,4,Times Square,7.7,4486,King Room (1 king bed),0,0,Free WiFi; Restaurant; Fitness center; Bar,259,,,,,,,,,,,
1177,binary,295,1,71,Hampton Inn Manhattan-35th St/Empire State Bldg,3,Midtown,8.3,2433,King Room (1 king bed),1,1,Free WiFi; Breakfast included; Fitness center,196,86,Holiday Inn Express Manhattan Midtown West,3,Midtown West,8.0,2253,Double Room (2 double beds),0,1,Free WiFi; Breakfast included; Fitness center,188,,,,,,,,,,,
1178,binary,295,2,71,Hampton Inn Manhattan-35th St/Empire State Bldg,3,Midtown,8.4,2634,King Room (1 king bed),1,1,Free WiFi; Breakfast included; Fitness center,183,86,Holiday Inn Express Manhattan Midtown West,3,Midtown West,7.9,2172,Double Room (2 double beds),0,1,Free WiFi; Breakfast included; Fitness center,181,,,,,,,,,,,
1181,binary,296,1,71,Hampton Inn Manhattan-35th St/Empire State Bldg,3,Midtown,8.3,2421,King Room (1 king bed),0,0,Free WiFi; Breakfast included; Fitness center,205,141,The Greenwich Hotel,5,TriBeCa,9.4,460,King Room (1 king bed),0,0,Free WiFi; Restaurant; Spa; Pool; Fitness center,707,,,,,,,,,,,
1182,binary,296,2,71,Hampton Inn Manhattan-35th St/Empire State Bldg,3,Midtown,8.1,2239,Double Room (2 double beds),1,1,Free WiFi; Breakfast included; Fitness center,180,141,The Greenwich Hotel,5,TriBeCa,9.4,467,Deluxe King (1 king bed),0,0,Free WiFi; Restaurant; Spa; Pool; Fitness center,991,,,,,,,,,,,
1185,binary,297,1,71,Hampton Inn Manhattan-35th St/Empire State Bldg,3,Midtown,8.0,2610,Double Room (2 double beds),0,1,Free WiFi; Breakfast included; Fitness center,244,152,Arlo Midtown,3,Times Square,8.0,1677,King Room (1 king bed),1,0,Free WiFi; Rooftop bar; Restaurant,247,,,,,,,,,,,
1186,binary,297,2,71,Hampton Inn Manhattan-35th St/Empire State Bldg,3,Midtown,8.0,2209,Double Room (2 double beds),0,1,Free WiFi; Breakfast included; Fitness center,216,152,Arlo Midtown,3,Times Square,8.2,1873,Queen Room (1 queen bed),0,0,Free WiFi; Rooftop bar; Restaurant,189,,,,,,,,,,,
1189,binary,298,1,72,Hampton Inn Manhattan-Seaport/Financial District,3,Financial District,7.9,1939,King Room (1 king bed),0,1,Free WiFi; Breakfast included; Fitness center,227,101,Fairfield Inn & Suites New York Brooklyn,3,Brooklyn,7.9,1281,King Room (1 king bed),0,1,Free WiFi; Breakfast included; Fitness center,126,,,,,,,,,,,
1190,binary,298,2,72,Hampton Inn Manhattan-Seaport/Financial District,3,Financial District,8.3,1975,Double Room (2 double beds),1,1,Free WiFi; Breakfast included; Fitness center,249,101,Fairfield Inn & Suites New York Brooklyn,3,Brooklyn,7.5,1223,Double Room (2 double beds),1,1,Free WiFi; Breakfast included; Fitness center,130,,,,,,,,,,,
1193,binary,299,1,72,Hampton Inn Manhattan-Seaport/Financial District,3,Financial District,8.0,1798,King Room (1 king bed),1,1,Free WiFi; Breakfast included; Fitness center,264,112,Sheraton New York Times Square Hotel,4,Times Square,7.4,5220,King Room (1 king bed),1,0,Free WiFi; Fitness center; Restaurant; Bar,330,,,,,,,,,,,
1194,binary,299,2,72,Hampton Inn Manhattan-Seaport/Financial District,3,Financial District,8.2,1649,Double Room (2 double beds),1,1,Free WiFi; Breakfast included; Fitness center,243,112,Sheraton New York Times Square Hotel,4,Times Square,7.7,5677,Double Room (2 double beds),1,0,Free WiFi; Fitness center; Restaurant; Bar,289,,,,,,,,,,,
1197,binary,300,1,72,Hampton Inn Manhattan-Seaport/Financial District,3,Financial District,8.2,1797,Double Room (2 double beds),1,1,Free WiFi; Breakfast included; Fitness center,218,114,Sheraton Brooklyn New York Hotel,4,Downtown Brooklyn,7.7,1428,Double Room (2 double beds),0,1,Free WiFi; Restaurant; Fitness center; Pool,225,,,,,,,,,,,
1198,binary,300,2,72,Hampton Inn Manhattan-Seaport/Financial District,3,Financial District,7.9,1844,King Room (1 king bed),1,0,Free WiFi; Breakfast included; Fitness center,260,114,Sheraton Brooklyn New York Hotel,4,Downtown Brooklyn,7.9,1528,Double Room (2 double beds),0,0,Free WiFi; Restaurant; Fitness center; Pool,154,,,,,,,,,,,
1201,binary,301,1,72,Hampton Inn Manhattan-Seaport/Financial District,3,Financial District,8.2,1914,Double Room (2 double beds),1,1,Free WiFi; Breakfast included; Fitness center,254,165,Hotel Le Bleu,3,"Park Slope, Brooklyn",8.1,515,King Room (1 king bed),1,0,Free WiFi; Restaurant,205,,,,,,,,,,,
1202,binary,301,2,72,Hampton Inn Manhattan-Seaport/Financial District,3,Financial District,8.2,1979,Double Room (2 double beds),0,1,Free WiFi; Breakfast included; Fitness center,252,165,Hotel Le Bleu,3,"Park Slope, Brooklyn",7.9,454,Queen Room (1 queen bed),1,0,Free WiFi; Restaurant,115,,,,,,,,,,,
1205,binary,302,1,72,Hampton Inn Manhattan-Seaport/Financial District,3,Financial District,8.1,1793,King Room (1 king bed),1,1,Free WiFi; Breakfast included; Fitness center,285,168,The Boro Hotel,4,"Long Island City, Queens",8.3,848,King Room (1 king bed),1,0,Free WiFi; Bar; Manhattan views,207,,,,,,,,,,,
1206,binary,302,2,72,Hampton Inn Manhattan-Seaport/Financial District,3,Financial District,8.2,1625,Double Room (2 double beds),0,1,Free WiFi; Breakfast included; Fitness center,170,168,The Boro Hotel,4,"Long Island City, Queens",8.3,855,King Room (1 king bed),1,0,Free WiFi; Bar; Manhattan views,148,,,,,,,,,,,
1209,binary,303,1,73,Hampton Inn Manhattan/Downtown-Financial District,3,Financial District,8.1,1531,Double Room (2 double beds),1,1,Free WiFi; Breakfast included; Fitness center,251,95,Courtyard by Marriott New York Manhattan/Midtown East,3,Midtown East,7.9,1956,King Room (1 king bed),1,0,Free WiFi; Fitness center; Restaurant,330,,,,,,,,,,,
1210,binary,303,2,73,Hampton Inn Manhattan/Downtown-Financial District,3,Financial District,7.8,1658,King Room (1 king bed),1,1,Free WiFi; Breakfast included; Fitness center,215,95,Courtyard by Marriott New York Manhattan/Midtown East,3,Midtown East,7.9,2095,Double Room (2 double beds),1,1,Free WiFi; Fitness center; Restaurant,281,,,,,,,,,,,
1213,binary,304,1,73,Hampton Inn Manhattan/Downtown-Financial District,3,Financial District,8.1,1484,King Room (1 king bed),0,1,Free WiFi; Breakfast included; Fitness center,274,116,Hyatt Centric Midtown 5th Avenue New York,4,Midtown,8.5,1945,Queen Room (1 queen bed),1,0,Free WiFi; Fitness center; Restaurant; Bar,262,,,,,,,,,,,
1214,binary,304,2,73,Hampton Inn Manhattan/Downtown-Financial District,3,Financial District,7.8,1515,King Room (1 king bed),1,1,Free WiFi; Breakfast included; Fitness center,201,116,Hyatt Centric Midtown 5th Avenue New York,4,Midtown,8.2,1701,Queen Room (1 queen bed),1,0,Free WiFi; Fitness center; Restaurant; Bar,318,,,,,,,,,,,
1217,binary,305,1,73,Hampton Inn Manhattan/Downtown-Financial District,3,Financial District,8.0,1662,King Room (1 king bed),1,1,Free WiFi; Breakfast included; Fitness center,217,125,Wyndham New Yorker Hotel,3,Midtown,7.3,4541,Queen Room (1 queen bed),1,0,Free WiFi; Fitness center,184,,,,,,,,,,,
1218,binary,305,2,73,Hampton Inn Manhattan/Downtown-Financial District,3,Financial District,7.8,1690,Double Room (2 double beds),1,1,Free WiFi; Breakfast included; Fitness center,252,125,Wyndham New Yorker Hotel,3,Midtown,7.5,3785,Double Room (2 double beds),0,0,Free WiFi; Fitness center,123,,,,,,,,,,,
1221,binary,306,1,73,Hampton Inn Manhattan/Downtown-Financial District,3,Financial District,7.9,1539,King Room (1 king bed),0,1,Free WiFi; Breakfast included; Fitness center,197,162,McCarren Hotel & Pool,4,"Williamsburg, Brooklyn",7.9,856,King Room (1 king bed),1,0,Free WiFi; Pool; Restaurant,217,,,,,,,,,,,
1222,binary,306,2,73,Hampton Inn Manhattan/Downtown-Financial District,3,Financial District,8.0,1671,Double Room (2 double beds),0,1,Free WiFi; Breakfast included; Fitness center,141,162,McCarren Hotel & Pool,4,"Williamsburg, Brooklyn",8.1,877,Queen Room (1 queen bed),0,0,Free WiFi; Pool; Restaurant,255,,,,,,,,,,,
1225,binary,307,1,74,Hampton Inn Manhattan-SoHo,3,SoHo,8.2,1440,Double Room (2 double beds),0,1,Free WiFi; Breakfast included; Fitness center,317,91,InterContinental New York Barclay,5,Midtown East,8.7,1481,Deluxe King (1 king bed),1,0,Free WiFi; Fitness center; Restaurant; Bar; Spa,675,,,,,,,,,,,
1226,binary,307,2,74,Hampton Inn Manhattan-SoHo,3,SoHo,8.2,1299,Double Room (2 double beds),1,0,Free WiFi; Breakfast included; Fitness center,281,91,InterContinental New York Barclay,5,Midtown East,8.9,1593,Deluxe King (1 king bed),1,0,Free WiFi; Fitness center; Restaurant; Bar; Spa,561,,,,,,,,,,,
1229,binary,308,1,74,Hampton Inn Manhattan-SoHo,3,SoHo,8.4,1303,King Room (1 king bed),0,1,Free WiFi; Breakfast included; Fitness center,289,97,Courtyard by Marriott New York Downtown Manhattan,3,Financial District,8.1,1740,King Room (1 king bed),1,1,Free WiFi; Fitness center; Restaurant,265,,,,,,,,,,,
1230,binary,308,2,74,Hampton Inn Manhattan-SoHo,3,SoHo,8.3,1395,King Room (1 king bed),0,1,Free WiFi; Breakfast included; Fitness center,173,97,Courtyard by Marriott New York Downtown Manhattan,3,Financial District,8.1,1908,Double Room (2 double beds),0,1,Free WiFi; Fitness center; Restaurant,268,,,,,,,,,,,
1233,binary,309,1,74,Hampton Inn Manhattan-SoHo,3,SoHo,8.4,1510,Double Room (2 double beds),0,1,Free WiFi; Breakfast included; Fitness center,228,106,AC Hotel New York Times Square,4,Times Square,8.1,1989,Queen Room (1 queen bed),1,0,Free WiFi; Fitness center; Restaurant; Bar,212,,,,,,,,,,,
1234,binary,309,2,74,Hampton Inn Manhattan-SoHo,3,SoHo,8.2,1262,Double Room (2 double beds),1,1,Free WiFi; Breakfast included; Fitness center,309,106,AC Hotel New York Times Square,4,Times Square,8.2,2185,Queen Room (1 queen bed),1,0,Free WiFi; Fitness center; Restaurant; Bar,308,,,,,,,,,,,
1237,binary,310,1,74,Hampton Inn Manhattan-SoHo,3,SoHo,8.2,1309,King Room (1 king bed),1,1,Free WiFi; Breakfast included; Fitness center,315,114,Sheraton Brooklyn New York Hotel,4,Downtown Brooklyn,7.7,1303,Double Room (2 double beds),1,0,Free WiFi; Restaurant; Fitness center; Pool,226,,,,,,,,,,,
1238,binary,310,2,74,Hampton Inn Manhattan-SoHo,3,SoHo,8.2,1439,Double Room (2 double beds),1,0,Free WiFi; Breakfast included; Fitness center,211,114,Sheraton Brooklyn New York Hotel,4,Downtown Brooklyn,7.7,1467,Double Room (2 double beds),0,0,Free WiFi; Restaurant; Fitness center; Pool,229,,,,,,,,,,,
1241,binary,311,1,74,Hampton Inn Manhattan-SoHo,3,SoHo,8.2,1501,King Room (1 king bed),1,1,Free WiFi; Breakfast included; Fitness center,273,140,NoMo SoHo,4,SoHo,8.2,1073,King Room (1 king bed),1,0,Free WiFi; Restaurant; Bar,315,,,,,,,,,,,
1242,binary,311,2,74,Hampton Inn Manhattan-SoHo,3,SoHo,8.4,1465,King Room (1 king bed),1,1,Free WiFi; Breakfast included; Fitness center,215,140,NoMo SoHo,4,SoHo,8.4,993,King Room (1 king bed),1,0,Free WiFi; Restaurant; Bar,403,,,,,,,,,,,
1245,binary,312,1,74,Hampton Inn Manhattan-SoHo,3,SoHo,8.3,1345,King Room (1 king bed),1,1,Free WiFi; Breakfast included; Fitness center,312,144,1 Hotel Central Park,5,Midtown,8.5,1150,King Room (1 king bed),0,0,Free WiFi; Restaurant; Spa; Fitness center,708,,,,,,,,,,,
1246,binary,312,2,74,Hampton Inn Manhattan-SoHo,3,SoHo,8.4,1525,King Room (1 king bed),1,1,Free WiFi; Breakfast included; Fitness center,241,144,1 Hotel Central Park,5,Midtown,8.6,1251,Queen Room (1 queen bed),1,0,Free WiFi; Restaurant; Spa; Fitness center,715,,,,,,,,,,,
1249,binary,313,1,75,Hilton Garden Inn New York/Midtown Park Avenue,3,Midtown East,7.9,2373,Double Room (2 double beds),0,0,Free WiFi; Restaurant; Fitness center; Business center,181,105,Residence Inn New York Downtown Manhattan,3,Financial District,8.0,1046,One-Bedroom Suite (1 king bed),0,1,Free WiFi; Breakfast included; Kitchen; Fitness center,197,,,,,,,,,,,
1250,binary,313,2,75,Hilton Garden Inn New York/Midtown Park Avenue,3,Midtown East,8.0,2393,King Room (1 king bed),0,0,Free WiFi; Restaurant; Fitness center; Business center,210,105,Residence Inn New York Downtown Manhattan,3,Financial District,8.0,1040,One-Bedroom Suite (1 king bed),1,0,Free WiFi; Breakfast included; Kitchen; Fitness center,177,,,,,,,,,,,
1253,binary,314,1,75,Hilton Garden Inn New York/Midtown Park Avenue,3,Midtown East,8.2,2405,Double Room (2 double beds),0,0,Free WiFi; Restaurant; Fitness center; Business center,287,133,HI New York City Hostel,1,Upper West Side,6.9,2968,Private Room (1 double bed),1,0,Free WiFi; Shared kitchen; Lounge,84,,,,,,,,,,,
1254,binary,314,2,75,Hilton Garden Inn New York/Midtown Park Avenue,3,Midtown East,8.1,1991,Double Room (2 double beds),0,0,Free WiFi; Restaurant; Fitness center; Business center,218,133,HI New York City Hostel,1,Upper West Side,6.9,3003,Private Room (1 double bed),0,0,Free WiFi; Shared kitchen; Lounge,61,,,,,,,,,,,
1257,binary,315,1,75,Hilton Garden Inn New York/Midtown Park Avenue,3,Midtown East,8.2,2344,King Room (1 king bed),0,0,Free WiFi; Restaurant; Fitness center; Business center,187,140,NoMo SoHo,4,SoHo,8.3,1123,Queen Room (1 queen bed),1,0,Free WiFi; Restaurant; Bar,477,,,,,,,,,,,
1258,binary,315,2,75,Hilton Garden Inn New York/Midtown Park Avenue,3,Midtown East,8.1,2133,King Room (1 king bed),0,0,Free WiFi; Restaurant; Fitness center; Business center,171,140,NoMo SoHo,4,SoHo,8.3,1177,Queen Room (1 queen bed),0,0,Free WiFi; Restaurant; Bar,369,,,,,,,,,,,
1261,binary,316,1,75,Hilton Garden Inn New York/Midtown Park Avenue,3,Midtown East,8.3,2098,King Room (1 king bed),1,1,Free WiFi; Restaurant; Fitness center; Business center,206,168,The Boro Hotel,4,"Long Island City, Queens",8.5,737,Queen Room (1 queen bed),0,0,Free WiFi; Bar; Manhattan views,150,,,,,,,,,,,
1262,binary,316,2,75,Hilton Garden Inn New York/Midtown Park Avenue,3,Midtown East,8.1,2317,Double Room (2 double beds),1,1,Free WiFi; Restaurant; Fitness center; Business center,310,168,The Boro Hotel,4,"Long Island City, Queens",8.4,786,King Room (1 king bed),1,0,Free WiFi; Bar; Manhattan views,189,,,,,,,,,,,
1265,binary,317,1,76,Hilton Garden Inn New York/Manhattan-Chelsea,3,Chelsea,8.0,1901,Double Room (2 double beds),0,0,Free WiFi; Restaurant; Fitness center; Business center,200,95,Courtyard by Marriott New York Manhattan/Midtown East,3,Midtown East,7.8,2112,King Room (1 king bed),1,0,Free WiFi; Fitness center; Restaurant,239,,,,,,,,,,,
1266,binary,317,2,76,Hilton Garden Inn New York/Manhattan-Chelsea,3,Chelsea,8.1,1796,King Room (1 king bed),1,0,Free WiFi; Restaurant; Fitness center; Business center,263,95,Courtyard by Marriott New York Manhattan/Midtown East,3,Midtown East,7.9,1883,King Room (1 king bed),1,1,Free WiFi; Fitness center; Restaurant,287,,,,,,,,,,,
1269,binary,318,1,77,Hilton Garden Inn New York/Central Park South,3,Midtown,8.3,1976,Double Room (2 double beds),0,0,Free WiFi; Restaurant; Fitness center; Business center,217,88,Crowne Plaza HY36 Midtown Manhattan,4,Midtown,8.5,2324,King Room (1 king bed),1,0,Free WiFi; Fitness center; Restaurant; Bar,307,,,,,,,,,,,
1270,binary,318,2,77,Hilton Garden Inn New York/Central Park South,3,Midtown,8.3,2061,Double Room (2 double beds),0,0,Free WiFi; Restaurant; Fitness center; Business center,183,88,Crowne Plaza HY36 Midtown Manhattan,4,Midtown,8.5,2060,King Room (1 king bed),0,0,Free WiFi; Fitness center; Restaurant; Bar,265,,,,,,,,,,,
1273,binary,319,1,77,Hilton Garden Inn New York/Central Park South,3,Midtown,8.5,1903,Double Room (2 double beds),1,0,Free WiFi; Restaurant; Fitness center; Business center,322,124,"The Beekman, A Thompson Hotel",5,Financial District,8.8,1373,King Room (1 king bed),0,0,Free WiFi; Restaurant; Bar; Fitness center; Historic atrium,498,,,,,,,,,,,
1274,binary,319,2,77,Hilton Garden Inn New York/Central Park South,3,Midtown,8.2,2118,King Room (1 king bed),0,1,Free WiFi; Restaurant; Fitness center; Business center,228,124,"The Beekman, A Thompson Hotel",5,Financial District,8.7,1447,Turret Suite (1 king bed),0,0,Free WiFi; Restaurant; Bar; Fitness center; Historic atrium,522,,,,,,,,,,,
1277,binary,320,1,77,Hilton Garden Inn New York/Central Park South,3,Midtown,8.2,2128,Double Room (2 double beds),1,1,Free WiFi; Restaurant; Fitness center; Business center,191,138,The Standard East Village,4,East Village,8.4,1157,Queen Room (1 queen bed),0,0,Free WiFi; Restaurant; Bar,244,,,,,,,,,,,
1278,binary,320,2,77,Hilton Garden Inn New York/Central Park South,3,Midtown,8.4,2072,King Room (1 king bed),0,1,Free WiFi; Restaurant; Fitness center; Business center,271,138,The Standard East Village,4,East Village,8.1,1320,Queen Room (1 queen bed),0,0,Free WiFi; Restaurant; Bar,325,,,,,,,,,,,
1281,binary,321,1,78,Hilton Garden Inn New York/Times Square,3,Times Square,8.1,2547,Double Room (2 double beds),1,0,Free WiFi; Restaurant; Fitness center; Business center,306,80,DoubleTree by Hilton New York Times Square South,4,Times Square,7.6,2607,Double Room (2 double beds),1,0,Free WiFi; Restaurant; Fitness center,211,,,,,,,,,,,
1282,binary,321,2,78,Hilton Garden Inn New York/Times Square,3,Times Square,8.0,2467,King Room (1 king bed),0,0,Free WiFi; Restaurant; Fitness center; Business center,253,80,DoubleTree by Hilton New York Times Square South,4,Times Square,7.6,2978,King Room (1 king bed),0,0,Free WiFi; Restaurant; Fitness center,239,,,,,,,,,,,
1285,binary,322,1,78,Hilton Garden Inn New York/Times Square,3,Times Square,8.0,2241,Double Room (2 double beds),1,0,Free WiFi; Restaurant; Fitness center; Business center,330,91,InterContinental New York Barclay,5,Midtown East,8.7,1451,Deluxe King (1 king bed),0,0,Free WiFi; Fitness center; Restaurant; Bar; Spa,552,,,,,,,,,,,
1286,binary,322,2,78,Hilton Garden Inn New York/Times Square,3,Times Square,8.0,2166,Double Room (2 double beds),1,1,Free WiFi; Restaurant; Fitness center; Business center,197,91,InterContinental New York Barclay,5,Midtown East,8.7,1479,Premium King (1 king bed),1,0,Free WiFi; Fitness center; Restaurant; Bar; Spa,567,,,,,,,,,,,
1289,binary,323,1,78,Hilton Garden Inn New York/Times Square,3,Times Square,7.9,2470,King Room (1 king bed),0,1,Free WiFi; Restaurant; Fitness center; Business center,299,110,The Westin New York Grand Central,4,Midtown East,8.0,3240,Double Room (2 double beds),1,0,Free WiFi; Restaurant; Fitness center; Heavenly Bed,322,,,,,,,,,,,
1290,binary,323,2,78,Hilton Garden Inn New York/Times Square,3,Times Square,8.1,2418,Double Room (2 double beds),0,1,Free WiFi; Restaurant; Fitness center; Business center,279,110,The Westin New York Grand Central,4,Midtown East,8.1,3066,Double Room (2 double beds),0,0,Free WiFi; Restaurant; Fitness center; Heavenly Bed,269,,,,,,,,,,,
1293,binary,324,1,78,Hilton Garden Inn New York/Times Square,3,Times Square,7.9,2416,King Room (1 king bed),0,1,Free WiFi; Restaurant; Fitness center; Business center,262,142,The Mercer,5,SoHo,9.0,703,Penthouse Loft (1 king bed),0,0,Free WiFi; Restaurant; Bar,927,,,,,,,,,,,
1294,binary,324,2,78,Hilton Garden Inn New York/Times Square,3,Times Square,8.1,2355,King Room (1 king bed),1,1,Free WiFi; Restaurant; Fitness center; Business center,276,142,The Mercer,5,SoHo,8.9,659,Mercer King (1 king bed),0,0,Free WiFi; Restaurant; Bar,715,,,,,,,,,,,
1297,binary,325,1,79,DoubleTree by Hilton New York Times Square West,4,Times Square,7.8,3359,King Room (1 king bed),1,0,Free WiFi; Restaurant; Fitness center,350,85,Holiday Inn New York City - Wall Street,3,Financial District,7.8,1838,King Room (1 king bed),0,0,Free WiFi; Fitness center,247,,,,,,,,,,,
1298,binary,325,2,79,DoubleTree by Hilton New York Times Square West,4,Times Square,7.8,3459,Double Room (2 double beds),1,0,Free WiFi; Restaurant; Fitness center,242,85,Holiday Inn New York City - Wall Street,3,Financial District,7.5,1802,King Room (1 king bed),0,1,Free WiFi; Fitness center,215,,,,,,,,,,,
1301,binary,326,1,79,DoubleTree by Hilton New York Times Square West,4,Times Square,8.0,3501,Double Room (2 double beds),1,1,Free WiFi; Restaurant; Fitness center,251,149,Lotte New York Palace,5,Midtown East,8.3,2324,Palace King (1 king bed),1,1,Free WiFi; Fitness center; Restaurant; Bar; Spa,496,,,,,,,,,,,
1302,binary,326,2,79,DoubleTree by Hilton New York Times Square West,4,Times Square,7.6,2924,Double Room (2 double beds),0,0,Free WiFi; Restaurant; Fitness center,301,149,Lotte New York Palace,5,Midtown East,8.5,1999,Palace King (1 king bed),0,0,Free WiFi; Fitness center; Restaurant; Bar; Spa,431,,,,,,,,,,,
1305,binary,327,1,80,DoubleTree by Hilton New York Times Square South,4,Times Square,7.8,2531,Double Room (2 double beds),0,0,Free WiFi; Restaurant; Fitness center,208,131,Freehand New York,3,Flatiron,8.0,1827,King Room (1 king bed),1,0,Free WiFi; Restaurant; Bar; Rooftop,137,,,,,,,,,,,
1306,binary,327,2,80,DoubleTree by Hilton New York Times Square South,4,Times Square,7.8,2934,King Room (1 king bed),1,0,Free WiFi; Restaurant; Fitness center,191,131,Freehand New York,3,Flatiron,8.1,1716,King Room (1 king bed),0,1,Free WiFi; Restaurant; Bar; Rooftop,252,,,,,,,,,,,
1309,binary,328,1,80,DoubleTree by Hilton New York Times Square South,4,Times Square,7.6,2531,Double Room (2 double beds),0,0,Free WiFi; Restaurant; Fitness center,254,170,Renaissance New York Midtown Hotel,4,Midtown,8.2,2220,King Room (1 king bed),0,0,Free WiFi; Fitness center; Restaurant; Bar,327,,,,,,,,,,,
1310,binary,328,2,80,DoubleTree by Hilton New York Times Square South,4,Times Square,7.7,2919,Double Room (2 double beds),1,0,Free WiFi; Restaurant; Fitness center,322,170,Renaissance New York Midtown Hotel,4,Midtown,8.3,2081,King Room (1 king bed),1,0,Free WiFi; Fitness center; Restaurant; Bar,314,,,,,,,,,,,
1313,binary,329,1,80,DoubleTree by Hilton New York Times Square South,4,Times Square,7.6,3068,Double Room (2 double beds),1,0,Free WiFi; Restaurant; Fitness center,322,172,New York Marriott Downtown,4,Financial District,8.0,3331,King Room (1 king bed),0,0,Free WiFi; Fitness center; Restaurant,252,,,,,,,,,,,
1314,binary,329,2,80,DoubleTree by Hilton New York Times Square South,4,Times Square,7.6,2871,King Room (1 king bed),0,1,Free WiFi; Restaurant; Fitness center,314,172,New York Marriott Downtown,4,Financial District,8.1,3502,King Room (1 king bed),1,0,Free WiFi; Fitness center; Restaurant,386,,,,,,,,,,,
1317,binary,330,1,81,DoubleTree by Hilton NYC Financial District,4,Financial District,7.8,2047,King Room (1 king bed),0,1,Free WiFi; Restaurant; Fitness center,297,106,AC Hotel New York Times Square,4,Times Square,8.1,1927,King Room (1 king bed),1,1,Free WiFi; Fitness center; Restaurant; Bar,362,,,,,,,,,,,
1318,binary,330,2,81,DoubleTree by Hilton NYC Financial District,4,Financial District,8.0,1980,Double Room (2 double beds),0,0,Free WiFi; Restaurant; Fitness center,244,106,AC Hotel New York Times Square,4,Times Square,8.1,1971,Queen Room (1 queen bed),0,0,Free WiFi; Fitness center; Restaurant; Bar,310,,,,,,,,,,,
1321,binary,331,1,81,DoubleTree by Hilton NYC Financial District,4,Financial District,8.1,2156,King Room (1 king bed),0,0,Free WiFi; Restaurant; Fitness center,158,178,Loews Regency Hotel New York,5,Upper East Side,8.7,1209,Park Avenue King (1 king bed),1,0,Free WiFi; Fitness center; Restaurant; Bar; Spa,625,,,,,,,,,,,
1322,binary,331,2,81,DoubleTree by Hilton NYC Financial District,4,Financial District,7.8,1959,King Room (1 king bed),1,0,Free WiFi; Restaurant; Fitness center,296,178,Loews Regency Hotel New York,5,Upper East Side,8.8,1029,Deluxe King (1 king bed),0,0,Free WiFi; Fitness center; Restaurant; Bar; Spa,587,,,,,,,,,,,
1325,binary,332,1,82,DoubleTree by Hilton New York Midtown Fifth Ave,4,Midtown,7.7,1758,King Room (1 king bed),0,0,Free WiFi; Restaurant; Fitness center,351,95,Courtyard by Marriott New York Manhattan/Midtown East,3,Midtown East,8.0,1966,King Room (1 king bed),0,0,Free WiFi; Fitness center; Restaurant,172,,,,,,,,,,,
1326,binary,332,2,82,DoubleTree by Hilton New York Midtown Fifth Ave,4,Midtown,7.7,1791,King Room (1 king bed),1,0,Free WiFi; Restaurant; Fitness center,237,95,Courtyard by Marriott New York Manhattan/Midtown East,3,Midtown East,8.0,2083,King Room (1 king bed),1,0,Free WiFi; Fitness center; Restaurant,231,,,,,,,,,,,
1329,binary,333,1,82,DoubleTree by Hilton New York Midtown Fifth Ave,4,Midtown,8.1,1986,Double Room (2 double beds),0,0,Free WiFi; Restaurant; Fitness center,219,118,Hyatt Centric Wall Street New York,4,Financial District,8.5,1230,King Room (1 king bed),1,0,Free WiFi; Fitness center; Restaurant; Bar,194,,,,,,,,,,,
1330,binary,333,2,82,DoubleTree by Hilton New York Midtown Fifth Ave,4,Midtown,7.8,1990,Double Room (2 double beds),0,0,Free WiFi; Restaurant; Fitness center,259,118,Hyatt Centric Wall Street New York,4,Financial District,8.6,1204,Queen Room (1 queen bed),1,1,Free WiFi; Fitness center; Restaurant; Bar,218,,,,,,,,,,,
1333,binary,334,1,82,DoubleTree by Hilton New York Midtown Fifth Ave,4,Midtown,8.0,1826,King Room (1 king bed),1,0,Free WiFi; Restaurant; Fitness center,320,122,Park Hyatt New York,5,Midtown,9.1,825,Park King (1 king bed),1,1,Free WiFi; Fitness center; Restaurant; Bar; Spa; Pool,1148,,,,,,,,,,,
1334,binary,334,2,82,DoubleTree by Hilton New York Midtown Fifth Ave,4,Midtown,8.0,1844,King Room (1 king bed),0,0,Free WiFi; Restaurant; Fitness center,342,122,Park Hyatt New York,5,Midtown,9.3,806,Park King (1 king bed),1,0,Free WiFi; Fitness center; Restaurant; Bar; Spa; Pool,962,,,,,,,,,,,
1337,binary,335,1,82,DoubleTree by Hilton New York Midtown Fifth Ave,4,Midtown,7.9,1984,King Room (1 king bed),1,1,Free WiFi; Restaurant; Fitness center,200,124,"The Beekman, A Thompson Hotel",5,Financial District,8.7,1535,King Room (1 king bed),0,0,Free WiFi; Restaurant; Bar; Fitness center; Historic atrium,504,,,,,,,,,,,
1338,binary,335,2,82,DoubleTree by Hilton New York Midtown Fifth Ave,4,Midtown,8.0,1945,King Room (1 king bed),0,0,Free WiFi; Restaurant; Fitness center,316,124,"The Beekman, A Thompson Hotel",5,Financial District,8.9,1409,Turret Suite (1 king bed),0,1,Free WiFi; Restaurant; Bar; Fitness center; Historic atrium,555,,,,,,,,,,,
1341,binary,336,1,82,DoubleTree by Hilton New York Midtown Fifth Ave,4,Midtown,7.8,1837,Double Room (2 double beds),0,0,Free WiFi; Restaurant; Fitness center,185,137,The Marlton Hotel,4,Greenwich Village,8.7,869,Queen Room (1 queen bed),0,0,Free WiFi; Restaurant; Bar,205,,,,,,,,,,,
1342,binary,336,2,82,DoubleTree by Hilton New York Midtown Fifth Ave,4,Midtown,7.7,1730,Double Room (2 double beds),0,0,Free WiFi; Restaurant; Fitness center,271,137,The Marlton Hotel,4,Greenwich Village,8.4,901,King Room (1 king bed),1,0,Free WiFi; Restaurant; Bar,364,,,,,,,,,,,
1345,binary,337,1,85,Holiday Inn New York City - Wall Street,3,Financial District,7.6,2046,King Room (1 king bed),0,1,Free WiFi; Fitness center,151,99,Fairfield Inn & Suites New York Manhattan/Times Square,3,Times Square,7.9,2220,Double Room (2 double beds),1,1,Free WiFi; Breakfast included; Fitness center,152,,,,,,,,,,,
1346,binary,337,2,85,Holiday Inn New York City - Wall Street,3,Financial District,7.7,1878,King Room (1 king bed),0,0,Free WiFi; Fitness center,141,99,Fairfield Inn & Suites New York Manhattan/Times Square,3,Times Square,7.9,2257,King Room (1 king bed),0,1,Free WiFi; Breakfast included; Fitness center,237,,,,,,,,,,,
1349,binary,338,1,85,Holiday Inn New York City - Wall Street,3,Financial District,7.9,2074,King Room (1 king bed),0,0,Free WiFi; Fitness center,136,112,Sheraton New York Times Square Hotel,4,Times Square,7.6,5397,King Room (1 king bed),0,0,Free WiFi; Fitness center; Restaurant; Bar,209,,,,,,,,,,,
1350,binary,338,2,85,Holiday Inn New York City - Wall Street,3,Financial District,7.7,1910,King Room (1 king bed),0,0,Free WiFi; Fitness center,212,112,Sheraton New York Times Square Hotel,4,Times Square,7.6,5656,Double Room (2 double beds),1,0,Free WiFi; Fitness center; Restaurant; Bar,195,,,,,,,,,,,
1353,binary,339,1,85,Holiday Inn New York City - Wall Street,3,Financial District,7.9,2152,King Room (1 king bed),1,0,Free WiFi; Fitness center,243,121,Hyatt Regency Times Square,4,Times Square,7.8,2823,Double Room (2 double beds),0,0,Free WiFi; Fitness center; Restaurant; Bar,374,,,,,,,,,,,
1354,binary,339,2,85,Holiday Inn New York City - Wall Street,3,Financial District,7.7,1919,King Room (1 king bed),1,0,Free WiFi; Fitness center,168,121,Hyatt Regency Times Square,4,Times Square,8.1,2725,Double Room (2 double beds),1,0,Free WiFi; Fitness center; Restaurant; Bar,287,,,,,,,,,,,
1357,binary,340,1,85,Holiday Inn New York City - Wall Street,3,Financial District,7.6,1952,King Room (1 king bed),0,0,Free WiFi; Fitness center,158,150,The Peninsula New York,5,Midtown,9.2,816,Deluxe King (1 king bed),1,0,Free WiFi; Fitness center; Restaurant; Bar; Spa; Pool,1381,,,,,,,,,,,
1358,binary,340,2,85,Holiday Inn New York City - Wall Street,3,Financial District,7.6,1991,King Room (1 king bed),0,1,Free WiFi; Fitness center,177,150,The Peninsula New York,5,Midtown,9.3,946,Superior King (1 king bed),0,0,Free WiFi; Fitness center; Restaurant; Bar; Spa; Pool,997,,,,,,,,,,,
1361,binary,341,1,85,Holiday Inn New York City - Wall Street,3,Financial District,7.8,2071,King Room (1 king bed),0,0,Free WiFi; Fitness center,217,160,The Rockaway Hotel & Spa,4,"Rockaway Beach, Queens",8.3,475,Queen Room (1 queen bed),1,0,Free WiFi; Pool; Spa; Restaurant,344,,,,,,,,,,,
1362,binary,341,2,85,Holiday Inn New York City - Wall Street,3,Financial District,7.7,1996,Double Room (2 double beds),1,0,Free WiFi; Fitness center,230,160,The Rockaway Hotel & Spa,4,"Rockaway Beach, Queens",8.3,548,Queen Room (1 queen bed),0,0,Free WiFi; Pool; Spa; Restaurant,245,,,,,,,,,,,
1365,binary,342,1,85,Holiday Inn New York City - Wall Street,3,Financial District,7.7,2019,Double Room (2 double beds),0,0,Free WiFi; Fitness center,223,176,Conrad New York Downtown,5,Financial District,8.7,1854,King Suite (1 king bed),1,0,Free WiFi; Fitness center; Restaurant; Bar; Spa,342,,,,,,,,,,,
1366,binary,342,2,85,Holiday Inn New York City - Wall Street,3,Financial District,7.5,2109,King Room (1 king bed),1,0,Free WiFi; Fitness center,180,176,Conrad New York Downtown,5,Financial District,8.6,1917,Deluxe Suite (1 king bed),0,0,Free WiFi; Fitness center; Restaurant; Bar; Spa,567,,,,,,,,,,,
1369,binary,343,1,86,Holiday Inn Express Manhattan Midtown West,3,Midtown West,7.9,2156,Double Room (2 double beds),0,1,Free WiFi; Breakfast included; Fitness center,223,91,InterContinental New York Barclay,5,Midtown East,8.8,1454,Deluxe King (1 king bed),0,0,Free WiFi; Fitness center; Restaurant; Bar; Spa,424,,,,,,,,,,,
1370,binary,343,2,86,Holiday Inn Express Manhattan Midtown West,3,Midtown West,7.9,2045,Double Room (2 double beds),1,1,Free WiFi; Breakfast included; Fitness center,191,91,InterContinental New York Barclay,5,Midtown East,8.5,1666,Premium King (1 king bed),1,0,Free WiFi; Fitness center; Restaurant; Bar; Spa,523,,,,,,,,,,,
1373,binary,344,1,86,Holiday Inn Express Manhattan Midtown West,3,Midtown West,7.8,2387,Double Room (2 double beds),0,0,Free WiFi; Breakfast included; Fitness center,190,105,Residence Inn New York Downtown Manhattan,3,Financial District,8.0,1149,One-Bedroom Suite (1 king bed),1,1,Free WiFi; Breakfast included; Kitchen; Fitness center,319,,,,,,,,,,,
1374,binary,344,2,86,Holiday Inn Express Manhattan Midtown West,3,Midtown West,8.2,2158,Double Room (2 double beds),0,1,Free WiFi; Breakfast included; Fitness center,165,105,Residence Inn New York Downtown Manhattan,3,Financial District,7.9,1167,Studio Suite (1 king bed),1,1,Free WiFi; Breakfast included; Kitchen; Fitness center,176,,,,,,,,,,,
1377,binary,345,1,86,Holiday Inn Express Manhattan Midtown West,3,Midtown West,7.9,2051,King Room (1 king bed),0,0,Free WiFi; Breakfast included; Fitness center,154,108,W New York - Times Square,4,Times Square,7.8,2592,Spectacular King (1 king bed),0,0,Free WiFi; Fitness center; Restaurant; Bar,287,,,,,,,,,,,
1378,binary,345,2,86,Holiday Inn Express Manhattan Midtown West,3,Midtown West,8.1,2402,Double Room (2 double beds),0,1,Free WiFi; Breakfast included; Fitness center,263,108,W New York - Times Square,4,Times Square,7.8,2666,Spectacular King (1 king bed),0,0,Free WiFi; Fitness center; Restaurant; Bar,341,,,,,,,,,,,
1381,binary,346,1,86,Holiday Inn Express Manhattan Midtown West,3,Midtown West,8.0,2163,Double Room (2 double beds),1,0,Free WiFi; Breakfast included; Fitness center,224,165,Hotel Le Bleu,3,"Park Slope, Brooklyn",8.0,501,King Room (1 king bed),0,0,Free WiFi; Restaurant,166,,,,,,,,,,,
1382,binary,346,2,86,Holiday Inn Express Manhattan Midtown West,3,Midtown West,8.2,2275,Double Room (2 double beds),0,1,Free WiFi; Breakfast included; Fitness center,223,165,Hotel Le Bleu,3,"Park Slope, Brooklyn",7.9,495,Queen Room (1 queen bed),1,0,Free WiFi; Restaurant,141,,,,,,,,,,,
1385,binary,347,1,86,Holiday Inn Express Manhattan Midtown West,3,Midtown West,7.8,2215,Double Room (2 double beds),0,1,Free WiFi; Breakfast included; Fitness center,186,172,New York Marriott Downtown,4,Financial District,7.9,3358,Double Room (2 double beds),1,0,Free WiFi; Fitness center; Restaurant,300,,,,,,,,,,,
1386,binary,347,2,86,Holiday Inn Express Manhattan Midtown West,3,Midtown West,7.9,1981,King Room (1 king bed),1,1,Free WiFi; Breakfast included; Fitness center,145,172,New York Marriott Downtown,4,Financial District,8.0,3496,King Room (1 king bed),0,0,Free WiFi; Fitness center; Restaurant,276,,,,,,,,,,,
1389,binary,348,1,87,Holiday Inn Express Manhattan Times Square,3,Times Square,7.9,2605,Double Room (2 double beds),0,1,Free WiFi; Breakfast included; Fitness center,283,106,AC Hotel New York Times Square,4,Times Square,8.2,2036,King Room (1 king bed),0,1,Free WiFi; Fitness center; Restaurant; Bar,195,,,,,,,,,,,
1390,binary,348,2,87,Holiday Inn Express Manhattan Times Square,3,Times Square,7.8,2477,Double Room (2 double beds),0,1,Free WiFi; Breakfast included; Fitness center,178,106,AC Hotel New York Times Square,4,Times Square,8.5,2064,King Room (1 king bed),1,0,Free WiFi; Fitness center; Restaurant; Bar,345,,,,,,,,,,,
1393,binary,349,1,88,Crowne Plaza HY36 Midtown Manhattan,4,Midtown,8.6,2362,Double Room (2 double beds),1,0,Free WiFi; Fitness center; Restaurant; Bar,296,117,Hyatt Centric Times Square New York,4,Times Square,8.4,2232,King Room (1 king bed),0,0,Free WiFi; Fitness center; Restaurant; Bar,250,,,,,,,,,,,
1394,binary,349,2,88,Crowne Plaza HY36 Midtown Manhattan,4,Midtown,8.5,2373,King Room (1 king bed),1,0,Free WiFi; Fitness center; Restaurant; Bar,370,117,Hyatt Centric Times Square New York,4,Times Square,8.4,2093,King Room (1 king bed),0,0,Free WiFi; Fitness center; Restaurant; Bar,223,,,,,,,,,,,
1397,binary,350,1,89,Crowne Plaza Times Square Manhattan,4,Times Square,7.5,4302,Double Room (2 double beds),1,0,Free WiFi; Fitness center; Restaurant; Bar,181,91,InterContinental New York Barclay,5,Midtown East,8.6,1576,Deluxe King (1 king bed),1,0,Free WiFi; Fitness center; Restaurant; Bar; Spa,400,,,,,,,,,,,
1398,binary,350,2,89,Crowne Plaza Times Square Manhattan,4,Times Square,7.4,4716,Double Room (2 double beds),0,1,Free WiFi; Fitness center; Restaurant; Bar,282,91,InterContinental New York Barclay,5,Midtown East,8.6,1589,Premium King (1 king bed),1,0,Free WiFi; Fitness center; Restaurant; Bar; Spa,503,,,,,,,,,,,
1401,binary,351,1,89,Crowne Plaza Times Square Manhattan,4,Times Square,7.3,4498,King Room (1 king bed),1,0,Free WiFi; Fitness center; Restaurant; Bar,188,153,The Renwick Hotel,4,Midtown East,8.5,814,Queen Room (1 queen bed),1,0,Free WiFi; Restaurant; Bar,338,,,,,,,,,,,
1402,binary,351,2,89,Crowne Plaza Times Square Manhattan,4,Times Square,7.4,4140,King Room (1 king bed),0,0,Free WiFi; Fitness center; Restaurant; Bar,327,153,The Renwick Hotel,4,Midtown East,8.1,849,Queen Room (1 queen bed),1,0,Free WiFi; Restaurant; Bar,238,,,,,,,,,,,
1405,binary,352,1,90,InterContinental New York Times Square,5,Times Square,8.3,2663,King Room (1 king bed),1,0,Free WiFi; Fitness center; Restaurant; Bar; Spa,400,91,InterContinental New York Barclay,5,Midtown East,8.6,1548,Premium King (1 king bed),0,1,Free WiFi; Fitness center; Restaurant; Bar; Spa,483,,,,,,,,,,,
1406,binary,352,2,90,InterContinental New York Times Square,5,Times Square,8.4,2815,Premium King (1 king bed),1,1,Free WiFi; Fitness center; Restaurant; Bar; Spa,421,91,InterContinental New York Barclay,5,Midtown East,8.5,1611,Deluxe King (1 king bed),1,1,Free WiFi; Fitness center; Restaurant; Bar; Spa,422,,,,,,,,,,,
1409,binary,353,1,90,InterContinental New York Times Square,5,Times Square,8.5,2703,Premium King (1 king bed),1,0,Free WiFi; Fitness center; Restaurant; Bar; Spa,318,119,Hyatt Place New York Midtown South,3,Midtown,7.9,1514,Double Room (2 double beds),1,0,Free WiFi; Breakfast; Fitness center,232,,,,,,,,,,,
1410,binary,353,2,90,InterContinental New York Times Square,5,Times Square,8.6,2631,King Room (1 king bed),1,0,Free WiFi; Fitness center; Restaurant; Bar; Spa,554,119,Hyatt Place New York Midtown South,3,Midtown,8.0,1688,King Room (1 king bed),1,0,Free WiFi; Breakfast; Fitness center,164,,,,,,,,,,,
1413,binary,354,1,90,InterContinental New York Times Square,5,Times Square,8.5,2964,King Room (1 king bed),0,0,Free WiFi; Fitness center; Restaurant; Bar; Spa,452,136,The Bowery Hotel,4,East Village,8.6,850,King Room (1 king bed),1,0,Free WiFi; Restaurant; Bar; Fireplace lounge,449,,,,,,,,,,,
1414,binary,354,2,90,InterContinental New York Times Square,5,Times Square,8.4,3047,Premium King (1 king bed),1,0,Free WiFi; Fitness center; Restaurant; Bar; Spa,560,136,The Bowery Hotel,4,East Village,8.6,850,King Room (1 king bed),1,0,Free WiFi; Restaurant; Bar; Fireplace lounge,340,,,,,,,,,,,
1417,binary,355,1,90,InterContinental New York Times Square,5,Times Square,8.3,2839,King Room (1 king bed),1,0,Free WiFi; Fitness center; Restaurant; Bar; Spa,425,140,NoMo SoHo,4,SoHo,8.3,993,King Room (1 king bed),1,0,Free WiFi; Restaurant; Bar,396,,,,,,,,,,,
1418,binary,355,2,90,InterContinental New York Times Square,5,Times Square,8.6,2848,Premium King (1 king bed),1,0,Free WiFi; Fitness center; Restaurant; Bar; Spa,517,140,NoMo SoHo,4,SoHo,8.2,1053,King Room (1 king bed),1,0,Free WiFi; Restaurant; Bar,402,,,,,,,,,,,
1421,binary,356,1,91,InterContinental New York Barclay,5,Midtown East,8.6,1683,Premium King (1 king bed),1,1,Free WiFi; Fitness center; Restaurant; Bar; Spa,610,103,Residence Inn New York Manhattan/Times Square,3,Times Square,8.1,1864,Studio Suite (1 king bed),1,1,Free WiFi; Breakfast included; Kitchen; Fitness center,332,,,,,,,,,,,
1422,binary,356,2,91,InterContinental New York Barclay,5,Midtown East,8.7,1714,Premium King (1 king bed),1,0,Free WiFi; Fitness center; Restaurant; Bar; Spa,495,103,Residence Inn New York Manhattan/Times Square,3,Times Square,8.3,1780,One-Bedroom Suite (1 king bed),1,1,Free WiFi; Breakfast included; Kitchen; Fitness center,336,,,,,,,,,,,
1425,binary,357,1,91,InterContinental New York Barclay,5,Midtown East,8.6,1485,Premium King (1 king bed),0,0,Free WiFi; Fitness center; Restaurant; Bar; Spa,439,120,Hyatt Place New York/Chelsea,3,Chelsea,8.0,1219,King Room (1 king bed),1,0,Free WiFi; Breakfast; Fitness center,181,,,,,,,,,,,
1426,binary,357,2,91,InterContinental New York Barclay,5,Midtown East,8.8,1506,Premium King (1 king bed),1,0,Free WiFi; Fitness center; Restaurant; Bar; Spa,592,120,Hyatt Place New York/Chelsea,3,Chelsea,7.8,1137,King Room (1 king bed),1,1,Free WiFi; Breakfast; Fitness center,217,,,,,,,,,,,
1429,binary,358,1,91,InterContinental New York Barclay,5,Midtown East,8.6,1633,Premium King (1 king bed),0,0,Free WiFi; Fitness center; Restaurant; Bar; Spa,627,154,Walker Hotel Greenwich Village,4,Greenwich Village,8.6,716,King Room (1 king bed),1,0,Free WiFi; Restaurant,312,,,,,,,,,,,
1430,binary,358,2,91,InterContinental New York Barclay,5,Midtown East,8.6,1586,Deluxe King (1 king bed),1,0,Free WiFi; Fitness center; Restaurant; Bar; Spa,387,154,Walker Hotel Greenwich Village,4,Greenwich Village,8.5,759,King Room (1 king bed),1,0,Free WiFi; Restaurant,351,,,,,,,,,,,
1433,binary,359,1,93,Kimpton Muse Hotel,4,Times Square,8.5,1283,King Room (1 king bed),1,0,Free WiFi; Restaurant; Bar; Wine hour,383,96,Courtyard by Marriott New York Manhattan/SoHo,3,SoHo,8.4,1468,Double Room (2 double beds),1,1,Free WiFi; Fitness center; Restaurant,188,,,,,,,,,,,
1434,binary,359,2,93,Kimpton Muse Hotel,4,Times Square,8.4,1110,Queen Room (1 queen bed),1,0,Free WiFi; Restaurant; Bar; Wine hour,306,96,Courtyard by Marriott New York Manhattan/SoHo,3,SoHo,8.1,1307,Double Room (2 double beds),1,1,Free WiFi; Fitness center; Restaurant,302,,,,,,,,,,,
1437,binary,360,1,93,Kimpton Muse Hotel,4,Times Square,8.5,1093,King Room (1 king bed),0,0,Free WiFi; Restaurant; Bar; Wine hour,277,98,Courtyard by Marriott New York Manhattan/Upper East Side,3,Upper East Side,8.0,1200,Double Room (2 double beds),1,0,Free WiFi; Fitness center; Restaurant,223,,,,,,,,,,,
1438,binary,360,2,93,Kimpton Muse Hotel,4,Times Square,8.3,1267,King Room (1 king bed),0,0,Free WiFi; Restaurant; Bar; Wine hour,400,98,Courtyard by Marriott New York Manhattan/Upper East Side,3,Upper East Side,7.9,1212,King Room (1 king bed),0,0,Free WiFi; Fitness center; Restaurant,277,,,,,,,,,,,
1441,binary,361,1,93,Kimpton Muse Hotel,4,Times Square,8.5,1297,Queen Room (1 queen bed),1,0,Free WiFi; Restaurant; Bar; Wine hour,274,125,Wyndham New Yorker Hotel,3,Midtown,7.4,4409,Double Room (2 double beds),1,0,Free WiFi; Fitness center,123,,,,,,,,,,,
1442,binary,361,2,93,Kimpton Muse Hotel,4,Times Square,8.6,1149,Queen Room (1 queen bed),0,0,Free WiFi; Restaurant; Bar; Wine hour,393,125,Wyndham New Yorker Hotel,3,Midtown,7.5,4504,Queen Room (1 queen bed),1,0,Free WiFi; Fitness center,222,,,,,,,,,,,
1445,binary,362,1,93,Kimpton Muse Hotel,4,Times Square,8.3,1107,Queen Room (1 queen bed),0,0,Free WiFi; Restaurant; Bar; Wine hour,288,133,HI New York City Hostel,1,Upper West Side,6.9,3188,Dorm Bed (1 bunk bed),1,0,Free WiFi; Shared kitchen; Lounge,71,,,,,,,,,,,
1446,binary,362,2,93,Kimpton Muse Hotel,4,Times Square,8.5,1238,Queen Room (1 queen bed),0,0,Free WiFi; Restaurant; Bar; Wine hour,257,133,HI New York City Hostel,1,Upper West Side,6.8,3361,Private Room (1 double bed),0,0,Free WiFi; Shared kitchen; Lounge,66,,,,,,,,,,,
1449,binary,363,1,94,EVEN Hotel New York - Times Square South,3,Midtown,8.6,1287,King Room (1 king bed),1,0,Free WiFi; Fitness center; In-room training zone,269,154,Walker Hotel Greenwich Village,4,Greenwich Village,8.4,759,King Room (1 king bed),1,0,Free WiFi; Restaurant,220,,,,,,,,,,,
1450,binary,363,2,94,EVEN Hotel New York - Times Square South,3,Midtown,8.5,1301,King Room (1 king bed),0,0,Free WiFi; Fitness center; In-room training zone,158,154,Walker Hotel Greenwich Village,4,Greenwich Village,8.2,747,Queen Room (1 queen bed),0,1,Free WiFi; Restaurant,317,,,,,,,,,,,
1453,binary,364,1,95,Courtyard by Marriott New York Manhattan/Midtown East,3,Midtown East,8.1,2105,King Room (1 king bed),0,0,Free WiFi; Fitness center; Restaurant,314,120,Hyatt Place New York/Chelsea,3,Chelsea,7.9,1119,King Room (1 king bed),1,0,Free WiFi; Breakfast; Fitness center,231,,,,,,,,,,,
1454,binary,364,2,95,Courtyard by Marriott New York Manhattan/Midtown East,3,Midtown East,8.1,1957,King Room (1 king bed),1,0,Free WiFi; Fitness center; Restaurant,176,120,Hyatt Place New York/Chelsea,3,Chelsea,8.1,1108,King Room (1 king bed),0,1,Free WiFi; Breakfast; Fitness center,173,,,,,,,,,,,
1457,binary,365,1,95,Courtyard by Marriott New York Manhattan/Midtown East,3,Midtown East,7.8,1918,King Room (1 king bed),1,0,Free WiFi; Fitness center; Restaurant,177,136,The Bowery Hotel,4,East Village,8.7,844,King Room (1 king bed),0,0,Free WiFi; Restaurant; Bar; Fireplace lounge,608,,,,,,,,,,,
1458,binary,365,2,95,Courtyard by Marriott New York Manhattan/Midtown East,3,Midtown East,8.1,1889,Double Room (2 double beds),1,0,Free WiFi; Fitness center; Restaurant,234,136,The Bowery Hotel,4,East Village,9.0,923,King Room (1 king bed),0,0,Free WiFi; Restaurant; Bar; Fireplace lounge,495,,,,,,,,,,,
1461,binary,366,1,95,Courtyard by Marriott New York Manhattan/Midtown East,3,Midtown East,8.2,2153,King Room (1 king bed),1,0,Free WiFi; Fitness center; Restaurant,287,139,The Standard High Line,4,Meatpacking District,8.3,1989,King Room (1 king bed),1,0,Free WiFi; Restaurant; Bar; Beer garden,531,,,,,,,,,,,
1462,binary,366,2,95,Courtyard by Marriott New York Manhattan/Midtown East,3,Midtown East,7.9,1891,King Room (1 king bed),1,0,Free WiFi; Fitness center; Restaurant,251,139,The Standard High Line,4,Meatpacking District,8.3,1816,King Room (1 king bed),1,1,Free WiFi; Restaurant; Bar; Beer garden,574,,,,,,,,,,,
1465,binary,367,1,97,Courtyard by Marriott New York Downtown Manhattan,3,Financial District,8.0,1715,Double Room (2 double beds),1,0,Free WiFi; Fitness center; Restaurant,308,122,Park Hyatt New York,5,Midtown,9.0,829,Park Deluxe King (1 king bed),0,1,Free WiFi; Fitness center; Restaurant; Bar; Spa; Pool,1112,,,,,,,,,,,
1466,binary,367,2,97,Courtyard by Marriott New York Downtown Manhattan,3,Financial District,7.9,1631,Double Room (2 double beds),1,0,Free WiFi; Fitness center; Restaurant,259,122,Park Hyatt New York,5,Midtown,9.0,843,Park Deluxe King (1 king bed),1,0,Free WiFi; Fitness center; Restaurant; Bar; Spa; Pool,1251,,,,,,,,,,,
1469,binary,368,1,97,Courtyard by Marriott New York Downtown Manhattan,3,Financial District,7.8,1846,Double Room (2 double beds),0,0,Free WiFi; Fitness center; Restaurant,200,125,Wyndham New Yorker Hotel,3,Midtown,7.5,4379,King Room (1 king bed),1,0,Free WiFi; Fitness center,175,,,,,,,,,,,
1470,binary,368,2,97,Courtyard by Marriott New York Downtown Manhattan,3,Financial District,7.8,1675,Double Room (2 double beds),1,0,Free WiFi; Fitness center; Restaurant,272,125,Wyndham New Yorker Hotel,3,Midtown,7.4,4234,King Room (1 king bed),1,0,Free WiFi; Fitness center,158,,,,,,,,,,,
1473,binary,369,1,97,Courtyard by Marriott New York Downtown Manhattan,3,Financial District,7.8,1724,Double Room (2 double beds),1,0,Free WiFi; Fitness center; Restaurant,303,155,Walker Hotel Tribeca,4,TriBeCa,8.3,487,Queen Room (1 queen bed),1,0,Free WiFi; Restaurant,200,,,,,,,,,,,
1474,binary,369,2,97,Courtyard by Marriott New York Downtown Manhattan,3,Financial District,8.0,1773,Double Room (2 double beds),0,1,Free WiFi; Fitness center; Restaurant,194,155,Walker Hotel Tribeca,4,TriBeCa,8.2,491,King Room (1 king bed),1,0,Free WiFi; Restaurant,254,,,,,,,,,,,
1477,binary,370,1,97,Courtyard by Marriott New York Downtown Manhattan,3,Financial District,7.8,1859,King Room (1 king bed),1,0,Free WiFi; Fitness center; Restaurant,270,174,Moxy NYC Chelsea,3,Chelsea,8.1,1515,Queen Room (1 queen bed),1,0,Free WiFi; Rooftop bar; Restaurant,235,,,,,,,,,,,
1478,binary,370,2,97,Courtyard by Marriott New York Downtown Manhattan,3,Financial District,8.0,1628,King Room (1 king bed),0,0,Free WiFi; Fitness center; Restaurant,262,174,Moxy NYC Chelsea,3,Chelsea,8.0,1318,Queen Room (1 queen bed),0,0,Free WiFi; Rooftop bar; Restaurant,258,,,,,,,,,,,
1481,binary,371,1,97,Courtyard by Marriott New York Downtown Manhattan,3,Financial District,8.0,1740,Double Room (2 double beds),1,0,Free WiFi; Fitness center; Restaurant,166,176,Conrad New York Downtown,5,Financial District,8.6,2080,King Suite (1 king bed),1,0,Free WiFi; Fitness center; Restaurant; Bar; Spa,378,,,,,,,,,,,
1482,binary,371,2,97,Courtyard by Marriott New York Downtown Manhattan,3,Financial District,7.8,1928,Double Room (2 double beds),1,0,Free WiFi; Fitness center; Restaurant,270,176,Conrad New York Downtown,5,Financial District,8.7,1804,Deluxe Suite (1 king bed),0,0,Free WiFi; Fitness center; Restaurant; Bar; Spa,508,,,,,,,,,,,
1485,binary,372,1,98,Courtyard by Marriott New York Manhattan/Upper East Side,3,Upper East Side,8.3,1120,Double Room (2 double beds),0,0,Free WiFi; Fitness center; Restaurant,217,113,Sheraton Tribeca New York Hotel,4,TriBeCa,8.1,1533,King Room (1 king bed),1,0,Free WiFi; Fitness center; Restaurant; Bar,300,,,,,,,,,,,
1486,binary,372,2,98,Courtyard by Marriott New York Manhattan/Upper East Side,3,Upper East Side,8.2,1101,Double Room (2 double beds),1,0,Free WiFi; Fitness center; Restaurant,263,113,Sheraton Tribeca New York Hotel,4,TriBeCa,8.1,1536,Double Room (2 double beds),1,0,Free WiFi; Fitness center; Restaurant; Bar,334,,,,,,,,,,,
1489,binary,373,1,98,Courtyard by Marriott New York Manhattan/Upper East Side,3,Upper East Side,8.2,1186,Double Room (2 double beds),0,1,Free WiFi; Fitness center; Restaurant,240,126,Ramada by Wyndham New York/Eastside,2,Midtown East,6.9,1646,Queen Room (1 queen bed),0,0,Free WiFi,150,,,,,,,,,,,
1490,binary,373,2,98,Courtyard by Marriott New York Manhattan/Upper East Side,3,Upper East Side,8.2,1082,Double Room (2 double beds),1,0,Free WiFi; Fitness center; Restaurant,257,126,Ramada by Wyndham New York/Eastside,2,Midtown East,6.8,1852,Queen Room (1 queen bed),0,0,Free WiFi,107,,,,,,,,,,,
1493,binary,374,1,98,Courtyard by Marriott New York Manhattan/Upper East Side,3,Upper East Side,8.2,1229,King Room (1 king bed),1,0,Free WiFi; Fitness center; Restaurant,195,141,The Greenwich Hotel,5,TriBeCa,9.4,500,Deluxe King (1 king bed),0,0,Free WiFi; Restaurant; Spa; Pool; Fitness center,1087,,,,,,,,,,,
1494,binary,374,2,98,Courtyard by Marriott New York Manhattan/Upper East Side,3,Upper East Side,7.9,1149,King Room (1 king bed),1,1,Free WiFi; Fitness center; Restaurant,300,141,The Greenwich Hotel,5,TriBeCa,9.4,513,King Room (1 king bed),0,0,Free WiFi; Restaurant; Spa; Pool; Fitness center,951,,,,,,,,,,,
1497,binary,375,1,100,Fairfield Inn & Suites New York Manhattan/Chelsea,3,Chelsea,8.1,1484,King Room (1 king bed),1,1,Free WiFi; Breakfast included; Fitness center,160,138,The Standard East Village,4,East Village,8.4,1094,Queen Room (1 queen bed),1,0,Free WiFi; Restaurant; Bar,240,,,,,,,,,,,
1498,binary,375,2,100,Fairfield Inn & Suites New York Manhattan/Chelsea,3,Chelsea,7.8,1726,Double Room (2 double beds),1,1,Free WiFi; Breakfast included; Fitness center,261,138,The Standard East Village,4,East Village,8.4,1313,Queen Room (1 queen bed),1,0,Free WiFi; Restaurant; Bar,221,,,,,,,,,,,
1501,binary,376,1,100,Fairfield Inn & Suites New York Manhattan/Chelsea,3,Chelsea,8.0,1575,Double Room (2 double beds),1,0,Free WiFi; Breakfast included; Fitness center,163,178,Loews Regency Hotel New York,5,Upper East Side,8.7,1014,Park Avenue King (1 king bed),0,0,Free WiFi; Fitness center; Restaurant; Bar; Spa,730,,,,,,,,,,,
1502,binary,376,2,100,Fairfield Inn & Suites New York Manhattan/Chelsea,3,Chelsea,7.9,1606,King Room (1 king bed),0,1,Free WiFi; Breakfast included; Fitness center,263,178,Loews Regency Hotel New York,5,Upper East Side,8.9,1171,Deluxe King (1 king bed),0,0,Free WiFi; Fitness center; Restaurant; Bar; Spa,601,,,,,,,,,,,
1505,binary,377,1,101,Fairfield Inn & Suites New York Brooklyn,3,Brooklyn,7.6,1229,Double Room (2 double beds),0,1,Free WiFi; Breakfast included; Fitness center,186,103,Residence Inn New York Manhattan/Times Square,3,Times Square,8.1,1835,Studio Suite (1 king bed),0,0,Free WiFi; Breakfast included; Kitchen; Fitness center,311,,,,,,,,,,,
1506,binary,377,2,101,Fairfield Inn & Suites New York Brooklyn,3,Brooklyn,7.6,1316,Double Room (2 double beds),1,1,Free WiFi; Breakfast included; Fitness center,122,103,Residence Inn New York Manhattan/Times Square,3,Times Square,8.1,1909,One-Bedroom Suite (1 king bed),0,1,Free WiFi; Breakfast included; Kitchen; Fitness center,285,,,,,,,,,,,
1509,binary,378,1,104,Residence Inn New York Manhattan/Midtown East,3,Midtown East,8.0,1421,Studio Suite (1 king bed),0,0,Free WiFi; Breakfast included; Kitchen; Fitness center,203,155,Walker Hotel Tribeca,4,TriBeCa,8.1,525,Queen Room (1 queen bed),1,0,Free WiFi; Restaurant,335,,,,,,,,,,,
1510,binary,378,2,104,Residence Inn New York Manhattan/Midtown East,3,Midtown East,8.1,1299,Studio Suite (1 king bed),1,1,Free WiFi; Breakfast included; Kitchen; Fitness center,242,155,Walker Hotel Tribeca,4,TriBeCa,8.0,484,Queen Room (1 queen bed),1,0,Free WiFi; Restaurant,375,,,,,,,,,,,
1513,binary,379,1,105,Residence Inn New York Downtown Manhattan,3,Financial District,8.1,1054,Studio Suite (1 king bed),1,1,Free WiFi; Breakfast included; Kitchen; Fitness center,320,124,"The Beekman, A Thompson Hotel",5,Financial District,8.9,1386,King Room (1 king bed),1,0,Free WiFi; Restaurant; Bar; Fitness center; Historic atrium,574,,,,,,,,,,,
1514,binary,379,2,105,Residence Inn New York Downtown Manhattan,3,Financial District,8.1,1130,Studio Suite (1 king bed),0,1,Free WiFi; Breakfast included; Kitchen; Fitness center,263,124,"The Beekman, A Thompson Hotel",5,Financial District,8.7,1296,King Room (1 king bed),1,0,Free WiFi; Restaurant; Bar; Fitness center; Historic atrium,534,,,,,,,,,,,
1517,binary,380,1,105,Residence Inn New York Downtown Manhattan,3,Financial District,8.1,1016,One-Bedroom Suite (1 king bed),0,1,Free WiFi; Breakfast included; Kitchen; Fitness center,320,135,The Ludlow Hotel,4,Lower East Side,8.4,1048,King Room (1 king bed),1,0,Free WiFi; Restaurant; Bar; Garden,368,,,,,,,,,,,
1518,binary,380,2,105,Residence Inn New York Downtown Manhattan,3,Financial District,7.8,1151,Studio Suite (1 king bed),0,0,Free WiFi; Breakfast included; Kitchen; Fitness center,264,135,The Ludlow Hotel,4,Lower East Side,8.5,1187,King Room (1 king bed),1,0,Free WiFi; Restaurant; Bar; Garden,345,,,,,,,,,,,
1521,binary,381,1,105,Residence Inn New York Downtown Manhattan,3,Financial District,7.9,1206,One-Bedroom Suite (1 king bed),1,1,Free WiFi; Breakfast included; Kitchen; Fitness center,309,139,The Standard High Line,4,Meatpacking District,8.7,1914,Queen Room (1 queen bed),0,0,Free WiFi; Restaurant; Bar; Beer garden,450,,,,,,,,,,,
1522,binary,381,2,105,Residence Inn New York Downtown Manhattan,3,Financial District,8.0,1188,Studio Suite (1 king bed),1,1,Free WiFi; Breakfast included; Kitchen; Fitness center,334,139,The Standard High Line,4,Meatpacking District,8.5,1905,Queen Room (1 queen bed),1,0,Free WiFi; Restaurant; Bar; Beer garden,471,,,,,,,,,,,
1525,binary,382,1,106,AC Hotel New York Times Square,4,Times Square,8.4,1939,King Room (1 king bed),1,1,Free WiFi; Fitness center; Restaurant; Bar,286,108,W New York - Times Square,4,Times Square,7.9,2621,Spectacular King (1 king bed),0,0,Free WiFi; Fitness center; Restaurant; Bar,260,,,,,,,,,,,
1526,binary,382,2,106,AC Hotel New York Times Square,4,Times Square,8.1,1857,Queen Room (1 queen bed),1,0,Free WiFi; Fitness center; Restaurant; Bar,305,108,W New York - Times Square,4,Times Square,8.0,2739,Spectacular King (1 king bed),0,0,Free WiFi; Fitness center; Restaurant; Bar,398,,,,,,,,,,,
1529,binary,383,1,106,AC Hotel New York Times Square,4,Times Square,8.1,1845,Queen Room (1 queen bed),1,0,Free WiFi; Fitness center; Restaurant; Bar,219,116,Hyatt Centric Midtown 5th Avenue New York,4,Midtown,8.3,1699,Queen Room (1 queen bed),1,0,Free WiFi; Fitness center; Restaurant; Bar,332,,,,,,,,,,,
1530,binary,383,2,106,AC Hotel New York Times Square,4,Times Square,8.4,2180,Queen Room (1 queen bed),0,0,Free WiFi; Fitness center; Restaurant; Bar,280,116,Hyatt Centric Midtown 5th Avenue New York,4,Midtown,8.4,1894,King Room (1 king bed),0,0,Free WiFi; Fitness center; Restaurant; Bar,265,,,,,,,,,,,
1533,binary,384,1,106,AC Hotel New York Times Square,4,Times Square,8.4,2091,King Room (1 king bed),1,0,Free WiFi; Fitness center; Restaurant; Bar,228,134,Pod Brooklyn,3,"Williamsburg, Brooklyn",8.0,811,Queen Pod (1 queen bed),1,0,Free WiFi; Rooftop bar,151,,,,,,,,,,,
1534,binary,384,2,106,AC Hotel New York Times Square,4,Times Square,8.3,2183,Queen Room (1 queen bed),1,0,Free WiFi; Fitness center; Restaurant; Bar,281,134,Pod Brooklyn,3,"Williamsburg, Brooklyn",8.2,791,King Pod (1 king bed),1,0,Free WiFi; Rooftop bar,101,,,,,,,,,,,
1537,binary,385,1,106,AC Hotel New York Times Square,4,Times Square,8.4,2010,King Room (1 king bed),1,0,Free WiFi; Fitness center; Restaurant; Bar,318,169,Henry Norman Hotel,4,"Greenpoint, Brooklyn",8.3,461,Loft Suite (1 king bed),0,1,Free WiFi; Garden,260,,,,,,,,,,,
1538,binary,385,2,106,AC Hotel New York Times Square,4,Times Square,8.4,1847,Queen Room (1 queen bed),1,0,Free WiFi; Fitness center; Restaurant; Bar,244,169,Henry Norman Hotel,4,"Greenpoint, Brooklyn",8.3,450,King Suite (1 king bed),1,0,Free WiFi; Garden,278,,,,,,,,,,,
1541,binary,386,1,108,W New York - Times Square,4,Times Square,7.9,3021,Wonderful King (1 king bed),1,0,Free WiFi; Fitness center; Restaurant; Bar,341,118,Hyatt Centric Wall Street New York,4,Financial District,8.5,1118,Queen Room (1 queen bed),1,0,Free WiFi; Fitness center; Restaurant; Bar,360,,,,,,,,,,,
1542,binary,386,2,108,W New York - Times Square,4,Times Square,7.9,2613,Spectacular King (1 king bed),1,0,Free WiFi; Fitness center; Restaurant; Bar,373,118,Hyatt Centric Wall Street New York,4,Financial District,8.5,1224,King Room (1 king bed),1,0,Free WiFi; Fitness center; Restaurant; Bar,294,,,,,,,,,,,
1545,binary,387,1,108,W New York - Times Square,4,Times Square,7.7,2542,Wonderful King (1 king bed),1,0,Free WiFi; Fitness center; Restaurant; Bar,357,140,NoMo SoHo,4,SoHo,8.2,1109,Queen Room (1 queen bed),0,0,Free WiFi; Restaurant; Bar,359,,,,,,,,,,,
1546,binary,387,2,108,W New York - Times Square,4,Times Square,7.8,2542,Wonderful King (1 king bed),1,0,Free WiFi; Fitness center; Restaurant; Bar,265,140,NoMo SoHo,4,SoHo,8.2,1094,Queen Room (1 queen bed),1,0,Free WiFi; Restaurant; Bar,422,,,,,,,,,,,
1549,binary,388,1,109,W New York - Union Square,4,Union Square,8.0,1535,Spectacular King (1 king bed),0,0,Free WiFi; Fitness center; Restaurant; Bar,429,133,HI New York City Hostel,1,Upper West Side,7.1,3039,Private Room (1 double bed),0,0,Free WiFi; Shared kitchen; Lounge,62,,,,,,,,,,,
1550,binary,388,2,109,W New York - Union Square,4,Union Square,8.0,1504,Spectacular King (1 king bed),1,0,Free WiFi; Fitness center; Restaurant; Bar,340,133,HI New York City Hostel,1,Upper West Side,7.0,3499,Private Room (1 double bed),1,0,Free WiFi; Shared kitchen; Lounge,76,,,,,,,,,,,
1553,binary,389,1,109,W New York - Union Square,4,Union Square,8.3,1450,Wonderful King (1 king bed),1,0,Free WiFi; Fitness center; Restaurant; Bar,377,142,The Mercer,5,SoHo,8.9,674,Penthouse Loft (1 king bed),0,0,Free WiFi; Restaurant; Bar,824,,,,,,,,,,,
1554,binary,389,2,109,W New York - Union Square,4,Union Square,8.2,1520,Spectacular King (1 king bed),1,0,Free WiFi; Fitness center; Restaurant; Bar,261,142,The Mercer,5,SoHo,9.1,603,Mercer King (1 king bed),0,0,Free WiFi; Restaurant; Bar,559,,,,,,,,,,,
1557,binary,390,1,109,W New York - Union Square,4,Union Square,8.3,1597,Spectacular King (1 king bed),1,0,Free WiFi; Fitness center; Restaurant; Bar,261,169,Henry Norman Hotel,4,"Greenpoint, Brooklyn",8.4,530,King Suite (1 king bed),1,0,Free WiFi; Garden,164,,,,,,,,,,,
1558,binary,390,2,109,W New York - Union Square,4,Union Square,8.2,1641,Spectacular King (1 king bed),0,0,Free WiFi; Fitness center; Restaurant; Bar,291,169,Henry Norman Hotel,4,"Greenpoint, Brooklyn",8.3,503,King Suite (1 king bed),0,0,Free WiFi; Garden,242,,,,,,,,,,,
1561,binary,391,1,110,The Westin New York Grand Central,4,Midtown East,7.9,2920,King Room (1 king bed),1,0,Free WiFi; Restaurant; Fitness center; Heavenly Bed,328,111,The Westin New York at Times Square,4,Times Square,7.8,4395,King Room (1 king bed),0,0,Free WiFi; Restaurant; Fitness center; Bar,295,,,,,,,,,,,
1562,binary,391,2,110,The Westin New York Grand Central,4,Midtown East,8.2,3463,Double Room (2 double beds),0,0,Free WiFi; Restaurant; Fitness center; Heavenly Bed,404,111,The Westin New York at Times Square,4,Times Square,8.1,3927,King Room (1 king bed),0,0,Free WiFi; Restaurant; Fitness center; Bar,421,,,,,,,,,,,
1565,binary,392,1,110,The Westin New York Grand Central,4,Midtown East,8.0,2979,Double Room (2 double beds),1,0,Free WiFi; Restaurant; Fitness center; Heavenly Bed,306,136,The Bowery Hotel,4,East Village,8.7,777,Queen Room (1 queen bed),1,0,Free WiFi; Restaurant; Bar; Fireplace lounge,524,,,,,,,,,,,
1566,binary,392,2,110,The Westin New York Grand Central,4,Midtown East,7.9,3268,King Room (1 king bed),0,0,Free WiFi; Restaurant; Fitness center; Heavenly Bed,287,136,The Bowery Hotel,4,East Village,8.9,825,King Room (1 king bed),0,0,Free WiFi; Restaurant; Bar; Fireplace lounge,380,,,,,,,,,,,
1569,binary,393,1,110,The Westin New York Grand Central,4,Midtown East,8.0,3476,Double Room (2 double beds),0,0,Free WiFi; Restaurant; Fitness center; Heavenly Bed,363,152,Arlo Midtown,3,Times Square,8.1,1944,King Room (1 king bed),1,0,Free WiFi; Rooftop bar; Restaurant,193,,,,,,,,,,,
1570,binary,393,2,110,The Westin New York Grand Central,4,Midtown East,8.2,3485,Double Room (2 double beds),1,0,Free WiFi; Restaurant; Fitness center; Heavenly Bed,240,152,Arlo Midtown,3,Times Square,8.0,1624,King Room (1 king bed),1,0,Free WiFi; Rooftop bar; Restaurant,221,,,,,,,,,,,
1573,binary,394,1,110,The Westin New York Grand Central,4,Midtown East,8.0,3503,King Room (1 king bed),0,0,Free WiFi; Restaurant; Fitness center; Heavenly Bed,259,162,McCarren Hotel & Pool,4,"Williamsburg, Brooklyn",8.1,749,King Room (1 king bed),0,0,Free WiFi; Pool; Restaurant,206,,,,,,,,,,,
1574,binary,394,2,110,The Westin New York Grand Central,4,Midtown East,8.0,3065,King Room (1 king bed),1,0,Free WiFi; Restaurant; Fitness center; Heavenly Bed,403,162,McCarren Hotel & Pool,4,"Williamsburg, Brooklyn",8.0,805,King Room (1 king bed),0,0,Free WiFi; Pool; Restaurant,178,,,,,,,,,,,
1577,binary,395,1,110,The Westin New York Grand Central,4,Midtown East,7.9,3346,Double Room (2 double beds),0,0,Free WiFi; Restaurant; Fitness center; Heavenly Bed,420,165,Hotel Le Bleu,3,"Park Slope, Brooklyn",7.9,514,Queen Room (1 queen bed),0,0,Free WiFi; Restaurant,194,,,,,,,,,,,
1578,binary,395,2,110,The Westin New York Grand Central,4,Midtown East,8.0,3085,Double Room (2 double beds),0,0,Free WiFi; Restaurant; Fitness center; Heavenly Bed,400,165,Hotel Le Bleu,3,"Park Slope, Brooklyn",8.0,495,King Room (1 king bed),0,1,Free WiFi; Restaurant,145,,,,,,,,,,,
1581,binary,396,1,111,The Westin New York at Times Square,4,Times Square,8.0,3754,Double Room (2 double beds),1,0,Free WiFi; Restaurant; Fitness center; Bar,273,168,The Boro Hotel,4,"Long Island City, Queens",8.6,736,King Room (1 king bed),1,0,Free WiFi; Bar; Manhattan views,257,,,,,,,,,,,
1582,binary,396,2,111,The Westin New York at Times Square,4,Times Square,7.9,4068,King Room (1 king bed),1,0,Free WiFi; Restaurant; Fitness center; Bar,343,168,The Boro Hotel,4,"Long Island City, Queens",8.3,799,Queen Room (1 queen bed),0,0,Free WiFi; Bar; Manhattan views,208,,,,,,,,,,,
1585,binary,397,1,112,Sheraton New York Times Square Hotel,4,Times Square,7.5,5213,King Room (1 king bed),1,0,Free WiFi; Fitness center; Restaurant; Bar,353,122,Park Hyatt New York,5,Midtown,9.0,869,Park Deluxe King (1 king bed),1,0,Free WiFi; Fitness center; Restaurant; Bar; Spa; Pool,689,,,,,,,,,,,
1586,binary,397,2,112,Sheraton New York Times Square Hotel,4,Times Square,7.7,5013,Double Room (2 double beds),1,0,Free WiFi; Fitness center; Restaurant; Bar,324,122,Park Hyatt New York,5,Midtown,9.2,797,Park King (1 king bed),0,0,Free WiFi; Fitness center; Restaurant; Bar; Spa; Pool,764,,,,,,,,,,,
1589,binary,398,1,114,Sheraton Brooklyn New York Hotel,4,Downtown Brooklyn,7.8,1411,King Room (1 king bed),1,0,Free WiFi; Restaurant; Fitness center; Pool,215,137,The Marlton Hotel,4,Greenwich Village,8.6,858,King Room (1 king bed),0,0,Free WiFi; Restaurant; Bar,361,,,,,,,,,,,
1590,binary,398,2,114,Sheraton Brooklyn New York Hotel,4,Downtown Brooklyn,7.7,1510,Double Room (2 double beds),1,1,Free WiFi; Restaurant; Fitness center; Pool,255,137,The Marlton Hotel,4,Greenwich Village,8.5,1039,Queen Room (1 queen bed),1,0,Free WiFi; Restaurant; Bar,215,,,,,,,,,,,
1593,binary,399,1,114,Sheraton Brooklyn New York Hotel,4,Downtown Brooklyn,7.7,1328,King Room (1 king bed),0,0,Free WiFi; Restaurant; Fitness center; Pool,223,153,The Renwick Hotel,4,Midtown East,8.4,917,King Room (1 king bed),1,0,Free WiFi; Restaurant; Bar,378,,,,,,,,,,,
1594,binary,399,2,114,Sheraton Brooklyn New York Hotel,4,Downtown Brooklyn,7.8,1448,King Room (1 king bed),0,0,Free WiFi; Restaurant; Fitness center; Pool,153,153,The Renwick Hotel,4,Midtown East,8.5,948,King Room (1 king bed),1,0,Free WiFi; Restaurant; Bar,362,,,,,,,,,,,
1597,binary,400,1,115,Hyatt Grand Central New York,4,Midtown East,7.8,3530,Double Room (2 double beds),0,1,Free WiFi; Fitness center; Restaurant,400,143,1 Hotel Brooklyn Bridge,4,Brooklyn Heights,8.7,1975,Queen Room (1 queen bed),1,0,Free WiFi; Rooftop pool; Restaurant; Spa,349,,,,,,,,,,,
1598,binary,400,2,115,Hyatt Grand Central New York,4,Midtown East,7.6,3526,Double Room (2 double beds),1,0,Free WiFi; Fitness center; Restaurant,225,143,1 Hotel Brooklyn Bridge,4,Brooklyn Heights,8.7,1872,Queen Room (1 queen bed),1,0,Free WiFi; Rooftop pool; Restaurant; Spa,530,,,,,,,,,,,
1601,binary,401,1,115,Hyatt Grand Central New York,4,Midtown East,7.7,3800,Double Room (2 double beds),0,0,Free WiFi; Fitness center; Restaurant,382,156,The Hoxton Williamsburg,4,"Williamsburg, Brooklyn",8.3,905,Queen Room (1 queen bed),1,0,Free WiFi; Restaurant; Rooftop bar,251,,,,,,,,,,,
1602,binary,401,2,115,Hyatt Grand Central New York,4,Midtown East,7.8,3202,Double Room (2 double beds),1,1,Free WiFi; Fitness center; Restaurant,357,156,The Hoxton Williamsburg,4,"Williamsburg, Brooklyn",8.7,1007,King Room (1 king bed),0,0,Free WiFi; Restaurant; Rooftop bar,226,,,,,,,,,,,
1605,binary,402,1,115,Hyatt Grand Central New York,4,Midtown East,7.8,3817,King Room (1 king bed),1,0,Free WiFi; Fitness center; Restaurant,258,175,Conrad New York Midtown,5,Midtown,8.6,1709,King Suite (1 king bed),0,0,Free WiFi; Fitness center; Restaurant; Bar; Spa,589,,,,,,,,,,,
1606,binary,402,2,115,Hyatt Grand Central New York,4,Midtown East,7.7,3445,Double Room (2 double beds),1,0,Free WiFi; Fitness center; Restaurant,395,175,Conrad New York Midtown,5,Midtown,8.3,1748,Deluxe Suite (1 king bed),1,1,Free WiFi; Fitness center; Restaurant; Bar; Spa,396,,,,,,,,,,,
1609,binary,403,1,116,Hyatt Centric Midtown 5th Avenue New York,4,Midtown,8.6,1706,King Room (1 king bed),1,0,Free WiFi; Fitness center; Restaurant; Bar,228,135,The Ludlow Hotel,4,Lower East Side,8.7,1042,King Room (1 king bed),1,0,Free WiFi; Restaurant; Bar; Garden,242,,,,,,,,,,,
1610,binary,403,2,116,Hyatt Centric Midtown 5th Avenue New York,4,Midtown,8.3,1653,Queen Room (1 queen bed),0,0,Free WiFi; Fitness center; Restaurant; Bar,340,135,The Ludlow Hotel,4,Lower East Side,8.7,1175,King Room (1 king bed),0,0,Free WiFi; Restaurant; Bar; Garden,298,,,,,,,,,,,
1613,binary,404,1,117,Hyatt Centric Times Square New York,4,Times Square,8.3,2083,King Room (1 king bed),1,0,Free WiFi; Fitness center; Restaurant; Bar,355,160,The Rockaway Hotel & Spa,4,"Rockaway Beach, Queens",8.1,486,King Room (1 king bed),1,0,Free WiFi; Pool; Spa; Restaurant,247,,,,,,,,,,,
1614,binary,404,2,117,Hyatt Centric Times Square New York,4,Times Square,8.2,2397,King Room (1 king bed),1,0,Free WiFi; Fitness center; Restaurant; Bar,258,160,The Rockaway Hotel & Spa,4,"Rockaway Beach, Queens",8.5,504,King Room (1 king bed),0,0,Free WiFi; Pool; Spa; Restaurant,209,,,,,,,,,,,
1617,binary,405,1,117,Hyatt Centric Times Square New York,4,Times Square,8.4,2192,Queen Room (1 queen bed),0,0,Free WiFi; Fitness center; Restaurant; Bar,337,166,Z Hotel New York,3,"Long Island City, Queens",7.7,1483,Queen Room (1 queen bed),0,0,Free WiFi; Rooftop bar,149,,,,,,,,,,,
1618,binary,405,2,117,Hyatt Centric Times Square New York,4,Times Square,8.2,2027,Queen Room (1 queen bed),1,1,Free WiFi; Fitness center; Restaurant; Bar,431,166,Z Hotel New York,3,"Long Island City, Queens",7.7,1419,Queen Room (1 queen bed),1,0,Free WiFi; Rooftop bar,151,,,,,,,,,,,
1621,binary,406,1,118,Hyatt Centric Wall Street New York,4,Financial District,8.3,1162,King Room (1 king bed),1,0,Free WiFi; Fitness center; Restaurant; Bar,286,143,1 Hotel Brooklyn Bridge,4,Brooklyn Heights,8.6,1832,King Room (1 king bed),0,0,Free WiFi; Rooftop pool; Restaurant; Spa,336,,,,,,,,,,,
1622,binary,406,2,118,Hyatt Centric Wall Street New York,4,Financial District,8.3,1142,King Room (1 king bed),1,0,Free WiFi; Fitness center; Restaurant; Bar,306,143,1 Hotel Brooklyn Bridge,4,Brooklyn Heights,8.7,1701,King Room (1 king bed),0,0,Free WiFi; Rooftop pool; Restaurant; Spa,436,,,,,,,,,,,
1625,binary,407,1,121,Hyatt Regency Times Square,4,Times Square,7.9,2498,King Room (1 king bed),0,0,Free WiFi; Fitness center; Restaurant; Bar,382,144,1 Hotel Central Park,5,Midtown,8.6,1312,Queen Room (1 queen bed),1,0,Free WiFi; Restaurant; Spa; Fitness center,525,,,,,,,,,,,
1626,binary,407,2,121,Hyatt Regency Times Square,4,Times Square,7.8,2839,Double Room (2 double beds),1,0,Free WiFi; Fitness center; Restaurant; Bar,378,144,1 Hotel Central Park,5,Midtown,8.6,1215,Queen Room (1 queen bed),0,0,Free WiFi; Restaurant; Spa; Fitness center,658,,,,,,,,,,,
1629,binary,408,1,121,Hyatt Regency Times Square,4,Times Square,7.9,2787,Double Room (2 double beds),0,0,Free WiFi; Fitness center; Restaurant; Bar,286,177,Tempo by Hilton New York Times Square,3,Times Square,8.0,643,Double Room (2 double beds),0,0,Free WiFi; Fitness center; Kitchen,194,,,,,,,,,,,
1630,binary,408,2,121,Hyatt Regency Times Square,4,Times Square,7.8,2395,Double Room (2 double beds),1,1,Free WiFi; Fitness center; Restaurant; Bar,268,177,Tempo by Hilton New York Times Square,3,Times Square,8.2,589,Double Room (2 double beds),0,0,Free WiFi; Fitness center; Kitchen,176,,,,,,,,,,,
1633,binary,409,1,122,Park Hyatt New York,5,Midtown,9.2,875,Park King (1 king bed),1,1,Free WiFi; Fitness center; Restaurant; Bar; Spa; Pool,990,137,The Marlton Hotel,4,Greenwich Village,8.6,1001,King Room (1 king bed),0,0,Free WiFi; Restaurant; Bar,275,,,,,,,,,,,
1634,binary,409,2,122,Park Hyatt New York,5,Midtown,9.2,818,Park King (1 king bed),1,0,Free WiFi; Fitness center; Restaurant; Bar; Spa; Pool,752,137,The Marlton Hotel,4,Greenwich Village,8.5,901,King Room (1 king bed),1,0,Free WiFi; Restaurant; Bar,220,,,,,,,,,,,
1637,binary,410,1,122,Park Hyatt New York,5,Midtown,8.9,807,Park Deluxe King (1 king bed),1,0,Free WiFi; Fitness center; Restaurant; Bar; Spa; Pool,1038,141,The Greenwich Hotel,5,TriBeCa,9.2,474,King Room (1 king bed),1,0,Free WiFi; Restaurant; Spa; Pool; Fitness center,724,,,,,,,,,,,
1638,binary,410,2,122,Park Hyatt New York,5,Midtown,8.9,848,Park King (1 king bed),0,0,Free WiFi; Fitness center; Restaurant; Bar; Spa; Pool,969,141,The Greenwich Hotel,5,TriBeCa,9.4,528,King Room (1 king bed),1,1,Free WiFi; Restaurant; Spa; Pool; Fitness center,1169,,,,,,,,,,,
1641,binary,411,1,122,Park Hyatt New York,5,Midtown,9.3,879,Park Deluxe King (1 king bed),0,0,Free WiFi; Fitness center; Restaurant; Bar; Spa; Pool,1228,150,The Peninsula New York,5,Midtown,9.2,829,Superior King (1 king bed),0,0,Free WiFi; Fitness center; Restaurant; Bar; Spa; Pool,1224,,,,,,,,,,,
1642,binary,411,2,122,Park Hyatt New York,5,Midtown,9.0,756,Park King (1 king bed),0,0,Free WiFi; Fitness center; Restaurant; Bar; Spa; Pool,653,150,The Peninsula New York,5,Midtown,9.2,836,Superior King (1 king bed),1,0,Free WiFi; Fitness center; Restaurant; Bar; Spa; Pool,1420,,,,,,,,,,,
1645,binary,412,1,122,Park Hyatt New York,5,Midtown,9.3,761,Park King (1 king bed),0,0,Free WiFi; Fitness center; Restaurant; Bar; Spa; Pool,876,156,The Hoxton Williamsburg,4,"Williamsburg, Brooklyn",8.5,1056,Queen Room (1 queen bed),0,0,Free WiFi; Restaurant; Rooftop bar,208,,,,,,,,,,,
1646,binary,412,2,122,Park Hyatt New York,5,Midtown,9.3,846,Park King (1 king bed),0,1,Free WiFi; Fitness center; Restaurant; Bar; Spa; Pool,839,156,The Hoxton Williamsburg,4,"Williamsburg, Brooklyn",8.6,1076,King Room (1 king bed),1,0,Free WiFi; Restaurant; Rooftop bar,251,,,,,,,,,,,
1649,binary,413,1,122,Park Hyatt New York,5,Midtown,9.1,758,Park King (1 king bed),0,0,Free WiFi; Fitness center; Restaurant; Bar; Spa; Pool,874,179,"The Ritz-Carlton New York, NoMad",5,NoMad,8.8,361,Deluxe King (1 king bed),0,1,Free WiFi; Fitness center; Restaurant; Bar; Spa; Pool,1193,,,,,,,,,,,
1650,binary,413,2,122,Park Hyatt New York,5,Midtown,9.1,810,Park Deluxe King (1 king bed),0,0,Free WiFi; Fitness center; Restaurant; Bar; Spa; Pool,669,179,"The Ritz-Carlton New York, NoMad",5,NoMad,8.8,403,Deluxe King (1 king bed),0,0,Free WiFi; Fitness center; Restaurant; Bar; Spa; Pool,1464,,,,,,,,,,,
1653,binary,414,1,124,"The Beekman, A Thompson Hotel",5,Financial District,8.8,1418,King Room (1 king bed),0,0,Free WiFi; Restaurant; Bar; Fitness center; Historic atrium,352,142,The Mercer,5,SoHo,9.1,636,Penthouse Loft (1 king bed),0,0,Free WiFi; Restaurant; Bar,827,,,,,,,,,,,
1654,binary,414,2,124,"The Beekman, A Thompson Hotel",5,Financial District,8.7,1280,King Room (1 king bed),0,0,Free WiFi; Restaurant; Bar; Fitness center; Historic atrium,543,142,The Mercer,5,SoHo,9.1,593,Mercer King (1 king bed),0,0,Free WiFi; Restaurant; Bar,1065,,,,,,,,,,,
1657,binary,415,1,124,"The Beekman, A Thompson Hotel",5,Financial District,9.0,1319,Turret Suite (1 king bed),0,0,Free WiFi; Restaurant; Bar; Fitness center; Historic atrium,497,168,The Boro Hotel,4,"Long Island City, Queens",8.5,853,Queen Room (1 queen bed),0,0,Free WiFi; Bar; Manhattan views,220,,,,,,,,,,,
1658,binary,415,2,124,"The Beekman, A Thompson Hotel",5,Financial District,8.7,1340,Turret Suite (1 king bed),1,0,Free WiFi; Restaurant; Bar; Fitness center; Historic atrium,455,168,The Boro Hotel,4,"Long Island City, Queens",8.3,856,Queen Room (1 queen bed),0,1,Free WiFi; Bar; Manhattan views,162,,,,,,,,,,,
1661,binary,416,1,125,Wyndham New Yorker Hotel,3,Midtown,7.6,4346,King Room (1 king bed),0,0,Free WiFi; Fitness center,219,144,1 Hotel Central Park,5,Midtown,8.7,1285,King Room (1 king bed),1,0,Free WiFi; Restaurant; Spa; Fitness center,554,,,,,,,,,,,
1662,binary,416,2,125,Wyndham New Yorker Hotel,3,Midtown,7.4,4378,King Room (1 king bed),1,0,Free WiFi; Fitness center,179,144,1 Hotel Central Park,5,Midtown,8.6,1115,Queen Room (1 queen bed),1,0,Free WiFi; Restaurant; Spa; Fitness center,466,,,,,,,,,,,
1665,binary,417,1,126,Ramada by Wyndham New York/Eastside,2,Midtown East,6.7,1881,Queen Room (1 queen bed),0,0,Free WiFi,81,131,Freehand New York,3,Flatiron,8.1,1694,King Room (1 king bed),1,0,Free WiFi; Restaurant; Bar; Rooftop,237,,,,,,,,,,,
1666,binary,417,2,126,Ramada by Wyndham New York/Eastside,2,Midtown East,6.6,1761,Queen Room (1 queen bed),0,0,Free WiFi,80,131,Freehand New York,3,Flatiron,8.1,1818,Queen Room (1 queen bed),1,0,Free WiFi; Restaurant; Bar; Rooftop,190,,,,,,,,,,,
1669,binary,418,1,126,Ramada by Wyndham New York/Eastside,2,Midtown East,6.9,1915,King Room (1 king bed),0,0,Free WiFi,101,166,Z Hotel New York,3,"Long Island City, Queens",7.9,1371,Queen Room (1 queen bed),0,0,Free WiFi; Rooftop bar,146,,,,,,,,,,,
1670,binary,418,2,126,Ramada by Wyndham New York/Eastside,2,Midtown East,6.8,1665,King Room (1 king bed),0,0,Free WiFi,119,166,Z Hotel New York,3,"Long Island City, Queens",7.7,1425,Queen Room (1 queen bed),1,0,Free WiFi; Rooftop bar,187,,,,,,,,,,,
1673,binary,419,1,127,Days Inn by Wyndham NYC Midtown 45,2,Midtown,6.5,2048,Queen Room (1 queen bed),1,0,Free WiFi,96,164,Even Hotel Brooklyn,3,Downtown Brooklyn,8.1,724,King Room (1 king bed),0,0,Free WiFi; Fitness center,179,,,,,,,,,,,
1674,binary,419,2,127,Days Inn by Wyndham NYC Midtown 45,2,Midtown,6.5,2408,King Room (1 king bed),1,0,Free WiFi,82,164,Even Hotel Brooklyn,3,Downtown Brooklyn,8.1,705,King Room (1 king bed),0,0,Free WiFi; Fitness center,157,,,,,,,,,,,
1677,binary,420,1,128,La Quinta Inn & Suites New York Times Square South,2,Midtown,7.1,1700,King Room (1 king bed),1,1,Free WiFi; Breakfast,106,156,The Hoxton Williamsburg,4,"Williamsburg, Brooklyn",8.7,938,King Room (1 king bed),1,0,Free WiFi; Restaurant; Rooftop bar,210,,,,,,,,,,,
1678,binary,420,2,128,La Quinta Inn & Suites New York Times Square South,2,Midtown,7.2,1533,Double Room (2 double beds),0,1,Free WiFi; Breakfast,165,156,The Hoxton Williamsburg,4,"Williamsburg, Brooklyn",8.4,978,Queen Room (1 queen bed),0,1,Free WiFi; Restaurant; Rooftop bar,271,,,,,,,,,,,
1681,binary,421,1,130,The Jane Hotel,2,West Village,7.2,2522,Captain's Cabin (1 queen bed),0,0,Free WiFi; Bar; Ballroom,113,134,Pod Brooklyn,3,"Williamsburg, Brooklyn",8.1,876,King Pod (1 king bed),0,0,Free WiFi; Rooftop bar,168,,,,,,,,,,,
1682,binary,421,2,130,The Jane Hotel,2,West Village,7.2,2527,Standard Cabin (1 twin bed),0,0,Free WiFi; Bar; Ballroom,82,134,Pod Brooklyn,3,"Williamsburg, Brooklyn",8.2,736,King Pod (1 king bed),0,0,Free WiFi; Rooftop bar,143,,,,,,,,,,,
1685,binary,422,1,130,The Jane Hotel,2,West Village,7.4,2484,Captain's Cabin (1 queen bed),0,0,Free WiFi; Bar; Ballroom,141,147,"The Pierre, A Taj Hotel",5,Upper East Side,8.9,1409,Deluxe King (1 king bed),0,0,Free WiFi; Fitness center; Restaurant; Bar; Spa,703,,,,,,,,,,,
1686,binary,422,2,130,The Jane Hotel,2,West Village,7.4,2253,Captain's Cabin (1 queen bed),0,0,Free WiFi; Bar; Ballroom,137,147,"The Pierre, A Taj Hotel",5,Upper East Side,8.6,1275,Deluxe King (1 king bed),0,0,Free WiFi; Fitness center; Restaurant; Bar; Spa,521,,,,,,,,,,,
1689,binary,423,1,130,The Jane Hotel,2,West Village,7.5,2470,Standard Cabin (1 twin bed),0,0,Free WiFi; Bar; Ballroom,140,162,McCarren Hotel & Pool,4,"Williamsburg, Brooklyn",8.0,721,Queen Room (1 queen bed),0,0,Free WiFi; Pool; Restaurant,251,,,,,,,,,,,
1690,binary,423,2,130,The Jane Hotel,2,West Village,7.4,2335,Standard Cabin (1 twin bed),0,0,Free WiFi; Bar; Ballroom,153,162,McCarren Hotel & Pool,4,"Williamsburg, Brooklyn",7.9,750,Queen Room (1 queen bed),0,0,Free WiFi; Pool; Restaurant,281,,,,,,,,,,,
1693,binary,424,1,132,The Local NYC,2,"Long Island City, Queens",8.1,858,Queen Room (1 queen bed),0,0,Free WiFi; Shared kitchen,87,158,The James New York NoMad,4,NoMad,8.3,745,Queen Room (1 queen bed),1,0,Free WiFi; Restaurant; Rooftop bar; Fitness center,346,,,,,,,,,,,
1694,binary,424,2,132,The Local NYC,2,"Long Island City, Queens",8.2,823,Queen Room (1 queen bed),0,0,Free WiFi; Shared kitchen,131,158,The James New York NoMad,4,NoMad,8.2,839,King Room (1 king bed),1,0,Free WiFi; Restaurant; Rooftop bar; Fitness center,348,,,,,,,,,,,
1697,binary,425,1,132,The Local NYC,2,"Long Island City, Queens",8.1,903,Bunk Room (2 bunk beds),1,0,Free WiFi; Shared kitchen,140,164,Even Hotel Brooklyn,3,Downtown Brooklyn,8.3,688,Queen Room (1 queen bed),1,0,Free WiFi; Fitness center,138,,,,,,,,,,,
1698,binary,425,2,132,The Local NYC,2,"Long Island City, Queens",8.1,978,Queen Room (1 queen bed),1,0,Free WiFi; Shared kitchen,114,164,Even Hotel Brooklyn,3,Downtown Brooklyn,8.2,670,King Room (1 king bed),0,0,Free WiFi; Fitness center,177,,,,,,,,,,,
1701,binary,426,1,132,The Local NYC,2,"Long Island City, Queens",8.3,914,Bunk Room (2 bunk beds),1,0,Free WiFi; Shared kitchen,94,171,New York Marriott Marquis,4,Times Square,7.7,9289,King Room (1 king bed),1,0,Free WiFi; Restaurant; Bar; Fitness center; Theater,256,,,,,,,,,,,
1702,binary,426,2,132,The Local NYC,2,"Long Island City, Queens",8.4,838,Bunk Room (2 bunk beds),0,0,Free WiFi; Shared kitchen,124,171,New York Marriott Marquis,4,Times Square,7.9,7671,King Room (1 king bed),0,1,Free WiFi; Restaurant; Bar; Fitness center; Theater,288,,,,,,,,,,,
1705,binary,427,1,132,The Local NYC,2,"Long Island City, Queens",8.4,959,Bunk Room (2 bunk beds),1,0,Free WiFi; Shared kitchen,132,176,Conrad New York Downtown,5,Financial District,8.8,1829,Deluxe Suite (1 king bed),0,0,Free WiFi; Fitness center; Restaurant; Bar; Spa,312,,,,,,,,,,,
1706,binary,427,2,132,The Local NYC,2,"Long Island City, Queens",8.2,945,Bunk Room (2 bunk beds),0,0,Free WiFi; Shared kitchen,76,176,Conrad New York Downtown,5,Financial District,8.6,1940,Deluxe Suite (1 king bed),1,0,Free WiFi; Fitness center; Restaurant; Bar; Spa,461,,,,,,,,,,,
1709,binary,428,1,134,Pod Brooklyn,3,"Williamsburg, Brooklyn",7.9,864,King Pod (1 king bed),1,0,Free WiFi; Rooftop bar,89,166,Z Hotel New York,3,"Long Island City, Queens",7.8,1292,King Room (1 king bed),0,0,Free WiFi; Rooftop bar,114,,,,,,,,,,,
1710,binary,428,2,134,Pod Brooklyn,3,"Williamsburg, Brooklyn",8.2,799,Queen Pod (1 queen bed),1,0,Free WiFi; Rooftop bar,147,166,Z Hotel New York,3,"Long Island City, Queens",7.9,1345,Queen Room (1 queen bed),0,0,Free WiFi; Rooftop bar,187,,,,,,,,,,,
1713,binary,429,1,134,Pod Brooklyn,3,"Williamsburg, Brooklyn",8.1,743,Queen Pod (1 queen bed),0,0,Free WiFi; Rooftop bar,99,171,New York Marriott Marquis,4,Times Square,7.9,8267,King Room (1 king bed),1,0,Free WiFi; Restaurant; Bar; Fitness center; Theater,439,,,,,,,,,,,
1714,binary,429,2,134,Pod Brooklyn,3,"Williamsburg, Brooklyn",8.2,736,Queen Pod (1 queen bed),1,0,Free WiFi; Rooftop bar,152,171,New York Marriott Marquis,4,Times Square,7.7,8936,Double Room (2 double beds),1,0,Free WiFi; Restaurant; Bar; Fitness center; Theater,425,,,,,,,,,,,
1717,binary,430,1,134,Pod Brooklyn,3,"Williamsburg, Brooklyn",8.1,843,Queen Pod (1 queen bed),1,0,Free WiFi; Rooftop bar,163,179,"The Ritz-Carlton New York, NoMad",5,NoMad,8.8,415,Premier King (1 king bed),1,1,Free WiFi; Fitness center; Restaurant; Bar; Spa; Pool,805,,,,,,,,,,,
1718,binary,430,2,134,Pod Brooklyn,3,"Williamsburg, Brooklyn",8.0,828,Queen Pod (1 queen bed),0,0,Free WiFi; Rooftop bar,112,179,"The Ritz-Carlton New York, NoMad",5,NoMad,9.0,422,Deluxe King (1 king bed),1,0,Free WiFi; Fitness center; Restaurant; Bar; Spa; Pool,1099,,,,,,,,,,,
1721,binary,431,1,136,The Bowery Hotel,4,East Village,8.8,773,King Room (1 king bed),1,1,Free WiFi; Restaurant; Bar; Fireplace lounge,392,168,The Boro Hotel,4,"Long Island City, Queens",8.7,806,King Room (1 king bed),0,0,Free WiFi; Bar; Manhattan views,174,,,,,,,,,,,
1722,binary,431,2,136,The Bowery Hotel,4,East Village,8.6,895,King Room (1 king bed),1,1,Free WiFi; Restaurant; Bar; Fireplace lounge,591,168,The Boro Hotel,4,"Long Island City, Queens",8.6,801,Queen Room (1 queen bed),1,0,Free WiFi; Bar; Manhattan views,229,,,,,,,,,,,
1725,binary,432,1,136,The Bowery Hotel,4,East Village,8.6,893,King Room (1 king bed),1,0,Free WiFi; Restaurant; Bar; Fireplace lounge,442,171,New York Marriott Marquis,4,Times Square,8.0,8498,King Room (1 king bed),0,0,Free WiFi; Restaurant; Bar; Fitness center; Theater,305,,,,,,,,,,,
1726,binary,432,2,136,The Bowery Hotel,4,East Village,8.7,815,King Room (1 king bed),1,0,Free WiFi; Restaurant; Bar; Fireplace lounge,557,171,New York Marriott Marquis,4,Times Square,7.6,8519,Double Room (2 double beds),1,0,Free WiFi; Restaurant; Bar; Fitness center; Theater,336,,,,,,,,,,,
1729,binary,433,1,137,The Marlton Hotel,4,Greenwich Village,8.5,865,King Room (1 king bed),1,1,Free WiFi; Restaurant; Bar,209,167,Paper Factory Hotel,3,"Long Island City, Queens",8.2,621,Queen Room (1 queen bed),1,0,Free WiFi; Bar; Restaurant,100,,,,,,,,,,,
1730,binary,433,2,137,The Marlton Hotel,4,Greenwich Village,8.3,954,King Room (1 king bed),0,0,Free WiFi; Restaurant; Bar,396,167,Paper Factory Hotel,3,"Long Island City, Queens",8.4,644,Queen Room (1 queen bed),1,1,Free WiFi; Bar; Restaurant,200,,,,,,,,,,,
1733,binary,434,1,138,The Standard East Village,4,East Village,8.2,1225,King Room (1 king bed),1,0,Free WiFi; Restaurant; Bar,436,139,The Standard High Line,4,Meatpacking District,8.7,2151,King Room (1 king bed),0,0,Free WiFi; Restaurant; Bar; Beer garden,303,,,,,,,,,,,
1734,binary,434,2,138,The Standard East Village,4,East Village,8.2,1179,Queen Room (1 queen bed),0,0,Free WiFi; Restaurant; Bar,360,139,The Standard High Line,4,Meatpacking District,8.7,2029,King Room (1 king bed),1,0,Free WiFi; Restaurant; Bar; Beer garden,464,,,,,,,,,,,
1737,binary,435,1,139,The Standard High Line,4,Meatpacking District,8.3,2080,Queen Room (1 queen bed),0,1,Free WiFi; Restaurant; Bar; Beer garden,485,157,Hotel Hugo,4,SoHo,8.0,1196,King Room (1 king bed),0,0,Free WiFi; Rooftop bar; Restaurant,326,,,,,,,,,,,
1738,binary,435,2,139,The Standard High Line,4,Meatpacking District,8.4,2001,King Room (1 king bed),1,0,Free WiFi; Restaurant; Bar; Beer garden,291,157,Hotel Hugo,4,SoHo,8.0,1143,Queen Room (1 queen bed),1,0,Free WiFi; Rooftop bar; Restaurant,245,,,,,,,,,,,
1741,binary,436,1,140,NoMo SoHo,4,SoHo,8.1,1178,King Room (1 king bed),1,0,Free WiFi; Restaurant; Bar,310,151,The St. Regis New York,5,Midtown,9.1,1065,Grand Deluxe King (1 king bed),0,0,Free WiFi; Butler service; Restaurant; Bar; Fitness center,827,,,,,,,,,,,
1742,binary,436,2,140,NoMo SoHo,4,SoHo,8.0,1166,Queen Room (1 queen bed),1,0,Free WiFi; Restaurant; Bar,424,151,The St. Regis New York,5,Midtown,8.9,1064,Superior King (1 king bed),1,0,Free WiFi; Butler service; Restaurant; Bar; Fitness center,884,,,,,,,,,,,
1745,binary,437,1,140,NoMo SoHo,4,SoHo,8.1,1129,Queen Room (1 queen bed),1,1,Free WiFi; Restaurant; Bar,302,174,Moxy NYC Chelsea,3,Chelsea,8.2,1330,Queen Room (1 queen bed),0,0,Free WiFi; Rooftop bar; Restaurant,170,,,,,,,,,,,
1746,binary,437,2,140,NoMo SoHo,4,SoHo,8.2,1049,King Room (1 king bed),1,0,Free WiFi; Restaurant; Bar,382,174,Moxy NYC Chelsea,3,Chelsea,8.0,1390,King Room (1 king bed),1,0,Free WiFi; Rooftop bar; Restaurant,222,,,,,,,,,,,
1749,binary,438,1,142,The Mercer,5,SoHo,8.9,654,Mercer King (1 king bed),1,0,Free WiFi; Restaurant; Bar,820,161,Wythe Hotel,4,"Williamsburg, Brooklyn",8.6,1014,Queen Room (1 queen bed),1,0,Free WiFi; Restaurant; Rooftop bar,211,,,,,,,,,,,
1750,binary,438,2,142,The Mercer,5,SoHo,9.1,675,Mercer King (1 king bed),1,0,Free WiFi; Restaurant; Bar,833,161,Wythe Hotel,4,"Williamsburg, Brooklyn",8.7,1116,King Room (1 king bed),0,1,Free WiFi; Restaurant; Rooftop bar,255,,,,,,,,,,,
1753,binary,439,1,143,1 Hotel Brooklyn Bridge,4,Brooklyn Heights,8.7,1683,King Room (1 king bed),0,0,Free WiFi; Rooftop pool; Restaurant; Spa,357,155,Walker Hotel Tribeca,4,TriBeCa,8.1,500,Queen Room (1 queen bed),0,0,Free WiFi; Restaurant,277,,,,,,,,,,,
1754,binary,439,2,143,1 Hotel Brooklyn Bridge,4,Brooklyn Heights,8.5,1921,King Room (1 king bed),1,0,Free WiFi; Rooftop pool; Restaurant; Spa,555,155,Walker Hotel Tribeca,4,TriBeCa,8.0,534,Queen Room (1 queen bed),1,0,Free WiFi; Restaurant,316,,,,,,,,,,,
1757,binary,440,1,144,1 Hotel Central Park,5,Midtown,8.8,1292,King Room (1 king bed),1,0,Free WiFi; Restaurant; Spa; Fitness center,430,155,Walker Hotel Tribeca,4,TriBeCa,8.3,543,Queen Room (1 queen bed),0,1,Free WiFi; Restaurant,315,,,,,,,,,,,
1758,binary,440,2,144,1 Hotel Central Park,5,Midtown,8.8,1261,Queen Room (1 queen bed),0,1,Free WiFi; Restaurant; Spa; Fitness center,771,155,Walker Hotel Tribeca,4,TriBeCa,8.2,522,King Room (1 king bed),1,0,Free WiFi; Restaurant,320,,,,,,,,,,,
1761,binary,441,1,146,Mandarin Oriental New York,5,Upper West Side,9.0,1074,Hudson River View King (1 king bed),1,1,Free WiFi; Fitness center; Restaurant; Bar; Spa; Pool,1295,161,Wythe Hotel,4,"Williamsburg, Brooklyn",8.6,991,King Room (1 king bed),1,1,Free WiFi; Restaurant; Rooftop bar,390,,,,,,,,,,,
1762,binary,441,2,146,Mandarin Oriental New York,5,Upper West Side,9.0,925,Hudson River View King (1 king bed),0,1,Free WiFi; Fitness center; Restaurant; Bar; Spa; Pool,1383,161,Wythe Hotel,4,"Williamsburg, Brooklyn",8.5,1132,King Room (1 king bed),0,0,Free WiFi; Restaurant; Rooftop bar,266,,,,,,,,,,,
1765,binary,442,1,146,Mandarin Oriental New York,5,Upper West Side,8.9,979,Hudson River View King (1 king bed),0,1,Free WiFi; Fitness center; Restaurant; Bar; Spa; Pool,1111,176,Conrad New York Downtown,5,Financial District,8.8,1908,King Suite (1 king bed),1,0,Free WiFi; Fitness center; Restaurant; Bar; Spa,388,,,,,,,,,,,
1766,binary,442,2,146,Mandarin Oriental New York,5,Upper West Side,8.8,1025,Hudson River View King (1 king bed),0,0,Free WiFi; Fitness center; Restaurant; Bar; Spa; Pool,1053,176,Conrad New York Downtown,5,Financial District,8.7,2027,King Suite (1 king bed),0,0,Free WiFi; Fitness center; Restaurant; Bar; Spa,398,,,,,,,,,,,
1769,binary,443,1,148,"The Carlyle, A Rosewood Hotel",5,Upper East Side,9.2,626,Superior King (1 king bed),1,1,Free WiFi; Spa; Restaurant; Live jazz; Fitness center,991,159,Smyth Tribeca,4,TriBeCa,8.3,635,Queen Room (1 queen bed),1,0,Free WiFi; Restaurant,442,,,,,,,,,,,
1770,binary,443,2,148,"The Carlyle, A Rosewood Hotel",5,Upper East Side,9.1,632,Superior King (1 king bed),0,0,Free WiFi; Spa; Restaurant; Live jazz; Fitness center,1265,159,Smyth Tribeca,4,TriBeCa,8.2,661,Queen Room (1 queen bed),1,0,Free WiFi; Restaurant,241,,,,,,,,,,,
1773,binary,444,1,149,Lotte New York Palace,5,Midtown East,8.5,1982,Deluxe King (1 king bed),0,0,Free WiFi; Fitness center; Restaurant; Bar; Spa,404,152,Arlo Midtown,3,Times Square,8.1,1741,King Room (1 king bed),0,0,Free WiFi; Rooftop bar; Restaurant,142,,,,,,,,,,,
1774,binary,444,2,149,Lotte New York Palace,5,Midtown East,8.5,2099,Palace King (1 king bed),0,0,Free WiFi; Fitness center; Restaurant; Bar; Spa,644,152,Arlo Midtown,3,Times Square,7.9,1760,Queen Room (1 queen bed),0,0,Free WiFi; Rooftop bar; Restaurant,171,,,,,,,,,,,
1777,binary,445,1,149,Lotte New York Palace,5,Midtown East,8.5,2073,Palace King (1 king bed),1,0,Free WiFi; Fitness center; Restaurant; Bar; Spa,641,153,The Renwick Hotel,4,Midtown East,8.4,947,King Room (1 king bed),1,0,Free WiFi; Restaurant; Bar,376,,,,,,,,,,,
1778,binary,445,2,149,Lotte New York Palace,5,Midtown East,8.6,1991,Palace King (1 king bed),0,1,Free WiFi; Fitness center; Restaurant; Bar; Spa,492,153,The Renwick Hotel,4,Midtown East,8.3,867,King Room (1 king bed),1,0,Free WiFi; Restaurant; Bar,298,,,,,,,,,,,
1781,binary,446,1,152,Arlo Midtown,3,Times Square,7.9,1855,Queen Room (1 queen bed),0,0,Free WiFi; Rooftop bar; Restaurant,175,172,New York Marriott Downtown,4,Financial District,8.0,2895,King Room (1 king bed),0,0,Free WiFi; Fitness center; Restaurant,365,,,,,,,,,,,
1782,binary,446,2,152,Arlo Midtown,3,Times Square,8.0,1692,King Room (1 king bed),1,0,Free WiFi; Rooftop bar; Restaurant,191,172,New York Marriott Downtown,4,Financial District,8.1,3206,King Room (1 king bed),1,0,Free WiFi; Fitness center; Restaurant,231,,,,,,,,,,,
1785,binary,447,1,153,The Renwick Hotel,4,Midtown East,8.3,892,Queen Room (1 queen bed),1,0,Free WiFi; Restaurant; Bar,225,159,Smyth Tribeca,4,TriBeCa,8.3,653,King Room (1 king bed),0,0,Free WiFi; Restaurant,391,,,,,,,,,,,
1786,binary,447,2,153,The Renwick Hotel,4,Midtown East,8.5,938,Queen Room (1 queen bed),0,0,Free WiFi; Restaurant; Bar,315,159,Smyth Tribeca,4,TriBeCa,8.4,705,King Room (1 king bed),1,0,Free WiFi; Restaurant,377,,,,,,,,,,,
1789,binary,448,1,155,Walker Hotel Tribeca,4,TriBeCa,8.3,459,King Room (1 king bed),1,0,Free WiFi; Restaurant,385,162,McCarren Hotel & Pool,4,"Williamsburg, Brooklyn",7.8,769,Queen Room (1 queen bed),0,0,Free WiFi; Pool; Restaurant,197,,,,,,,,,,,
1790,binary,448,2,155,Walker Hotel Tribeca,4,TriBeCa,8.2,518,King Room (1 king bed),0,0,Free WiFi; Restaurant,283,162,McCarren Hotel & Pool,4,"Williamsburg, Brooklyn",8.0,800,King Room (1 king bed),1,0,Free WiFi; Pool; Restaurant,185,,,,,,,,,,,
1793,binary,449,1,159,Smyth Tribeca,4,TriBeCa,8.4,729,Queen Room (1 queen bed),0,0,Free WiFi; Restaurant,332,172,New York Marriott Downtown,4,Financial District,7.9,2887,Double Room (2 double beds),1,0,Free WiFi; Fitness center; Restaurant,312,,,,,,,,,,,
1794,binary,449,2,159,Smyth Tribeca,4,TriBeCa,8.2,705,King Room (1 king bed),0,0,Free WiFi; Restaurant,291,172,New York Marriott Downtown,4,Financial District,7.8,3194,King Room (1 king bed),1,0,Free WiFi; Fitness center; Restaurant,310,,,,,,,,,,,
1797,binary,450,1,171,New York Marriott Marquis,4,Times Square,7.9,8737,Double Room (2 double beds),0,0,Free WiFi; Restaurant; Bar; Fitness center; Theater,448,174,Moxy NYC Chelsea,3,Chelsea,8.2,1473,King Room (1 king bed),0,0,Free WiFi; Rooftop bar; Restaurant,216,,,,,,,,,,,
1798,binary,450,2,171,New York Marriott Marquis,4,Times Square,7.6,9038,Double Room (2 double beds),1,1,Free WiFi; Restaurant; Bar; Fitness center; Theater,372,174,Moxy NYC Chelsea,3,Chelsea,8.3,1529,Queen Room (1 queen bed),1,0,Free WiFi; Rooftop bar; Restaurant,192,,,,,,,,,,,
